anchor_hs4,anchor_product_name_short,anchor_sector,anchor_hs_section_name,anchor_density,anchor_density_percentile,anchor_embeddedness,candidate_hs4,candidate_product_name_short,candidate_sector,candidate_hs_section_name,proximity,proximity_above_country_median,proximity_rank,eligible_candidate_count,pci,cog,distance_travelled,accessible_market_size,accessible_market_size_share,accessible_market_growth_5y,dai_index,dai_percentile,dai_lead,alignment_weighted_percentile,pci_norm,cog_norm,accessible_market_size_norm,accessible_market_growth_norm,nai_norm,attractiveness_score,feasibility_score,combined_score
0101,Horses,Agriculture,1. Live animals; animal products,0.18223009410514832,11.842105263157894,42.981649942866845,3504,Peptones,Chemicals,6. Products of the chemical or allied industries,0.35350805269204755,1,1,1065,3.0839619645010554,0.7737805502478704,5888.957221166063,182736489.0,0.0001281970788661736,0.1059561875870938,1.0102200512127164,48.38709677419355,-12.903225806451609,48.38709677419355,0.8748824798500158,0.8951069646658187,0.0007623617351949225,0.3609040306422425,0.4666666666666667,0.6737462644371577,0.4666666666666667,0.6116223851060103
0101,Horses,Agriculture,1. Live animals; animal products,0.18223009410514832,11.842105263157894,42.981649942866845,1506,Other animal fats and oils,Agriculture,3. Animal or vegetable fats and oils,0.32443868732318915,1,2,1065,3.0006592237216574,0.7977079984737959,3253.9107208963305,3689364.0,2.5882388912157645e-06,0.03959777786811092,0.7142998926912812,12.903225806451612,-58.064516129032256,12.903225806451612,0.8672006736813095,0.9171803650498359,1.5391725846312392e-05,0.32877439656339624,0.09999999999999998,0.6738518317992873,0.09999999999999998,0.5016962822595011
0101,Horses,Agriculture,1. Live animals; animal products,0.18223009410514832,11.842105263157894,42.981649942866845,0204,Lamb,Agriculture,1. Live animals; animal products,0.31718797531739223,1,3,1065,-1.8642437122654596,0.18164513226569992,9070.491862317158,1873563013.0,0.0013143806508086452,0.08152166993689058,0.648952826484111,6.666666666666667,-59.99999999999999,6.666666666666667,0.4185810840475135,0.3488538899850055,0.007816352154974955,0.34907324514996213,0.035555555555555556,0.32213568050712216,0.035555555555555556,0.23616164302165216
0101,Horses,Agriculture,1. Live animals; animal products,0.18223009410514832,11.842105263157894,42.981649942866845,1603,Extracts and juices of meat or fish,Agriculture,"4. Prepared foodstuffs; beverages, spirits and tobacco",0.3165524546179331,1,4,1065,1.6495566590155604,0.6326379307882379,5269.097329463604,1126167.0,7.90051951340064e-07,0.007783219281380038,0.48968250145832587,6.451612903225806,-64.51612903225806,6.451612903225806,0.7426080382048873,0.7649009551839645,4.698276917421021e-06,0.31337031846537533,0.033333333333333326,0.5746344001974418,0.033333333333333326,0.4122440801382093
0101,Horses,Agriculture,1. Live animals; animal products,0.18223009410514832,11.842105263157894,42.981649942866845,5905,Textile wall coverings,Textiles,11. Textiles and textile articles,0.3113674613353689,1,5,1065,2.8011692338127676,0.8010732903339659,5129.123455131751,866245.0,6.077060973981422e-07,-0.10938636371969124,0.6315649510499831,6.451612903225806,-64.51612903225806,6.451612903225806,0.8488045990655232,0.9202848931189059,3.6139035225960026e-06,0.25663876261679536,0.033333333333333326,0.6576776787425977,0.033333333333333326,0.4703743751198184
0101,Horses,Agriculture,1. Live animals; animal products,0.18223009410514832,11.842105263157894,42.981649942866845,9019,Therapy applicances,Machinery,"18. Optical, photographic, medical and musical instruments",0.30882429172453285,1,6,1065,2.674585537081067,0.6863486531122506,7504.580484916327,706019501.0,0.0004953013935314996,-0.09596946151891073,0.8225320023505662,12.903225806451612,-16.12903225806452,12.903225806451612,0.8371316167204845,0.8144498359328994,0.002945455802556288,0.2631350026564271,0.09999999999999998,0.617965577197532,0.09999999999999998,0.4625759040382723
0101,Horses,Agriculture,1. Live animals; animal products,0.18223009410514832,11.842105263157894,42.981649942866845,3822,Diagnostic or laboratory reagents,Chemicals,6. Products of the chemical or allied industries,0.2996957420518412,1,7,1065,2.8435557489649033,0.7936378185728911,5862.295388349084,21754245.0,1.526148760546156e-05,-0.5658051519912364,1.0601529083521284,74.19354838709677,19.354838709677416,74.19354838709677,0.8527132939118058,0.9134255680593943,9.075693670603175e-05,0.03564840561491349,0.7333333333333333,0.6235094760726629,0.7333333333333333,0.656456633250864
0101,Horses,Agriculture,1. Live animals; animal products,0.18223009410514832,11.842105263157894,42.981649942866845,9702,Original engravings,Textiles,"21. Works of art, collectors' pieces and antiques",0.29890420755413444,1,8,1065,1.2761999067744103,0.6102819169201406,5610.216807335578,1038272.0,7.283900341794342e-07,-0.12596999318582347,0.5782376549998853,9.67741935483871,-48.38709677419355,9.67741935483871,0.7081787484160982,0.7442772246280889,4.331586142734211e-06,0.24860924610634197,0.06666666666666667,0.5456516272193381,0.06666666666666667,0.40195613905353667
0101,Horses,Agriculture,1. Live animals; animal products,0.18223009410514832,11.842105263157894,42.981649942866845,5907,"Other textile fabrics impregnated, coated or covered",Textiles,11. Textiles and textile articles,0.2942652909467456,1,9,1065,2.6193110311049304,0.7175129872865689,6149.538001902117,41562176.0,2.9157556783975356e-05,0.10146072664137917,1.3540765068992027,100.0,41.93548387096774,100.0,0.832034449004189,0.8431993632304108,0.00017339401007007837,0.35872740350766796,1.0,0.6401669539097706,1.0,0.7481168677368394
0101,Horses,Agriculture,1. Live animals; animal products,0.18223009410514832,11.842105263157894,42.981649942866845,8112,Other metals,Metals,15. Base metals and articles of base metal,0.29380407716476964,1,10,1065,2.097705093104216,0.6400714587806073,6197.515719433607,12587103.0,8.830364667823131e-06,0.12568527308538435,0.6075565416207374,6.451612903225806,-48.387096774193544,6.451612903225806,0.7839342823748724,0.7717584870900867,5.2512367599211204e-05,0.3704565244475456,0.033333333333333326,0.6000688248350073,0.033333333333333326,0.4300481773845051
0101,Horses,Agriculture,1. Live animals; animal products,0.18223009410514832,11.842105263157894,42.981649942866845,3002,Serums and vaccines,Chemicals,6. Products of the chemical or allied industries,0.29177474919745344,1,11,1065,3.224425244547994,0.8078963650563413,5194.732761647607,8917261673.0,0.006255821725697532,0.09932298366082404,0.8886946420936201,25.806451612903224,-25.806451612903224,25.806451612903224,0.8878353752895398,0.9265792734796947,0.03720208875314146,0.35769234404782363,0.23333333333333328,0.6942792919893769,0.23333333333333328,0.5559955043925637
0201,Beef,Agriculture,1. Live animals; animal products,0.2075846273229386,86.8421052631579,55.48685596554347,0506,"Bones, simply prepared",Agriculture,1. Live animals; animal products,0.42847992857741657,1,1,1065,-0.9125515058275415,0.05821980779387901,5051.020336278767,4067423.0,2.8534626552504706e-06,0.4063768989584402,0.5731945243340715,6.451612903225806,-77.41935483870968,6.451612903225806,0.5063418827166097,0.23499232903335288,1.696895717445757e-05,0.506362723322559,0.033333333333333326,0.3354239279544469,0.033333333333333326,0.24479674956811284
0201,Beef,Agriculture,1. Live animals; animal products,0.2075846273229386,86.8421052631579,55.48685596554347,0401,Milk,Agriculture,1. Live animals; animal products,0.3908042715389589,1,2,1065,1.122868685927484,0.47019076745366956,2395.1577594812147,12302107.0,8.630428383129908e-06,-0.005651590582289701,0.5508169358116639,6.451612903225806,-58.064516129032256,6.451612903225806,0.6940392290300984,0.6150412106899167,5.1323387520450845e-05,0.30686540783435545,0.033333333333333326,0.5042156635852866,0.033333333333333326,0.3629509645097006
0201,Beef,Agriculture,1. Live animals; animal products,0.2075846273229386,86.8421052631579,55.48685596554347,0102,Bovine,Agriculture,1. Live animals; animal products,0.37593530376035084,1,3,1065,-1.8721905890311101,0.1673800717057985,3185.4166205729575,2410793.0,1.6912693356553395e-06,-0.004298670155194362,0.7385398157420425,12.903225806451612,-61.29032258064515,12.903225806451612,0.41784825861597114,0.3356941752395032,1.0057631865061022e-05,0.30752046931705906,0.09999999999999998,0.3098694308917546,0.09999999999999998,0.24690860162422823
0201,Beef,Agriculture,1. Live animals; animal products,0.2075846273229386,86.8421052631579,55.48685596554347,8432,Machinery for soil preparation or cultivation,Machinery,"16. Machinery, mechanical appliances and electrical equipment",0.3738180291876641,1,4,1065,2.2376026442910835,0.6556662564677201,3436.404250766662,270216840.0,0.00018956810288966544,0.12363283506856493,1.104858734204967,45.16129032258064,9.677419354838705,45.16129032258064,0.7968350088292413,0.7861449026411779,0.0011273226280564509,0.36946276822690705,0.43333333333333324,0.6096314826428911,0.43333333333333324,0.5567420378500237
0201,Beef,Agriculture,1. Live animals; animal products,0.2075846273229386,86.8421052631579,55.48685596554347,1213,Cereal straw and husks,Agriculture,2. Vegetable products,0.3633628078875506,1,5,1065,0.2610551596243998,0.3935902776765988,3660.0665845550216,38200.0,2.6798853581387523e-08,-0.21878784975598053,0.6396894439067039,9.67741935483871,-77.41935483870968,9.67741935483871,0.6145666402450366,0.5443762043550971,1.5936728588698035e-07,0.20366838962392872,0.06666666666666667,0.436180277958729,0.06666666666666667,0.3253261945711103
0201,Beef,Agriculture,1. Live animals; animal products,0.2075846273229386,86.8421052631579,55.48685596554347,4401,Fuel wood,Agriculture,9. Wood and articles of wood,0.3625958993590105,1,6,1065,0.6375054209655169,0.36597378583225554,4442.505697208532,6731915.0,4.722712157260377e-06,-0.0005103945436372159,0.48116246373889654,3.225806451612903,-58.064516129032256,3.225806451612903,0.6492811996067681,0.5188996104481197,2.8085000585650556e-05,0.3093546891198632,0.0,0.45527069963727806,0.0,0.3186894897460946
0201,Beef,Agriculture,1. Live animals; animal products,0.2075846273229386,86.8421052631579,55.48685596554347,0210,Preserved meat,Agriculture,1. Live animals; animal products,0.3608828545990143,1,7,1065,1.2637275288498118,0.602062769952719,3044.150915236552,59557309.0,4.178187443959302e-05,0.15552173562768035,0.6921537402921525,19.35483870967742,-45.16129032258064,19.35483870967742,0.7070286015087672,0.7366949484023105,0.0002484682379597442,0.38490284146675746,0.16666666666666666,0.5630759389245847,0.16666666666666666,0.4441531572472093
0201,Beef,Agriculture,1. Live animals; animal products,0.2075846273229386,86.8421052631579,55.48685596554347,0208,Other meat,Agriculture,1. Live animals; animal products,0.3575564636459554,1,8,1065,1.2324486841889166,0.5851984640255247,4554.969098997806,592005.0,4.15315584147888e-07,0.7301428674613866,0.45468403860011625,9.67741935483871,-74.19354838709678,9.67741935483871,0.7041442063542023,0.7211373940231446,2.4697965989927173e-06,0.6631247997381298,0.06666666666666667,0.5983176505622807,0.06666666666666667,0.4388223553935965
0201,Beef,Agriculture,1. Live animals; animal products,0.2075846273229386,86.8421052631579,55.48685596554347,8433,Harvesting or agricultural machinery,Machinery,"16. Machinery, mechanical appliances and electrical equipment",0.3522140410565271,1,9,1065,3.1027657454804705,0.8237845052740358,4460.732914157222,1070361592.0,0.0007509021880405458,0.13824643799774727,1.2380079339198609,70.96774193548387,16.12903225806452,70.96774193548387,0.8766164804287627,0.9412363015535277,0.004465461304573493,0.3765384307793487,0.7000000000000001,0.69339905750639,0.7000000000000001,0.695379340254473
0201,Beef,Agriculture,1. Live animals; animal products,0.2075846273229386,86.8421052631579,55.48685596554347,0204,Lamb,Agriculture,1. Live animals; animal products,0.3509359156281944,1,10,1065,-1.8642437122654596,0.18164513226569992,9070.491862317158,1873563013.0,0.0013143806508086452,0.08152166993689058,0.648952826484111,6.666666666666667,-59.99999999999999,6.666666666666667,0.4185810840475135,0.3488538899850055,0.007816352154974955,0.34907324514996213,0.035555555555555556,0.32213568050712216,0.035555555555555556,0.23616164302165216
0201,Beef,Agriculture,1. Live animals; animal products,0.2075846273229386,86.8421052631579,55.48685596554347,1601,Sausages,Agriculture,"4. Prepared foodstuffs; beverages, spirits and tobacco",0.3488740807578534,1,11,1065,2.043368640464142,0.5947646928800601,1823.922517945249,24521414.0,1.7202769198811154e-05,0.07771939615915868,0.5520797388957102,12.903225806451612,-32.258064516129025,12.903225806451612,0.7789236177416221,0.7299623718342974,0.00010230134019086393,0.34723224766880684,0.09999999999999998,0.5802102787029214,0.09999999999999998,0.4361471950920449
0202,Beef (frozen),Agriculture,1. Live animals; animal products,0.21762677864985655,95.39473684210526,45.582482029723124,0506,"Bones, simply prepared",Agriculture,1. Live animals; animal products,0.3016336732572615,1,1,1065,-0.9125515058275415,0.05821980779387901,5051.020336278767,4067423.0,2.8534626552504706e-06,0.4063768989584402,0.5731945243340715,6.451612903225806,-77.41935483870968,6.451612903225806,0.5063418827166097,0.23499232903335288,1.696895717445757e-05,0.506362723322559,0.033333333333333326,0.3354239279544469,0.033333333333333326,0.24479674956811284
0202,Beef (frozen),Agriculture,1. Live animals; animal products,0.21762677864985655,95.39473684210526,45.582482029723124,2207,Ethyl alcohol > 80%,Agriculture,"4. Prepared foodstuffs; beverages, spirits and tobacco",0.29197213689009205,1,2,1065,-1.305157555686241,0.21697167510291027,4795.07981258578,618361862.0,0.0004338059947657633,-0.045286561211540066,0.9261118616830513,36.666666666666664,-40.00000000000001,36.666666666666664,0.47013750879735555,0.3814431120727994,0.002579755278611505,0.28767481679342305,0.3455555555555555,0.3415914031153594,0.3455555555555555,0.3427806488474182
0202,Beef (frozen),Agriculture,1. Live animals; animal products,0.21762677864985655,95.39473684210526,45.582482029723124,4401,Fuel wood,Agriculture,9. Wood and articles of wood,0.2798456251719412,1,3,1065,0.6375054209655169,0.36597378583225554,4442.505697208532,6731915.0,4.722712157260377e-06,-0.0005103945436372159,0.48116246373889654,3.225806451612903,-58.064516129032256,3.225806451612903,0.6492811996067681,0.5188996104481197,2.8085000585650556e-05,0.3093546891198632,0.0,0.45527069963727806,0.0,0.3186894897460946
0202,Beef (frozen),Agriculture,1. Live animals; animal products,0.21762677864985655,95.39473684210526,45.582482029723124,1514,"Rapeseed, colza or mustard oil,",Agriculture,3. Animal or vegetable fats and oils,0.2790498238295679,1,4,1065,2.113034943089607,0.6304123303976537,2586.4524878265856,95053081.0,6.668360209892063e-05,-0.04539430549636281,0.7555427004721768,25.806451612903224,-45.16129032258065,25.806451612903224,0.7853479325751097,0.7628478081850729,0.00039655370508286125,0.2876226488095895,0.23333333333333328,0.5850713896432648,0.23333333333333328,0.4795499727502853
0202,Beef (frozen),Agriculture,1. Live animals; animal products,0.21762677864985655,95.39473684210526,45.582482029723124,1501,"Pig and poultry fat, rendered",Agriculture,3. Animal or vegetable fats and oils,0.278136025742251,1,5,1065,2.287690973627274,0.7289828794144371,3656.1984120010625,9851465.0,6.911203353328897e-06,-0.06659900901480242,0.8312062525781795,16.129032258064516,-64.51612903225806,16.129032258064516,0.8014539305318763,0.8537804966178649,4.109950887593144e-05,0.27735568539556127,0.1333333333333333,0.620941567238075,0.1333333333333333,0.4746590970666525
0202,Beef (frozen),Agriculture,1. Live animals; animal products,0.21762677864985655,95.39473684210526,45.582482029723124,6813,Friction material and articles thereof,Stone,"13. Articles of stone, plaster, cement, ceramics and glass",0.2746650689145755,1,6,1065,1.6081355885220128,0.6068048760105539,5702.739581218536,70682377.0,4.9586562094435425e-05,0.1322310976279366,1.1812824869377194,83.87096774193549,25.806451612903224,83.87096774193549,0.738788372346901,0.7410696065225462,0.0002948811147259247,0.3736259034032377,0.8333333333333334,0.574038410282001,0.8333333333333334,0.6518268871974007
0202,Beef (frozen),Agriculture,1. Live animals; animal products,0.21762677864985655,95.39473684210526,45.582482029723124,0204,Lamb,Agriculture,1. Live animals; animal products,0.2730477717153293,1,7,1065,-1.8642437122654596,0.18164513226569992,9070.491862317158,1873563013.0,0.0013143806508086452,0.08152166993689058,0.648952826484111,6.666666666666667,-59.99999999999999,6.666666666666667,0.4185810840475135,0.3488538899850055,0.007816352154974955,0.34907324514996213,0.035555555555555556,0.32213568050712216,0.035555555555555556,0.23616164302165216
0202,Beef (frozen),Agriculture,1. Live animals; animal products,0.21762677864985655,95.39473684210526,45.582482029723124,4804,Uncoated kraft paper and paperboard,Agriculture,"10. Pulp, paper and paperboard",0.27015170849662445,1,8,1065,1.2487856916353992,0.5047349047833989,3774.4124808604665,322927865.0,0.0002265470306671486,0.005734611770429776,1.2742465263876717,83.87096774193549,32.25806451612904,83.87096774193549,0.705650732110815,0.6469086529261268,0.0013472287272860521,0.31237841691172524,0.8333333333333334,0.5204546316087812,0.8333333333333334,0.6143182421261468
0202,Beef (frozen),Agriculture,1. Live animals; animal products,0.21762677864985655,95.39473684210526,45.582482029723124,1205,Rape or colza seeds,Agriculture,2. Vegetable products,0.2647662017156466,1,9,1065,1.5691069667597983,0.5536794532034081,6649.318147038165,21012246.0,1.4740945130107216e-05,-0.031981971453120095,0.4919058346956197,6.666666666666667,-56.666666666666664,6.666666666666667,0.7351893274102758,0.6920606726354072,8.766137736674239e-05,0.2941166770236105,0.035555555555555556,0.5436681507761356,0.035555555555555556,0.39123437220996155
0202,Beef (frozen),Agriculture,1. Live animals; animal products,0.21762677864985655,95.39473684210526,45.582482029723124,0210,Preserved meat,Agriculture,1. Live animals; animal products,0.2624064218498984,1,10,1065,1.2637275288498118,0.602062769952719,3044.150915236552,59557309.0,4.178187443959302e-05,0.15552173562768035,0.6921537402921525,19.35483870967742,-45.16129032258064,19.35483870967742,0.7070286015087672,0.7366949484023105,0.0002484682379597442,0.38490284146675746,0.16666666666666666,0.5630759389245847,0.16666666666666666,0.4441531572472093
0202,Beef (frozen),Agriculture,1. Live animals; animal products,0.21762677864985655,95.39473684210526,45.582482029723124,3302,Mixtures of odoriferous subtances,Chemicals,6. Products of the chemical or allied industries,0.2616945749266981,1,11,1065,0.4887353390545464,0.41364756810800124,3621.5455173671344,558762781.0,0.00039199481556931683,0.06732283802385775,1.0065138477090603,61.29032258064516,9.677419354838712,61.29032258064516,0.6355622880529566,0.5628793308954007,0.0023311127712730677,0.342198407798604,0.6,0.4711339947174065,0.6,0.5097937963021846
0205,Horse meat,Agriculture,1. Live animals; animal products,0.2034954750438058,67.76315789473685,44.129796171570014,1205,Rape or colza seeds,Agriculture,2. Vegetable products,0.4106558099878725,1,1,1065,1.5691069667597983,0.5536794532034081,6649.318147038165,21012246.0,1.4740945130107216e-05,-0.031981971453120095,0.4919058346956197,6.666666666666667,-56.666666666666664,6.666666666666667,0.7351893274102758,0.6920606726354072,8.766137736674239e-05,0.2941166770236105,0.035555555555555556,0.5436681507761356,0.035555555555555556,0.39123437220996155
0205,Horse meat,Agriculture,1. Live animals; animal products,0.2034954750438058,67.76315789473685,44.129796171570014,1506,Other animal fats and oils,Agriculture,3. Animal or vegetable fats and oils,0.35062970392173265,1,2,1065,3.0006592237216574,0.7977079984737959,3253.9107208963305,3689364.0,2.5882388912157645e-06,0.03959777786811092,0.7142998926912812,12.903225806451612,-58.064516129032256,12.903225806451612,0.8672006736813095,0.9171803650498359,1.5391725846312392e-05,0.32877439656339624,0.09999999999999998,0.6738518317992873,0.09999999999999998,0.5016962822595011
0205,Horse meat,Agriculture,1. Live animals; animal products,0.2034954750438058,67.76315789473685,44.129796171570014,5107,"Yarn of combed wool, not for retail sale",Textiles,11. Textiles and textile articles,0.32079590051306395,1,3,1065,1.8710729367418062,0.1785188776841222,3129.073200147835,3093174.0,2.1699873593653083e-06,0.22153313320129064,0.6613535616625102,16.129032258064516,-38.70967741935483,16.129032258064516,0.7630352785667941,0.34596987709612737,1.2904469768486246e-05,0.41686445805846156,0.1333333333333333,0.45068340886125696,0.1333333333333333,0.35547838620287986
0205,Horse meat,Agriculture,1. Live animals; animal products,0.2034954750438058,67.76315789473685,44.129796171570014,0204,Lamb,Agriculture,1. Live animals; animal products,0.3206859375077329,1,4,1065,-1.8642437122654596,0.18164513226569992,9070.491862317158,1873563013.0,0.0013143806508086452,0.08152166993689058,0.648952826484111,6.666666666666667,-59.99999999999999,6.666666666666667,0.4185810840475135,0.3488538899850055,0.007816352154974955,0.34907324514996213,0.035555555555555556,0.32213568050712216,0.035555555555555556,0.23616164302165216
0205,Horse meat,Agriculture,1. Live animals; animal products,0.2034954750438058,67.76315789473685,44.129796171570014,0209,Pig and poultry fat,Agriculture,1. Live animals; animal products,0.3079282002109649,1,5,1065,2.4933198710831794,0.7372737472438387,5112.10653971593,25418765.0,1.783229742028005e-05,0.04007812048781778,1.1267601472342774,61.29032258064516,-6.451612903225801,61.29032258064516,0.8204161077443185,0.8614289363261602,0.0001060450154096589,0.3290069704401514,0.6,0.6380127177430017,0.6,0.6266089024201011
0205,Horse meat,Agriculture,1. Live animals; animal products,0.2034954750438058,67.76315789473685,44.129796171570014,0210,Preserved meat,Agriculture,1. Live animals; animal products,0.30492615625956737,1,6,1065,1.2637275288498118,0.602062769952719,3044.150915236552,59557309.0,4.178187443959302e-05,0.15552173562768035,0.6921537402921525,19.35483870967742,-45.16129032258064,19.35483870967742,0.7070286015087672,0.7366949484023105,0.0002484682379597442,0.38490284146675746,0.16666666666666666,0.5630759389245847,0.16666666666666666,0.4441531572472093
0205,Horse meat,Agriculture,1. Live animals; animal products,0.2034954750438058,67.76315789473685,44.129796171570014,8706,Vehicle chassis fitted with engines,Vehicles,"17. Vehicles, aircraft, vessels and associated transport equipment",0.2995424303658941,1,7,1065,2.64859874664397,0.7708432775726239,4972.286871539745,198951018.0,0.0001395722303992145,0.036882236486253106,1.0671081864977625,66.66666666666666,-16.666666666666686,66.66666666666666,0.8347352311368071,0.8923972901871379,0.0008300074283537113,0.3274595767644507,0.6555555555555554,0.6537398200923014,0.6555555555555554,0.6542845407312775
0205,Horse meat,Agriculture,1. Live animals; animal products,0.2034954750438058,67.76315789473685,44.129796171570014,4301,Other raw furskins,Agriculture,"8. Raw hides and skins, leather, furskins and articles thereof",0.29798581303979044,1,8,1065,1.6092476732499474,0.06264265259871156,5680.408640795981,99136.0,6.954793582838831e-08,0.6241515605516135,0.5127689294301497,30.0,-36.66666666666666,30.0,0.738890923826519,0.23907246425260537,4.13587310306065e-07,0.6118055785426357,0.2766666666666666,0.43405808464718537,0.2766666666666666,0.3868406592530297
0205,Horse meat,Agriculture,1. Live animals; animal products,0.2034954750438058,67.76315789473685,44.129796171570014,0203,Pork,Agriculture,1. Live animals; animal products,0.29771698171223776,1,9,1065,2.801076233937259,0.6966820985594492,5854.33638103792,1110462635.0,0.0007790347006012246,0.1256471772855341,0.8750767546162774,19.35483870967742,-48.38709677419354,19.35483870967742,0.848796023032962,0.8239825816126194,0.004632759586881008,0.3704380790972982,0.16666666666666666,0.6417331374285802,0.16666666666666666,0.4992131962000061
0205,Horse meat,Agriculture,1. Live animals; animal products,0.2034954750438058,67.76315789473685,44.129796171570014,4005,Compounded rubber,Chemicals,7. Plastics and articles thereof; rubber and articles thereof,0.2940420279061812,1,10,1065,2.873902883864615,0.8069171593807197,2896.2037796499003,102668193.0,7.20259128710114e-05,0.08216411572608395,0.9292945708690981,35.483870967741936,-19.354838709677416,35.483870967741936,0.8555117709594281,0.9256759427637651,0.000428323331553159,0.3493843066749398,0.3333333333333333,0.6758875943040915,0.3333333333333333,0.573121316012864
0205,Horse meat,Agriculture,1. Live animals; animal products,0.2034954750438058,67.76315789473685,44.129796171570014,9602,Worked vegetable or mineral carving material,Machinery,20. Miscellaneous manufactured articles,0.29209357825896853,1,11,1065,1.162456859087862,0.5286101696818365,5396.820477326779,42117957.0,2.9547459758905125e-05,0.0367345647807662,1.1401968820010082,77.41935483870968,9.677419354838719,77.41935483870968,0.6976898732939715,0.668933913472158,0.00017571268309409804,0.327388076590152,0.7666666666666667,0.5274528937591322,0.7666666666666667,0.5992170256313926
0206,Edible offal,Agriculture,1. Live animals; animal products,0.20501596787067405,74.3421052631579,54.60710656234639,0506,"Bones, simply prepared",Agriculture,1. Live animals; animal products,0.3690735825692832,1,1,1065,-0.9125515058275415,0.05821980779387901,5051.020336278767,4067423.0,2.8534626552504706e-06,0.4063768989584402,0.5731945243340715,6.451612903225806,-77.41935483870968,6.451612903225806,0.5063418827166097,0.23499232903335288,1.696895717445757e-05,0.506362723322559,0.033333333333333326,0.3354239279544469,0.033333333333333326,0.24479674956811284
0206,Edible offal,Agriculture,1. Live animals; animal products,0.20501596787067405,74.3421052631579,54.60710656234639,3006,Pharmaceutical goods,Chemicals,6. Products of the chemical or allied industries,0.3580983081227913,1,2,1065,2.383968518203385,0.6570804495242271,5477.976902089622,624724061.0,0.000438269336112796,0.07354683795477857,1.0611903899944106,41.935483870967744,-9.677419354838705,41.935483870967744,0.8103322150746531,0.7874495152041987,0.0026062978541848783,0.34521196465046516,0.39999999999999997,0.6113963449732955,0.39999999999999997,0.5479774414813068
0206,Edible offal,Agriculture,1. Live animals; animal products,0.20501596787067405,74.3421052631579,54.60710656234639,0209,Pig and poultry fat,Agriculture,1. Live animals; animal products,0.35635349154575763,1,3,1065,2.4933198710831794,0.7372737472438387,5112.10653971593,25418765.0,1.783229742028005e-05,0.04007812048781778,1.1267601472342774,61.29032258064516,-6.451612903225801,61.29032258064516,0.8204161077443185,0.8614289363261602,0.0001060450154096589,0.3290069704401514,0.6,0.6380127177430017,0.6,0.6266089024201011
0206,Edible offal,Agriculture,1. Live animals; animal products,0.20501596787067405,74.3421052631579,54.60710656234639,1501,"Pig and poultry fat, rendered",Agriculture,3. Animal or vegetable fats and oils,0.3437001162124263,1,4,1065,2.287690973627274,0.7289828794144371,3656.1984120010625,9851465.0,6.911203353328897e-06,-0.06659900901480242,0.8312062525781795,16.129032258064516,-64.51612903225806,16.129032258064516,0.8014539305318763,0.8537804966178649,4.109950887593144e-05,0.27735568539556127,0.1333333333333333,0.620941567238075,0.1333333333333333,0.4746590970666525
0206,Edible offal,Agriculture,1. Live animals; animal products,0.20501596787067405,74.3421052631579,54.60710656234639,3004,"Medicaments, packaged",Chemicals,6. Products of the chemical or allied industries,0.3395830979295328,1,5,1065,2.202918605724686,0.625793670100223,4440.930452338378,8973767838.0,0.006295463098532106,0.07624906321179936,0.927091925848173,19.35483870967742,-48.38709677419354,19.35483870967742,0.7936366019230318,0.758587030478218,0.03743782786706638,0.346520337004088,0.16666666666666666,0.6008719960711105,0.16666666666666666,0.4706103972497773
0206,Edible offal,Agriculture,1. Live animals; animal products,0.20501596787067405,74.3421052631579,54.60710656234639,8434,Dairy machinery,Machinery,"16. Machinery, mechanical appliances and electrical equipment",0.33753155298097404,1,6,1065,2.0866518740386026,0.6732184111414641,3318.5170190084855,54776543.0,3.842797265841826e-05,0.07544673267015645,0.9484853578862411,29.03225806451613,-35.483870967741936,29.03225806451613,0.7829150039500826,0.8023370069582592,0.00022852327194192336,0.34613186195137896,0.26666666666666666,0.6067922616014177,0.26666666666666666,0.5047545831209924
0206,Edible offal,Agriculture,1. Live animals; animal products,0.20501596787067405,74.3421052631579,54.60710656234639,0401,Milk,Agriculture,1. Live animals; animal products,0.33677433944794455,1,7,1065,1.122868685927484,0.47019076745366956,2395.1577594812147,12302107.0,8.630428383129908e-06,-0.005651590582289701,0.5508169358116639,6.451612903225806,-58.064516129032256,6.451612903225806,0.6940392290300984,0.6150412106899167,5.1323387520450845e-05,0.30686540783435545,0.033333333333333326,0.5042156635852866,0.033333333333333326,0.3629509645097006
0206,Edible offal,Agriculture,1. Live animals; animal products,0.20501596787067405,74.3421052631579,54.60710656234639,8436,Other agricultural machinery,Machinery,"16. Machinery, mechanical appliances and electrical equipment",0.33149690481008365,1,8,1065,2.6623534880730624,0.7077341842668049,4243.2764687727795,435193219.0,0.0003053057422930292,0.10877312112659299,1.452826281754256,83.87096774193549,25.806451612903224,83.87096774193549,0.8360036318709292,0.8341782828254468,0.001815590632158331,0.36226794283109426,0.8333333333333334,0.6391762001632195,0.8333333333333334,0.6974233401142536
0206,Edible offal,Agriculture,1. Live animals; animal products,0.20501596787067405,74.3421052631579,54.60710656234639,0210,Preserved meat,Agriculture,1. Live animals; animal products,0.3289840420706703,1,9,1065,1.2637275288498118,0.602062769952719,3044.150915236552,59557309.0,4.178187443959302e-05,0.15552173562768035,0.6921537402921525,19.35483870967742,-45.16129032258064,19.35483870967742,0.7070286015087672,0.7366949484023105,0.0002484682379597442,0.38490284146675746,0.16666666666666666,0.5630759389245847,0.16666666666666666,0.4441531572472093
0206,Edible offal,Agriculture,1. Live animals; animal products,0.20501596787067405,74.3421052631579,54.60710656234639,8432,Machinery for soil preparation or cultivation,Machinery,"16. Machinery, mechanical appliances and electrical equipment",0.32701616575133763,1,10,1065,2.2376026442910835,0.6556662564677201,3436.404250766662,270216840.0,0.00018956810288966544,0.12363283506856493,1.104858734204967,45.16129032258064,9.677419354838705,45.16129032258064,0.7968350088292413,0.7861449026411779,0.0011273226280564509,0.36946276822690705,0.43333333333333324,0.6096314826428911,0.43333333333333324,0.5567420378500237
0206,Edible offal,Agriculture,1. Live animals; animal products,0.20501596787067405,74.3421052631579,54.60710656234639,0208,Other meat,Agriculture,1. Live animals; animal products,0.32442597850792165,1,11,1065,1.2324486841889166,0.5851984640255247,4554.969098997806,592005.0,4.15315584147888e-07,0.7301428674613866,0.45468403860011625,9.67741935483871,-74.19354838709678,9.67741935483871,0.7041442063542023,0.7211373940231446,2.4697965989927173e-06,0.6631247997381298,0.06666666666666667,0.5983176505622807,0.06666666666666667,0.4388223553935965
0207,Poultry,Agriculture,1. Live animals; animal products,0.19727072576310803,50.0,57.11558933491914,4410,Particle board and similar board,Agriculture,9. Wood and articles of wood,0.4381289061972893,1,1,1065,1.818506514041664,0.5799729409975771,1792.4882540695237,36200408.0,2.5396058470641088e-05,0.06229959592418033,0.980012737183174,25.806451612903224,-35.483870967741936,25.806451612903224,0.7581878381778381,0.716316777093053,0.00015102515107228614,0.339766237841012,0.23333333333333328,0.5670642047936245,0.23333333333333328,0.46694494335553716
0207,Poultry,Agriculture,1. Live animals; animal products,0.19727072576310803,50.0,57.11558933491914,1601,Sausages,Agriculture,"4. Prepared foodstuffs; beverages, spirits and tobacco",0.40859048365904743,1,2,1065,2.043368640464142,0.5947646928800601,1823.922517945249,24521414.0,1.7202769198811154e-05,0.07771939615915868,0.5520797388957102,12.903225806451612,-32.258064516129025,12.903225806451612,0.7789236177416221,0.7299623718342974,0.00010230134019086393,0.34723224766880684,0.09999999999999998,0.5802102787029214,0.09999999999999998,0.4361471950920449
0207,Poultry,Agriculture,1. Live animals; animal products,0.19727072576310803,50.0,57.11558933491914,8432,Machinery for soil preparation or cultivation,Machinery,"16. Machinery, mechanical appliances and electrical equipment",0.3969958160558411,1,3,1065,2.2376026442910835,0.6556662564677201,3436.404250766662,270216840.0,0.00018956810288966544,0.12363283506856493,1.104858734204967,45.16129032258064,9.677419354838705,45.16129032258064,0.7968350088292413,0.7861449026411779,0.0011273226280564509,0.36946276822690705,0.43333333333333324,0.6096314826428911,0.43333333333333324,0.5567420378500237
0207,Poultry,Agriculture,1. Live animals; animal products,0.19727072576310803,50.0,57.11558933491914,6806,Mineral wools and insulating materials,Stone,"13. Articles of stone, plaster, cement, ceramics and glass",0.38892719243222473,1,4,1065,2.7623105898925657,0.7359659511528415,2915.817068977038,77152139.0,5.4125363260519844e-05,0.09666503524409098,0.7737926165964616,22.58064516129032,-35.48387096774194,22.58064516129032,0.845221228725233,0.8602224764285287,0.0003218724343666242,0.3564054098010306,0.19999999999999996,0.650414389139126,0.19999999999999996,0.5152900723973881
0207,Poultry,Agriculture,1. Live animals; animal products,0.19727072576310803,50.0,57.11558933491914,3820,Antifreezing preparation,Chemicals,6. Products of the chemical or allied industries,0.37770259582163396,1,5,1065,1.6686378989783257,0.5431546939248599,2521.31758106721,33288694.0,2.3353372681194066e-05,0.09421941987773419,1.1910021082975875,48.38709677419355,-9.677419354838712,48.38709677419355,0.7443676248100953,0.6823514373125584,0.00013887771763094784,0.3552212836721585,0.4666666666666667,0.5526556959513973,0.4666666666666667,0.5268589871659781
0207,Poultry,Agriculture,1. Live animals; animal products,0.19727072576310803,50.0,57.11558933491914,0401,Milk,Agriculture,1. Live animals; animal products,0.3773077495417272,1,6,1065,1.122868685927484,0.47019076745366956,2395.1577594812147,12302107.0,8.630428383129908e-06,-0.005651590582289701,0.5508169358116639,6.451612903225806,-58.064516129032256,6.451612903225806,0.6940392290300984,0.6150412106899167,5.1323387520450845e-05,0.30686540783435545,0.033333333333333326,0.5042156635852866,0.033333333333333326,0.3629509645097006
0207,Poultry,Agriculture,1. Live animals; animal products,0.19727072576310803,50.0,57.11558933491914,4401,Fuel wood,Agriculture,9. Wood and articles of wood,0.37574779917182527,1,7,1065,0.6375054209655169,0.36597378583225554,4442.505697208532,6731915.0,4.722712157260377e-06,-0.0005103945436372159,0.48116246373889654,3.225806451612903,-58.064516129032256,3.225806451612903,0.6492811996067681,0.5188996104481197,2.8085000585650556e-05,0.3093546891198632,0.0,0.45527069963727806,0.0,0.3186894897460946
0207,Poultry,Agriculture,1. Live animals; animal products,0.19727072576310803,50.0,57.11558933491914,6808,Panels of vegetable fibers,Stone,"13. Articles of stone, plaster, cement, ceramics and glass",0.37088753000905106,1,8,1065,2.3009435765242707,0.6633284899969201,3035.5083500141604,2715514.0,1.9050435100578e-06,0.02437547074389257,0.9397445122478721,29.03225806451613,-35.483870967741936,29.03225806451613,0.8026760262964703,0.7932134185534855,1.1328903035814072e-05,0.32140400960252485,0.26666666666666666,0.6067736064733186,0.26666666666666666,0.5047415245313229
0207,Poultry,Agriculture,1. Live animals; animal products,0.19727072576310803,50.0,57.11558933491914,8434,Dairy machinery,Machinery,"16. Machinery, mechanical appliances and electrical equipment",0.36992230976148055,1,9,1065,2.0866518740386026,0.6732184111414641,3318.5170190084855,54776543.0,3.842797265841826e-05,0.07544673267015645,0.9484853578862411,29.03225806451613,-35.483870967741936,29.03225806451613,0.7829150039500826,0.8023370069582592,0.00022852327194192336,0.34613186195137896,0.26666666666666666,0.6067922616014177,0.26666666666666666,0.5047545831209924
0207,Poultry,Agriculture,1. Live animals; animal products,0.19727072576310803,50.0,57.11558933491914,7228,Other bars and rods of other alloy steel,Metals,15. Base metals and articles of base metal,0.3696297287767735,1,10,1065,1.4844750855095101,0.6088511439755228,4018.1597052210273,530601235.0,0.00037223834572953907,0.10281023711764736,1.3975199575291681,93.54838709677419,41.935483870967744,93.54838709677419,0.7273849538521553,0.7429573168900397,0.0022136250971264357,0.3593808139491129,0.9333333333333333,0.5688589606167042,0.9333333333333333,0.6782012724316928
0207,Poultry,Agriculture,1. Live animals; animal products,0.19727072576310803,50.0,57.11558933491914,7008,Multiple-walled insulating glass,Stone,"13. Articles of stone, plaster, cement, ceramics and glass",0.36821500660960044,1,11,1065,2.4267159053645684,0.6828047313884866,2488.3557816825196,5590288.0,3.921814387167217e-06,-0.03387780838902121,0.6915673656133574,12.903225806451612,-51.61290322580645,12.903225806451612,0.8142741879235474,0.811180519355568,2.3322225808548575e-05,0.29319874443177146,0.09999999999999998,0.6128924575463274,0.09999999999999998,0.45902472028242913
0303,"Frozen fish, excluding fillets",Agriculture,1. Live animals; animal products,0.20395791559470422,69.07894736842105,48.39409095943064,0302,"Fish, excluding fillets",Agriculture,1. Live animals; animal products,0.497940632827278,1,1,1065,-1.9098020613299251,0.08410453822341153,2515.349290940306,875698961.0,0.0006143384355291147,0.18033863000210992,1.057837831891084,41.935483870967744,-25.806451612903217,41.935483870967744,0.4143798968644137,0.25887134919499083,0.00365334467718897,0.39691876738482096,0.39999999999999997,0.29572375293009306,0.39999999999999997,0.3270066270510651
0303,"Frozen fish, excluding fillets",Agriculture,1. Live animals; animal products,0.20395791559470422,69.07894736842105,48.39409095943064,0305,Preserved fish,Agriculture,1. Live animals; animal products,0.47363194044047024,1,2,1065,-2.0735799585471217,0.08031954828707111,3679.0750430733256,161445677.0,0.00011326070835787915,0.027336740580207408,0.8931025963751181,38.70967741935484,-48.387096774193544,38.70967741935484,0.3992770317081212,0.2553796438729083,0.0006735382031852378,0.322837807016484,0.36666666666666664,0.2776565382363107,0.36666666666666664,0.30435957676541747
0303,"Frozen fish, excluding fillets",Agriculture,1. Live animals; animal products,0.20395791559470422,69.07894736842105,48.39409095943064,1604,Prepared or preserved fish,Agriculture,"4. Prepared foodstuffs; beverages, spirits and tobacco",0.4616116432462174,1,3,1065,-1.2855562455873668,0.15773947585512874,5383.920451168627,678429530.0,0.0004759459067999883,-0.0026503407476520247,1.0403241205093285,45.16129032258064,-16.12903225806452,45.16129032258064,0.47194505394441144,0.3268005928506483,0.0028303526927141286,0.3083185628960043,0.43333333333333324,0.32623331371657865,0.43333333333333324,0.35836331960160506
0303,"Frozen fish, excluding fillets",Agriculture,1. Live animals; animal products,0.20395791559470422,69.07894736842105,48.39409095943064,1605,Prepared aquatic invertibrates,Agriculture,"4. Prepared foodstuffs; beverages, spirits and tobacco",0.45623478577216575,1,4,1065,-2.4119185323664483,0.03470497192204782,6458.418981590122,119077156.0,8.353746776261886e-05,0.03952897041060077,0.6670422570477285,3.225806451612903,-45.16129032258065,3.225806451612903,0.36807696170851045,0.2132995692261879,0.0004967801875094387,0.3287410811412657,0.0,0.2528674650264607,0.0,0.17700722551852247
0303,"Frozen fish, excluding fillets",Agriculture,1. Live animals; animal products,0.20395791559470422,69.07894736842105,48.39409095943064,0508,Coral and shells,Agriculture,1. Live animals; animal products,0.38771008865160295,1,5,1065,-2.0973055544102817,0.09297023418008275,5486.273372026005,242223.0,1.6992928562943533e-07,-0.1385036235802376,0.6717578516979813,12.903225806451612,-64.51612903225806,12.903225806451612,0.3970891633744669,0.2670500757640249,1.0105346096702106e-06,0.24254067152841877,0.09999999999999998,0.2688299860079264,0.09999999999999998,0.21818099020554846
0303,"Frozen fish, excluding fillets",Agriculture,1. Live animals; animal products,0.20395791559470422,69.07894736842105,48.39409095943064,1504,Fish oils,Agriculture,3. Animal or vegetable fats and oils,0.3860357777803135,1,6,1065,-1.1522696471590075,0.2683856979714775,6979.101013728448,450897737.0,0.0003163231003675911,0.1593582514608063,2.618304880211485,100.0,25.80645161290323,100.0,0.48423614790402447,0.4288732559567279,0.0018811086010018711,0.38676041837943587,1.0,0.377884520398329,1.0,0.5645191642788303
0303,"Frozen fish, excluding fillets",Agriculture,1. Live animals; animal products,0.20395791559470422,69.07894736842105,48.39409095943064,0804,"Avocados, pineapples, mangos, etc.",Agriculture,2. Vegetable products,0.37660170155091277,1,7,1065,-3.6751629208373284,-0.0012187885173536672,4671.515201202335,171394559.0,0.00012024025369862527,0.1625221732788844,0.8326793237465899,25.806451612903224,-22.580645161290327,25.806451612903224,0.25158621428355454,0.1801594056788169,0.0007150441278436104,0.38829233649952677,0.23333333333333328,0.20946207408093553,0.23333333333333328,0.21662345185665485
0303,"Frozen fish, excluding fillets",Agriculture,1. Live animals; animal products,0.20395791559470422,69.07894736842105,48.39409095943064,1102,Cereal flours,Agriculture,2. Vegetable products,0.3698407091027623,1,8,1065,-1.9432107424888434,0.05787950957856266,3104.479621170969,24621950.0,1.7273299291577082e-05,0.11152845554091395,1.310772979187565,67.74193548387096,9.677419354838698,67.74193548387096,0.41129909771406453,0.23467839924503114,0.0001027207681870402,0.3636020297519817,0.6666666666666666,0.2806478365137087,0.6666666666666666,0.3964534855595961
0303,"Frozen fish, excluding fillets",Agriculture,1. Live animals; animal products,0.20395791559470422,69.07894736842105,48.39409095943064,2103,Sauces and seasonings,Agriculture,"4. Prepared foodstuffs; beverages, spirits and tobacco",0.3696293851532189,1,9,1065,-0.14835450301310685,0.21801717854291036,3474.572954820255,285187222.0,0.00020007043470315862,0.07192389421268208,0.9467933002417038,35.483870967741936,-32.258064516129025,35.483870967741936,0.576812712312396,0.382407603389052,0.0011897778413556997,0.34442616238689466,0.3333333333333333,0.3875695015297443,0.3333333333333333,0.37129865107082094
0303,"Frozen fish, excluding fillets",Agriculture,1. Live animals; animal products,0.20395791559470422,69.07894736842105,48.39409095943064,3915,Plastic waste,Chemicals,7. Plastics and articles thereof; rubber and articles thereof,0.3688472408842805,1,10,1065,-1.6085417230355448,0.12339685068146489,3755.4622816346514,18823638.0,1.3205547608142467e-05,0.07651206747635353,0.9153931565381412,19.35483870967742,-19.35483870967742,19.35483870967742,0.44216077782275914,0.2951190483525122,7.853068320887505e-05,0.3466476792779171,0.16666666666666666,0.31005687065551385,0.16666666666666666,0.2670398094588597
0303,"Frozen fish, excluding fillets",Agriculture,1. Live animals; animal products,0.20395791559470422,69.07894736842105,48.39409095943064,1516,"Vegetable fats, hydrogenated",Agriculture,3. Animal or vegetable fats and oils,0.36846068522777775,1,11,1065,-0.8684941685716827,0.12706383837061377,4572.875834164252,132343284.0,9.284419608366456e-05,0.09092685826828828,1.41273631490984,93.54838709677419,41.935483870967744,93.54838709677419,0.5104046533042558,0.29850189497709045,0.0005521253920536606,0.3536270803128322,0.9333333333333333,0.33624417275420404,0.9333333333333333,0.5153709209279428
0304,Fish fillets,Agriculture,1. Live animals; animal products,0.19796350741220645,54.60526315789473,52.97093721353178,0302,"Fish, excluding fillets",Agriculture,1. Live animals; animal products,0.4537686724953825,1,1,1065,-1.9098020613299251,0.08410453822341153,2515.349290940306,875698961.0,0.0006143384355291147,0.18033863000210992,1.057837831891084,41.935483870967744,-25.806451612903217,41.935483870967744,0.4143798968644137,0.25887134919499083,0.00365334467718897,0.39691876738482096,0.39999999999999997,0.29572375293009306,0.39999999999999997,0.3270066270510651
0304,Fish fillets,Agriculture,1. Live animals; animal products,0.19796350741220645,54.60526315789473,52.97093721353178,1605,Prepared aquatic invertibrates,Agriculture,"4. Prepared foodstuffs; beverages, spirits and tobacco",0.4528484749110979,1,2,1065,-2.4119185323664483,0.03470497192204782,6458.418981590122,119077156.0,8.353746776261886e-05,0.03952897041060077,0.6670422570477285,3.225806451612903,-45.16129032258065,3.225806451612903,0.36807696170851045,0.2132995692261879,0.0004967801875094387,0.3287410811412657,0.0,0.2528674650264607,0.0,0.17700722551852247
0304,Fish fillets,Agriculture,1. Live animals; animal products,0.19796350741220645,54.60526315789473,52.97093721353178,0305,Preserved fish,Agriculture,1. Live animals; animal products,0.4518563650037412,1,3,1065,-2.0735799585471217,0.08031954828707111,3679.0750430733256,161445677.0,0.00011326070835787915,0.027336740580207408,0.8931025963751181,38.70967741935484,-48.387096774193544,38.70967741935484,0.3992770317081212,0.2553796438729083,0.0006735382031852378,0.322837807016484,0.36666666666666664,0.2776565382363107,0.36666666666666664,0.30435957676541747
0304,Fish fillets,Agriculture,1. Live animals; animal products,0.19796350741220645,54.60526315789473,52.97093721353178,1604,Prepared or preserved fish,Agriculture,"4. Prepared foodstuffs; beverages, spirits and tobacco",0.44128418316612006,1,4,1065,-1.2855562455873668,0.15773947585512874,5383.920451168627,678429530.0,0.0004759459067999883,-0.0026503407476520247,1.0403241205093285,45.16129032258064,-16.12903225806452,45.16129032258064,0.47194505394441144,0.3268005928506483,0.0028303526927141286,0.3083185628960043,0.43333333333333324,0.32623331371657865,0.43333333333333324,0.35836331960160506
0304,Fish fillets,Agriculture,1. Live animals; animal products,0.19796350741220645,54.60526315789473,52.97093721353178,1516,"Vegetable fats, hydrogenated",Agriculture,3. Animal or vegetable fats and oils,0.4161077196193665,1,5,1065,-0.8684941685716827,0.12706383837061377,4572.875834164252,132343284.0,9.284419608366456e-05,0.09092685826828828,1.41273631490984,93.54838709677419,41.935483870967744,93.54838709677419,0.5104046533042558,0.29850189497709045,0.0005521253920536606,0.3536270803128322,0.9333333333333333,0.33624417275420404,0.9333333333333333,0.5153709209279428
0304,Fish fillets,Agriculture,1. Live animals; animal products,0.19796350741220645,54.60526315789473,52.97093721353178,5608,Nets,Textiles,11. Textiles and textile articles,0.41258455438598446,1,6,1065,0.21376618886778792,0.3240218464557004,5452.970232610833,104959927.0,7.363365747607652e-05,0.06979903972324597,1.7443453320097335,100.0,19.354838709677423,100.0,0.610205862869993,0.48019836884470607,0.0004378842589760625,0.34339734331926647,1.0,0.4332167652368811,1.0,0.6032517356658167
0304,Fish fillets,Agriculture,1. Live animals; animal products,0.19796350741220645,54.60526315789473,52.97093721353178,1504,Fish oils,Agriculture,3. Animal or vegetable fats and oils,0.3854835994858454,1,7,1065,-1.1522696471590075,0.2683856979714775,6979.101013728448,450897737.0,0.0003163231003675911,0.1593582514608063,2.618304880211485,100.0,25.80645161290323,100.0,0.48423614790402447,0.4288732559567279,0.0018811086010018711,0.38676041837943587,1.0,0.377884520398329,1.0,0.5645191642788303
0304,Fish fillets,Agriculture,1. Live animals; animal products,0.19796350741220645,54.60526315789473,52.97093721353178,8902,Fishing vessels,Vehicles,"17. Vehicles, aircraft, vessels and associated transport equipment",0.37469843803152314,1,8,1065,-0.11269552632837564,0.3717124427436209,4182.439556690007,36784029.0,2.5805492337814463e-05,-0.08811184207033174,1.4916394620293656,70.96774193548387,-6.451612903225808,70.96774193548387,0.5801010236512982,0.5241936004496873,0.0001534599703067533,0.266939530804145,0.7000000000000001,0.4265670670515127,0.7000000000000001,0.508596946936059
0304,Fish fillets,Agriculture,1. Live animals; animal products,0.19796350741220645,54.60526315789473,52.97093721353178,0604,Other parts of plants,Agriculture,2. Vegetable products,0.36898804854659,1,9,1065,-0.48842694593105074,0.19456343287998532,3154.059124130417,904622.0,6.346291236780614e-07,0.05074286266008876,0.5424878983149167,3.225806451612903,-48.387096774193544,3.225806451612903,0.5454527526595413,0.36077120014059716,3.7740092380537155e-06,0.33417066054350675,0.0,0.3673045486629602,0.0,0.25711318406407213
0304,Fish fillets,Agriculture,1. Live animals; animal products,0.19796350741220645,54.60526315789473,52.97093721353178,0508,Coral and shells,Agriculture,1. Live animals; animal products,0.36752340361233,1,10,1065,-2.0973055544102817,0.09297023418008275,5486.273372026005,242223.0,1.6992928562943533e-07,-0.1385036235802376,0.6717578516979813,12.903225806451612,-64.51612903225806,12.903225806451612,0.3970891633744669,0.2670500757640249,1.0105346096702106e-06,0.24254067152841877,0.09999999999999998,0.2688299860079264,0.09999999999999998,0.21818099020554846
0304,Fish fillets,Agriculture,1. Live animals; animal products,0.19796350741220645,54.60526315789473,52.97093721353178,2501,Salt,Minerals,5. Mineral products,0.36729629962594534,1,11,1065,-1.105404775255871,0.1256148643409572,3891.3188568750343,112934318.0,7.922801707842558e-05,0.08458408634597991,0.9604025186087396,38.70967741935484,-29.03225806451612,38.70967741935484,0.4885578167796563,0.2971651964875291,0.00047115276814547514,0.3505560160457352,0.36666666666666664,0.327657129965597,0.36666666666666664,0.33935999097591785
0306,Crustaceans,Agriculture,1. Live animals; animal products,0.2064698784461484,80.26315789473685,44.81781207410846,1605,Prepared aquatic invertibrates,Agriculture,"4. Prepared foodstuffs; beverages, spirits and tobacco",0.5518582814437165,1,1,1065,-2.4119185323664483,0.03470497192204782,6458.418981590122,119077156.0,8.353746776261886e-05,0.03952897041060077,0.6670422570477285,3.225806451612903,-45.16129032258065,3.225806451612903,0.36807696170851045,0.2132995692261879,0.0004967801875094387,0.3287410811412657,0.0,0.2528674650264607,0.0,0.17700722551852247
0306,Crustaceans,Agriculture,1. Live animals; animal products,0.2064698784461484,80.26315789473685,44.81781207410846,0302,"Fish, excluding fillets",Agriculture,1. Live animals; animal products,0.4252834595817002,1,2,1065,-1.9098020613299251,0.08410453822341153,2515.349290940306,875698961.0,0.0006143384355291147,0.18033863000210992,1.057837831891084,41.935483870967744,-25.806451612903217,41.935483870967744,0.4143798968644137,0.25887134919499083,0.00365334467718897,0.39691876738482096,0.39999999999999997,0.29572375293009306,0.39999999999999997,0.3270066270510651
0306,Crustaceans,Agriculture,1. Live animals; animal products,0.2064698784461484,80.26315789473685,44.81781207410846,0508,Coral and shells,Agriculture,1. Live animals; animal products,0.41151612487559647,1,3,1065,-2.0973055544102817,0.09297023418008275,5486.273372026005,242223.0,1.6992928562943533e-07,-0.1385036235802376,0.6717578516979813,12.903225806451612,-64.51612903225806,12.903225806451612,0.3970891633744669,0.2670500757640249,1.0105346096702106e-06,0.24254067152841877,0.09999999999999998,0.2688299860079264,0.09999999999999998,0.21818099020554846
0306,Crustaceans,Agriculture,1. Live animals; animal products,0.2064698784461484,80.26315789473685,44.81781207410846,1604,Prepared or preserved fish,Agriculture,"4. Prepared foodstuffs; beverages, spirits and tobacco",0.3820910354646827,1,4,1065,-1.2855562455873668,0.15773947585512874,5383.920451168627,678429530.0,0.0004759459067999883,-0.0026503407476520247,1.0403241205093285,45.16129032258064,-16.12903225806452,45.16129032258064,0.47194505394441144,0.3268005928506483,0.0028303526927141286,0.3083185628960043,0.43333333333333324,0.32623331371657865,0.43333333333333324,0.35836331960160506
0306,Crustaceans,Agriculture,1. Live animals; animal products,0.2064698784461484,80.26315789473685,44.81781207410846,0305,Preserved fish,Agriculture,1. Live animals; animal products,0.37257056079281514,1,5,1065,-2.0735799585471217,0.08031954828707111,3679.0750430733256,161445677.0,0.00011326070835787915,0.027336740580207408,0.8931025963751181,38.70967741935484,-48.387096774193544,38.70967741935484,0.3992770317081212,0.2553796438729083,0.0006735382031852378,0.322837807016484,0.36666666666666664,0.2776565382363107,0.36666666666666664,0.30435957676541747
0306,Crustaceans,Agriculture,1. Live animals; animal products,0.2064698784461484,80.26315789473685,44.81781207410846,1516,"Vegetable fats, hydrogenated",Agriculture,3. Animal or vegetable fats and oils,0.3595922532716682,1,6,1065,-0.8684941685716827,0.12706383837061377,4572.875834164252,132343284.0,9.284419608366456e-05,0.09092685826828828,1.41273631490984,93.54838709677419,41.935483870967744,93.54838709677419,0.5104046533042558,0.29850189497709045,0.0005521253920536606,0.3536270803128322,0.9333333333333333,0.33624417275420404,0.9333333333333333,0.5153709209279428
0306,Crustaceans,Agriculture,1. Live animals; animal products,0.2064698784461484,80.26315789473685,44.81781207410846,6105,"Men's shirts, knit",Textiles,11. Textiles and textile articles,0.3569404526126918,1,7,1065,-1.6464172531571526,0.034429651692284145,6819.224040626706,227771421.0,0.0001597909152199889,0.13029496889202274,0.785671791843339,9.67741935483871,-25.806451612903224,9.67741935483871,0.4386680658398282,0.21304558252405353,0.0009502438001934754,0.3726884621945365,0.06666666666666667,0.2841455828265681,0.06666666666666667,0.21890190797859765
0306,Crustaceans,Agriculture,1. Live animals; animal products,0.2064698784461484,80.26315789473685,44.81781207410846,0301,Live Fish,Agriculture,1. Live animals; animal products,0.35320497757497615,1,8,1065,-0.9979392992879226,0.2371069252786392,3159.4636657461474,763328.0,5.355056362977323e-07,-0.06966791250730253,0.5628020742083429,9.67741935483871,-61.29032258064516,9.67741935483871,0.49846780231542315,0.40001815755047165,3.1845421885219094e-06,0.2758697735623078,0.06666666666666667,0.3558510296687376,0.06666666666666667,0.26909572076811633
0306,Crustaceans,Agriculture,1. Live animals; animal products,0.2064698784461484,80.26315789473685,44.81781207410846,6205,Men's shirts,Textiles,11. Textiles and textile articles,0.3497392612862738,1,9,1065,-1.2196986054347456,0.09294072291764689,7003.352848764278,390001825.0,0.000273602141482956,0.09269863708516723,0.9079125115270171,9.67741935483871,-19.354838709677423,9.67741935483871,0.4780181509595576,0.26702285121816305,0.0016270558204507612,0.35448494603469094,0.06666666666666667,0.31418115104047345,0.06666666666666667,0.2399268057283314
0306,Crustaceans,Agriculture,1. Live animals; animal products,0.2064698784461484,80.26315789473685,44.81781207410846,6114,"Other garments, knit",Textiles,11. Textiles and textile articles,0.349542598357943,1,10,1065,-1.0181322101459516,0.11529822465311833,6544.978046430163,175019860.0,0.00012278354978991998,0.14444995853842957,0.8767199546267351,19.35483870967742,-61.29032258064515,19.35483870967742,0.496605702392395,0.2876479543521739,0.0007301685880764208,0.37954207185237626,0.16666666666666666,0.33152961592666697,0.16666666666666666,0.2820707311486669
0306,Crustaceans,Agriculture,1. Live animals; animal products,0.2064698784461484,80.26315789473685,44.81781207410846,0904,Pepper,Agriculture,2. Vegetable products,0.34829880667813035,1,11,1065,-2.740762490484549,-0.00361184608636817,6280.533689559384,73088184.0,5.127433354831179e-05,0.12324324107768492,0.8970626004313724,45.16129032258064,-12.903225806451623,45.16129032258064,0.33775244270254967,0.17795177712753552,0.00030491794540545085,0.36927413332110837,0.43333333333333324,0.23593333463050686,0.43333333333333324,0.29515333424135476
0307,Molluscs,Agriculture,1. Live animals; animal products,0.20267734471292564,64.47368421052632,50.06059516583513,1605,Prepared aquatic invertibrates,Agriculture,"4. Prepared foodstuffs; beverages, spirits and tobacco",0.5286645079277201,1,1,1065,-2.4119185323664483,0.03470497192204782,6458.418981590122,119077156.0,8.353746776261886e-05,0.03952897041060077,0.6670422570477285,3.225806451612903,-45.16129032258065,3.225806451612903,0.36807696170851045,0.2132995692261879,0.0004967801875094387,0.3287410811412657,0.0,0.2528674650264607,0.0,0.17700722551852247
0307,Molluscs,Agriculture,1. Live animals; animal products,0.20267734471292564,64.47368421052632,50.06059516583513,0508,Coral and shells,Agriculture,1. Live animals; animal products,0.447775011697069,1,2,1065,-2.0973055544102817,0.09297023418008275,5486.273372026005,242223.0,1.6992928562943533e-07,-0.1385036235802376,0.6717578516979813,12.903225806451612,-64.51612903225806,12.903225806451612,0.3970891633744669,0.2670500757640249,1.0105346096702106e-06,0.24254067152841877,0.09999999999999998,0.2688299860079264,0.09999999999999998,0.21818099020554846
0307,Molluscs,Agriculture,1. Live animals; animal products,0.20267734471292564,64.47368421052632,50.06059516583513,0302,"Fish, excluding fillets",Agriculture,1. Live animals; animal products,0.4206667729590807,1,3,1065,-1.9098020613299251,0.08410453822341153,2515.349290940306,875698961.0,0.0006143384355291147,0.18033863000210992,1.057837831891084,41.935483870967744,-25.806451612903217,41.935483870967744,0.4143798968644137,0.25887134919499083,0.00365334467718897,0.39691876738482096,0.39999999999999997,0.29572375293009306,0.39999999999999997,0.3270066270510651
0307,Molluscs,Agriculture,1. Live animals; animal products,0.20267734471292564,64.47368421052632,50.06059516583513,1604,Prepared or preserved fish,Agriculture,"4. Prepared foodstuffs; beverages, spirits and tobacco",0.40943043757453346,1,4,1065,-1.2855562455873668,0.15773947585512874,5383.920451168627,678429530.0,0.0004759459067999883,-0.0026503407476520247,1.0403241205093285,45.16129032258064,-16.12903225806452,45.16129032258064,0.47194505394441144,0.3268005928506483,0.0028303526927141286,0.3083185628960043,0.43333333333333324,0.32623331371657865,0.43333333333333324,0.35836331960160506
0307,Molluscs,Agriculture,1. Live animals; animal products,0.20267734471292564,64.47368421052632,50.06059516583513,0305,Preserved fish,Agriculture,1. Live animals; animal products,0.4027794572995483,1,5,1065,-2.0735799585471217,0.08031954828707111,3679.0750430733256,161445677.0,0.00011326070835787915,0.027336740580207408,0.8931025963751181,38.70967741935484,-48.387096774193544,38.70967741935484,0.3992770317081212,0.2553796438729083,0.0006735382031852378,0.322837807016484,0.36666666666666664,0.2776565382363107,0.36666666666666664,0.30435957676541747
0307,Molluscs,Agriculture,1. Live animals; animal products,0.20267734471292564,64.47368421052632,50.06059516583513,2501,Salt,Minerals,5. Mineral products,0.3815070890902357,1,6,1065,-1.105404775255871,0.1256148643409572,3891.3188568750343,112934318.0,7.922801707842558e-05,0.08458408634597991,0.9604025186087396,38.70967741935484,-29.03225806451612,38.70967741935484,0.4885578167796563,0.2971651964875291,0.00047115276814547514,0.3505560160457352,0.36666666666666664,0.327657129965597,0.36666666666666664,0.33935999097591785
0307,Molluscs,Agriculture,1. Live animals; animal products,0.20267734471292564,64.47368421052632,50.06059516583513,0810,Other fresh fruit,Agriculture,2. Vegetable products,0.3732166288062918,1,7,1065,-1.8575580436755599,0.006553499596134498,4099.922451280301,129041757.0,9.052804062115153e-05,0.14275631962904867,0.6979782016868505,9.67741935483871,-80.64516129032258,9.67741935483871,0.4191976065020606,0.18732944846018937,0.0005383516905543782,0.3787220401691194,0.06666666666666667,0.2691735280157386,0.06666666666666667,0.20842146961101699
0307,Molluscs,Agriculture,1. Live animals; animal products,0.20267734471292564,64.47368421052632,50.06059516583513,6114,"Other garments, knit",Textiles,11. Textiles and textile articles,0.3630875430529266,1,8,1065,-1.0181322101459516,0.11529822465311833,6544.978046430163,175019860.0,0.00012278354978991998,0.14444995853842957,0.8767199546267351,19.35483870967742,-61.29032258064515,19.35483870967742,0.496605702392395,0.2876479543521739,0.0007301685880764208,0.37954207185237626,0.16666666666666666,0.33152961592666697,0.16666666666666666,0.2820707311486669
0307,Molluscs,Agriculture,1. Live animals; animal products,0.20267734471292564,64.47368421052632,50.06059516583513,6105,"Men's shirts, knit",Textiles,11. Textiles and textile articles,0.35964633279373637,1,9,1065,-1.6464172531571526,0.034429651692284145,6819.224040626706,227771421.0,0.0001597909152199889,0.13029496889202274,0.785671791843339,9.67741935483871,-25.806451612903224,9.67741935483871,0.4386680658398282,0.21304558252405353,0.0009502438001934754,0.3726884621945365,0.06666666666666667,0.2841455828265681,0.06666666666666667,0.21890190797859765
0307,Molluscs,Agriculture,1. Live animals; animal products,0.20267734471292564,64.47368421052632,50.06059516583513,0709,Other vegetables,Agriculture,2. Vegetable products,0.3559789605819785,1,10,1065,-1.1623047356362484,0.0857029113782196,2274.6228224453253,12332208.0,8.65154545882764e-06,0.045225391474933874,0.49844537812737444,3.225806451612903,-74.19354838709678,3.225806451612903,0.48331075692832864,0.2603458704341974,5.144896643857869e-05,0.3314991931142791,0.0,0.31001241588899175,0.0,0.2170086911222942
0307,Molluscs,Agriculture,1. Live animals; animal products,0.20267734471292564,64.47368421052632,50.06059516583513,0708,Legumes,Agriculture,2. Vegetable products,0.3549649931679174,1,11,1065,-3.479223583323188,-0.048869362500723074,2792.11884358736,684122.0,4.799394060158637e-07,-0.0199107769456196,0.523088394464111,12.903225806451612,-70.96774193548387,12.903225806451612,0.2696548636164061,0.13620109520074838,2.854101213496669e-06,0.2999613478658296,0.09999999999999998,0.18704421588106052,0.09999999999999998,0.16093095111674235
0402,"Milk, concentrated",Agriculture,1. Live animals; animal products,0.20822043193499581,88.1578947368421,52.81555003420852,0401,Milk,Agriculture,1. Live animals; animal products,0.43076658241250104,1,1,1065,1.122868685927484,0.47019076745366956,2395.1577594812147,12302107.0,8.630428383129908e-06,-0.005651590582289701,0.5508169358116639,6.451612903225806,-58.064516129032256,6.451612903225806,0.6940392290300984,0.6150412106899167,5.1323387520450845e-05,0.30686540783435545,0.033333333333333326,0.5042156635852866,0.033333333333333326,0.3629509645097006
0402,"Milk, concentrated",Agriculture,1. Live animals; animal products,0.20822043193499581,88.1578947368421,52.81555003420852,0403,Fermented milk products,Agriculture,1. Live animals; animal products,0.3851564679613931,1,2,1065,0.5463082131645085,0.34246736450717385,1916.8935656210424,5272203.0,3.698664823255289e-06,0.04271967705299318,0.5706494231775714,12.903225806451612,-58.064516129032256,12.903225806451612,0.6408714009987031,0.49721461317616944,2.1995201119245954e-05,0.3302859680260954,0.09999999999999998,0.44787629944528756,0.09999999999999998,0.34351340961170124
0402,"Milk, concentrated",Agriculture,1. Live animals; animal products,0.20822043193499581,88.1578947368421,52.81555003420852,2105,Ice cream,Agriculture,"4. Prepared foodstuffs; beverages, spirits and tobacco",0.35433736849942593,1,3,1065,1.3565923475001525,0.4561680896782379,2334.2196934998683,37529366.0,2.6328376555924167e-05,0.08532763978667668,0.6764392780821085,16.129032258064516,-48.38709677419355,16.129032258064516,0.7155921797306787,0.602105097399834,0.0001565694555099246,0.3509160322074972,0.1333333333333333,0.5138549372451304,0.1333333333333333,0.39969845607159127
0402,"Milk, concentrated",Agriculture,1. Live animals; animal products,0.20822043193499581,88.1578947368421,52.81555003420852,2207,Ethyl alcohol > 80%,Agriculture,"4. Prepared foodstuffs; beverages, spirits and tobacco",0.351046891066516,1,4,1065,-1.305157555686241,0.21697167510291027,4795.07981258578,618361862.0,0.0004338059947657633,-0.045286561211540066,0.9261118616830513,36.666666666666664,-40.00000000000001,36.666666666666664,0.47013750879735555,0.3814431120727994,0.002579755278611505,0.28767481679342305,0.3455555555555555,0.3415914031153594,0.3455555555555555,0.3427806488474182
0402,"Milk, concentrated",Agriculture,1. Live animals; animal products,0.20822043193499581,88.1578947368421,52.81555003420852,3210,Other paints and varnishes,Chemicals,6. Products of the chemical or allied industries,0.34039424819090064,1,5,1065,1.3271149496773726,0.5008456106226968,2966.5289991340574,13930978.0,9.773147635275676e-06,0.0861053158342846,1.0044318433372061,41.935483870967744,-22.58064516129032,41.935483870967744,0.712873905946241,0.6433207255211736,5.811890454479669e-05,0.3512925699658211,0.39999999999999997,0.52737072434415,0.39999999999999997,0.489159507040905
0402,"Milk, concentrated",Agriculture,1. Live animals; animal products,0.20822043193499581,88.1578947368421,52.81555003420852,4415,Packing boxes,Agriculture,9. Wood and articles of wood,0.3379630130474185,1,6,1065,1.2943562328459752,0.4265870025515598,1420.2302711694051,5276749.0,3.7018540271396083e-06,0.07658027324716454,0.4863176066629946,3.225806451612903,-77.41935483870968,3.225806451612903,0.7098530435990975,0.5748161372994344,2.2014166660650202e-05,0.3466807033733936,0.0,0.5016396209454943,0.0,0.351147734661846
0402,"Milk, concentrated",Agriculture,1. Live animals; animal products,0.20822043193499581,88.1578947368421,52.81555003420852,2203,Beer,Agriculture,"4. Prepared foodstuffs; beverages, spirits and tobacco",0.3378483289014542,1,7,1065,-0.23856434836560653,0.3006847261812644,3387.846782847423,380233765.0,0.00026674945012918093,0.008165375519106899,1.0693025074628781,58.06451612903226,-12.903225806451609,58.06451612903226,0.5684939638531824,0.4586695541226479,0.0015863042704355472,0.3135553521352766,0.5666666666666667,0.40677847975239745,0.5666666666666667,0.4547449358266782
0402,"Milk, concentrated",Agriculture,1. Live animals; animal products,0.20822043193499581,88.1578947368421,52.81555003420852,7317,Nails and similar articles of iron or steel,Metals,15. Base metals and articles of base metal,0.33704956324666513,1,8,1065,-0.3578249614732524,0.29126405402874045,6940.327522436192,130311928.0,9.141911723508674e-05,0.04041336223522052,1.0005802482729804,54.83870967741935,-12.903225806451609,54.83870967741935,0.5574962835261913,0.4499788543728973,0.0005436507404204084,0.32916928889711294,0.5333333333333332,0.40207323921031096,0.5333333333333332,0.44145126744721763
0402,"Milk, concentrated",Agriculture,1. Live animals; animal products,0.20822043193499581,88.1578947368421,52.81555003420852,8309,"Stoppers, caps and lids of metal",Metals,15. Base metals and articles of base metal,0.3311261239787076,1,9,1065,0.8891013031198322,0.40694032455444656,3115.4857717600053,190653619.0,0.0001337512675482367,0.020457209866526993,1.2128746317546997,51.61290322580645,-22.58064516129032,51.61290322580645,0.6724822465527788,0.5566918063824309,0.0007953913561403253,0.31950685310422494,0.49999999999999994,0.4782562551963781,0.49999999999999994,0.4847793786374646
0402,"Milk, concentrated",Agriculture,1. Live animals; animal products,0.20822043193499581,88.1578947368421,52.81555003420852,3209,"Paints and varnishes, aqueous",Chemicals,6. Products of the chemical or allied industries,0.33010325717177685,1,10,1065,0.7683181205599636,0.3886888375664726,2228.0203412393003,95316090.0,6.686811360890983e-05,0.06797081446965758,0.9073950897012649,35.483870967741936,-29.032258064516128,35.483870967741936,0.6613441616808599,0.5398545583781613,0.0003976509571900301,0.34251214717517176,0.3333333333333333,0.47185602174051167,0.3333333333333333,0.4302992152183581
0402,"Milk, concentrated",Agriculture,1. Live animals; animal products,0.20822043193499581,88.1578947368421,52.81555003420852,4004,Scrap of rubber,Chemicals,7. Plastics and articles thereof; rubber and articles thereof,0.3272914382111461,1,11,1065,0.23962495414833354,0.044022889683451305,4098.3838308762315,5128786.0,3.598051965033251e-06,0.07694707960346792,1.1719635889150781,77.41935483870968,29.032258064516128,77.41935483870968,0.6125904425463481,0.22189547663556847,2.1396877086783833e-05,0.34685830488698816,0.7666666666666667,0.344102026978282,0.7666666666666667,0.47087141888479744
0404,Whey,Agriculture,1. Live animals; animal products,0.19370689036653077,37.5,58.18222018794266,8436,Other agricultural machinery,Machinery,"16. Machinery, mechanical appliances and electrical equipment",0.44205152109150503,1,1,1065,2.6623534880730624,0.7077341842668049,4243.2764687727795,435193219.0,0.0003053057422930292,0.10877312112659299,1.452826281754256,83.87096774193549,25.806451612903224,83.87096774193549,0.8360036318709292,0.8341782828254468,0.001815590632158331,0.36226794283109426,0.8333333333333334,0.6391762001632195,0.8333333333333334,0.6974233401142536
0404,Whey,Agriculture,1. Live animals; animal products,0.19370689036653077,37.5,58.18222018794266,0401,Milk,Agriculture,1. Live animals; animal products,0.42782387483461487,1,2,1065,1.122868685927484,0.47019076745366956,2395.1577594812147,12302107.0,8.630428383129908e-06,-0.005651590582289701,0.5508169358116639,6.451612903225806,-58.064516129032256,6.451612903225806,0.6940392290300984,0.6150412106899167,5.1323387520450845e-05,0.30686540783435545,0.033333333333333326,0.5042156635852866,0.033333333333333326,0.3629509645097006
0404,Whey,Agriculture,1. Live animals; animal products,0.19370689036653077,37.5,58.18222018794266,8433,Harvesting or agricultural machinery,Machinery,"16. Machinery, mechanical appliances and electrical equipment",0.42663025816415207,1,3,1065,3.1027657454804705,0.8237845052740358,4460.732914157222,1070361592.0,0.0007509021880405458,0.13824643799774727,1.2380079339198609,70.96774193548387,16.12903225806452,70.96774193548387,0.8766164804287627,0.9412363015535277,0.004465461304573493,0.3765384307793487,0.7000000000000001,0.69339905750639,0.7000000000000001,0.695379340254473
0404,Whey,Agriculture,1. Live animals; animal products,0.19370689036653077,37.5,58.18222018794266,8432,Machinery for soil preparation or cultivation,Machinery,"16. Machinery, mechanical appliances and electrical equipment",0.41709501960050127,1,4,1065,2.2376026442910835,0.6556662564677201,3436.404250766662,270216840.0,0.00018956810288966544,0.12363283506856493,1.104858734204967,45.16129032258064,9.677419354838705,45.16129032258064,0.7968350088292413,0.7861449026411779,0.0011273226280564509,0.36946276822690705,0.43333333333333324,0.6096314826428911,0.43333333333333324,0.5567420378500237
0404,Whey,Agriculture,1. Live animals; animal products,0.19370689036653077,37.5,58.18222018794266,0208,Other meat,Agriculture,1. Live animals; animal products,0.4153849242173431,1,5,1065,1.2324486841889166,0.5851984640255247,4554.969098997806,592005.0,4.15315584147888e-07,0.7301428674613866,0.45468403860011625,9.67741935483871,-74.19354838709678,9.67741935483871,0.7041442063542023,0.7211373940231446,2.4697965989927173e-06,0.6631247997381298,0.06666666666666667,0.5983176505622807,0.06666666666666667,0.4388223553935965
0404,Whey,Agriculture,1. Live animals; animal products,0.19370689036653077,37.5,58.18222018794266,8434,Dairy machinery,Machinery,"16. Machinery, mechanical appliances and electrical equipment",0.4113844331424076,1,6,1065,2.0866518740386026,0.6732184111414641,3318.5170190084855,54776543.0,3.842797265841826e-05,0.07544673267015645,0.9484853578862411,29.03225806451613,-35.483870967741936,29.03225806451613,0.7829150039500826,0.8023370069582592,0.00022852327194192336,0.34613186195137896,0.26666666666666666,0.6067922616014177,0.26666666666666666,0.5047545831209924
0404,Whey,Agriculture,1. Live animals; animal products,0.19370689036653077,37.5,58.18222018794266,4902,"Newspapers, journals and periodicals",Agriculture,"10. Pulp, paper and paperboard",0.40728808292201435,1,7,1065,2.672860478649815,0.5995838304207395,2518.5310168969786,2552987.0,1.7910242096383714e-06,-0.11512429607145036,0.5657585436207909,9.67741935483871,-58.06451612903225,9.67741935483871,0.8369725395475777,0.7344080925579057,1.0650853641223673e-05,0.25386055157147464,0.06666666666666667,0.5880639016006866,0.06666666666666667,0.4316447311204806
0404,Whey,Agriculture,1. Live animals; animal products,0.19370689036653077,37.5,58.18222018794266,4410,Particle board and similar board,Agriculture,9. Wood and articles of wood,0.40251757755714146,1,8,1065,1.818506514041664,0.5799729409975771,1792.4882540695237,36200408.0,2.5396058470641088e-05,0.06229959592418033,0.980012737183174,25.806451612903224,-35.483870967741936,25.806451612903224,0.7581878381778381,0.716316777093053,0.00015102515107228614,0.339766237841012,0.23333333333333328,0.5670642047936245,0.23333333333333328,0.46694494335553716
0404,Whey,Agriculture,1. Live animals; animal products,0.19370689036653077,37.5,58.18222018794266,8428,Other lifting machinery,Machinery,"16. Machinery, mechanical appliances and electrical equipment",0.4005627253404135,1,9,1065,2.7889686473666053,0.769441714028365,4807.795334117189,976825731.0,0.0006852829774764617,0.042732648961899766,1.0943265179375896,90.32258064516128,22.58064516129032,90.32258064516128,0.8476795155526992,0.8911043285230291,0.00407523731764491,0.3302922488078115,0.8999999999999999,0.6587294683453234,0.8999999999999999,0.7311106278417263
0404,Whey,Agriculture,1. Live animals; animal products,0.19370689036653077,37.5,58.18222018794266,6806,Mineral wools and insulating materials,Stone,"13. Articles of stone, plaster, cement, ceramics and glass",0.3990026404121296,1,10,1065,2.7623105898925657,0.7359659511528415,2915.817068977038,77152139.0,5.4125363260519844e-05,0.09666503524409098,0.7737926165964616,22.58064516129032,-35.48387096774194,22.58064516129032,0.845221228725233,0.8602224764285287,0.0003218724343666242,0.3564054098010306,0.19999999999999996,0.650414389139126,0.19999999999999996,0.5152900723973881
0404,Whey,Agriculture,1. Live animals; animal products,0.19370689036653077,37.5,58.18222018794266,1601,Sausages,Agriculture,"4. Prepared foodstuffs; beverages, spirits and tobacco",0.39606481077000805,1,11,1065,2.043368640464142,0.5947646928800601,1823.922517945249,24521414.0,1.7202769198811154e-05,0.07771939615915868,0.5520797388957102,12.903225806451612,-32.258064516129025,12.903225806451612,0.7789236177416221,0.7299623718342974,0.00010230134019086393,0.34723224766880684,0.09999999999999998,0.5802102787029214,0.09999999999999998,0.4361471950920449
0405,Butter,Agriculture,1. Live animals; animal products,0.20198453672730357,63.1578947368421,53.178817044282766,0401,Milk,Agriculture,1. Live animals; animal products,0.4214594605022429,1,1,1065,1.122868685927484,0.47019076745366956,2395.1577594812147,12302107.0,8.630428383129908e-06,-0.005651590582289701,0.5508169358116639,6.451612903225806,-58.064516129032256,6.451612903225806,0.6940392290300984,0.6150412106899167,5.1323387520450845e-05,0.30686540783435545,0.033333333333333326,0.5042156635852866,0.033333333333333326,0.3629509645097006
0405,Butter,Agriculture,1. Live animals; animal products,0.20198453672730357,63.1578947368421,53.178817044282766,8434,Dairy machinery,Machinery,"16. Machinery, mechanical appliances and electrical equipment",0.3794532814741316,1,2,1065,2.0866518740386026,0.6732184111414641,3318.5170190084855,54776543.0,3.842797265841826e-05,0.07544673267015645,0.9484853578862411,29.03225806451613,-35.483870967741936,29.03225806451613,0.7829150039500826,0.8023370069582592,0.00022852327194192336,0.34613186195137896,0.26666666666666666,0.6067922616014177,0.26666666666666666,0.5047545831209924
0405,Butter,Agriculture,1. Live animals; animal products,0.20198453672730357,63.1578947368421,53.178817044282766,0701,Potatoes,Agriculture,2. Vegetable products,0.36128554107713196,1,3,1065,-0.5397975790352212,0.05230451138390772,1714.998782509877,25329515.0,1.7769684915512017e-05,0.05009133816726674,0.743843356843749,9.67741935483871,-58.06451612903225,9.67741935483871,0.5407155826387493,0.22953538666262563,0.00010567267168543343,0.33385520326180834,0.06666666666666667,0.31968197064550524,0.06666666666666667,0.24377737945185365
0405,Butter,Agriculture,1. Live animals; animal products,0.20198453672730357,63.1578947368421,53.178817044282766,8436,Other agricultural machinery,Machinery,"16. Machinery, mechanical appliances and electrical equipment",0.35699711947378754,1,4,1065,2.6623534880730624,0.7077341842668049,4243.2764687727795,435193219.0,0.0003053057422930292,0.10877312112659299,1.452826281754256,83.87096774193549,25.806451612903224,83.87096774193549,0.8360036318709292,0.8341782828254468,0.001815590632158331,0.36226794283109426,0.8333333333333334,0.6391762001632195,0.8333333333333334,0.6974233401142536
0405,Butter,Agriculture,1. Live animals; animal products,0.20198453672730357,63.1578947368421,53.178817044282766,0403,Fermented milk products,Agriculture,1. Live animals; animal products,0.34477566385184005,1,5,1065,0.5463082131645085,0.34246736450717385,1916.8935656210424,5272203.0,3.698664823255289e-06,0.04271967705299318,0.5706494231775714,12.903225806451612,-58.064516129032256,12.903225806451612,0.6408714009987031,0.49721461317616944,2.1995201119245954e-05,0.3302859680260954,0.09999999999999998,0.44787629944528756,0.09999999999999998,0.34351340961170124
0405,Butter,Agriculture,1. Live animals; animal products,0.20198453672730357,63.1578947368421,53.178817044282766,6806,Mineral wools and insulating materials,Stone,"13. Articles of stone, plaster, cement, ceramics and glass",0.3434654073822572,1,6,1065,2.7623105898925657,0.7359659511528415,2915.817068977038,77152139.0,5.4125363260519844e-05,0.09666503524409098,0.7737926165964616,22.58064516129032,-35.48387096774194,22.58064516129032,0.845221228725233,0.8602224764285287,0.0003218724343666242,0.3564054098010306,0.19999999999999996,0.650414389139126,0.19999999999999996,0.5152900723973881
0405,Butter,Agriculture,1. Live animals; animal products,0.20198453672730357,63.1578947368421,53.178817044282766,8432,Machinery for soil preparation or cultivation,Machinery,"16. Machinery, mechanical appliances and electrical equipment",0.33610296429857334,1,7,1065,2.2376026442910835,0.6556662564677201,3436.404250766662,270216840.0,0.00018956810288966544,0.12363283506856493,1.104858734204967,45.16129032258064,9.677419354838705,45.16129032258064,0.7968350088292413,0.7861449026411779,0.0011273226280564509,0.36946276822690705,0.43333333333333324,0.6096314826428911,0.43333333333333324,0.5567420378500237
0405,Butter,Agriculture,1. Live animals; animal products,0.20198453672730357,63.1578947368421,53.178817044282766,1514,"Rapeseed, colza or mustard oil,",Agriculture,3. Animal or vegetable fats and oils,0.33038313429604194,1,8,1065,2.113034943089607,0.6304123303976537,2586.4524878265856,95053081.0,6.668360209892063e-05,-0.04539430549636281,0.7555427004721768,25.806451612903224,-45.16129032258065,25.806451612903224,0.7853479325751097,0.7628478081850729,0.00039655370508286125,0.2876226488095895,0.23333333333333328,0.5850713896432648,0.23333333333333328,0.4795499727502853
0405,Butter,Agriculture,1. Live animals; animal products,0.20198453672730357,63.1578947368421,53.178817044282766,2206,Other fermented beverages,Agriculture,"4. Prepared foodstuffs; beverages, spirits and tobacco",0.3295104702781462,1,9,1065,1.4008334717546598,0.5051767845155458,3373.229725654306,13835192.0,9.705949860690681e-06,0.10624578665908047,0.7014184974466166,3.225806451612903,-77.41935483870968,3.225806451612903,0.7196718983333208,0.6473162930621398,5.771929316139433e-05,0.36104424967780874,0.0,0.5326111623340567,0.0,0.37282781363383966
0405,Butter,Agriculture,1. Live animals; animal products,0.20198453672730357,63.1578947368421,53.178817044282766,1601,Sausages,Agriculture,"4. Prepared foodstuffs; beverages, spirits and tobacco",0.32913010097668033,1,10,1065,2.043368640464142,0.5947646928800601,1823.922517945249,24521414.0,1.7202769198811154e-05,0.07771939615915868,0.5520797388957102,12.903225806451612,-32.258064516129025,12.903225806451612,0.7789236177416221,0.7299623718342974,0.00010230134019086393,0.34723224766880684,0.09999999999999998,0.5802102787029214,0.09999999999999998,0.4361471950920449
0405,Butter,Agriculture,1. Live animals; animal products,0.20198453672730357,63.1578947368421,53.178817044282766,2105,Ice cream,Agriculture,"4. Prepared foodstuffs; beverages, spirits and tobacco",0.3290668351339366,1,11,1065,1.3565923475001525,0.4561680896782379,2334.2196934998683,37529366.0,2.6328376555924167e-05,0.08532763978667668,0.6764392780821085,16.129032258064516,-48.38709677419355,16.129032258064516,0.7155921797306787,0.602105097399834,0.0001565694555099246,0.3509160322074972,0.1333333333333333,0.5138549372451304,0.1333333333333333,0.39969845607159127
0406,Cheese,Agriculture,1. Live animals; animal products,0.19753878596337354,51.31578947368421,59.31998348485303,0401,Milk,Agriculture,1. Live animals; animal products,0.5066229961706792,1,1,1065,1.122868685927484,0.47019076745366956,2395.1577594812147,12302107.0,8.630428383129908e-06,-0.005651590582289701,0.5508169358116639,6.451612903225806,-58.064516129032256,6.451612903225806,0.6940392290300984,0.6150412106899167,5.1323387520450845e-05,0.30686540783435545,0.033333333333333326,0.5042156635852866,0.033333333333333326,0.3629509645097006
0406,Cheese,Agriculture,1. Live animals; animal products,0.19753878596337354,51.31578947368421,59.31998348485303,0403,Fermented milk products,Agriculture,1. Live animals; animal products,0.46278113204248456,1,2,1065,0.5463082131645085,0.34246736450717385,1916.8935656210424,5272203.0,3.698664823255289e-06,0.04271967705299318,0.5706494231775714,12.903225806451612,-58.064516129032256,12.903225806451612,0.6408714009987031,0.49721461317616944,2.1995201119245954e-05,0.3302859680260954,0.09999999999999998,0.44787629944528756,0.09999999999999998,0.34351340961170124
0406,Cheese,Agriculture,1. Live animals; animal products,0.19753878596337354,51.31578947368421,59.31998348485303,1601,Sausages,Agriculture,"4. Prepared foodstuffs; beverages, spirits and tobacco",0.461508127309856,1,3,1065,2.043368640464142,0.5947646928800601,1823.922517945249,24521414.0,1.7202769198811154e-05,0.07771939615915868,0.5520797388957102,12.903225806451612,-32.258064516129025,12.903225806451612,0.7789236177416221,0.7299623718342974,0.00010230134019086393,0.34723224766880684,0.09999999999999998,0.5802102787029214,0.09999999999999998,0.4361471950920449
0406,Cheese,Agriculture,1. Live animals; animal products,0.19753878596337354,51.31578947368421,59.31998348485303,2105,Ice cream,Agriculture,"4. Prepared foodstuffs; beverages, spirits and tobacco",0.43895424831900093,1,4,1065,1.3565923475001525,0.4561680896782379,2334.2196934998683,37529366.0,2.6328376555924167e-05,0.08532763978667668,0.6764392780821085,16.129032258064516,-48.38709677419355,16.129032258064516,0.7155921797306787,0.602105097399834,0.0001565694555099246,0.3509160322074972,0.1333333333333333,0.5138549372451304,0.1333333333333333,0.39969845607159127
0406,Cheese,Agriculture,1. Live animals; animal products,0.19753878596337354,51.31578947368421,59.31998348485303,4415,Packing boxes,Agriculture,9. Wood and articles of wood,0.43432658313324,1,5,1065,1.2943562328459752,0.4265870025515598,1420.2302711694051,5276749.0,3.7018540271396083e-06,0.07658027324716454,0.4863176066629946,3.225806451612903,-77.41935483870968,3.225806451612903,0.7098530435990975,0.5748161372994344,2.2014166660650202e-05,0.3466807033733936,0.0,0.5016396209454943,0.0,0.351147734661846
0406,Cheese,Agriculture,1. Live animals; animal products,0.19753878596337354,51.31578947368421,59.31998348485303,3004,"Medicaments, packaged",Chemicals,6. Products of the chemical or allied industries,0.41614541037054664,1,6,1065,2.202918605724686,0.625793670100223,4440.930452338378,8973767838.0,0.006295463098532106,0.07624906321179936,0.927091925848173,19.35483870967742,-48.38709677419354,19.35483870967742,0.7936366019230318,0.758587030478218,0.03743782786706638,0.346520337004088,0.16666666666666666,0.6008719960711105,0.16666666666666666,0.4706103972497773
0406,Cheese,Agriculture,1. Live animals; animal products,0.19753878596337354,51.31578947368421,59.31998348485303,3214,Glaziers' putty,Chemicals,6. Products of the chemical or allied industries,0.4085499813474541,1,7,1065,1.8268962172189904,0.527186113954221,3067.749766534051,216734699.0,0.00015204820587714913,0.0887946127042678,1.0302268177113385,35.483870967741936,-9.677419354838705,35.483870967741936,0.7589614990804471,0.6676202024592657,0.0009041994957372156,0.35259468261029014,0.3333333333333333,0.5523284278548035,0.3333333333333333,0.48662989949836244
0406,Cheese,Agriculture,1. Live animals; animal products,0.19753878596337354,51.31578947368421,59.31998348485303,8434,Dairy machinery,Machinery,"16. Machinery, mechanical appliances and electrical equipment",0.40825800459764483,1,8,1065,2.0866518740386026,0.6732184111414641,3318.5170190084855,54776543.0,3.842797265841826e-05,0.07544673267015645,0.9484853578862411,29.03225806451613,-35.483870967741936,29.03225806451613,0.7829150039500826,0.8023370069582592,0.00022852327194192336,0.34613186195137896,0.26666666666666666,0.6067922616014177,0.26666666666666666,0.5047545831209924
0406,Cheese,Agriculture,1. Live animals; animal products,0.19753878596337354,51.31578947368421,59.31998348485303,2206,Other fermented beverages,Agriculture,"4. Prepared foodstuffs; beverages, spirits and tobacco",0.407443780631501,1,9,1065,1.4008334717546598,0.5051767845155458,3373.229725654306,13835192.0,9.705949860690681e-06,0.10624578665908047,0.7014184974466166,3.225806451612903,-77.41935483870968,3.225806451612903,0.7196718983333208,0.6473162930621398,5.771929316139433e-05,0.36104424967780874,0.0,0.5326111623340567,0.0,0.37282781363383966
0406,Cheese,Agriculture,1. Live animals; animal products,0.19753878596337354,51.31578947368421,59.31998348485303,8438,Machinery for the industrial preparation of food or drink,Machinery,"16. Machinery, mechanical appliances and electrical equipment",0.4049792605342943,1,10,1065,1.647137834689545,0.5691650650979359,4713.510914853528,735448179.0,0.0005159468080031173,0.0950368345974304,1.3510399483873712,93.54838709677419,29.032258064516128,93.54838709677419,0.742384985044154,0.70634636278974,0.0030682298481086935,0.35561706223203843,0.9333333333333333,0.5608587655538849,0.9333333333333333,0.6726011358877194
0406,Cheese,Agriculture,1. Live animals; animal products,0.19753878596337354,51.31578947368421,59.31998348485303,4808,Corrugated paper and paperboard,Agriculture,"10. Pulp, paper and paperboard",0.4020021554155949,1,11,1065,0.9076993962767275,0.4521726451874076,2064.5292561812303,20891758.0,1.4656417897900038e-05,0.15123515953781075,0.7904484691112005,22.58064516129032,-19.354838709677423,22.58064516129032,0.6741972795205073,0.5984192448540261,8.715871125307877e-05,0.3828273528918822,0.19999999999999996,0.502852960271557,0.19999999999999996,0.4119970721900899
0408,Egg yolks,Agriculture,1. Live animals; animal products,0.18890372056312144,24.342105263157894,58.160710953100704,1501,"Pig and poultry fat, rendered",Agriculture,3. Animal or vegetable fats and oils,0.44000772399703614,1,1,1065,2.287690973627274,0.7289828794144371,3656.1984120010625,9851465.0,6.911203353328897e-06,-0.06659900901480242,0.8312062525781795,16.129032258064516,-64.51612903225806,16.129032258064516,0.8014539305318763,0.8537804966178649,4.109950887593144e-05,0.27735568539556127,0.1333333333333333,0.620941567238075,0.1333333333333333,0.4746590970666525
0408,Egg yolks,Agriculture,1. Live animals; animal products,0.18890372056312144,24.342105263157894,58.160710953100704,4902,"Newspapers, journals and periodicals",Agriculture,"10. Pulp, paper and paperboard",0.39827646645562476,1,2,1065,2.672860478649815,0.5995838304207395,2518.5310168969786,2552987.0,1.7910242096383714e-06,-0.11512429607145036,0.5657585436207909,9.67741935483871,-58.06451612903225,9.67741935483871,0.8369725395475777,0.7344080925579057,1.0650853641223673e-05,0.25386055157147464,0.06666666666666667,0.5880639016006866,0.06666666666666667,0.4316447311204806
0408,Egg yolks,Agriculture,1. Live animals; animal products,0.18890372056312144,24.342105263157894,58.160710953100704,8433,Harvesting or agricultural machinery,Machinery,"16. Machinery, mechanical appliances and electrical equipment",0.39551316539542125,1,3,1065,3.1027657454804705,0.8237845052740358,4460.732914157222,1070361592.0,0.0007509021880405458,0.13824643799774727,1.2380079339198609,70.96774193548387,16.12903225806452,70.96774193548387,0.8766164804287627,0.9412363015535277,0.004465461304573493,0.3765384307793487,0.7000000000000001,0.69339905750639,0.7000000000000001,0.695379340254473
0408,Egg yolks,Agriculture,1. Live animals; animal products,0.18890372056312144,24.342105263157894,58.160710953100704,4006,Unvulcanized rubber rods,Chemicals,7. Plastics and articles thereof; rubber and articles thereof,0.3946137837508924,1,4,1065,2.6176662552696475,0.6802702690422725,3475.7418881649046,17301739.0,1.2137873564512623e-05,0.1160128067930668,1.1512504092347655,48.38709677419355,-12.903225806451609,48.38709677419355,0.8318827751332046,0.8088424429506806,7.218144464803449e-05,0.36577327775841895,0.4666666666666667,0.6291306452098198,0.4666666666666667,0.5803914516468738
0408,Egg yolks,Agriculture,1. Live animals; animal products,0.18890372056312144,24.342105263157894,58.160710953100704,8432,Machinery for soil preparation or cultivation,Machinery,"16. Machinery, mechanical appliances and electrical equipment",0.3944774580720091,1,5,1065,2.2376026442910835,0.6556662564677201,3436.404250766662,270216840.0,0.00018956810288966544,0.12363283506856493,1.104858734204967,45.16129032258064,9.677419354838705,45.16129032258064,0.7968350088292413,0.7861449026411779,0.0011273226280564509,0.36946276822690705,0.43333333333333324,0.6096314826428911,0.43333333333333324,0.5567420378500237
0408,Egg yolks,Agriculture,1. Live animals; animal products,0.18890372056312144,24.342105263157894,58.160710953100704,3406,Candles,Chemicals,6. Products of the chemical or allied industries,0.3940495451319865,1,6,1065,2.038257789172976,0.6732036125832234,5422.06968502414,46097831.0,3.233950323006667e-05,0.12962360042860266,0.6385869376370149,3.225806451612903,-12.903225806451612,3.225806451612903,0.7784523178947205,0.8023233550845588,0.00019231639297766245,0.3723633967935856,0.0,0.609154842520732,0.0,0.4264083897645124
0408,Egg yolks,Agriculture,1. Live animals; animal products,0.18890372056312144,24.342105263157894,58.160710953100704,1213,Cereal straw and husks,Agriculture,2. Vegetable products,0.3923820266263862,1,7,1065,0.2610551596243998,0.3935902776765988,3660.0665845550216,38200.0,2.6798853581387523e-08,-0.21878784975598053,0.6396894439067039,9.67741935483871,-77.41935483870968,9.67741935483871,0.6145666402450366,0.5443762043550971,1.5936728588698035e-07,0.20366838962392872,0.06666666666666667,0.436180277958729,0.06666666666666667,0.3253261945711103
0408,Egg yolks,Agriculture,1. Live animals; animal products,0.18890372056312144,24.342105263157894,58.160710953100704,8436,Other agricultural machinery,Machinery,"16. Machinery, mechanical appliances and electrical equipment",0.38258196172146486,1,8,1065,2.6623534880730624,0.7077341842668049,4243.2764687727795,435193219.0,0.0003053057422930292,0.10877312112659299,1.452826281754256,83.87096774193549,25.806451612903224,83.87096774193549,0.8360036318709292,0.8341782828254468,0.001815590632158331,0.36226794283109426,0.8333333333333334,0.6391762001632195,0.8333333333333334,0.6974233401142536
0408,Egg yolks,Agriculture,1. Live animals; animal products,0.18890372056312144,24.342105263157894,58.160710953100704,6805,Natural or artificial abrasive powder,Stone,"13. Articles of stone, plaster, cement, ceramics and glass",0.381957839794626,1,9,1065,3.145148117516903,0.7895264638430308,4243.4248979260965,164299134.0,0.00011526252449253321,0.08600020497842364,1.1110491678173373,45.16129032258064,3.225806451612897,45.16129032258064,0.880524793215446,0.9096327867224109,0.0006854425931717616,0.3512416770443236,0.43333333333333324,0.6793442209238741,0.43333333333333324,0.6055409546467119
0408,Egg yolks,Agriculture,1. Live animals; animal products,0.18890372056312144,24.342105263157894,58.160710953100704,1601,Sausages,Agriculture,"4. Prepared foodstuffs; beverages, spirits and tobacco",0.38170247711645305,1,10,1065,2.043368640464142,0.5947646928800601,1823.922517945249,24521414.0,1.7202769198811154e-05,0.07771939615915868,0.5520797388957102,12.903225806451612,-32.258064516129025,12.903225806451612,0.7789236177416221,0.7299623718342974,0.00010230134019086393,0.34723224766880684,0.09999999999999998,0.5802102787029214,0.09999999999999998,0.4361471950920449
0408,Egg yolks,Agriculture,1. Live animals; animal products,0.18890372056312144,24.342105263157894,58.160710953100704,3505,Dextrins and other modified starches,Chemicals,6. Products of the chemical or allied industries,0.3812273208741074,1,11,1065,1.8977605685295178,0.6590251299910985,4040.552793700428,68814327.0,4.82760490464587e-05,0.0856545883772517,0.9457822764128804,12.903225806451612,-38.70967741935483,12.903225806451612,0.7654962926051906,0.7892435097062,0.00028708776241175786,0.3510743352563836,0.09999999999999998,0.596863144261806,0.09999999999999998,0.4478042009832641
0409,Honey,Agriculture,1. Live animals; animal products,0.20718173420619138,83.55263157894737,56.86754538732381,0102,Bovine,Agriculture,1. Live animals; animal products,0.4140052407890877,1,1,1065,-1.8721905890311101,0.1673800717057985,3185.4166205729575,2410793.0,1.6912693356553395e-06,-0.004298670155194362,0.7385398157420425,12.903225806451612,-61.29032258064515,12.903225806451612,0.41784825861597114,0.3356941752395032,1.0057631865061022e-05,0.30752046931705906,0.09999999999999998,0.3098694308917546,0.09999999999999998,0.24690860162422823
0409,Honey,Agriculture,1. Live animals; animal products,0.20718173420619138,83.55263157894737,56.86754538732381,0811,"Fruits and nuts, frozen",Agriculture,2. Vegetable products,0.40437820321036544,1,2,1065,0.18305505907610722,0.20597367826290533,3997.4051620172486,103660419.0,7.272199976351522e-05,0.17088701997715972,0.788163945626781,6.451612903225806,-64.51612903225806,6.451612903225806,0.6073738198414637,0.3712973085847137,0.00043246281753762223,0.3923424556129803,0.033333333333333326,0.4014511327137397,0.033333333333333326,0.2910157928996178
0409,Honey,Agriculture,1. Live animals; animal products,0.20718173420619138,83.55263157894737,56.86754538732381,1703,Molasses,Agriculture,"4. Prepared foodstuffs; beverages, spirits and tobacco",0.4001454306467474,1,3,1065,-2.138165062926581,0.00282567239546942,4289.775828470995,11862365.0,8.321931485967958e-06,0.10081775214775335,0.7431385137355827,16.129032258064516,-38.70967741935483,16.129032258064516,0.3933212822503389,0.1838904765486943,4.948881974478298e-05,0.35841608599283126,0.1333333333333333,0.255793951801548,0.1333333333333333,0.21905576626108358
0409,Honey,Agriculture,1. Live animals; animal products,0.20718173420619138,83.55263157894737,56.86754538732381,0710,Frozen vegetables,Agriculture,2. Vegetable products,0.3975940092290892,1,4,1065,-0.49747542056783495,0.23095670071351132,3262.6414188055155,106951619.0,7.503091041553256e-05,0.10512609626736302,0.7370649816646185,6.451612903225806,-80.64516129032258,6.451612903225806,0.5446183427994107,0.39434449072248984,0.00044619343563477484,0.36050211428427187,0.033333333333333326,0.38277923789065116,0.033333333333333326,0.2779454665234558
0409,Honey,Agriculture,1. Live animals; animal products,0.20718173420619138,83.55263157894737,56.86754538732381,2105,Ice cream,Agriculture,"4. Prepared foodstuffs; beverages, spirits and tobacco",0.39741193467184915,1,5,1065,1.3565923475001525,0.4561680896782379,2334.2196934998683,37529366.0,2.6328376555924167e-05,0.08532763978667668,0.6764392780821085,16.129032258064516,-48.38709677419355,16.129032258064516,0.7155921797306787,0.602105097399834,0.0001565694555099246,0.3509160322074972,0.1333333333333333,0.5138549372451304,0.1333333333333333,0.39969845607159127
0409,Honey,Agriculture,1. Live animals; animal products,0.20718173420619138,83.55263157894737,56.86754538732381,0712,"Vegetables, dried",Agriculture,2. Vegetable products,0.39715913201407543,1,6,1065,-1.40394131783788,0.08090329960949856,4826.08214090124,116438276.0,8.168618612024055e-05,0.06550785984999896,1.139317986986221,93.54838709677419,45.16129032258064,93.54838709677419,0.4610281120792566,0.25591816250402083,0.0004857709952743226,0.3413196256693437,0.9333333333333333,0.3022020056038398,0.9333333333333333,0.49154140392268786
0409,Honey,Agriculture,1. Live animals; animal products,0.20718173420619138,83.55263157894737,56.86754538732381,0403,Fermented milk products,Agriculture,1. Live animals; animal products,0.3967350866863341,1,7,1065,0.5463082131645085,0.34246736450717385,1916.8935656210424,5272203.0,3.698664823255289e-06,0.04271967705299318,0.5706494231775714,12.903225806451612,-58.064516129032256,12.903225806451612,0.6408714009987031,0.49721461317616944,2.1995201119245954e-05,0.3302859680260954,0.09999999999999998,0.44787629944528756,0.09999999999999998,0.34351340961170124
0409,Honey,Agriculture,1. Live animals; animal products,0.20718173420619138,83.55263157894737,56.86754538732381,9404,Mattresses and bedding,Textiles,20. Miscellaneous manufactured articles,0.39269398465840083,1,8,1065,0.2093517816057177,0.2896297015198871,6058.061685864153,471351327.0,0.00033067212559334324,0.07974038174407871,0.8694834388949816,9.67741935483871,-19.354838709677423,9.67741935483871,0.6097987859764877,0.4484711416842766,0.0019664393110789677,0.3482107751470434,0.06666666666666667,0.4229210568499859,0.06666666666666667,0.3160447397949901
0409,Honey,Agriculture,1. Live animals; animal products,0.20718173420619138,83.55263157894737,56.86754538732381,2001,Pickled fruits and vegetables,Agriculture,"4. Prepared foodstuffs; beverages, spirits and tobacco",0.3908698771427547,1,9,1065,-0.3490575802788582,0.18503000890787247,3880.9401292406756,19937362.0,1.3986870288929831e-05,0.09326006061151482,0.6494356206143264,6.451612903225806,-51.612903225806456,6.451612903225806,0.5583047722063039,0.35197648528508546,8.31770489446654e-05,0.3547567779327306,0.033333333333333326,0.3718244333692376,0.033333333333333326,0.27027710335846633
0409,Honey,Agriculture,1. Live animals; animal products,0.20718173420619138,83.55263157894737,56.86754538732381,4415,Packing boxes,Agriculture,9. Wood and articles of wood,0.38159793067774384,1,10,1065,1.2943562328459752,0.4265870025515598,1420.2302711694051,5276749.0,3.7018540271396083e-06,0.07658027324716454,0.4863176066629946,3.225806451612903,-77.41935483870968,3.225806451612903,0.7098530435990975,0.5748161372994344,2.2014166660650202e-05,0.3466807033733936,0.0,0.5016396209454943,0.0,0.351147734661846
0409,Honey,Agriculture,1. Live animals; animal products,0.20718173420619138,83.55263157894737,56.86754538732381,4404,Strips and other pieces of wood,Agriculture,9. Wood and articles of wood,0.3798568704065639,1,11,1065,0.09346111784139328,0.308289960905173,2108.4185739547916,89640.0,6.28861056292036e-08,-0.06793535867636646,0.5884607433460304,9.67741935483871,-32.25806451612903,9.67741935483871,0.5991118673052541,0.46568548785240405,3.739707724321706e-07,0.2767086472008657,0.06666666666666667,0.41418542748092607,0.06666666666666667,0.30992979923664826
0504,"Animal guts, except fish",Agriculture,1. Live animals; animal products,0.2070428283356117,82.89473684210526,57.77550324826765,0701,Potatoes,Agriculture,2. Vegetable products,0.4011021073890739,1,1,1065,-0.5397975790352212,0.05230451138390772,1714.998782509877,25329515.0,1.7769684915512017e-05,0.05009133816726674,0.743843356843749,9.67741935483871,-58.06451612903225,9.67741935483871,0.5407155826387493,0.22953538666262563,0.00010567267168543343,0.33385520326180834,0.06666666666666667,0.31968197064550524,0.06666666666666667,0.24377737945185365
0504,"Animal guts, except fish",Agriculture,1. Live animals; animal products,0.2070428283356117,82.89473684210526,57.77550324826765,0401,Milk,Agriculture,1. Live animals; animal products,0.3999345876843216,1,2,1065,1.122868685927484,0.47019076745366956,2395.1577594812147,12302107.0,8.630428383129908e-06,-0.005651590582289701,0.5508169358116639,6.451612903225806,-58.064516129032256,6.451612903225806,0.6940392290300984,0.6150412106899167,5.1323387520450845e-05,0.30686540783435545,0.033333333333333326,0.5042156635852866,0.033333333333333326,0.3629509645097006
0504,"Animal guts, except fish",Agriculture,1. Live animals; animal products,0.2070428283356117,82.89473684210526,57.77550324826765,0706,Carrots & turnips,Agriculture,2. Vegetable products,0.382849958903687,1,3,1065,-0.2855041770754565,0.20402398950801034,2152.6017275891586,2416098.0,1.694991008907938e-06,0.04945949494067636,0.5849014045834903,3.225806451612903,-67.74193548387098,3.225806451612903,0.5641653827960927,0.36949869386806444,1.0079763892590614e-05,0.3335492753206248,0.0,0.3768163300951326,0.0,0.2637714310665928
0504,"Animal guts, except fish",Agriculture,1. Live animals; animal products,0.2070428283356117,82.89473684210526,57.77550324826765,0506,"Bones, simply prepared",Agriculture,1. Live animals; animal products,0.37694920812621063,1,4,1065,-0.9125515058275415,0.05821980779387901,5051.020336278767,4067423.0,2.8534626552504706e-06,0.4063768989584402,0.5731945243340715,6.451612903225806,-77.41935483870968,6.451612903225806,0.5063418827166097,0.23499232903335288,1.696895717445757e-05,0.506362723322559,0.033333333333333326,0.3354239279544469,0.033333333333333326,0.24479674956811284
0504,"Animal guts, except fish",Agriculture,1. Live animals; animal products,0.2070428283356117,82.89473684210526,57.77550324826765,7612,"Aluminum containers, <300 liters",Metals,15. Base metals and articles of base metal,0.3699842395995214,1,5,1065,0.9118111031036,0.3840292636103308,2280.212593391148,103642636.0,7.270952426578648e-05,0.006497154131585026,1.0964438058211003,38.70967741935484,-22.58064516129032,38.70967741935484,0.6745764427337589,0.5355560372579101,0.0004323886283113152,0.3127476271917379,0.36666666666666664,0.4705233703700915,0.36666666666666664,0.43936635925906403
0504,"Animal guts, except fish",Agriculture,1. Live animals; animal products,0.2070428283356117,82.89473684210526,57.77550324826765,6904,Ceramic building bricks,Stone,"13. Articles of stone, plaster, cement, ceramics and glass",0.3682020527130515,1,6,1065,-0.2114248418089587,0.33870214209031785,3323.1086996680115,9525383.0,6.682443568681619e-06,0.08691826024939031,0.6908553582407054,12.903225806451612,-41.935483870967744,12.903225806451612,0.5709966477616819,0.4937411436629395,3.973912135455452e-05,0.35168618407885366,0.09999999999999998,0.42541711547864874,0.09999999999999998,0.32779198083505406
0504,"Animal guts, except fish",Agriculture,1. Live animals; animal products,0.2070428283356117,82.89473684210526,57.77550324826765,4205,Other articles of leather,Agriculture,"8. Raw hides and skins, leather, furskins and articles thereof",0.36002745870591935,1,7,1065,0.7466331941881907,0.43464720462875106,3968.248208923419,8908181.0,6.24945126428006e-06,0.06665998412353491,0.6631948576901662,16.129032258064516,-64.51612903225806,16.129032258064516,0.6593444747604527,0.5822517846758711,3.716420492565357e-05,0.3418774650069473,0.1333333333333333,0.48584588518449423,0.1333333333333333,0.3800921196291459
0504,"Animal guts, except fish",Agriculture,1. Live animals; animal products,0.2070428283356117,82.89473684210526,57.77550324826765,8438,Machinery for the industrial preparation of food or drink,Machinery,"16. Machinery, mechanical appliances and electrical equipment",0.3599485815388222,1,8,1065,1.647137834689545,0.5691650650979359,4713.510914853528,735448179.0,0.0005159468080031173,0.0950368345974304,1.3510399483873712,93.54838709677419,29.032258064516128,93.54838709677419,0.742384985044154,0.70634636278974,0.0030682298481086935,0.35561706223203843,0.9333333333333333,0.5608587655538849,0.9333333333333333,0.6726011358877194
0504,"Animal guts, except fish",Agriculture,1. Live animals; animal products,0.2070428283356117,82.89473684210526,57.77550324826765,6308,Needlecraft sets of woven fabric and yarn,Textiles,11. Textiles and textile articles,0.3580466177701134,1,9,1065,1.2767925286503041,0.36082059549777323,4771.158650105625,390330.0,2.738323695922249e-07,-0.1065435986827713,0.6493208978127634,3.225806451612903,-54.83870967741936,3.225806451612903,0.7082333973548889,0.5141457214235129,1.628424939797514e-06,0.25801518198542056,0.0,0.46653521313399465,0.0,0.32657464919379625
0504,"Animal guts, except fish",Agriculture,1. Live animals; animal products,0.2070428283356117,82.89473684210526,57.77550324826765,0407,"Eggs, in shell",Agriculture,1. Live animals; animal products,0.35037480307436203,1,10,1065,0.06429642001430184,0.2928506722760923,2010.4260036827216,83321613.0,5.845350018199045e-05,0.07886678400198299,0.7406938928906011,22.58064516129032,-51.61290322580645,22.58064516129032,0.5964224293158139,0.45144253154815234,0.0003476109769511869,0.3477877937057384,0.19999999999999996,0.41897304700479154,0.19999999999999996,0.35328113290335406
0504,"Animal guts, except fish",Agriculture,1. Live animals; animal products,0.2070428283356117,82.89473684210526,57.77550324826765,0811,"Fruits and nuts, frozen",Agriculture,2. Vegetable products,0.3471396546226259,1,11,1065,0.18305505907610722,0.20597367826290533,3997.4051620172486,103660419.0,7.272199976351522e-05,0.17088701997715972,0.788163945626781,6.451612903225806,-64.51612903225806,6.451612903225806,0.6073738198414637,0.3712973085847137,0.00043246281753762223,0.3923424556129803,0.033333333333333326,0.4014511327137397,0.033333333333333326,0.2910157928996178
0505,Feathers and down,Agriculture,1. Live animals; animal products,0.17913798153082897,7.236842105263158,47.41044768252912,1205,Rape or colza seeds,Agriculture,2. Vegetable products,0.349880338252945,1,1,1065,1.5691069667597983,0.5536794532034081,6649.318147038165,21012246.0,1.4740945130107216e-05,-0.031981971453120095,0.4919058346956197,6.666666666666667,-56.666666666666664,6.666666666666667,0.7351893274102758,0.6920606726354072,8.766137736674239e-05,0.2941166770236105,0.035555555555555556,0.5436681507761356,0.035555555555555556,0.39123437220996155
0505,Feathers and down,Agriculture,1. Live animals; animal products,0.17913798153082897,7.236842105263158,47.41044768252912,5107,"Yarn of combed wool, not for retail sale",Textiles,11. Textiles and textile articles,0.342834930251148,1,2,1065,1.8710729367418062,0.1785188776841222,3129.073200147835,3093174.0,2.1699873593653083e-06,0.22153313320129064,0.6613535616625102,16.129032258064516,-38.70967741935483,16.129032258064516,0.7630352785667941,0.34596987709612737,1.2904469768486246e-05,0.41686445805846156,0.1333333333333333,0.45068340886125696,0.1333333333333333,0.35547838620287986
0505,Feathers and down,Agriculture,1. Live animals; animal products,0.17913798153082897,7.236842105263158,47.41044768252912,4405,Wood wool or flour,Agriculture,9. Wood and articles of wood,0.34148804972048546,1,3,1065,2.369172984937506,0.5756998806701581,3141.2203138030263,664794.0,4.663800279524853e-07,-0.01925850439942567,0.6837118462751564,12.903225806451612,-29.03225806451613,12.903225806451612,0.8089678371724649,0.7123748201162123,2.7734663731400316e-06,0.30027716734248133,0.09999999999999998,0.577511921172365,0.09999999999999998,0.4342583448206555
0505,Feathers and down,Agriculture,1. Live animals; animal products,0.17913798153082897,7.236842105263158,47.41044768252912,8214,Other cutlery,Metals,15. Base metals and articles of base metal,0.3303779400394985,1,4,1065,2.2447141558282024,0.6275945418283243,7379.027771842216,97447129.0,6.836312413606236e-05,0.07710593791424403,1.3634407256603172,100.0,64.51612903225806,100.0,0.7974908006157244,0.7602483594389705,0.00040654147817299616,0.34693522142879857,1.0,0.597309970455189,1.0,0.7181169793186322
0505,Feathers and down,Agriculture,1. Live animals; animal products,0.17913798153082897,7.236842105263158,47.41044768252912,5606,Gimp yarn,Textiles,11. Textiles and textile articles,0.32627681748616066,1,5,1065,2.819301764208732,0.7482241027035904,4699.931368579229,24902830.0,1.7470348034873945e-05,0.12211687668459259,1.3081143354103237,90.32258064516128,32.25806451612902,90.32258064516128,0.850476699917749,0.8715307899851105,0.00010389257664934217,0.3687287664875336,0.8999999999999999,0.6580275203256282,0.8999999999999999,0.7306192642279397
0505,Feathers and down,Agriculture,1. Live animals; animal products,0.17913798153082897,7.236842105263158,47.41044768252912,4005,Compounded rubber,Chemicals,7. Plastics and articles thereof; rubber and articles thereof,0.32148234025345457,1,6,1065,2.873902883864615,0.8069171593807197,2896.2037796499003,102668193.0,7.20259128710114e-05,0.08216411572608395,0.9292945708690981,35.483870967741936,-19.354838709677416,35.483870967741936,0.8555117709594281,0.9256759427637651,0.000428323331553159,0.3493843066749398,0.3333333333333333,0.6758875943040915,0.3333333333333333,0.573121316012864
0505,Feathers and down,Agriculture,1. Live animals; animal products,0.17913798153082897,7.236842105263158,47.41044768252912,1501,"Pig and poultry fat, rendered",Agriculture,3. Animal or vegetable fats and oils,0.3210563463883395,1,7,1065,2.287690973627274,0.7289828794144371,3656.1984120010625,9851465.0,6.911203353328897e-06,-0.06659900901480242,0.8312062525781795,16.129032258064516,-64.51612903225806,16.129032258064516,0.8014539305318763,0.8537804966178649,4.109950887593144e-05,0.27735568539556127,0.1333333333333333,0.620941567238075,0.1333333333333333,0.4746590970666525
0505,Feathers and down,Agriculture,1. Live animals; animal products,0.17913798153082897,7.236842105263158,47.41044768252912,6701,Feathers or down,Textiles,"12. Footwear, headgear, umbrellas and related articles",0.3188730991780677,1,8,1065,-0.14618762747608677,0.44127299124939906,7301.481885371281,1886986.0,1.3237974220975946e-06,0.06601633340634061,0.867732325505698,9.67741935483871,-25.806451612903224,9.67741935483871,0.577012531882693,0.5883641640468631,7.87235176247983e-06,0.3415658200759488,0.06666666666666667,0.4591178974395013,0.06666666666666667,0.3413825282076509
0505,Feathers and down,Agriculture,1. Live animals; animal products,0.17913798153082897,7.236842105263158,47.41044768252912,1213,Cereal straw and husks,Agriculture,2. Vegetable products,0.3186208920493752,1,9,1065,0.2610551596243998,0.3935902776765988,3660.0665845550216,38200.0,2.6798853581387523e-08,-0.21878784975598053,0.6396894439067039,9.67741935483871,-77.41935483870968,9.67741935483871,0.6145666402450366,0.5443762043550971,1.5936728588698035e-07,0.20366838962392872,0.06666666666666667,0.436180277958729,0.06666666666666667,0.3253261945711103
0505,Feathers and down,Agriculture,1. Live animals; animal products,0.17913798153082897,7.236842105263158,47.41044768252912,5906,Rubberized textile fabrics,Textiles,11. Textiles and textile articles,0.31857436365982733,1,10,1065,2.877303151351771,0.8019246803962424,4350.786663062901,40650897.0,2.8518257504059302e-05,0.07581056486512017,1.023572786504037,45.16129032258064,-19.354838709677423,45.16129032258064,0.8558253284188069,0.9210703121719599,0.0001695922283707118,0.34630802342570893,0.43333333333333324,0.6738851165548804,0.43333333333333324,0.6017195815884162
0505,Feathers and down,Agriculture,1. Live animals; animal products,0.17913798153082897,7.236842105263158,47.41044768252912,7322,Radiators for central heating of iron or steel,Metals,15. Base metals and articles of base metal,0.3185139135122743,1,11,1065,2.952321666609917,0.7850765526931913,2753.2534763546914,7185237.0,5.040735976716443e-06,-0.0030818997550012828,0.5376574055279797,6.451612903225806,-67.74193548387096,6.451612903225806,0.8627432003625802,0.9055276824272824,2.99762230142594e-05,0.3081096092298709,0.033333333333333326,0.6651157467943847,0.033333333333333326,0.4755810227560692
0510,Animal products used in pharmaceuticals,Agriculture,1. Live animals; animal products,0.2126718662446573,92.76315789473685,50.055176848076165,0506,"Bones, simply prepared",Agriculture,1. Live animals; animal products,0.34024360300256384,1,1,1065,-0.9125515058275415,0.05821980779387901,5051.020336278767,4067423.0,2.8534626552504706e-06,0.4063768989584402,0.5731945243340715,6.451612903225806,-77.41935483870968,6.451612903225806,0.5063418827166097,0.23499232903335288,1.696895717445757e-05,0.506362723322559,0.033333333333333326,0.3354239279544469,0.033333333333333326,0.24479674956811284
0510,Animal products used in pharmaceuticals,Agriculture,1. Live animals; animal products,0.2126718662446573,92.76315789473685,50.055176848076165,0507,Whalebone & horns,Agriculture,1. Live animals; animal products,0.33724584478328423,1,2,1065,-2.552820983811351,0.08652913193804472,7110.532207776183,27753.0,1.9469858205346806e-08,-0.2141259962476476,0.6288148578202052,22.58064516129032,-16.12903225806452,22.58064516129032,0.35508356784693645,0.2611080702747456,1.1578325353982633e-07,0.20592558125926524,0.19999999999999996,0.24655592789896652,0.19999999999999996,0.23258914952927656
0510,Animal products used in pharmaceuticals,Agriculture,1. Live animals; animal products,0.2126718662446573,92.76315789473685,50.055176848076165,0803,Bananas and plantains,Agriculture,2. Vegetable products,0.32378482474915665,1,3,1065,-3.261540747717545,-0.03449756584056454,6323.876204935283,211430726.0,0.00014832725310681843,0.020700372101625897,0.7880363475469465,16.129032258064516,-38.70967741935483,16.129032258064516,0.28972860109168624,0.14945927546811322,0.0008820717527679008,0.3196245881986705,0.1333333333333333,0.20179175578864555,0.1333333333333333,0.18125422905205185
0510,Animal products used in pharmaceuticals,Agriculture,1. Live animals; animal products,0.2126718662446573,92.76315789473685,50.055176848076165,4110,Waste of leather,Agriculture,"8. Raw hides and skins, leather, furskins and articles thereof",0.3191645191320589,1,4,1065,0.06429673375097965,0.3850624975809978,4241.904811872493,741909.0,5.204793366940743e-07,0.27313567172124653,1.0865733867252334,51.61290322580645,-9.677419354838712,51.61290322580645,0.5964224582472071,0.5365092098197962,3.0951838666262747e-06,0.4418495456638908,0.49999999999999994,0.46280397995061473,0.49999999999999994,0.47396278596543023
0510,Animal products used in pharmaceuticals,Agriculture,1. Live animals; animal products,0.2126718662446573,92.76315789473685,50.055176848076165,6811,Asbestos-cement or cellulose fiber-cement,Stone,"13. Articles of stone, plaster, cement, ceramics and glass",0.3137672227375155,1,5,1065,1.0098507498713722,0.43086091709548213,2818.6071996611454,10317908.0,7.2384320879117014e-06,-0.01194208865660673,0.873254992960799,25.806451612903224,-35.483870967741936,25.806451612903224,0.6836172204593429,0.5787588823027587,4.304547104689952e-05,0.30381965369170194,0.23333333333333328,0.4874110408411479,0.23333333333333328,0.4111877285888035
0510,Animal products used in pharmaceuticals,Agriculture,1. Live animals; animal products,0.2126718662446573,92.76315789473685,50.055176848076165,2207,Ethyl alcohol > 80%,Agriculture,"4. Prepared foodstuffs; beverages, spirits and tobacco",0.3101320456090562,1,6,1065,-1.305157555686241,0.21697167510291027,4795.07981258578,618361862.0,0.0004338059947657633,-0.045286561211540066,0.9261118616830513,36.666666666666664,-40.00000000000001,36.666666666666664,0.47013750879735555,0.3814431120727994,0.002579755278611505,0.28767481679342305,0.3455555555555555,0.3415914031153594,0.3455555555555555,0.3427806488474182
0510,Animal products used in pharmaceuticals,Agriculture,1. Live animals; animal products,0.2126718662446573,92.76315789473685,50.055176848076165,0602,Other live plants,Agriculture,2. Vegetable products,0.3096143345236831,1,7,1065,-0.6585508934876766,0.22518925478403107,1660.0091599591253,11922685.0,8.364248419162443e-06,0.09922708567805039,0.6093506324029612,19.35483870967742,-54.838709677419345,19.35483870967742,0.5297646831247584,0.3890239424553893,4.974046986741917e-05,0.3576459118456587,0.16666666666666666,0.3752303668003806,0.16666666666666666,0.31266125676026635
0510,Animal products used in pharmaceuticals,Agriculture,1. Live animals; animal products,0.2126718662446573,92.76315789473685,50.055176848076165,1102,Cereal flours,Agriculture,2. Vegetable products,0.30685673403048297,1,8,1065,-1.9432107424888434,0.05787950957856266,3104.479621170969,24621950.0,1.7273299291577082e-05,0.11152845554091395,1.310772979187565,67.74193548387096,9.677419354838698,67.74193548387096,0.41129909771406453,0.23467839924503114,0.0001027207681870402,0.3636020297519817,0.6666666666666666,0.2806478365137087,0.6666666666666666,0.3964534855595961
0510,Animal products used in pharmaceuticals,Agriculture,1. Live animals; animal products,0.2126718662446573,92.76315789473685,50.055176848076165,7313,Barbed wire of iron or steel,Metals,15. Base metals and articles of base metal,0.3067026409820514,1,9,1065,-0.9973003800023647,0.18159797980131812,5571.603659141426,22729893.0,1.5945944356743592e-05,0.03974049591511264,2.1892195059835142,80.64516129032258,9.677419354838705,80.64516129032258,0.49852672059425984,0.348810391187492,9.48272606259548e-05,0.32884349825896175,0.7999999999999999,0.3459087379515513,0.7999999999999999,0.48213611656608585
0510,Animal products used in pharmaceuticals,Agriculture,1. Live animals; animal products,0.2126718662446573,92.76315789473685,50.055176848076165,2833,Sulfates,Chemicals,6. Products of the chemical or allied industries,0.300772673573985,1,10,1065,0.6646059010828448,0.40411324826914513,6332.51027125347,455614027.0,0.00031963176961254824,0.04519002639141556,1.7074422514826024,100.0,32.25806451612904,100.0,0.6517802846715861,0.5540837895904854,0.0019007845784038582,0.3314820699312881,1.0,0.4720598541681788,1.0,0.6304418979177251
0510,Animal products used in pharmaceuticals,Agriculture,1. Live animals; animal products,0.2126718662446573,92.76315789473685,50.055176848076165,0604,Other parts of plants,Agriculture,2. Vegetable products,0.2988357593376612,1,11,1065,-0.48842694593105074,0.19456343287998532,3154.059124130417,904622.0,6.346291236780614e-07,0.05074286266008876,0.5424878983149167,3.225806451612903,-48.387096774193544,3.225806451612903,0.5454527526595413,0.36077120014059716,3.7740092380537155e-06,0.33417066054350675,0.0,0.3673045486629602,0.0,0.25711318406407213
0511,Animal products n.e.c.,Agriculture,1. Live animals; animal products,0.20412903215669134,71.71052631578947,55.09045757329596,4101,Raw hides of bovines or equines,Agriculture,"8. Raw hides and skins, leather, furskins and articles thereof",0.4068578659591615,1,1,1065,-2.6839926562093694,0.0039639327848624145,4066.4860507155186,60607.0,4.2518275366679414e-08,-0.274048946024243,0.5271443401213451,16.129032258064516,-54.83870967741936,16.129032258064516,0.3429875029064676,0.18494053742769417,2.5284746323958687e-07,0.17691188943933708,0.1333333333333333,0.21131163545997667,0.1333333333333333,0.18791814482198363
0511,Animal products n.e.c.,Agriculture,1. Live animals; animal products,0.20412903215669134,71.71052631578947,55.09045757329596,0302,"Fish, excluding fillets",Agriculture,1. Live animals; animal products,0.3956444296465529,1,2,1065,-1.9098020613299251,0.08410453822341153,2515.349290940306,875698961.0,0.0006143384355291147,0.18033863000210992,1.057837831891084,41.935483870967744,-25.806451612903217,41.935483870967744,0.4143798968644137,0.25887134919499083,0.00365334467718897,0.39691876738482096,0.39999999999999997,0.29572375293009306,0.39999999999999997,0.3270066270510651
0511,Animal products n.e.c.,Agriculture,1. Live animals; animal products,0.20412903215669134,71.71052631578947,55.09045757329596,1703,Molasses,Agriculture,"4. Prepared foodstuffs; beverages, spirits and tobacco",0.3913455343971569,1,3,1065,-2.138165062926581,0.00282567239546942,4289.775828470995,11862365.0,8.321931485967958e-06,0.10081775214775335,0.7431385137355827,16.129032258064516,-38.70967741935483,16.129032258064516,0.3933212822503389,0.1838904765486943,4.948881974478298e-05,0.35841608599283126,0.1333333333333333,0.255793951801548,0.1333333333333333,0.21905576626108358
0511,Animal products n.e.c.,Agriculture,1. Live animals; animal products,0.20412903215669134,71.71052631578947,55.09045757329596,2106,Food preparations n.e.c.,Agriculture,"4. Prepared foodstuffs; beverages, spirits and tobacco",0.38660386124474877,1,4,1065,0.6998019731540277,0.315353789889144,4910.754358528246,1782543466.0,0.0012505267368532207,0.04978126955503104,1.0914301642499133,87.09677419354838,16.129032258064512,87.09677419354838,0.6550259090174482,0.4722019673338421,0.007436626024921226,0.33370507321660897,0.8666666666666667,0.4457010116091811,0.8666666666666667,0.5719907081264267
0511,Animal products n.e.c.,Agriculture,1. Live animals; animal products,0.20412903215669134,71.71052631578947,55.09045757329596,3923,Packing lids,Chemicals,7. Plastics and articles thereof; rubber and articles thereof,0.38502900405784546,1,5,1065,0.13134109788973256,0.26857641814684186,3784.4849413864363,1144171694.0,0.0008026829764260243,0.05362786835584554,0.9510639747679929,25.806451612903224,-19.354838709677416,25.806451612903224,0.6026049896405252,0.42904919794403795,0.004773391033023261,0.33556753213389895,0.23333333333333328,0.41213010412963536,0.23333333333333328,0.35849107289074467
0511,Animal products n.e.c.,Agriculture,1. Live animals; animal products,0.20412903215669134,71.71052631578947,55.09045757329596,2716,Electrical energy,Minerals,5. Mineral products,0.38422446651674963,1,6,1065,-0.6037057978446352,0.26734592743873575,658.0772433992051,1077835.0,7.561450876935817e-07,-0.4851455760158978,0.7217619604068098,9.67741935483871,-38.70967741935484,9.67741935483871,0.5348222525407483,0.4279140533263428,4.496639753507682e-06,0.07470242562560059,0.06666666666666667,0.34816374539328493,0.06666666666666667,0.2637146217752994
0511,Animal products n.e.c.,Agriculture,1. Live animals; animal products,0.20412903215669134,71.71052631578947,55.09045757329596,0305,Preserved fish,Agriculture,1. Live animals; animal products,0.38420189649093184,1,7,1065,-2.0735799585471217,0.08031954828707111,3679.0750430733256,161445677.0,0.00011326070835787915,0.027336740580207408,0.8931025963751181,38.70967741935484,-48.387096774193544,38.70967741935484,0.3992770317081212,0.2553796438729083,0.0006735382031852378,0.322837807016484,0.36666666666666664,0.2776565382363107,0.36666666666666664,0.30435957676541747
0511,Animal products n.e.c.,Agriculture,1. Live animals; animal products,0.20412903215669134,71.71052631578947,55.09045757329596,7204,Ferrous waste and scrap,Metals,15. Base metals and articles of base metal,0.3809095000915501,1,8,1065,-1.334112964342541,0.046578806536481054,3612.505617420022,387000881.0,0.0002714968572195544,0.18840835090861052,0.9436888330185386,35.483870967741936,-29.032258064516128,35.483870967741936,0.4674673705191634,0.22425334511834524,0.001614536126723567,0.4008259915172599,0.3333333333333333,0.30246832961972553,0.3333333333333333,0.31172783073380783
0511,Animal products n.e.c.,Agriculture,1. Live animals; animal products,0.20412903215669134,71.71052631578947,55.09045757329596,7902,Zinc waste and scrap,Metals,15. Base metals and articles of base metal,0.37870186214584994,1,9,1065,-0.9700409157671147,0.24458509722691094,4179.272155405674,147209.0,1.0327310044142608e-07,-0.035433940779616924,0.8257581358139684,29.03225806451613,-51.61290322580645,29.03225806451613,0.5010404664633485,0.40691687412050165,6.141439473334159e-07,0.2924452911091283,0.26666666666666666,0.3616519549923089,0.26666666666666666,0.3331563684946162
0511,Animal products n.e.c.,Agriculture,1. Live animals; animal products,0.20412903215669134,71.71052631578947,55.09045757329596,1905,Bakery products,Agriculture,"4. Prepared foodstuffs; beverages, spirits and tobacco",0.3785714573936402,1,10,1065,0.3216044062986159,0.28054994718569515,2378.3324950854944,505799622.0,0.0003548390055366271,0.1257853221126477,0.7960227371146188,19.35483870967742,-38.70967741935485,19.35483870967742,0.6201502209563156,0.44009494331515936,0.0021101547895497536,0.37050496651614745,0.16666666666666666,0.42697807569087076,0.16666666666666666,0.3488846529836095
0511,Animal products n.e.c.,Agriculture,1. Live animals; animal products,0.20412903215669134,71.71052631578947,55.09045757329596,4819,Cardboard packing containers,Agriculture,"10. Pulp, paper and paperboard",0.3754362118770899,1,11,1065,0.07411195265183647,0.2635653655114051,3106.8368565212654,286248688.0,0.00020081509627163036,0.059467742931911705,0.8513132779541759,22.58064516129032,-45.16129032258064,22.58064516129032,0.5973275738339736,0.42442643290352966,0.0011942061909756294,0.3383951019022216,0.19999999999999996,0.40855229857210573,0.19999999999999996,0.345986609000474
0703,"Onions, shallots, garlic",Agriculture,2. Vegetable products,0.2101278425088695,90.13157894736842,49.84893102618146,0810,Other fresh fruit,Agriculture,2. Vegetable products,0.43317870479268206,1,1,1065,-1.8575580436755599,0.006553499596134498,4099.922451280301,129041757.0,9.052804062115153e-05,0.14275631962904867,0.6979782016868505,9.67741935483871,-80.64516129032258,9.67741935483871,0.4191976065020606,0.18732944846018937,0.0005383516905543782,0.3787220401691194,0.06666666666666667,0.2691735280157386,0.06666666666666667,0.20842146961101699
0703,"Onions, shallots, garlic",Agriculture,2. Vegetable products,0.2101278425088695,90.13157894736842,49.84893102618146,0708,Legumes,Agriculture,2. Vegetable products,0.4293611641272529,1,2,1065,-3.479223583323188,-0.048869362500723074,2792.11884358736,684122.0,4.799394060158637e-07,-0.0199107769456196,0.523088394464111,12.903225806451612,-70.96774193548387,12.903225806451612,0.2696548636164061,0.13620109520074838,2.854101213496669e-06,0.2999613478658296,0.09999999999999998,0.18704421588106052,0.09999999999999998,0.16093095111674235
0703,"Onions, shallots, garlic",Agriculture,2. Vegetable products,0.2101278425088695,90.13157894736842,49.84893102618146,0807,Melons and papayas,Agriculture,2. Vegetable products,0.42822818356576997,1,3,1065,-2.5162534627954565,0.0030120106759876503,3035.075598544559,4933524.0,3.4610677307921806e-06,0.024399778413965567,0.5725673728158718,16.129032258064516,-70.96774193548387,16.129032258064516,0.35845566108043636,0.18406237617768573,2.058225994079264e-05,0.3214157789705381,0.1333333333333333,0.23809676722491457,0.1333333333333333,0.20666773705744018
0703,"Onions, shallots, garlic",Agriculture,2. Vegetable products,0.2101278425088695,90.13157894736842,49.84893102618146,0712,"Vegetables, dried",Agriculture,2. Vegetable products,0.4230659260275113,1,4,1065,-1.40394131783788,0.08090329960949856,4826.08214090124,116438276.0,8.168618612024055e-05,0.06550785984999896,1.139317986986221,93.54838709677419,45.16129032258064,93.54838709677419,0.4610281120792566,0.25591816250402083,0.0004857709952743226,0.3413196256693437,0.9333333333333333,0.3022020056038398,0.9333333333333333,0.49154140392268786
0703,"Onions, shallots, garlic",Agriculture,2. Vegetable products,0.2101278425088695,90.13157894736842,49.84893102618146,4105,Tanned sheepskins,Agriculture,"8. Raw hides and skins, leather, furskins and articles thereof",0.41348831359149957,1,5,1065,-3.5084525278350345,0.04566283874808933,3934.5014344913393,6747345.0,4.733536929793382e-06,0.37153830126798293,0.9282648148097464,25.806451612903224,-9.677419354838712,25.806451612903224,0.2669595010850522,0.22340835222394514,2.8149373287777158e-05,0.4894944559792818,0.23333333333333328,0.24505713946103447,0.23333333333333328,0.2415399976227241
0703,"Onions, shallots, garlic",Agriculture,2. Vegetable products,0.2101278425088695,90.13157894736842,49.84893102618146,1212,Seaweeds & edible vegetable products,Agriculture,2. Vegetable products,0.40443340673738615,1,6,1065,-3.0534199423780937,9.986528345065106e-05,4699.4838592942,14847296.0,1.0415981978626195e-05,0.29621396867299854,0.8817347052242728,29.03225806451613,-54.83870967741936,29.03225806451613,0.30892057090365843,0.18137588196321738,6.194170854137747e-05,0.4530236717371778,0.26666666666666666,0.2395666005202644,0.26666666666666666,0.24769662036418505
0703,"Onions, shallots, garlic",Agriculture,2. Vegetable products,0.2101278425088695,90.13157894736842,49.84893102618146,0706,Carrots & turnips,Agriculture,2. Vegetable products,0.4014511750610751,1,7,1065,-0.2855041770754565,0.20402398950801034,2152.6017275891586,2416098.0,1.694991008907938e-06,0.04945949494067636,0.5849014045834903,3.225806451612903,-67.74193548387098,3.225806451612903,0.5641653827960927,0.36949869386806444,1.0079763892590614e-05,0.3335492753206248,0.0,0.3768163300951326,0.0,0.2637714310665928
0703,"Onions, shallots, garlic",Agriculture,2. Vegetable products,0.2101278425088695,90.13157894736842,49.84893102618146,0710,Frozen vegetables,Agriculture,2. Vegetable products,0.39788092019461946,1,8,1065,-0.49747542056783495,0.23095670071351132,3262.6414188055155,106951619.0,7.503091041553256e-05,0.10512609626736302,0.7370649816646185,6.451612903225806,-80.64516129032258,6.451612903225806,0.5446183427994107,0.39434449072248984,0.00044619343563477484,0.36050211428427187,0.033333333333333326,0.38277923789065116,0.033333333333333326,0.2779454665234558
0703,"Onions, shallots, garlic",Agriculture,2. Vegetable products,0.2101278425088695,90.13157894736842,49.84893102618146,0709,Other vegetables,Agriculture,2. Vegetable products,0.3939380291887723,1,9,1065,-1.1623047356362484,0.0857029113782196,2274.6228224453253,12332208.0,8.65154545882764e-06,0.045225391474933874,0.49844537812737444,3.225806451612903,-74.19354838709678,3.225806451612903,0.48331075692832864,0.2603458704341974,5.144896643857869e-05,0.3314991931142791,0.0,0.31001241588899175,0.0,0.2170086911222942
0703,"Onions, shallots, garlic",Agriculture,2. Vegetable products,0.2101278425088695,90.13157894736842,49.84893102618146,0910,Spices,Agriculture,2. Vegetable products,0.3896729606753548,1,10,1065,-2.517802589486876,-3.3678450423499834e-05,4868.147605236873,27148494.0,1.9045772661287373e-05,0.09060098119626359,0.8686165177827612,16.129032258064516,-45.16129032258064,16.129032258064516,0.3583128075456917,0.18125268603029768,0.00011326130378793117,0.35346929607533795,0.1333333333333333,0.24188530635846517,0.1333333333333333,0.2093197144509256
0703,"Onions, shallots, garlic",Agriculture,2. Vegetable products,0.2101278425088695,90.13157894736842,49.84893102618146,0701,Potatoes,Agriculture,2. Vegetable products,0.3763278668729396,1,11,1065,-0.5397975790352212,0.05230451138390772,1714.998782509877,25329515.0,1.7769684915512017e-05,0.05009133816726674,0.743843356843749,9.67741935483871,-58.06451612903225,9.67741935483871,0.5407155826387493,0.22953538666262563,0.00010567267168543343,0.33385520326180834,0.06666666666666667,0.31968197064550524,0.06666666666666667,0.24377737945185365
0711,"Vegetables, provisionally preserved",Agriculture,2. Vegetable products,0.1978770668478445,53.94736842105263,55.54067608753538,2001,Pickled fruits and vegetables,Agriculture,"4. Prepared foodstuffs; beverages, spirits and tobacco",0.47495031466025506,1,1,1065,-0.3490575802788582,0.18503000890787247,3880.9401292406756,19937362.0,1.3986870288929831e-05,0.09326006061151482,0.6494356206143264,6.451612903225806,-51.612903225806456,6.451612903225806,0.5583047722063039,0.35197648528508546,8.31770489446654e-05,0.3547567779327306,0.033333333333333326,0.3718244333692376,0.033333333333333326,0.27027710335846633
0711,"Vegetables, provisionally preserved",Agriculture,2. Vegetable products,0.1978770668478445,53.94736842105263,55.54067608753538,0811,"Fruits and nuts, frozen",Agriculture,2. Vegetable products,0.44686273757583195,1,2,1065,0.18305505907610722,0.20597367826290533,3997.4051620172486,103660419.0,7.272199976351522e-05,0.17088701997715972,0.788163945626781,6.451612903225806,-64.51612903225806,6.451612903225806,0.6073738198414637,0.3712973085847137,0.00043246281753762223,0.3923424556129803,0.033333333333333326,0.4014511327137397,0.033333333333333326,0.2910157928996178
0711,"Vegetables, provisionally preserved",Agriculture,2. Vegetable products,0.1978770668478445,53.94736842105263,55.54067608753538,0709,Other vegetables,Agriculture,2. Vegetable products,0.44582938933968463,1,3,1065,-1.1623047356362484,0.0857029113782196,2274.6228224453253,12332208.0,8.65154545882764e-06,0.045225391474933874,0.49844537812737444,3.225806451612903,-74.19354838709678,3.225806451612903,0.48331075692832864,0.2603458704341974,5.144896643857869e-05,0.3314991931142791,0.0,0.31001241588899175,0.0,0.2170086911222942
0711,"Vegetables, provisionally preserved",Agriculture,2. Vegetable products,0.1978770668478445,53.94736842105263,55.54067608753538,0712,"Vegetables, dried",Agriculture,2. Vegetable products,0.42855408882167817,1,4,1065,-1.40394131783788,0.08090329960949856,4826.08214090124,116438276.0,8.168618612024055e-05,0.06550785984999896,1.139317986986221,93.54838709677419,45.16129032258064,93.54838709677419,0.4610281120792566,0.25591816250402083,0.0004857709952743226,0.3413196256693437,0.9333333333333333,0.3022020056038398,0.9333333333333333,0.49154140392268786
0711,"Vegetables, provisionally preserved",Agriculture,2. Vegetable products,0.1978770668478445,53.94736842105263,55.54067608753538,6108,"Women's undergarments, knit",Textiles,11. Textiles and textile articles,0.4271162155845548,1,5,1065,-0.9719213459382168,0.1335148263012299,7677.811693681972,604400744.0,0.00042401170269470377,0.1189910267715466,0.8786779512673136,12.903225806451612,-45.161290322580655,12.903225806451612,0.5008670616035199,0.3044530201501738,0.00252151063244376,0.36721528214821814,0.09999999999999998,0.3373225475308921,0.09999999999999998,0.26612578327162445
0711,"Vegetables, provisionally preserved",Agriculture,2. Vegetable products,0.1978770668478445,53.94736842105263,55.54067608753538,0710,Frozen vegetables,Agriculture,2. Vegetable products,0.4232108531133878,1,6,1065,-0.49747542056783495,0.23095670071351132,3262.6414188055155,106951619.0,7.503091041553256e-05,0.10512609626736302,0.7370649816646185,6.451612903225806,-80.64516129032258,6.451612903225806,0.5446183427994107,0.39434449072248984,0.00044619343563477484,0.36050211428427187,0.033333333333333326,0.38277923789065116,0.033333333333333326,0.2779454665234558
0711,"Vegetables, provisionally preserved",Agriculture,2. Vegetable products,0.1978770668478445,53.94736842105263,55.54067608753538,0810,Other fresh fruit,Agriculture,2. Vegetable products,0.42047830421549204,1,7,1065,-1.8575580436755599,0.006553499596134498,4099.922451280301,129041757.0,9.052804062115153e-05,0.14275631962904867,0.6979782016868505,9.67741935483871,-80.64516129032258,9.67741935483871,0.4191976065020606,0.18732944846018937,0.0005383516905543782,0.3787220401691194,0.06666666666666667,0.2691735280157386,0.06666666666666667,0.20842146961101699
0711,"Vegetables, provisionally preserved",Agriculture,2. Vegetable products,0.1978770668478445,53.94736842105263,55.54067608753538,0807,Melons and papayas,Agriculture,2. Vegetable products,0.4159805776429872,1,8,1065,-2.5162534627954565,0.0030120106759876503,3035.075598544559,4933524.0,3.4610677307921806e-06,0.024399778413965567,0.5725673728158718,16.129032258064516,-70.96774193548387,16.129032258064516,0.35845566108043636,0.18406237617768573,2.058225994079264e-05,0.3214157789705381,0.1333333333333333,0.23809676722491457,0.1333333333333333,0.20666773705744018
0711,"Vegetables, provisionally preserved",Agriculture,2. Vegetable products,0.1978770668478445,53.94736842105263,55.54067608753538,6107,"Men's undergarments, knit",Textiles,11. Textiles and textile articles,0.41295650303336034,1,9,1065,-1.0479307438799927,0.126120341690119,7293.180520650118,236334700.0,0.00016579840370421848,0.010493301777469322,0.8555722655463718,12.903225806451612,-22.580645161290324,12.903225806451612,0.49385781489055697,0.2976315063007507,0.0009859691020919826,0.3146824951629722,0.09999999999999998,0.3243715320567173,0.09999999999999998,0.2570600724397021
0711,"Vegetables, provisionally preserved",Agriculture,2. Vegetable products,0.1978770668478445,53.94736842105263,55.54067608753538,6115,"Socks, stockings, etc., knit",Textiles,11. Textiles and textile articles,0.41210157498414923,1,10,1065,-0.18375906879365705,0.26106749526631673,5717.6951155252855,417436515.0,0.00029284869227774025,0.09761683078011174,0.9649037600152683,29.03225806451613,-25.80645161290322,29.03225806451613,0.5735478616091804,0.4221221132156735,0.0017415111106196272,0.35686625330857896,0.26666666666666666,0.40227565585157865,0.26666666666666666,0.36159295909610506
0711,"Vegetables, provisionally preserved",Agriculture,2. Vegetable products,0.1978770668478445,53.94736842105263,55.54067608753538,6104,"Women's suits, knit",Textiles,11. Textiles and textile articles,0.4107443555162801,1,11,1065,-1.0150072428847783,0.11069315640231199,7019.288790935012,588741778.0,0.00041302630120072667,0.09068585082623426,0.7550838344125527,6.451612903225806,-41.935483870967744,6.451612903225806,0.4968938728962618,0.28339971549544385,0.0024561827028307622,0.35351038853320293,0.033333333333333326,0.326497741622502,0.033333333333333326,0.2385484191357514
0713,"Legumes, dried",Agriculture,2. Vegetable products,0.21766566258874545,96.05263157894737,48.52079480539062,1207,Other oil seeds,Agriculture,2. Vegetable products,0.45189942285868206,1,1,1065,-5.179657069141335,-0.0083886596557211,6277.462999120389,143080371.0,0.0001003766992879478,0.14696457892968495,1.0032404260757406,54.83870967741935,3.225806451612904,54.83870967741935,0.1128484930382199,0.17354510085012587,0.00059691964371655,0.3807596090622098,0.5333333333333332,0.15744123716680997,0.5333333333333332,0.2702088660167669
0713,"Legumes, dried",Agriculture,2. Vegetable products,0.21766566258874545,96.05263157894737,48.52079480539062,0708,Legumes,Agriculture,2. Vegetable products,0.42031510271502254,1,2,1065,-3.479223583323188,-0.048869362500723074,2792.11884358736,684122.0,4.799394060158637e-07,-0.0199107769456196,0.523088394464111,12.903225806451612,-70.96774193548387,12.903225806451612,0.2696548636164061,0.13620109520074838,2.854101213496669e-06,0.2999613478658296,0.09999999999999998,0.18704421588106052,0.09999999999999998,0.16093095111674235
0713,"Legumes, dried",Agriculture,2. Vegetable products,0.21766566258874545,96.05263157894737,48.52079480539062,4101,Raw hides of bovines or equines,Agriculture,"8. Raw hides and skins, leather, furskins and articles thereof",0.4196949578681882,1,3,1065,-2.6839926562093694,0.0039639327848624145,4066.4860507155186,60607.0,4.2518275366679414e-08,-0.274048946024243,0.5271443401213451,16.129032258064516,-54.83870967741936,16.129032258064516,0.3429875029064676,0.18494053742769417,2.5284746323958687e-07,0.17691188943933708,0.1333333333333333,0.21131163545997667,0.1333333333333333,0.18791814482198363
0713,"Legumes, dried",Agriculture,2. Vegetable products,0.21766566258874545,96.05263157894737,48.52079480539062,1703,Molasses,Agriculture,"4. Prepared foodstuffs; beverages, spirits and tobacco",0.41156229639168435,1,4,1065,-2.138165062926581,0.00282567239546942,4289.775828470995,11862365.0,8.321931485967958e-06,0.10081775214775335,0.7431385137355827,16.129032258064516,-38.70967741935483,16.129032258064516,0.3933212822503389,0.1838904765486943,4.948881974478298e-05,0.35841608599283126,0.1333333333333333,0.255793951801548,0.1333333333333333,0.21905576626108358
0713,"Legumes, dried",Agriculture,2. Vegetable products,0.21766566258874545,96.05263157894737,48.52079480539062,1404,Vegetable products n.e.c.,Agriculture,2. Vegetable products,0.4047798928846816,1,5,1065,-2.8479106802548557,-0.0025888373232695206,5660.783847333838,66456542.0,4.662196697862121e-05,0.3051324668178983,0.9803935035239804,64.51612903225806,6.451612903225801,64.51612903225806,0.3278717158808119,0.17889551679467508,0.0002772512756014167,0.45734185963743007,0.6333333333333333,0.24601139807337513,0.6333333333333333,0.36220797865136256
0713,"Legumes, dried",Agriculture,2. Vegetable products,0.21766566258874545,96.05263157894737,48.52079480539062,0910,Spices,Agriculture,2. Vegetable products,0.3965645288679663,1,6,1065,-2.517802589486876,-3.3678450423499834e-05,4868.147605236873,27148494.0,1.9045772661287373e-05,0.09060098119626359,0.8686165177827612,16.129032258064516,-45.16129032258064,16.129032258064516,0.3583128075456917,0.18125268603029768,0.00011326130378793117,0.35346929607533795,0.1333333333333333,0.24188530635846517,0.1333333333333333,0.2093197144509256
0713,"Legumes, dried",Agriculture,2. Vegetable products,0.21766566258874545,96.05263157894737,48.52079480539062,1102,Cereal flours,Agriculture,2. Vegetable products,0.3963161802753181,1,7,1065,-1.9432107424888434,0.05787950957856266,3104.479621170969,24621950.0,1.7273299291577082e-05,0.11152845554091395,1.310772979187565,67.74193548387096,9.677419354838698,67.74193548387096,0.41129909771406453,0.23467839924503114,0.0001027207681870402,0.3636020297519817,0.6666666666666666,0.2806478365137087,0.6666666666666666,0.3964534855595961
0713,"Legumes, dried",Agriculture,2. Vegetable products,0.21766566258874545,96.05263157894737,48.52079480539062,0102,Bovine,Agriculture,1. Live animals; animal products,0.3900934225185572,1,8,1065,-1.8721905890311101,0.1673800717057985,3185.4166205729575,2410793.0,1.6912693356553395e-06,-0.004298670155194362,0.7385398157420425,12.903225806451612,-61.29032258064515,12.903225806451612,0.41784825861597114,0.3356941752395032,1.0057631865061022e-05,0.30752046931705906,0.09999999999999998,0.3098694308917546,0.09999999999999998,0.24690860162422823
0713,"Legumes, dried",Agriculture,2. Vegetable products,0.21766566258874545,96.05263157894737,48.52079480539062,1106,Flour of dried legumes,Agriculture,2. Vegetable products,0.3804868147640913,1,9,1065,-2.658660698607271,0.002078127128732222,4690.252667568483,15137571.0,1.0619621696514605e-05,0.013628349606638723,0.9366371304919519,45.16129032258064,-45.16129032258064,45.16129032258064,0.3453235027349551,0.1832008557490978,6.3152712177787e-05,0.316200432979708,0.43333333333333324,0.2324230633232014,0.43333333333333324,0.2926961443262409
0713,"Legumes, dried",Agriculture,2. Vegetable products,0.21766566258874545,96.05263157894737,48.52079480539062,1211,"Plants used in perfumery, pharmacy or insecticide",Agriculture,2. Vegetable products,0.37980045783804034,1,10,1065,-2.9773737947343117,-0.0002935463540088177,5090.524335164819,63844266.0,4.478934912421879e-05,0.055912798736486025,0.8164486682946729,6.451612903225806,-38.70967741935483,6.451612903225806,0.3159332065097709,0.18101295431178627,0.00026635307308550834,0.3366738572754524,0.033333333333333326,0.2244721878398257,0.033333333333333326,0.167130531487878
0713,"Legumes, dried",Agriculture,2. Vegetable products,0.21766566258874545,96.05263157894737,48.52079480539062,1212,Seaweeds & edible vegetable products,Agriculture,2. Vegetable products,0.3785504580019408,1,11,1065,-3.0534199423780937,9.986528345065106e-05,4699.4838592942,14847296.0,1.0415981978626195e-05,0.29621396867299854,0.8817347052242728,29.03225806451613,-54.83870967741936,29.03225806451613,0.30892057090365843,0.18137588196321738,6.194170854137747e-05,0.4530236717371778,0.26666666666666666,0.2395666005202644,0.26666666666666666,0.24769662036418505
0805,Citrus fruit,Agriculture,2. Vegetable products,0.2060937295630243,78.28947368421053,52.66642805827241,0810,Other fresh fruit,Agriculture,2. Vegetable products,0.43258503668366377,1,1,1065,-1.8575580436755599,0.006553499596134498,4099.922451280301,129041757.0,9.052804062115153e-05,0.14275631962904867,0.6979782016868505,9.67741935483871,-80.64516129032258,9.67741935483871,0.4191976065020606,0.18732944846018937,0.0005383516905543782,0.3787220401691194,0.06666666666666667,0.2691735280157386,0.06666666666666667,0.20842146961101699
0805,Citrus fruit,Agriculture,2. Vegetable products,0.2060937295630243,78.28947368421053,52.66642805827241,0701,Potatoes,Agriculture,2. Vegetable products,0.39170113519252664,1,2,1065,-0.5397975790352212,0.05230451138390772,1714.998782509877,25329515.0,1.7769684915512017e-05,0.05009133816726674,0.743843356843749,9.67741935483871,-58.06451612903225,9.67741935483871,0.5407155826387493,0.22953538666262563,0.00010567267168543343,0.33385520326180834,0.06666666666666667,0.31968197064550524,0.06666666666666667,0.24377737945185365
0805,Citrus fruit,Agriculture,2. Vegetable products,0.2060937295630243,78.28947368421053,52.66642805827241,2001,Pickled fruits and vegetables,Agriculture,"4. Prepared foodstuffs; beverages, spirits and tobacco",0.3786634399916636,1,3,1065,-0.3490575802788582,0.18503000890787247,3880.9401292406756,19937362.0,1.3986870288929831e-05,0.09326006061151482,0.6494356206143264,6.451612903225806,-51.612903225806456,6.451612903225806,0.5583047722063039,0.35197648528508546,8.31770489446654e-05,0.3547567779327306,0.033333333333333326,0.3718244333692376,0.033333333333333326,0.27027710335846633
0805,Citrus fruit,Agriculture,2. Vegetable products,0.2060937295630243,78.28947368421053,52.66642805827241,0807,Melons and papayas,Agriculture,2. Vegetable products,0.3781585631727913,1,4,1065,-2.5162534627954565,0.0030120106759876503,3035.075598544559,4933524.0,3.4610677307921806e-06,0.024399778413965567,0.5725673728158718,16.129032258064516,-70.96774193548387,16.129032258064516,0.35845566108043636,0.18406237617768573,2.058225994079264e-05,0.3214157789705381,0.1333333333333333,0.23809676722491457,0.1333333333333333,0.20666773705744018
0805,Citrus fruit,Agriculture,2. Vegetable products,0.2060937295630243,78.28947368421053,52.66642805827241,0802,Other nuts,Agriculture,2. Vegetable products,0.36711867308456264,1,5,1065,-2.4551447771225448,0.0006181838273316999,6255.919733770147,281514981.0,0.0001974942082928296,0.060716232625426914,0.9253227030338878,16.129032258064516,-16.129032258064516,16.129032258064516,0.364090830753987,0.1818540379553449,0.0011744575512694984,0.3389995997672809,0.1333333333333333,0.24210681264604872,0.1333333333333333,0.20947476885223407
0805,Citrus fruit,Agriculture,2. Vegetable products,0.2060937295630243,78.28947368421053,52.66642805827241,0709,Other vegetables,Agriculture,2. Vegetable products,0.3617993120256767,1,6,1065,-1.1623047356362484,0.0857029113782196,2274.6228224453253,12332208.0,8.65154545882764e-06,0.045225391474933874,0.49844537812737444,3.225806451612903,-74.19354838709678,3.225806451612903,0.48331075692832864,0.2603458704341974,5.144896643857869e-05,0.3314991931142791,0.0,0.31001241588899175,0.0,0.2170086911222942
0805,Citrus fruit,Agriculture,2. Vegetable products,0.2060937295630243,78.28947368421053,52.66642805827241,2501,Salt,Minerals,5. Mineral products,0.3616447346586203,1,7,1065,-1.105404775255871,0.1256148643409572,3891.3188568750343,112934318.0,7.922801707842558e-05,0.08458408634597991,0.9604025186087396,38.70967741935484,-29.03225806451612,38.70967741935484,0.4885578167796563,0.2971651964875291,0.00047115276814547514,0.3505560160457352,0.36666666666666664,0.327657129965597,0.36666666666666664,0.33935999097591785
0805,Citrus fruit,Agriculture,2. Vegetable products,0.2060937295630243,78.28947368421053,52.66642805827241,0811,"Fruits and nuts, frozen",Agriculture,2. Vegetable products,0.3596855861374178,1,8,1065,0.18305505907610722,0.20597367826290533,3997.4051620172486,103660419.0,7.272199976351522e-05,0.17088701997715972,0.788163945626781,6.451612903225806,-64.51612903225806,6.451612903225806,0.6073738198414637,0.3712973085847137,0.00043246281753762223,0.3923424556129803,0.033333333333333326,0.4014511327137397,0.033333333333333326,0.2910157928996178
0805,Citrus fruit,Agriculture,2. Vegetable products,0.2060937295630243,78.28947368421053,52.66642805827241,0804,"Avocados, pineapples, mangos, etc.",Agriculture,2. Vegetable products,0.35649524216839407,1,9,1065,-3.6751629208373284,-0.0012187885173536672,4671.515201202335,171394559.0,0.00012024025369862527,0.1625221732788844,0.8326793237465899,25.806451612903224,-22.580645161290327,25.806451612903224,0.25158621428355454,0.1801594056788169,0.0007150441278436104,0.38829233649952677,0.23333333333333328,0.20946207408093553,0.23333333333333328,0.21662345185665485
0805,Citrus fruit,Agriculture,2. Vegetable products,0.2060937295630243,78.28947368421053,52.66642805827241,2515,Marble,Minerals,5. Mineral products,0.3550837323162947,1,10,1065,-2.0999230544263314,0.003293431930838555,6533.583465874665,22487113.0,1.577562431296115e-05,0.12352877581584498,1.0854477456484264,74.19354838709677,32.258064516129025,74.19354838709677,0.39684778923021,0.18432199115945241,9.381440225769194e-05,0.3694123844740931,0.7333333333333333,0.25883535296783444,0.7333333333333333,0.4011847470774841
0805,Citrus fruit,Agriculture,2. Vegetable products,0.2060937295630243,78.28947368421053,52.66642805827241,3305,Hair products,Chemicals,6. Products of the chemical or allied industries,0.3542448897672963,1,11,1065,1.2001934649273744,0.43799161430508554,3351.6176626010606,517502750.0,0.00036304922579097885,0.06160865832961959,1.218183731788308,77.41935483870968,29.032258064516128,77.41935483870968,0.7011697743009705,0.5853370486428796,0.0021589792855117415,0.3394316973934852,0.7666666666666667,0.501515989532197,0.7666666666666667,0.5810611926725379
0806,Grapes,Agriculture,2. Vegetable products,0.19907678089399758,58.55263157894737,49.196484384827386,2515,Marble,Minerals,5. Mineral products,0.38407157929131314,1,1,1065,-2.0999230544263314,0.003293431930838555,6533.583465874665,22487113.0,1.577562431296115e-05,0.12352877581584498,1.0854477456484264,74.19354838709677,32.258064516129025,74.19354838709677,0.39684778923021,0.18432199115945241,9.381440225769194e-05,0.3694123844740931,0.7333333333333333,0.25883535296783444,0.7333333333333333,0.4011847470774841
0806,Grapes,Agriculture,2. Vegetable products,0.19907678089399758,58.55263157894737,49.196484384827386,0702,Tomatoes,Agriculture,2. Vegetable products,0.3837042396628177,1,2,1065,-1.5107077162892113,0.004552434773690789,1897.1385992085882,6255534.0,4.388511511502393e-06,0.05240360233403951,0.48726853116246027,6.451612903225806,-61.29032258064515,6.451612903225806,0.4511825923453267,0.18548343861396124,2.609757788884099e-05,0.3349747629662475,0.033333333333333326,0.2730832399173712,0.033333333333333326,0.20115826794215985
0806,Grapes,Agriculture,2. Vegetable products,0.19907678089399758,58.55263157894737,49.196484384827386,0810,Other fresh fruit,Agriculture,2. Vegetable products,0.38362719941689843,1,3,1065,-1.8575580436755599,0.006553499596134498,4099.922451280301,129041757.0,9.052804062115153e-05,0.14275631962904867,0.6979782016868505,9.67741935483871,-80.64516129032258,9.67741935483871,0.4191976065020606,0.18732944846018937,0.0005383516905543782,0.3787220401691194,0.06666666666666667,0.2691735280157386,0.06666666666666667,0.20842146961101699
0806,Grapes,Agriculture,2. Vegetable products,0.19907678089399758,58.55263157894737,49.196484384827386,6802,Worked building stone,Stone,"13. Articles of stone, plaster, cement, ceramics and glass",0.38264968854204096,1,4,1065,-0.7806270400166389,0.1893306408371341,5226.66496597849,90313806.0,6.335880794167115e-05,0.01990867255277684,0.803719236853777,25.806451612903224,-48.387096774193544,25.806451612903224,0.5185073668986155,0.3559438774441885,0.0003767818361346409,0.3192412604951793,0.23333333333333328,0.3540006418696785,0.23333333333333328,0.31780044930877493
0806,Grapes,Agriculture,2. Vegetable products,0.19907678089399758,58.55263157894737,49.196484384827386,0706,Carrots & turnips,Agriculture,2. Vegetable products,0.3638504935763555,1,5,1065,-0.2855041770754565,0.20402398950801034,2152.6017275891586,2416098.0,1.694991008907938e-06,0.04945949494067636,0.5849014045834903,3.225806451612903,-67.74193548387098,3.225806451612903,0.5641653827960927,0.36949869386806444,1.0079763892590614e-05,0.3335492753206248,0.0,0.3768163300951326,0.0,0.2637714310665928
0806,Grapes,Agriculture,2. Vegetable products,0.19907678089399758,58.55263157894737,49.196484384827386,0704,"Cabbages, cauliflowers, broccoli",Agriculture,2. Vegetable products,0.3601704062600821,1,6,1065,-0.787796445668185,0.07962843567036944,1826.9686623712926,1209376.0,8.484264489226209e-07,0.050583991948575546,0.6333801211375386,19.35483870967742,-48.38709677419354,19.35483870967742,0.5178462363758414,0.25474208296984585,5.045418082116564e-06,0.3340937379974665,0.16666666666666666,0.3205207292833228,0.16666666666666666,0.27436451049832594
0806,Grapes,Agriculture,2. Vegetable products,0.19907678089399758,58.55263157894737,49.196484384827386,2002,"Tomatoes, prepared or preserved",Agriculture,"4. Prepared foodstuffs; beverages, spirits and tobacco",0.3569930835763163,1,7,1065,-0.902354716549072,0.22554013001632,4072.111463405702,110127328.0,7.725879943406907e-05,0.1051967637435558,0.8226790000457852,33.33333333333333,-26.66666666666667,33.33333333333333,0.50728218501696,0.38934762968747605,0.000459442234694902,0.36053633029639404,0.31111111111111106,0.3679698010262159,0.31111111111111106,0.35091219405168445
0806,Grapes,Agriculture,2. Vegetable products,0.19907678089399758,58.55263157894737,49.196484384827386,0802,Other nuts,Agriculture,2. Vegetable products,0.35467904610225587,1,8,1065,-2.4551447771225448,0.0006181838273316999,6255.919733770147,281514981.0,0.0001974942082928296,0.060716232625426914,0.9253227030338878,16.129032258064516,-16.129032258064516,16.129032258064516,0.364090830753987,0.1818540379553449,0.0011744575512694984,0.3389995997672809,0.1333333333333333,0.24210681264604872,0.1333333333333333,0.20947476885223407
0806,Grapes,Agriculture,2. Vegetable products,0.19907678089399758,58.55263157894737,49.196484384827386,0707,Cucumbers,Agriculture,2. Vegetable products,0.353073919333367,1,9,1065,0.30626258461275385,0.006996770897490231,1657.5737449455935,482.0,3.3814260278085826e-10,-0.6394309984549027,0.44506327177128735,6.451612903225806,-64.51612903225806,6.451612903225806,0.6187354667794063,0.18773837233795448,2.01086470674148e-09,0.0,0.033333333333333326,0.282265843992706,0.033333333333333326,0.20758609079489418
0806,Grapes,Agriculture,2. Vegetable products,0.19907678089399758,58.55263157894737,49.196484384827386,5702,Woven carpets and rugs,Textiles,11. Textiles and textile articles,0.3521098487322146,1,10,1065,-0.132208902779721,0.038251921721445106,5422.179724369225,71754587.0,5.033876101586211e-05,0.0716484588929116,0.8012725667124774,9.67741935483871,-77.41935483870968,9.67741935483871,0.5783015873519189,0.2165716792449769,0.00029935428743798964,0.3442928012036763,0.06666666666666667,0.3298944666325806,0.06666666666666667,0.2509261266428064
0806,Grapes,Agriculture,2. Vegetable products,0.19907678089399758,58.55263157894737,49.196484384827386,5701,"Carpets, knotted",Textiles,11. Textiles and textile articles,0.347465089721912,1,11,1065,-0.43279167072359137,0.0019289550015454237,7639.820111657824,12489811.0,8.762110372989614e-06,-0.06645057363227602,0.7447642661997119,29.03225806451613,-45.16129032258064,29.03225806451613,0.5505831889007464,0.18306324240819993,5.2106473306579895e-05,0.27742755532953234,0.26666666666666666,0.298398200228557,0.26666666666666666,0.2888787401599899
0808,Apples & pears,Agriculture,2. Vegetable products,0.19766841753885223,51.973684210526315,55.52101581003436,0707,Cucumbers,Agriculture,2. Vegetable products,0.39274747826473544,1,1,1065,0.30626258461275385,0.006996770897490231,1657.5737449455935,482.0,3.3814260278085826e-10,-0.6394309984549027,0.44506327177128735,6.451612903225806,-64.51612903225806,6.451612903225806,0.6187354667794063,0.18773837233795448,2.01086470674148e-09,0.0,0.033333333333333326,0.282265843992706,0.033333333333333326,0.20758609079489418
0808,Apples & pears,Agriculture,2. Vegetable products,0.19766841753885223,51.973684210526315,55.52101581003436,2105,Ice cream,Agriculture,"4. Prepared foodstuffs; beverages, spirits and tobacco",0.3747091482338418,1,2,1065,1.3565923475001525,0.4561680896782379,2334.2196934998683,37529366.0,2.6328376555924167e-05,0.08532763978667668,0.6764392780821085,16.129032258064516,-48.38709677419355,16.129032258064516,0.7155921797306787,0.602105097399834,0.0001565694555099246,0.3509160322074972,0.1333333333333333,0.5138549372451304,0.1333333333333333,0.39969845607159127
0808,Apples & pears,Agriculture,2. Vegetable products,0.19766841753885223,51.973684210526315,55.52101581003436,0702,Tomatoes,Agriculture,2. Vegetable products,0.3721297564688099,1,3,1065,-1.5107077162892113,0.004552434773690789,1897.1385992085882,6255534.0,4.388511511502393e-06,0.05240360233403951,0.48726853116246027,6.451612903225806,-61.29032258064515,6.451612903225806,0.4511825923453267,0.18548343861396124,2.609757788884099e-05,0.3349747629662475,0.033333333333333326,0.2730832399173712,0.033333333333333326,0.20115826794215985
0808,Apples & pears,Agriculture,2. Vegetable products,0.19766841753885223,51.973684210526315,55.52101581003436,8435,Machines for wine and juice production,Machinery,"16. Machinery, mechanical appliances and electrical equipment",0.3710905096810139,1,4,1065,1.8302173028708746,0.6122716891107445,4363.240618168615,12475933.0,8.752374391575937e-06,0.053530449421658854,1.1883572237133542,45.16129032258064,-9.677419354838712,45.16129032258064,0.7592677547451319,0.7461128168659855,5.2048575421932264e-05,0.3355203635124533,0.43333333333333324,0.5772190618770723,0.43333333333333324,0.5340533433139506
0808,Apples & pears,Agriculture,2. Vegetable products,0.19766841753885223,51.973684210526315,55.52101581003436,2002,"Tomatoes, prepared or preserved",Agriculture,"4. Prepared foodstuffs; beverages, spirits and tobacco",0.36718089775982776,1,5,1065,-0.902354716549072,0.22554013001632,4072.111463405702,110127328.0,7.725879943406907e-05,0.1051967637435558,0.8226790000457852,33.33333333333333,-26.66666666666667,33.33333333333333,0.50728218501696,0.38934762968747605,0.000459442234694902,0.36053633029639404,0.31111111111111106,0.3679698010262159,0.31111111111111106,0.35091219405168445
0808,Apples & pears,Agriculture,2. Vegetable products,0.19766841753885223,51.973684210526315,55.52101581003436,0810,Other fresh fruit,Agriculture,2. Vegetable products,0.36587009849627067,1,6,1065,-1.8575580436755599,0.006553499596134498,4099.922451280301,129041757.0,9.052804062115153e-05,0.14275631962904867,0.6979782016868505,9.67741935483871,-80.64516129032258,9.67741935483871,0.4191976065020606,0.18732944846018937,0.0005383516905543782,0.3787220401691194,0.06666666666666667,0.2691735280157386,0.06666666666666667,0.20842146961101699
0808,Apples & pears,Agriculture,2. Vegetable products,0.19766841753885223,51.973684210526315,55.52101581003436,8403,Central heating boilers,Machinery,"16. Machinery, mechanical appliances and electrical equipment",0.36434423045467906,1,7,1065,2.999998001288242,0.7896628276689537,2054.963085166561,12552060.0,8.805780578135892e-06,0.024977422120272097,0.4982511564542196,3.225806451612903,-61.29032258064516,3.225806451612903,0.8671396987059319,0.9097585842290681,5.236617105996153e-05,0.3216954644089049,0.0,0.6701765736142448,0.0,0.4691236015299713
0808,Apples & pears,Agriculture,2. Vegetable products,0.19766841753885223,51.973684210526315,55.52101581003436,0704,"Cabbages, cauliflowers, broccoli",Agriculture,2. Vegetable products,0.3643021091480566,1,8,1065,-0.787796445668185,0.07962843567036944,1826.9686623712926,1209376.0,8.484264489226209e-07,0.050583991948575546,0.6333801211375386,19.35483870967742,-48.38709677419354,19.35483870967742,0.5178462363758414,0.25474208296984585,5.045418082116564e-06,0.3340937379974665,0.16666666666666666,0.3205207292833228,0.16666666666666666,0.27436451049832594
0808,Apples & pears,Agriculture,2. Vegetable products,0.19766841753885223,51.973684210526315,55.52101581003436,0701,Potatoes,Agriculture,2. Vegetable products,0.36407128751570034,1,9,1065,-0.5397975790352212,0.05230451138390772,1714.998782509877,25329515.0,1.7769684915512017e-05,0.05009133816726674,0.743843356843749,9.67741935483871,-58.06451612903225,9.67741935483871,0.5407155826387493,0.22953538666262563,0.00010567267168543343,0.33385520326180834,0.06666666666666667,0.31968197064550524,0.06666666666666667,0.24377737945185365
0808,Apples & pears,Agriculture,2. Vegetable products,0.19766841753885223,51.973684210526315,55.52101581003436,3916,Monofilament,Chemicals,7. Plastics and articles thereof; rubber and articles thereof,0.3632535433339655,1,10,1065,2.3969401456826973,0.6850563378689453,2726.880924338556,112856548.0,7.917345826054536e-05,0.07907568655917108,0.9036198062811707,32.25806451612903,-6.451612903225808,32.25806451612903,0.8115284005429396,0.8132576573303797,0.00047082831804538534,0.3478889408361325,0.3,0.6209290856287883,0.3,0.5246503599401519
0808,Apples & pears,Agriculture,2. Vegetable products,0.19766841753885223,51.973684210526315,55.52101581003436,7325,Other cast articles of iron or steel,Metals,15. Base metals and articles of base metal,0.3624241271623779,1,11,1065,1.568606165802238,0.5648927514007727,4248.115237423845,116865543.0,8.198593129754836e-05,0.07752242703681955,0.8060350641832089,22.58064516129032,-29.032258064516128,22.58064516129032,0.7351431457858887,0.7024050945895888,0.00048755351836696843,0.34713687850832836,0.19999999999999996,0.5552855489354213,0.19999999999999996,0.44869988425479485
0809,Peaches & cherries,Agriculture,2. Vegetable products,0.19458391400876063,40.78947368421053,48.516392905205734,0707,Cucumbers,Agriculture,2. Vegetable products,0.4355190365567786,1,1,1065,0.30626258461275385,0.006996770897490231,1657.5737449455935,482.0,3.3814260278085826e-10,-0.6394309984549027,0.44506327177128735,6.451612903225806,-64.51612903225806,6.451612903225806,0.6187354667794063,0.18773837233795448,2.01086470674148e-09,0.0,0.033333333333333326,0.282265843992706,0.033333333333333326,0.20758609079489418
0809,Peaches & cherries,Agriculture,2. Vegetable products,0.19458391400876063,40.78947368421053,48.516392905205734,0702,Tomatoes,Agriculture,2. Vegetable products,0.40907559446292396,1,2,1065,-1.5107077162892113,0.004552434773690789,1897.1385992085882,6255534.0,4.388511511502393e-06,0.05240360233403951,0.48726853116246027,6.451612903225806,-61.29032258064515,6.451612903225806,0.4511825923453267,0.18548343861396124,2.609757788884099e-05,0.3349747629662475,0.033333333333333326,0.2730832399173712,0.033333333333333326,0.20115826794215985
0809,Peaches & cherries,Agriculture,2. Vegetable products,0.19458391400876063,40.78947368421053,48.516392905205734,0802,Other nuts,Agriculture,2. Vegetable products,0.39277837410923605,1,3,1065,-2.4551447771225448,0.0006181838273316999,6255.919733770147,281514981.0,0.0001974942082928296,0.060716232625426914,0.9253227030338878,16.129032258064516,-16.129032258064516,16.129032258064516,0.364090830753987,0.1818540379553449,0.0011744575512694984,0.3389995997672809,0.1333333333333333,0.24210681264604872,0.1333333333333333,0.20947476885223407
0809,Peaches & cherries,Agriculture,2. Vegetable products,0.19458391400876063,40.78947368421053,48.516392905205734,0810,Other fresh fruit,Agriculture,2. Vegetable products,0.38244802432527003,1,4,1065,-1.8575580436755599,0.006553499596134498,4099.922451280301,129041757.0,9.052804062115153e-05,0.14275631962904867,0.6979782016868505,9.67741935483871,-80.64516129032258,9.67741935483871,0.4191976065020606,0.18732944846018937,0.0005383516905543782,0.3787220401691194,0.06666666666666667,0.2691735280157386,0.06666666666666667,0.20842146961101699
0809,Peaches & cherries,Agriculture,2. Vegetable products,0.19458391400876063,40.78947368421053,48.516392905205734,2002,"Tomatoes, prepared or preserved",Agriculture,"4. Prepared foodstuffs; beverages, spirits and tobacco",0.38073816866497073,1,5,1065,-0.902354716549072,0.22554013001632,4072.111463405702,110127328.0,7.725879943406907e-05,0.1051967637435558,0.8226790000457852,33.33333333333333,-26.66666666666667,33.33333333333333,0.50728218501696,0.38934762968747605,0.000459442234694902,0.36053633029639404,0.31111111111111106,0.3679698010262159,0.31111111111111106,0.35091219405168445
0809,Peaches & cherries,Agriculture,2. Vegetable products,0.19458391400876063,40.78947368421053,48.516392905205734,0704,"Cabbages, cauliflowers, broccoli",Agriculture,2. Vegetable products,0.3801049379973935,1,6,1065,-0.787796445668185,0.07962843567036944,1826.9686623712926,1209376.0,8.484264489226209e-07,0.050583991948575546,0.6333801211375386,19.35483870967742,-48.38709677419354,19.35483870967742,0.5178462363758414,0.25474208296984585,5.045418082116564e-06,0.3340937379974665,0.16666666666666666,0.3205207292833228,0.16666666666666666,0.27436451049832594
0809,Peaches & cherries,Agriculture,2. Vegetable products,0.19458391400876063,40.78947368421053,48.516392905205734,5702,Woven carpets and rugs,Textiles,11. Textiles and textile articles,0.37895720858528864,1,7,1065,-0.132208902779721,0.038251921721445106,5422.179724369225,71754587.0,5.033876101586211e-05,0.0716484588929116,0.8012725667124774,9.67741935483871,-77.41935483870968,9.67741935483871,0.5783015873519189,0.2165716792449769,0.00029935428743798964,0.3442928012036763,0.06666666666666667,0.3298944666325806,0.06666666666666667,0.2509261266428064
0809,Peaches & cherries,Agriculture,2. Vegetable products,0.19458391400876063,40.78947368421053,48.516392905205734,2515,Marble,Minerals,5. Mineral products,0.3754268354871748,1,8,1065,-2.0999230544263314,0.003293431930838555,6533.583465874665,22487113.0,1.577562431296115e-05,0.12352877581584498,1.0854477456484264,74.19354838709677,32.258064516129025,74.19354838709677,0.39684778923021,0.18432199115945241,9.381440225769194e-05,0.3694123844740931,0.7333333333333333,0.25883535296783444,0.7333333333333333,0.4011847470774841
0809,Peaches & cherries,Agriculture,2. Vegetable products,0.19458391400876063,40.78947368421053,48.516392905205734,6802,Worked building stone,Stone,"13. Articles of stone, plaster, cement, ceramics and glass",0.36353289911060704,1,9,1065,-0.7806270400166389,0.1893306408371341,5226.66496597849,90313806.0,6.335880794167115e-05,0.01990867255277684,0.803719236853777,25.806451612903224,-48.387096774193544,25.806451612903224,0.5185073668986155,0.3559438774441885,0.0003767818361346409,0.3192412604951793,0.23333333333333328,0.3540006418696785,0.23333333333333328,0.31780044930877493
0809,Peaches & cherries,Agriculture,2. Vegetable products,0.19458391400876063,40.78947368421053,48.516392905205734,6801,"Flagstones, of natural stone",Stone,"13. Articles of stone, plaster, cement, ceramics and glass",0.34232998389221436,1,10,1065,0.9643172374786935,0.48482795792344224,4783.420839251781,558016.0,3.914709183264801e-07,-0.0733764930326184,0.475270479102092,3.225806451612903,-45.16129032258065,3.225806451612903,0.6794183236030289,0.6285442204001765,2.3279972618196133e-06,0.274074140789688,0.0,0.4988983607191644,0.0,0.34922885250341507
0809,Peaches & cherries,Agriculture,2. Vegetable products,0.19458391400876063,40.78947368421053,48.516392905205734,0706,Carrots & turnips,Agriculture,2. Vegetable products,0.3412105677421903,1,11,1065,-0.2855041770754565,0.20402398950801034,2152.6017275891586,2416098.0,1.694991008907938e-06,0.04945949494067636,0.5849014045834903,3.225806451612903,-67.74193548387098,3.225806451612903,0.5641653827960927,0.36949869386806444,1.0079763892590614e-05,0.3335492753206248,0.0,0.3768163300951326,0.0,0.2637714310665928
0812,"Fruits and nuts, provisionally preserved",Agriculture,2. Vegetable products,0.19839025468214708,56.57894736842105,52.04635725952652,0810,Other fresh fruit,Agriculture,2. Vegetable products,0.4086457243666105,1,1,1065,-1.8575580436755599,0.006553499596134498,4099.922451280301,129041757.0,9.052804062115153e-05,0.14275631962904867,0.6979782016868505,9.67741935483871,-80.64516129032258,9.67741935483871,0.4191976065020606,0.18732944846018937,0.0005383516905543782,0.3787220401691194,0.06666666666666667,0.2691735280157386,0.06666666666666667,0.20842146961101699
0812,"Fruits and nuts, provisionally preserved",Agriculture,2. Vegetable products,0.19839025468214708,56.57894736842105,52.04635725952652,0710,Frozen vegetables,Agriculture,2. Vegetable products,0.3869157636305232,1,2,1065,-0.49747542056783495,0.23095670071351132,3262.6414188055155,106951619.0,7.503091041553256e-05,0.10512609626736302,0.7370649816646185,6.451612903225806,-80.64516129032258,6.451612903225806,0.5446183427994107,0.39434449072248984,0.00044619343563477484,0.36050211428427187,0.033333333333333326,0.38277923789065116,0.033333333333333326,0.2779454665234558
0812,"Fruits and nuts, provisionally preserved",Agriculture,2. Vegetable products,0.19839025468214708,56.57894736842105,52.04635725952652,0802,Other nuts,Agriculture,2. Vegetable products,0.3862782993954598,1,3,1065,-2.4551447771225448,0.0006181838273316999,6255.919733770147,281514981.0,0.0001974942082928296,0.060716232625426914,0.9253227030338878,16.129032258064516,-16.129032258064516,16.129032258064516,0.364090830753987,0.1818540379553449,0.0011744575512694984,0.3389995997672809,0.1333333333333333,0.24210681264604872,0.1333333333333333,0.20947476885223407
0812,"Fruits and nuts, provisionally preserved",Agriculture,2. Vegetable products,0.19839025468214708,56.57894736842105,52.04635725952652,0811,"Fruits and nuts, frozen",Agriculture,2. Vegetable products,0.38503882509473725,1,4,1065,0.18305505907610722,0.20597367826290533,3997.4051620172486,103660419.0,7.272199976351522e-05,0.17088701997715972,0.788163945626781,6.451612903225806,-64.51612903225806,6.451612903225806,0.6073738198414637,0.3712973085847137,0.00043246281753762223,0.3923424556129803,0.033333333333333326,0.4014511327137397,0.033333333333333326,0.2910157928996178
0812,"Fruits and nuts, provisionally preserved",Agriculture,2. Vegetable products,0.19839025468214708,56.57894736842105,52.04635725952652,0904,Pepper,Agriculture,2. Vegetable products,0.38138579083014834,1,5,1065,-2.740762490484549,-0.00361184608636817,6280.533689559384,73088184.0,5.127433354831179e-05,0.12324324107768492,0.8970626004313724,45.16129032258064,-12.903225806451623,45.16129032258064,0.33775244270254967,0.17795177712753552,0.00030491794540545085,0.36927413332110837,0.43333333333333324,0.23593333463050686,0.43333333333333324,0.29515333424135476
0812,"Fruits and nuts, provisionally preserved",Agriculture,2. Vegetable products,0.19839025468214708,56.57894736842105,52.04635725952652,2001,Pickled fruits and vegetables,Agriculture,"4. Prepared foodstuffs; beverages, spirits and tobacco",0.37624724769403295,1,6,1065,-0.3490575802788582,0.18503000890787247,3880.9401292406756,19937362.0,1.3986870288929831e-05,0.09326006061151482,0.6494356206143264,6.451612903225806,-51.612903225806456,6.451612903225806,0.5583047722063039,0.35197648528508546,8.31770489446654e-05,0.3547567779327306,0.033333333333333326,0.3718244333692376,0.033333333333333326,0.27027710335846633
0812,"Fruits and nuts, provisionally preserved",Agriculture,2. Vegetable products,0.19839025468214708,56.57894736842105,52.04635725952652,6308,Needlecraft sets of woven fabric and yarn,Textiles,11. Textiles and textile articles,0.3673238530173347,1,7,1065,1.2767925286503041,0.36082059549777323,4771.158650105625,390330.0,2.738323695922249e-07,-0.1065435986827713,0.6493208978127634,3.225806451612903,-54.83870967741936,3.225806451612903,0.7082333973548889,0.5141457214235129,1.628424939797514e-06,0.25801518198542056,0.0,0.46653521313399465,0.0,0.32657464919379625
0812,"Fruits and nuts, provisionally preserved",Agriculture,2. Vegetable products,0.19839025468214708,56.57894736842105,52.04635725952652,6209,Babies' garments,Textiles,11. Textiles and textile articles,0.3622422477642404,1,8,1065,-0.7146726961757286,0.16987472126110842,6830.882478697698,54343334.0,3.8124058926451266e-05,-0.012986675494189748,0.8910392409224632,29.03225806451613,-9.677419354838708,29.03225806451613,0.5245893814953717,0.3379955237967012,0.00022671595930967694,0.30331388218516264,0.26666666666666666,0.3474358065738964,0.26666666666666666,0.32320506460172743
0812,"Fruits and nuts, provisionally preserved",Agriculture,2. Vegetable products,0.19839025468214708,56.57894736842105,52.04635725952652,6208,Women's undergarments,Textiles,11. Textiles and textile articles,0.3594928024293561,1,9,1065,-0.994253534718759,0.152980001031813,6519.737860928002,60456431.0,4.24126450895879e-05,0.001963095736225995,0.8743279906735506,16.129032258064516,-61.29032258064517,16.129032258064516,0.49880768703876954,0.3224099118051506,0.00025221930164616495,0.310552311816461,0.1333333333333333,0.33404683926308815,0.1333333333333333,0.2738327874841617
0812,"Fruits and nuts, provisionally preserved",Agriculture,2. Vegetable products,0.19839025468214708,56.57894736842105,52.04635725952652,7310,"Tanks etc. < 300 liters, iron or steel",Metals,15. Base metals and articles of base metal,0.35794532018073305,1,10,1065,1.0130338047013907,0.42170436662605726,2938.3398286654406,91382545.0,6.410857181543341e-05,0.08107849843893522,0.9123705449349343,35.483870967741936,-29.032258064516128,35.483870967741936,0.6839107475390019,0.5703118384416803,0.00038124052811766616,0.34885866890975714,0.3333333333333333,0.49136389150892,0.3333333333333333,0.443954724056244
0812,"Fruits and nuts, provisionally preserved",Agriculture,2. Vegetable products,0.19839025468214708,56.57894736842105,52.04635725952652,1404,Vegetable products n.e.c.,Agriculture,2. Vegetable products,0.3575818545193017,1,11,1065,-2.8479106802548557,-0.0025888373232695206,5660.783847333838,66456542.0,4.662196697862121e-05,0.3051324668178983,0.9803935035239804,64.51612903225806,6.451612903225801,64.51612903225806,0.3278717158808119,0.17889551679467508,0.0002772512756014167,0.45734185963743007,0.6333333333333333,0.24601139807337513,0.6333333333333333,0.36220797865136256
0813,"Fruits, dried",Agriculture,2. Vegetable products,0.2029246526389052,66.44736842105263,54.65383583405086,2001,Pickled fruits and vegetables,Agriculture,"4. Prepared foodstuffs; beverages, spirits and tobacco",0.44328594188020626,1,1,1065,-0.3490575802788582,0.18503000890787247,3880.9401292406756,19937362.0,1.3986870288929831e-05,0.09326006061151482,0.6494356206143264,6.451612903225806,-51.612903225806456,6.451612903225806,0.5583047722063039,0.35197648528508546,8.31770489446654e-05,0.3547567779327306,0.033333333333333326,0.3718244333692376,0.033333333333333326,0.27027710335846633
0813,"Fruits, dried",Agriculture,2. Vegetable products,0.2029246526389052,66.44736842105263,54.65383583405086,1212,Seaweeds & edible vegetable products,Agriculture,2. Vegetable products,0.43937536272076455,1,2,1065,-3.0534199423780937,9.986528345065106e-05,4699.4838592942,14847296.0,1.0415981978626195e-05,0.29621396867299854,0.8817347052242728,29.03225806451613,-54.83870967741936,29.03225806451613,0.30892057090365843,0.18137588196321738,6.194170854137747e-05,0.4530236717371778,0.26666666666666666,0.2395666005202644,0.26666666666666666,0.24769662036418505
0813,"Fruits, dried",Agriculture,2. Vegetable products,0.2029246526389052,66.44736842105263,54.65383583405086,0811,"Fruits and nuts, frozen",Agriculture,2. Vegetable products,0.43095192007435695,1,3,1065,0.18305505907610722,0.20597367826290533,3997.4051620172486,103660419.0,7.272199976351522e-05,0.17088701997715972,0.788163945626781,6.451612903225806,-64.51612903225806,6.451612903225806,0.6073738198414637,0.3712973085847137,0.00043246281753762223,0.3923424556129803,0.033333333333333326,0.4014511327137397,0.033333333333333326,0.2910157928996178
0813,"Fruits, dried",Agriculture,2. Vegetable products,0.2029246526389052,66.44736842105263,54.65383583405086,0810,Other fresh fruit,Agriculture,2. Vegetable products,0.4171535770809197,1,4,1065,-1.8575580436755599,0.006553499596134498,4099.922451280301,129041757.0,9.052804062115153e-05,0.14275631962904867,0.6979782016868505,9.67741935483871,-80.64516129032258,9.67741935483871,0.4191976065020606,0.18732944846018937,0.0005383516905543782,0.3787220401691194,0.06666666666666667,0.2691735280157386,0.06666666666666667,0.20842146961101699
0813,"Fruits, dried",Agriculture,2. Vegetable products,0.2029246526389052,66.44736842105263,54.65383583405086,0802,Other nuts,Agriculture,2. Vegetable products,0.4155785904129255,1,5,1065,-2.4551447771225448,0.0006181838273316999,6255.919733770147,281514981.0,0.0001974942082928296,0.060716232625426914,0.9253227030338878,16.129032258064516,-16.129032258064516,16.129032258064516,0.364090830753987,0.1818540379553449,0.0011744575512694984,0.3389995997672809,0.1333333333333333,0.24210681264604872,0.1333333333333333,0.20947476885223407
0813,"Fruits, dried",Agriculture,2. Vegetable products,0.2029246526389052,66.44736842105263,54.65383583405086,6203,Men's suits and pants,Textiles,11. Textiles and textile articles,0.4102665695365195,1,6,1065,-1.3216465066411607,0.08099072585777965,6099.610669128956,837794869.0,0.0005877471734442079,0.07592317104389368,0.7881266068307489,9.67741935483871,-25.806451612903224,9.67741935483871,0.4686169714899885,0.25599881442160766,0.00349521189535519,0.34636254545742023,0.06666666666666667,0.306094188671975,0.06666666666666667,0.2342659320703825
0813,"Fruits, dried",Agriculture,2. Vegetable products,0.2029246526389052,66.44736842105263,54.65383583405086,2716,Electrical energy,Minerals,5. Mineral products,0.4082796649653931,1,7,1065,-0.6037057978446352,0.26734592743873575,658.0772433992051,1077835.0,7.561450876935817e-07,-0.4851455760158978,0.7217619604068098,9.67741935483871,-38.70967741935484,9.67741935483871,0.5348222525407483,0.4279140533263428,4.496639753507682e-06,0.07470242562560059,0.06666666666666667,0.34816374539328493,0.06666666666666667,0.2637146217752994
0813,"Fruits, dried",Agriculture,2. Vegetable products,0.2029246526389052,66.44736842105263,54.65383583405086,6211,Activewear,Textiles,11. Textiles and textile articles,0.40756595291197417,1,8,1065,-1.0912108097201325,0.10412265481897923,6168.958135232431,214434467.0,0.00015043449957947316,0.060911594845077355,0.7936459758826593,9.67741935483871,-38.70967741935484,9.67741935483871,0.48986672079638727,0.27733833733245283,0.0008946031153510799,0.339094190892306,0.06666666666666667,0.31952008944624266,0.06666666666666667,0.24366406261236984
0813,"Fruits, dried",Agriculture,2. Vegetable products,0.2029246526389052,66.44736842105263,54.65383583405086,0709,Other vegetables,Agriculture,2. Vegetable products,0.4075498782818002,1,9,1065,-1.1623047356362484,0.0857029113782196,2274.6228224453253,12332208.0,8.65154545882764e-06,0.045225391474933874,0.49844537812737444,3.225806451612903,-74.19354838709678,3.225806451612903,0.48331075692832864,0.2603458704341974,5.144896643857869e-05,0.3314991931142791,0.0,0.31001241588899175,0.0,0.2170086911222942
0813,"Fruits, dried",Agriculture,2. Vegetable products,0.2029246526389052,66.44736842105263,54.65383583405086,0712,"Vegetables, dried",Agriculture,2. Vegetable products,0.4073446126249969,1,10,1065,-1.40394131783788,0.08090329960949856,4826.08214090124,116438276.0,8.168618612024055e-05,0.06550785984999896,1.139317986986221,93.54838709677419,45.16129032258064,93.54838709677419,0.4610281120792566,0.25591816250402083,0.0004857709952743226,0.3413196256693437,0.9333333333333333,0.3022020056038398,0.9333333333333333,0.49154140392268786
0813,"Fruits, dried",Agriculture,2. Vegetable products,0.2029246526389052,66.44736842105263,54.65383583405086,0910,Spices,Agriculture,2. Vegetable products,0.40678520045604755,1,11,1065,-2.517802589486876,-3.3678450423499834e-05,4868.147605236873,27148494.0,1.9045772661287373e-05,0.09060098119626359,0.8686165177827612,16.129032258064516,-45.16129032258064,16.129032258064516,0.3583128075456917,0.18125268603029768,0.00011326130378793117,0.35346929607533795,0.1333333333333333,0.24188530635846517,0.1333333333333333,0.2093197144509256
0814,Peel of citrus fruit or melons,Agriculture,2. Vegetable products,0.20284449451190478,65.13157894736842,51.03084115725299,0810,Other fresh fruit,Agriculture,2. Vegetable products,0.3519913349686372,1,1,1065,-1.8575580436755599,0.006553499596134498,4099.922451280301,129041757.0,9.052804062115153e-05,0.14275631962904867,0.6979782016868505,9.67741935483871,-80.64516129032258,9.67741935483871,0.4191976065020606,0.18732944846018937,0.0005383516905543782,0.3787220401691194,0.06666666666666667,0.2691735280157386,0.06666666666666667,0.20842146961101699
0814,Peel of citrus fruit or melons,Agriculture,2. Vegetable products,0.20284449451190478,65.13157894736842,51.03084115725299,6907,Unglazed ceramic flags and pavers,Stone,"13. Articles of stone, plaster, cement, ceramics and glass",0.34515645653685384,1,2,1065,-1.244221769913689,0.18620751059590748,4064.6174875765314,465599800.0,0.0003266371954901391,0.03052316999506366,1.2788306385013266,80.64516129032258,3.225806451612897,80.64516129032258,0.4757567344154198,0.35306274680229527,0.001942444409306829,0.3243806229391525,0.7999999999999999,0.33903527852846915,0.7999999999999999,0.47732469496992835
0814,Peel of citrus fruit or melons,Agriculture,2. Vegetable products,0.20284449451190478,65.13157894736842,51.03084115725299,0807,Melons and papayas,Agriculture,2. Vegetable products,0.34499750934476797,1,3,1065,-2.5162534627954565,0.0030120106759876503,3035.075598544559,4933524.0,3.4610677307921806e-06,0.024399778413965567,0.5725673728158718,16.129032258064516,-70.96774193548387,16.129032258064516,0.35845566108043636,0.18406237617768573,2.058225994079264e-05,0.3214157789705381,0.1333333333333333,0.23809676722491457,0.1333333333333333,0.20666773705744018
0814,Peel of citrus fruit or melons,Agriculture,2. Vegetable products,0.20284449451190478,65.13157894736842,51.03084115725299,1212,Seaweeds & edible vegetable products,Agriculture,2. Vegetable products,0.3427607726781686,1,4,1065,-3.0534199423780937,9.986528345065106e-05,4699.4838592942,14847296.0,1.0415981978626195e-05,0.29621396867299854,0.8817347052242728,29.03225806451613,-54.83870967741936,29.03225806451613,0.30892057090365843,0.18137588196321738,6.194170854137747e-05,0.4530236717371778,0.26666666666666666,0.2395666005202644,0.26666666666666666,0.24769662036418505
0814,Peel of citrus fruit or melons,Agriculture,2. Vegetable products,0.20284449451190478,65.13157894736842,51.03084115725299,6105,"Men's shirts, knit",Textiles,11. Textiles and textile articles,0.3351484805994755,1,5,1065,-1.6464172531571526,0.034429651692284145,6819.224040626706,227771421.0,0.0001597909152199889,0.13029496889202274,0.785671791843339,9.67741935483871,-25.806451612903224,9.67741935483871,0.4386680658398282,0.21304558252405353,0.0009502438001934754,0.3726884621945365,0.06666666666666667,0.2841455828265681,0.06666666666666667,0.21890190797859765
0814,Peel of citrus fruit or melons,Agriculture,2. Vegetable products,0.20284449451190478,65.13157894736842,51.03084115725299,0702,Tomatoes,Agriculture,2. Vegetable products,0.33246134461159726,1,6,1065,-1.5107077162892113,0.004552434773690789,1897.1385992085882,6255534.0,4.388511511502393e-06,0.05240360233403951,0.48726853116246027,6.451612903225806,-61.29032258064515,6.451612903225806,0.4511825923453267,0.18548343861396124,2.609757788884099e-05,0.3349747629662475,0.033333333333333326,0.2730832399173712,0.033333333333333326,0.20115826794215985
0814,Peel of citrus fruit or melons,Agriculture,2. Vegetable products,0.20284449451190478,65.13157894736842,51.03084115725299,0804,"Avocados, pineapples, mangos, etc.",Agriculture,2. Vegetable products,0.33057293069020466,1,7,1065,-3.6751629208373284,-0.0012187885173536672,4671.515201202335,171394559.0,0.00012024025369862527,0.1625221732788844,0.8326793237465899,25.806451612903224,-22.580645161290327,25.806451612903224,0.25158621428355454,0.1801594056788169,0.0007150441278436104,0.38829233649952677,0.23333333333333328,0.20946207408093553,0.23333333333333328,0.21662345185665485
0814,Peel of citrus fruit or melons,Agriculture,2. Vegetable products,0.20284449451190478,65.13157894736842,51.03084115725299,2104,Soups and broths,Agriculture,"4. Prepared foodstuffs; beverages, spirits and tobacco",0.32979409907681473,1,8,1065,-0.2505179798051222,0.2749498220134562,2835.835068764008,32115428.0,2.2530278865853223e-05,0.08132637259942221,0.8119372861536648,22.58064516129032,-41.935483870967744,22.58064516129032,0.5673916534265221,0.4349287507500238,0.00013398294752509774,0.34897868543980626,0.19999999999999996,0.4031790417198908,0.19999999999999996,0.3422253292039235
0814,Peel of citrus fruit or melons,Agriculture,2. Vegetable products,0.20284449451190478,65.13157894736842,51.03084115725299,1605,Prepared aquatic invertibrates,Agriculture,"4. Prepared foodstuffs; beverages, spirits and tobacco",0.3297928385401158,1,9,1065,-2.4119185323664483,0.03470497192204782,6458.418981590122,119077156.0,8.353746776261886e-05,0.03952897041060077,0.6670422570477285,3.225806451612903,-45.16129032258065,3.225806451612903,0.36807696170851045,0.2132995692261879,0.0004967801875094387,0.3287410811412657,0.0,0.2528674650264607,0.0,0.17700722551852247
0814,Peel of citrus fruit or melons,Agriculture,2. Vegetable products,0.20284449451190478,65.13157894736842,51.03084115725299,4110,Waste of leather,Agriculture,"8. Raw hides and skins, leather, furskins and articles thereof",0.328872539653106,1,10,1065,0.06429673375097965,0.3850624975809978,4241.904811872493,741909.0,5.204793366940743e-07,0.27313567172124653,1.0865733867252334,51.61290322580645,-9.677419354838712,51.61290322580645,0.5964224582472071,0.5365092098197962,3.0951838666262747e-06,0.4418495456638908,0.49999999999999994,0.46280397995061473,0.49999999999999994,0.47396278596543023
0814,Peel of citrus fruit or melons,Agriculture,2. Vegetable products,0.20284449451190478,65.13157894736842,51.03084115725299,0708,Legumes,Agriculture,2. Vegetable products,0.32840599961559674,1,11,1065,-3.479223583323188,-0.048869362500723074,2792.11884358736,684122.0,4.799394060158637e-07,-0.0199107769456196,0.523088394464111,12.903225806451612,-70.96774193548387,12.903225806451612,0.2696548636164061,0.13620109520074838,2.854101213496669e-06,0.2999613478658296,0.09999999999999998,0.18704421588106052,0.09999999999999998,0.16093095111674235
0902,Tea,Agriculture,2. Vegetable products,0.1971459358538981,49.34210526315789,45.14928690729047,0904,Pepper,Agriculture,2. Vegetable products,0.38773366428989875,1,1,1065,-2.740762490484549,-0.00361184608636817,6280.533689559384,73088184.0,5.127433354831179e-05,0.12324324107768492,0.8970626004313724,45.16129032258064,-12.903225806451623,45.16129032258064,0.33775244270254967,0.17795177712753552,0.00030491794540545085,0.36927413332110837,0.43333333333333324,0.23593333463050686,0.43333333333333324,0.29515333424135476
0902,Tea,Agriculture,2. Vegetable products,0.1971459358538981,49.34210526315789,45.14928690729047,0708,Legumes,Agriculture,2. Vegetable products,0.3722550254411827,1,2,1065,-3.479223583323188,-0.048869362500723074,2792.11884358736,684122.0,4.799394060158637e-07,-0.0199107769456196,0.523088394464111,12.903225806451612,-70.96774193548387,12.903225806451612,0.2696548636164061,0.13620109520074838,2.854101213496669e-06,0.2999613478658296,0.09999999999999998,0.18704421588106052,0.09999999999999998,0.16093095111674235
0902,Tea,Agriculture,2. Vegetable products,0.1971459358538981,49.34210526315789,45.14928690729047,0802,Other nuts,Agriculture,2. Vegetable products,0.3643907404187,1,3,1065,-2.4551447771225448,0.0006181838273316999,6255.919733770147,281514981.0,0.0001974942082928296,0.060716232625426914,0.9253227030338878,16.129032258064516,-16.129032258064516,16.129032258064516,0.364090830753987,0.1818540379553449,0.0011744575512694984,0.3389995997672809,0.1333333333333333,0.24210681264604872,0.1333333333333333,0.20947476885223407
0902,Tea,Agriculture,2. Vegetable products,0.1971459358538981,49.34210526315789,45.14928690729047,0910,Spices,Agriculture,2. Vegetable products,0.3634105073361672,1,4,1065,-2.517802589486876,-3.3678450423499834e-05,4868.147605236873,27148494.0,1.9045772661287373e-05,0.09060098119626359,0.8686165177827612,16.129032258064516,-45.16129032258064,16.129032258064516,0.3583128075456917,0.18125268603029768,0.00011326130378793117,0.35346929607533795,0.1333333333333333,0.24188530635846517,0.1333333333333333,0.2093197144509256
0902,Tea,Agriculture,2. Vegetable products,0.1971459358538981,49.34210526315789,45.14928690729047,2615,Zirconium ore,Minerals,5. Mineral products,0.35620405048112136,1,5,1065,-5.011711883274501,-0.12045230922111903,8815.862688375188,170543493.0,0.00011964319628705205,0.1115606170675536,1.0845213375500364,41.935483870967744,-35.483870967741936,41.935483870967744,0.12833564691486002,0.07016484140937912,0.0007114935498716029,0.36361760182621805,0.39999999999999997,0.12412453521989714,0.39999999999999997,0.20688717465392797
0902,Tea,Agriculture,2. Vegetable products,0.1971459358538981,49.34210526315789,45.14928690729047,4602,Basketwork,Agriculture,9. Wood and articles of wood,0.3523618625130121,1,6,1065,-1.7808199417967345,0.13462255247456983,8590.993513849306,682945298.0,0.0004791139017067819,0.024195292290106085,0.7543330282284363,19.35483870967742,-16.129032258064516,19.35483870967742,0.4262740510328434,0.3054749127945174,0.0028491921086789265,0.3213167702034258,0.16666666666666666,0.304737031686392,0.16666666666666666,0.2633159221804744
0902,Tea,Agriculture,2. Vegetable products,0.1971459358538981,49.34210526315789,45.14928690729047,4106,Tanned skins of other animals,Agriculture,"8. Raw hides and skins, leather, furskins and articles thereof",0.3479923496431461,1,7,1065,-3.7236133762143138,0.05941551943693196,4547.76594301018,1380700.0,9.686172026131348e-07,0.16571371776415678,0.9311132193626235,35.483870967741936,-25.806451612903224,35.483870967741936,0.2471183299917617,0.2360953894847528,5.760167843564235e-06,0.3898376290538905,0.3333333333333333,0.2276013102000402,0.3333333333333333,0.25932091714002814
0902,Tea,Agriculture,2. Vegetable products,0.1971459358538981,49.34210526315789,45.14928690729047,2403,Other manufactured tobacco,Agriculture,"4. Prepared foodstuffs; beverages, spirits and tobacco",0.3454335071668585,1,8,1065,-0.836273832104711,0.16335157219192628,3783.032269702032,22988299.0,1.6127226675030295e-05,-0.09514007453252504,0.5947992711369401,3.225806451612903,-54.83870967741936,3.225806451612903,0.5133758686221915,0.3319778289798894,9.590530939236608e-05,0.26353657798795144,0.0,0.3354186666553299,0.0,0.2347930666587309
0902,Tea,Agriculture,2. Vegetable products,0.1971459358538981,49.34210526315789,45.14928690729047,0701,Potatoes,Agriculture,2. Vegetable products,0.3371811224979313,1,9,1065,-0.5397975790352212,0.05230451138390772,1714.998782509877,25329515.0,1.7769684915512017e-05,0.05009133816726674,0.743843356843749,9.67741935483871,-58.06451612903225,9.67741935483871,0.5407155826387493,0.22953538666262563,0.00010567267168543343,0.33385520326180834,0.06666666666666667,0.31968197064550524,0.06666666666666667,0.24377737945185365
0902,Tea,Agriculture,2. Vegetable products,0.1971459358538981,49.34210526315789,45.14928690729047,9601,Worked animal carving material,Machinery,20. Miscellaneous manufactured articles,0.3252692214002911,1,10,1065,-1.4974644841420757,0.1782685308542506,6114.914114679506,1216851.0,8.536704654284029e-07,0.2203395165135047,0.6296852494705171,6.451612903225806,-41.935483870967744,6.451612903225806,0.45240382398128076,0.34573892869918804,5.076603172744972e-06,0.41628652878662736,0.033333333333333326,0.341793704246634,0.033333333333333326,0.2492555929726438
0902,Tea,Agriculture,2. Vegetable products,0.1971459358538981,49.34210526315789,45.14928690729047,7103,Precious stones,Stone,"14. Pearls, precious stones and metals",0.3208431423115664,1,11,1065,-3.0720481527616497,0.005407342178186963,6873.92637275521,14052785.0,9.858600199626149e-06,0.10835248366528671,0.5534142851866128,3.225806451612903,-51.61290322580645,3.225806451612903,0.30720276065999175,0.18627210246363404,5.862707341893375e-05,0.3620642771952109,0.0,0.2270346377335635,0.0,0.15892424641349445
0903,Mate,Agriculture,2. Vegetable products,0.21922738279457937,96.71052631578947,25.055928233984805,0502,Brushmaking hair,Agriculture,1. Live animals; animal products,0.227099236169513,1,1,1065,0.8498197627228541,0.3655112267075533,6193.996290602893,2275327.0,1.5962344272978463e-06,-0.0794318318600904,1.0881574233762514,54.83870967741935,3.225806451612904,54.83870967741935,0.6688598785908781,0.518472893287793,9.492478756423176e-06,0.27114224682818383,0.5333333333333332,0.45623923105357594,0.5333333333333332,0.4793674617375031
0903,Mate,Agriculture,2. Vegetable products,0.21922738279457937,96.71052631578947,25.055928233984805,4703,"Chemical woodpulp, soda or sulfate",Agriculture,"10. Pulp, paper and paperboard",0.191255567379884,0,2,1065,1.7239292449165957,0.4965747031522535,8556.58777508857,5508925420.0,0.003864735228307952,0.09038716064115482,0.8379680303193789,20.0,-40.0,20.0,0.7494663454323792,0.6393807545845303,0.022982787757570504,0.35336576773246064,0.1733333333333333,0.542548768329423,0.1733333333333333,0.43178413783059605
0903,Mate,Agriculture,2. Vegetable products,0.21922738279457937,96.71052631578947,25.055928233984805,9302,Revolvers and pistols,Machinery,19. Arms and ammunition,0.17703959971276662,0,3,1065,2.586549408653248,0.6157717370149229,7027.449642076574,54680460.0,3.836056652625438e-05,0.00895170993058958,0.9370951548293522,66.66666666666666,13.333333333333321,66.66666666666666,0.8290133187137387,0.7493416592407633,0.00022812242149873282,0.3139360821288303,0.6555555555555554,0.5995488729666251,0.6555555555555554,0.6163508777433041
0903,Mate,Agriculture,2. Vegetable products,0.21922738279457937,96.71052631578947,25.055928233984805,6803,Worked slate,Stone,"13. Articles of stone, plaster, cement, ceramics and glass",0.1765188206998719,0,4,1065,1.9984032566185488,0.4452837587346078,3694.2113983330355,4386112.0,3.0770359497268794e-06,-0.029332796036233844,0.5763731396297299,20.0,-16.666666666666664,20.0,0.7747771111588668,0.592064152265928,1.8298501702521338e-05,0.29539936353035,0.1733333333333333,0.5227070915034859,0.1733333333333333,0.41789496405244014
0903,Mate,Agriculture,2. Vegetable products,0.21922738279457937,96.71052631578947,25.055928233984805,1805,Cocoa powder,Agriculture,"4. Prepared foodstuffs; beverages, spirits and tobacco",0.16792339154138403,0,5,1065,-0.2902468348908837,0.3666465668275303,4014.197495836707,143719963.0,0.00010082539908794326,0.09175646639459778,1.3051723246416205,83.87096774193549,25.806451612903224,83.87096774193549,0.5637280361047146,0.5195202601780549,0.0005995879694001895,0.35402876271661554,0.8333333333333334,0.4323311563018716,0.8333333333333334,0.5526318094113101
0903,Mate,Agriculture,2. Vegetable products,0.21922738279457937,96.71052631578947,25.055928233984805,4705,Semichemical woodpulp,Agriculture,"10. Pulp, paper and paperboard",0.16711061078508835,0,6,1065,2.230285903172808,0.3989545199705702,7767.142297333206,10330000.0,7.246915117689349e-06,-0.20548815490577899,0.8714634341868883,51.61290322580645,12.903225806451609,51.61290322580645,0.7961602916887086,0.5493247917177653,4.309591788514416e-05,0.21010787982128123,0.49999999999999994,0.5024424255531408,0.49999999999999994,0.5017096978871984
0903,Mate,Agriculture,2. Vegetable products,0.21922738279457937,96.71052631578947,25.055928233984805,9303,Other firearms,Machinery,19. Arms and ammunition,0.1538347830493107,0,7,1065,2.185195895007334,0.708023621252569,6291.764140639973,24643876.0,1.7288681272300263e-05,-0.013837819656272066,0.7093567847374403,12.903225806451612,-54.838709677419345,12.903225806451612,0.7920022928085778,0.834445292429329,0.00010281224167160455,0.30290177239241955,0.09999999999999998,0.614707342528381,0.09999999999999998,0.46029513976986663
0903,Mate,Agriculture,2. Vegetable products,0.21922738279457937,96.71052631578947,25.055928233984805,0204,Lamb,Agriculture,1. Live animals; animal products,0.15140242550441188,0,8,1065,-1.8642437122654596,0.18164513226569992,9070.491862317158,1873563013.0,0.0013143806508086452,0.08152166993689058,0.648952826484111,6.666666666666667,-59.99999999999999,6.666666666666667,0.4185810840475135,0.3488538899850055,0.007816352154974955,0.34907324514996213,0.035555555555555556,0.32213568050712216,0.035555555555555556,0.23616164302165216
0903,Mate,Agriculture,2. Vegetable products,0.21922738279457937,96.71052631578947,25.055928233984805,6501,Hat forms,Textiles,"12. Footwear, headgear, umbrellas and related articles",0.15013305405559943,0,9,1065,-1.0713739575424268,0.2606510918551227,6227.928205634127,7758682.0,5.4430309660352596e-06,0.1850934038113985,1.3524932516295152,87.09677419354838,54.83870967741935,87.09677419354838,0.4916959865804501,0.42173797533645757,3.236858880628713e-05,0.39922094947850095,0.8666666666666667,0.3795898843810137,0.8666666666666667,0.5257129190667096
0903,Mate,Agriculture,2. Vegetable products,0.21922738279457937,96.71052631578947,25.055928233984805,5305,Vegetable textile fibers,Textiles,11. Textiles and textile articles,0.14624015160834236,0,10,1065,-2.730447478787237,0.06154417140009481,7994.6537830898815,72881227.0,5.112914479593893e-05,0.06852929209649661,1.2178070204534588,83.87096774193549,25.806451612903224,83.87096774193549,0.3387036469455953,0.23805910022471413,0.00030405453767285107,0.3427825527178535,0.8333333333333334,0.2533299525979372,0.8333333333333334,0.42733096681855604
0903,Mate,Agriculture,2. Vegetable products,0.21922738279457937,96.71052631578947,25.055928233984805,2809,Phosphoric acid etc.,Chemicals,6. Products of the chemical or allied industries,0.14564849916685296,0,11,1065,0.8670144915852526,0.3959984753430401,5287.772362621497,195905121.0,0.00013743540977808916,0.06274114616690407,1.4996530337781584,87.09677419354838,-6.451612903225808,87.09677419354838,0.6704454995801588,0.5465977998546799,0.0008173001943751433,0.339980029096502,0.8666666666666667,0.47708475419582513,0.8666666666666667,0.5939593279370776
0909,"Anise, fennel, etc.",Agriculture,2. Vegetable products,0.19106423828072516,30.92105263157895,49.77669056968344,2515,Marble,Minerals,5. Mineral products,0.4180207543836466,1,1,1065,-2.0999230544263314,0.003293431930838555,6533.583465874665,22487113.0,1.577562431296115e-05,0.12352877581584498,1.0854477456484264,74.19354838709677,32.258064516129025,74.19354838709677,0.39684778923021,0.18432199115945241,9.381440225769194e-05,0.3694123844740931,0.7333333333333333,0.25883535296783444,0.7333333333333333,0.4011847470774841
0909,"Anise, fennel, etc.",Agriculture,2. Vegetable products,0.19106423828072516,30.92105263157895,49.77669056968344,6801,"Flagstones, of natural stone",Stone,"13. Articles of stone, plaster, cement, ceramics and glass",0.3659083624814137,1,2,1065,0.9643172374786935,0.48482795792344224,4783.420839251781,558016.0,3.914709183264801e-07,-0.0733764930326184,0.475270479102092,3.225806451612903,-45.16129032258065,3.225806451612903,0.6794183236030289,0.6285442204001765,2.3279972618196133e-06,0.274074140789688,0.0,0.4988983607191644,0.0,0.34922885250341507
0909,"Anise, fennel, etc.",Agriculture,2. Vegetable products,0.19106423828072516,30.92105263157895,49.77669056968344,6406,Parts of footwear,Textiles,"12. Footwear, headgear, umbrellas and related articles",0.36493379416188504,1,3,1065,0.4630848606805252,0.3617212822707566,4283.860417565458,70741228.0,4.962784846438616e-05,0.12644597279147374,1.1077015760550666,41.935483870967744,25.806451612903228,41.935483870967744,0.6331969156635219,0.5149766173708338,0.00029512663630031565,0.37082484254473996,0.39999999999999997,0.45752873193918053,0.39999999999999997,0.44027011235742636
0909,"Anise, fennel, etc.",Agriculture,2. Vegetable products,0.19106423828072516,30.92105263157895,49.77669056968344,6802,Worked building stone,Stone,"13. Articles of stone, plaster, cement, ceramics and glass",0.3646670147550916,1,4,1065,-0.7806270400166389,0.1893306408371341,5226.66496597849,90313806.0,6.335880794167115e-05,0.01990867255277684,0.803719236853777,25.806451612903224,-48.387096774193544,25.806451612903224,0.5185073668986155,0.3559438774441885,0.0003767818361346409,0.3192412604951793,0.23333333333333328,0.3540006418696785,0.23333333333333328,0.31780044930877493
0909,"Anise, fennel, etc.",Agriculture,2. Vegetable products,0.19106423828072516,30.92105263157895,49.77669056968344,5702,Woven carpets and rugs,Textiles,11. Textiles and textile articles,0.3642397767846634,1,5,1065,-0.132208902779721,0.038251921721445106,5422.179724369225,71754587.0,5.033876101586211e-05,0.0716484588929116,0.8012725667124774,9.67741935483871,-77.41935483870968,9.67741935483871,0.5783015873519189,0.2165716792449769,0.00029935428743798964,0.3442928012036763,0.06666666666666667,0.3298944666325806,0.06666666666666667,0.2509261266428064
0909,"Anise, fennel, etc.",Agriculture,2. Vegetable products,0.19106423828072516,30.92105263157895,49.77669056968344,0707,Cucumbers,Agriculture,2. Vegetable products,0.36052651875637404,1,6,1065,0.30626258461275385,0.006996770897490231,1657.5737449455935,482.0,3.3814260278085826e-10,-0.6394309984549027,0.44506327177128735,6.451612903225806,-64.51612903225806,6.451612903225806,0.6187354667794063,0.18773837233795448,2.01086470674148e-09,0.0,0.033333333333333326,0.282265843992706,0.033333333333333326,0.20758609079489418
0909,"Anise, fennel, etc.",Agriculture,2. Vegetable products,0.19106423828072516,30.92105263157895,49.77669056968344,9614,Smoking pipes,Machinery,20. Miscellaneous manufactured articles,0.35526601671456554,1,7,1065,1.418595225026345,0.560682350897204,6228.718046244629,7030218.0,4.9319838436448965e-06,0.0532417761734838,0.9680108002219404,35.483870967741936,-38.70967741935483,35.483870967741936,0.7213098077775106,0.6985209421628523,2.9329496383607205e-05,0.3353805927453193,0.3333333333333333,0.5472522508153824,0.3333333333333333,0.48307657557076766
0909,"Anise, fennel, etc.",Agriculture,2. Vegetable products,0.19106423828072516,30.92105263157895,49.77669056968344,7321,Stoves and similar non-electric appliances of iron or steel,Metals,15. Base metals and articles of base metal,0.3532670638607074,1,8,1065,1.3252432872357338,0.534055671798058,6741.584153972607,580486142.0,0.0004072346367927363,0.06592687274262543,1.1540108255643284,83.87096774193549,9.677419354838719,83.87096774193549,0.7127013096072082,0.6739574641395097,0.002421740862448803,0.3415225047161958,0.8333333333333334,0.5369222076481479,0.8333333333333334,0.6258455453537035
0909,"Anise, fennel, etc.",Agriculture,2. Vegetable products,0.19106423828072516,30.92105263157895,49.77669056968344,0712,"Vegetables, dried",Agriculture,2. Vegetable products,0.35074580167513136,1,9,1065,-1.40394131783788,0.08090329960949856,4826.08214090124,116438276.0,8.168618612024055e-05,0.06550785984999896,1.139317986986221,93.54838709677419,45.16129032258064,93.54838709677419,0.4610281120792566,0.25591816250402083,0.0004857709952743226,0.3413196256693437,0.9333333333333333,0.3022020056038398,0.9333333333333333,0.49154140392268786
0909,"Anise, fennel, etc.",Agriculture,2. Vegetable products,0.19106423828072516,30.92105263157895,49.77669056968344,2001,Pickled fruits and vegetables,Agriculture,"4. Prepared foodstuffs; beverages, spirits and tobacco",0.34734223603211745,1,10,1065,-0.3490575802788582,0.18503000890787247,3880.9401292406756,19937362.0,1.3986870288929831e-05,0.09326006061151482,0.6494356206143264,6.451612903225806,-51.612903225806456,6.451612903225806,0.5583047722063039,0.35197648528508546,8.31770489446654e-05,0.3547567779327306,0.033333333333333326,0.3718244333692376,0.033333333333333326,0.27027710335846633
0909,"Anise, fennel, etc.",Agriculture,2. Vegetable products,0.19106423828072516,30.92105263157895,49.77669056968344,6202,"Womens overcoats, not knit",Textiles,11. Textiles and textile articles,0.343554441609081,1,11,1065,-0.1274638866622519,0.29104367046845003,6507.221600299139,304381277.0,0.00021353584490153816,0.041738575345571904,0.7231111230746474,9.67741935483871,-16.129032258064512,9.67741935483871,0.5787391515153636,0.44977554750463394,0.0012698538740917057,0.3298109349596451,0.06666666666666667,0.40964226298205964,0.06666666666666667,0.30674958408744174
1001,Wheat and meslin,Agriculture,2. Vegetable products,0.1978560594645108,53.289473684210535,53.88117549084908,1205,Rape or colza seeds,Agriculture,2. Vegetable products,0.508317751337907,1,1,1065,1.5691069667597983,0.5536794532034081,6649.318147038165,21012246.0,1.4740945130107216e-05,-0.031981971453120095,0.4919058346956197,6.666666666666667,-56.666666666666664,6.666666666666667,0.7351893274102758,0.6920606726354072,8.766137736674239e-05,0.2941166770236105,0.035555555555555556,0.5436681507761356,0.035555555555555556,0.39123437220996155
1001,Wheat and meslin,Agriculture,2. Vegetable products,0.1978560594645108,53.289473684210535,53.88117549084908,1514,"Rapeseed, colza or mustard oil,",Agriculture,3. Animal or vegetable fats and oils,0.4758824855754723,1,2,1065,2.113034943089607,0.6304123303976537,2586.4524878265856,95053081.0,6.668360209892063e-05,-0.04539430549636281,0.7555427004721768,25.806451612903224,-45.16129032258065,25.806451612903224,0.7853479325751097,0.7628478081850729,0.00039655370508286125,0.2876226488095895,0.23333333333333328,0.5850713896432648,0.23333333333333328,0.4795499727502853
1001,Wheat and meslin,Agriculture,2. Vegetable products,0.1978560594645108,53.289473684210535,53.88117549084908,8608,Railway track fixtures,Vehicles,"17. Vehicles, aircraft, vessels and associated transport equipment",0.41399207364942336,1,3,1065,2.5399907398120636,0.7496808986314845,4474.8242642645255,45273467.0,3.176117835745497e-05,0.09820887867063632,1.1847130236243864,61.29032258064516,19.354838709677416,61.29032258064516,0.8247198865149337,0.8728747042834756,0.00018887721357287358,0.35715291301245466,0.6,0.6477593753133474,0.6,0.6334315627193432
1001,Wheat and meslin,Agriculture,2. Vegetable products,0.1978560594645108,53.289473684210535,53.88117549084908,1004,Oats,Agriculture,2. Vegetable products,0.4032263721457812,1,4,1065,1.5422345424777444,0.0612291876952154,2983.4990384036,1702677.0,1.194497162811418e-06,-0.4348780030627417,0.7972684752929139,16.129032258064516,-64.51612903225806,16.129032258064516,0.7327112726345674,0.23776852342076094,7.1034296395860215e-06,0.09904114519191048,0.1333333333333333,0.3545251659125974,0.1333333333333333,0.2881676161388182
1001,Wheat and meslin,Agriculture,2. Vegetable products,0.1978560594645108,53.289473684210535,53.88117549084908,8606,"Railway cars, not self-propelled",Vehicles,"17. Vehicles, aircraft, vessels and associated transport equipment",0.3964073534817215,1,5,1065,1.3431305869342685,0.5844479010830038,2750.3709093949296,14776225.0,1.0366122781692091e-05,0.24404874691386302,0.6133923917635712,12.903225806451612,-48.38709677419355,12.903225806451612,0.714350796381354,0.720444989376095,6.16452061231766e-05,0.42776614230178756,0.09999999999999998,0.5663526931412939,0.09999999999999998,0.42644688519890567
1001,Wheat and meslin,Agriculture,2. Vegetable products,0.1978560594645108,53.289473684210535,53.88117549084908,8607,Parts of railway locomotives,Vehicles,"17. Vehicles, aircraft, vessels and associated transport equipment",0.3948582442068076,1,6,1065,2.8614169052616782,0.7803580890247209,3343.41085181649,127644875.0,8.95480710874218e-05,0.10538064514840695,0.6252145775054238,3.225806451612903,-64.51612903225806,3.225806451612903,0.8543603698583722,0.9011748347367069,0.0005325240127259914,0.36062536260257483,0.0,0.6686110046005729,0.0,0.468027703220401
1001,Wheat and meslin,Agriculture,2. Vegetable products,0.1978560594645108,53.289473684210535,53.88117549084908,4902,"Newspapers, journals and periodicals",Agriculture,"10. Pulp, paper and paperboard",0.3944159808505196,1,7,1065,2.672860478649815,0.5995838304207395,2518.5310168969786,2552987.0,1.7910242096383714e-06,-0.11512429607145036,0.5657585436207909,9.67741935483871,-58.06451612903225,9.67741935483871,0.8369725395475777,0.7344080925579057,1.0650853641223673e-05,0.25386055157147464,0.06666666666666667,0.5880639016006866,0.06666666666666667,0.4316447311204806
1001,Wheat and meslin,Agriculture,2. Vegetable products,0.1978560594645108,53.289473684210535,53.88117549084908,8432,Machinery for soil preparation or cultivation,Machinery,"16. Machinery, mechanical appliances and electrical equipment",0.39394902472059806,1,8,1065,2.2376026442910835,0.6556662564677201,3436.404250766662,270216840.0,0.00018956810288966544,0.12363283506856493,1.104858734204967,45.16129032258064,9.677419354838705,45.16129032258064,0.7968350088292413,0.7861449026411779,0.0011273226280564509,0.36946276822690705,0.43333333333333324,0.6096314826428911,0.43333333333333324,0.5567420378500237
1001,Wheat and meslin,Agriculture,2. Vegetable products,0.1978560594645108,53.289473684210535,53.88117549084908,4406,Wooden railway ties,Agriculture,9. Wood and articles of wood,0.3858197328857444,1,9,1065,0.6076252477824665,0.5788699718084865,1759.6867421618138,7915699.0,5.5531847773648075e-06,-0.06471183504519351,0.8421350685661465,22.58064516129032,-32.25806451612903,22.58064516129032,0.6465257836800891,0.715299272832166,3.3023650930059805e-05,0.2782694235237569,0.19999999999999996,0.5183841368554922,0.19999999999999996,0.4228688957988445
1001,Wheat and meslin,Agriculture,2. Vegetable products,0.1978560594645108,53.289473684210535,53.88117549084908,1002,Rye,Agriculture,2. Vegetable products,0.38485791524863616,1,10,1065,2.2944111228205486,0.665272838752234,2366.217688305153,61396.0,4.3071790955048914e-08,-0.08836902092303656,0.4757489660559138,9.67741935483871,-35.48387096774193,9.67741935483871,0.8020736326334463,0.7950071070470084,2.561391069192944e-07,0.2668150090974734,0.06666666666666667,0.5990005486736462,0.06666666666666667,0.4393003840715523
1001,Wheat and meslin,Agriculture,2. Vegetable products,0.1978560594645108,53.289473684210535,53.88117549084908,6806,Mineral wools and insulating materials,Stone,"13. Articles of stone, plaster, cement, ceramics and glass",0.3817409185712718,1,11,1065,2.7623105898925657,0.7359659511528415,2915.817068977038,77152139.0,5.4125363260519844e-05,0.09666503524409098,0.7737926165964616,22.58064516129032,-35.48387096774194,22.58064516129032,0.845221228725233,0.8602224764285287,0.0003218724343666242,0.3564054098010306,0.19999999999999996,0.650414389139126,0.19999999999999996,0.5152900723973881
1003,Barley,Agriculture,2. Vegetable products,0.19738606740195258,50.6578947368421,52.02367674116429,1205,Rape or colza seeds,Agriculture,2. Vegetable products,0.5109260347570239,1,1,1065,1.5691069667597983,0.5536794532034081,6649.318147038165,21012246.0,1.4740945130107216e-05,-0.031981971453120095,0.4919058346956197,6.666666666666667,-56.666666666666664,6.666666666666667,0.7351893274102758,0.6920606726354072,8.766137736674239e-05,0.2941166770236105,0.035555555555555556,0.5436681507761356,0.035555555555555556,0.39123437220996155
1003,Barley,Agriculture,2. Vegetable products,0.19738606740195258,50.6578947368421,52.02367674116429,1514,"Rapeseed, colza or mustard oil,",Agriculture,3. Animal or vegetable fats and oils,0.4924685536986874,1,2,1065,2.113034943089607,0.6304123303976537,2586.4524878265856,95053081.0,6.668360209892063e-05,-0.04539430549636281,0.7555427004721768,25.806451612903224,-45.16129032258065,25.806451612903224,0.7853479325751097,0.7628478081850729,0.00039655370508286125,0.2876226488095895,0.23333333333333328,0.5850713896432648,0.23333333333333328,0.4795499727502853
1003,Barley,Agriculture,2. Vegetable products,0.19738606740195258,50.6578947368421,52.02367674116429,1004,Oats,Agriculture,2. Vegetable products,0.4525792140015179,1,3,1065,1.5422345424777444,0.0612291876952154,2983.4990384036,1702677.0,1.194497162811418e-06,-0.4348780030627417,0.7972684752929139,16.129032258064516,-64.51612903225806,16.129032258064516,0.7327112726345674,0.23776852342076094,7.1034296395860215e-06,0.09904114519191048,0.1333333333333333,0.3545251659125974,0.1333333333333333,0.2881676161388182
1003,Barley,Agriculture,2. Vegetable products,0.19738606740195258,50.6578947368421,52.02367674116429,1002,Rye,Agriculture,2. Vegetable products,0.40831473423246645,1,4,1065,2.2944111228205486,0.665272838752234,2366.217688305153,61396.0,4.3071790955048914e-08,-0.08836902092303656,0.4757489660559138,9.67741935483871,-35.48387096774193,9.67741935483871,0.8020736326334463,0.7950071070470084,2.561391069192944e-07,0.2668150090974734,0.06666666666666667,0.5990005486736462,0.06666666666666667,0.4393003840715523
1003,Barley,Agriculture,2. Vegetable products,0.19738606740195258,50.6578947368421,52.02367674116429,1213,Cereal straw and husks,Agriculture,2. Vegetable products,0.4046044808286043,1,5,1065,0.2610551596243998,0.3935902776765988,3660.0665845550216,38200.0,2.6798853581387523e-08,-0.21878784975598053,0.6396894439067039,9.67741935483871,-77.41935483870968,9.67741935483871,0.6145666402450366,0.5443762043550971,1.5936728588698035e-07,0.20366838962392872,0.06666666666666667,0.436180277958729,0.06666666666666667,0.3253261945711103
1003,Barley,Agriculture,2. Vegetable products,0.19738606740195258,50.6578947368421,52.02367674116429,8608,Railway track fixtures,Vehicles,"17. Vehicles, aircraft, vessels and associated transport equipment",0.39827282493599137,1,6,1065,2.5399907398120636,0.7496808986314845,4474.8242642645255,45273467.0,3.176117835745497e-05,0.09820887867063632,1.1847130236243864,61.29032258064516,19.354838709677416,61.29032258064516,0.8247198865149337,0.8728747042834756,0.00018887721357287358,0.35715291301245466,0.6,0.6477593753133474,0.6,0.6334315627193432
1003,Barley,Agriculture,2. Vegetable products,0.19738606740195258,50.6578947368421,52.02367674116429,4902,"Newspapers, journals and periodicals",Agriculture,"10. Pulp, paper and paperboard",0.3964937345002061,1,7,1065,2.672860478649815,0.5995838304207395,2518.5310168969786,2552987.0,1.7910242096383714e-06,-0.11512429607145036,0.5657585436207909,9.67741935483871,-58.06451612903225,9.67741935483871,0.8369725395475777,0.7344080925579057,1.0650853641223673e-05,0.25386055157147464,0.06666666666666667,0.5880639016006866,0.06666666666666667,0.4316447311204806
1003,Barley,Agriculture,2. Vegetable products,0.19738606740195258,50.6578947368421,52.02367674116429,1204,Linseed,Agriculture,2. Vegetable products,0.38848053010226397,1,8,1065,0.36431767957742767,0.0876611091473719,3948.431174688562,4427685.0,3.1062010999870635e-06,-0.08158846227865257,0.5777276034341652,6.666666666666667,-56.666666666666664,6.666666666666667,0.6240890479755578,0.26215233483363776,1.847194086943703e-05,0.2700980423861975,0.035555555555555556,0.3507019611322785,0.035555555555555556,0.2561580394592616
1003,Barley,Agriculture,2. Vegetable products,0.19738606740195258,50.6578947368421,52.02367674116429,8607,Parts of railway locomotives,Vehicles,"17. Vehicles, aircraft, vessels and associated transport equipment",0.38732958642223514,1,9,1065,2.8614169052616782,0.7803580890247209,3343.41085181649,127644875.0,8.95480710874218e-05,0.10538064514840695,0.6252145775054238,3.225806451612903,-64.51612903225806,3.225806451612903,0.8543603698583722,0.9011748347367069,0.0005325240127259914,0.36062536260257483,0.0,0.6686110046005729,0.0,0.468027703220401
1003,Barley,Agriculture,2. Vegetable products,0.19738606740195258,50.6578947368421,52.02367674116429,8403,Central heating boilers,Machinery,"16. Machinery, mechanical appliances and electrical equipment",0.3823344835120363,1,10,1065,2.999998001288242,0.7896628276689537,2054.963085166561,12552060.0,8.805780578135892e-06,0.024977422120272097,0.4982511564542196,3.225806451612903,-61.29032258064516,3.225806451612903,0.8671396987059319,0.9097585842290681,5.236617105996153e-05,0.3216954644089049,0.0,0.6701765736142448,0.0,0.4691236015299713
1003,Barley,Agriculture,2. Vegetable products,0.19738606740195258,50.6578947368421,52.02367674116429,4301,Other raw furskins,Agriculture,"8. Raw hides and skins, leather, furskins and articles thereof",0.3791561861527753,1,11,1065,1.6092476732499474,0.06264265259871156,5680.408640795981,99136.0,6.954793582838831e-08,0.6241515605516135,0.5127689294301497,30.0,-36.66666666666666,30.0,0.738890923826519,0.23907246425260537,4.13587310306065e-07,0.6118055785426357,0.2766666666666666,0.43405808464718537,0.2766666666666666,0.3868406592530297
1005,Corn,Agriculture,2. Vegetable products,0.20655086662383637,80.92105263157895,50.53179937003242,2207,Ethyl alcohol > 80%,Agriculture,"4. Prepared foodstuffs; beverages, spirits and tobacco",0.367351888309702,1,1,1065,-1.305157555686241,0.21697167510291027,4795.07981258578,618361862.0,0.0004338059947657633,-0.045286561211540066,0.9261118616830513,36.666666666666664,-40.00000000000001,36.666666666666664,0.47013750879735555,0.3814431120727994,0.002579755278611505,0.28767481679342305,0.3455555555555555,0.3415914031153594,0.3455555555555555,0.3427806488474182
1005,Corn,Agriculture,2. Vegetable products,0.20655086662383637,80.92105263157895,50.53179937003242,4404,Strips and other pieces of wood,Agriculture,9. Wood and articles of wood,0.3621231026528123,1,2,1065,0.09346111784139328,0.308289960905173,2108.4185739547916,89640.0,6.28861056292036e-08,-0.06793535867636646,0.5884607433460304,9.67741935483871,-32.25806451612903,9.67741935483871,0.5991118673052541,0.46568548785240405,3.739707724321706e-07,0.2767086472008657,0.06666666666666667,0.41418542748092607,0.06666666666666667,0.30992979923664826
1005,Corn,Agriculture,2. Vegetable products,0.20655086662383637,80.92105263157895,50.53179937003242,4410,Particle board and similar board,Agriculture,9. Wood and articles of wood,0.3394695718457897,1,3,1065,1.818506514041664,0.5799729409975771,1792.4882540695237,36200408.0,2.5396058470641088e-05,0.06229959592418033,0.980012737183174,25.806451612903224,-35.483870967741936,25.806451612903224,0.7581878381778381,0.716316777093053,0.00015102515107228614,0.339766237841012,0.23333333333333328,0.5670642047936245,0.23333333333333328,0.46694494335553716
1005,Corn,Agriculture,2. Vegetable products,0.20655086662383637,80.92105263157895,50.53179937003242,8432,Machinery for soil preparation or cultivation,Machinery,"16. Machinery, mechanical appliances and electrical equipment",0.3354527275399565,1,4,1065,2.2376026442910835,0.6556662564677201,3436.404250766662,270216840.0,0.00018956810288966544,0.12363283506856493,1.104858734204967,45.16129032258064,9.677419354838705,45.16129032258064,0.7968350088292413,0.7861449026411779,0.0011273226280564509,0.36946276822690705,0.43333333333333324,0.6096314826428911,0.43333333333333324,0.5567420378500237
1005,Corn,Agriculture,2. Vegetable products,0.20655086662383637,80.92105263157895,50.53179937003242,4205,Other articles of leather,Agriculture,"8. Raw hides and skins, leather, furskins and articles thereof",0.3283966930816073,1,5,1065,0.7466331941881907,0.43464720462875106,3968.248208923419,8908181.0,6.24945126428006e-06,0.06665998412353491,0.6631948576901662,16.129032258064516,-64.51612903225806,16.129032258064516,0.6593444747604527,0.5822517846758711,3.716420492565357e-05,0.3418774650069473,0.1333333333333333,0.48584588518449423,0.1333333333333333,0.3800921196291459
1005,Corn,Agriculture,2. Vegetable products,0.20655086662383637,80.92105263157895,50.53179937003242,6406,Parts of footwear,Textiles,"12. Footwear, headgear, umbrellas and related articles",0.3248549406365633,1,6,1065,0.4630848606805252,0.3617212822707566,4283.860417565458,70741228.0,4.962784846438616e-05,0.12644597279147374,1.1077015760550666,41.935483870967744,25.806451612903228,41.935483870967744,0.6331969156635219,0.5149766173708338,0.00029512663630031565,0.37082484254473996,0.39999999999999997,0.45752873193918053,0.39999999999999997,0.44027011235742636
1005,Corn,Agriculture,2. Vegetable products,0.20655086662383637,80.92105263157895,50.53179937003242,0105,Fowl,Agriculture,1. Live animals; animal products,0.322805799172542,1,7,1065,-0.0869339492704999,0.35079495916825115,1791.9838514347532,26123495.0,1.8326694176416467e-05,0.03838718634055205,1.0472345910202134,29.03225806451613,-22.580645161290317,29.03225806451613,0.58247664106445,0.504896933892283,0.00010898509151916497,0.3281882483575526,0.26666666666666666,0.4298253362522173,0.26666666666666666,0.3808777353765521
1005,Corn,Agriculture,2. Vegetable products,0.20655086662383637,80.92105263157895,50.53179937003242,5207,Cotton yarn for retail sale,Textiles,11. Textiles and textile articles,0.32212632822283677,1,8,1065,0.34619359487162227,0.388227816071333,3821.6477909649393,3013227.0,2.1139012874472142e-06,-0.16323081114056204,1.5889992462970086,93.54838709677419,48.38709677419355,93.54838709677419,0.6224177259471037,0.5394292597022737,1.2570937401868276e-05,0.2305681801520175,0.9333333333333333,0.441233557640695,0.9333333333333333,0.5888634903484864
1005,Corn,Agriculture,2. Vegetable products,0.20655086662383637,80.92105263157895,50.53179937003242,8608,Railway track fixtures,Vehicles,"17. Vehicles, aircraft, vessels and associated transport equipment",0.3175213496430629,1,9,1065,2.5399907398120636,0.7496808986314845,4474.8242642645255,45273467.0,3.176117835745497e-05,0.09820887867063632,1.1847130236243864,61.29032258064516,19.354838709677416,61.29032258064516,0.8247198865149337,0.8728747042834756,0.00018887721357287358,0.35715291301245466,0.6,0.6477593753133474,0.6,0.6334315627193432
1005,Corn,Agriculture,2. Vegetable products,0.20655086662383637,80.92105263157895,50.53179937003242,8435,Machines for wine and juice production,Machinery,"16. Machinery, mechanical appliances and electrical equipment",0.3153804864038655,1,10,1065,1.8302173028708746,0.6122716891107445,4363.240618168615,12475933.0,8.752374391575937e-06,0.053530449421658854,1.1883572237133542,45.16129032258064,-9.677419354838712,45.16129032258064,0.7592677547451319,0.7461128168659855,5.2048575421932264e-05,0.3355203635124533,0.43333333333333324,0.5772190618770723,0.43333333333333324,0.5340533433139506
1005,Corn,Agriculture,2. Vegetable products,0.20655086662383637,80.92105263157895,50.53179937003242,0507,Whalebone & horns,Agriculture,1. Live animals; animal products,0.31385595530119814,1,11,1065,-2.552820983811351,0.08652913193804472,7110.532207776183,27753.0,1.9469858205346806e-08,-0.2141259962476476,0.6288148578202052,22.58064516129032,-16.12903225806452,22.58064516129032,0.35508356784693645,0.2611080702747456,1.1578325353982633e-07,0.20592558125926524,0.19999999999999996,0.24655592789896652,0.19999999999999996,0.23258914952927656
1006,Rice,Agriculture,2. Vegetable products,0.19774025625268266,52.63157894736842,41.745390149081004,0714,Tubers,Agriculture,2. Vegetable products,0.35420411603526564,1,1,1065,-4.132607970492207,-0.05186632627408178,2457.5916172783755,4948101.0,3.4712940891339576e-06,0.04471099174543025,0.936754133178295,61.29032258064516,-3.225806451612904,61.29032258064516,0.20940267780677943,0.1334363548623255,2.0643073996456893e-05,0.3312501293535712,0.6,0.16968427729832186,0.6,0.2987789941088253
1006,Rice,Agriculture,2. Vegetable products,0.19774025625268266,52.63157894736842,41.745390149081004,1903,Tapioca,Agriculture,"4. Prepared foodstuffs; beverages, spirits and tobacco",0.34151348318573577,1,2,1065,-2.221494055937468,0.1644514288733203,5586.534763827669,812016.0,5.69662248422617e-07,0.1476048672279946,0.8314135876622628,9.67741935483871,-64.51612903225806,9.67741935483871,0.3856370552182622,0.33299246190957815,3.387664555413671e-06,0.3810696259661226,0.06666666666666667,0.3086812830393458,0.06666666666666667,0.236076898127542
1006,Rice,Agriculture,2. Vegetable products,0.19774025625268266,52.63157894736842,41.745390149081004,5513,Woven fabrics of < 85% synthetic staple fibers weighing < 170 g/m2,Textiles,11. Textiles and textile articles,0.32862827457627475,1,3,1065,-1.115812830515953,0.2734374075802105,5845.005177746377,70224707.0,4.926548797614763e-05,0.024246321184959063,1.6406095175489452,80.64516129032258,3.225806451612897,80.64516129032258,0.4875980324754056,0.4335335276148034,0.00029297175279577043,0.32134147754234516,0.7999999999999999,0.3706412134258443,0.7999999999999999,0.499448849398091
1006,Rice,Agriculture,2. Vegetable products,0.19774025625268266,52.63157894736842,41.745390149081004,0801,Cashew nuts & coconuts,Agriculture,2. Vegetable products,0.32590769982820983,1,4,1065,-5.642787958458843,-0.09322285356848867,7671.657023310905,128836892.0,9.038431949185963e-05,0.05243996186792188,1.2563581348359256,80.64516129032258,-6.451612903225808,80.64516129032258,0.07014063385866202,0.09528438910139381,0.0005374970104752359,0.33499236764550167,0.7999999999999999,0.10822823773441607,0.7999999999999999,0.3157597664140912
1006,Rice,Agriculture,2. Vegetable products,0.19774025625268266,52.63157894736842,41.745390149081004,6704,Wigs,Textiles,"12. Footwear, headgear, umbrellas and related articles",0.3033417058109788,1,5,1065,-3.768522765634158,-0.0013775751199676814,10012.755278331379,2539905472.0,0.0017818469857249469,0.07826599631138564,0.78190900368652,35.483870967741936,-19.354838709677416,35.483870967741936,0.2429769869645042,0.18001292285198037,0.010596278572830622,0.3474969023365854,0.3333333333333333,0.20176044557218198,0.3333333333333333,0.24123231190052735
1006,Rice,Agriculture,2. Vegetable products,0.19774025625268266,52.63157894736842,41.745390149081004,7116,Articles of precious stones,Stone,"14. Pearls, precious stones and metals",0.3012977122770817,1,6,1065,-0.3351603905911143,0.27271097319412424,6949.154990913529,17381438.0,1.2193785654344638e-05,0.2609344959926214,0.6548024600031839,3.225806451612903,-51.61290322580645,3.225806451612903,0.5595863088817141,0.43286338189322887,7.251394237886974e-05,0.4359419400845443,0.0,0.4127595598752685,0.0,0.28893169191268797
1006,Rice,Agriculture,2. Vegetable products,0.19774025625268266,52.63157894736842,41.745390149081004,5203,"Cotton, carded or combed",Textiles,11. Textiles and textile articles,0.29801656522870146,1,7,1065,-3.415123942204964,0.04091365721285639,7425.781415570738,8369693.0,5.871680032150893e-06,0.018714859213313506,1.6289474126748453,96.7741935483871,38.70967741935484,96.7741935483871,0.27556584582355603,0.21902716687840573,3.491767688788634e-05,0.31866323600788615,0.9666666666666668,0.2209122774984027,0.9666666666666668,0.4446385942488819
1006,Rice,Agriculture,2. Vegetable products,0.19774025625268266,52.63157894736842,41.745390149081004,0803,Bananas and plantains,Agriculture,2. Vegetable products,0.2914372215885385,1,8,1065,-3.261540747717545,-0.03449756584056454,6323.876204935283,211430726.0,0.00014832725310681843,0.020700372101625897,0.7880363475469465,16.129032258064516,-38.70967741935483,16.129032258064516,0.28972860109168624,0.14945927546811322,0.0008820717527679008,0.3196245881986705,0.1333333333333333,0.20179175578864555,0.1333333333333333,0.18125422905205185
1006,Rice,Agriculture,2. Vegetable products,0.19774025625268266,52.63157894736842,41.745390149081004,6301,Blankets,Textiles,11. Textiles and textile articles,0.29059851443579476,1,9,1065,-0.9846479485874693,0.26818893325913007,8451.520458876827,319898935.0,0.00022442211308656556,0.039542928920411224,1.2581577689898298,77.41935483870968,3.225806451612911,77.41935483870968,0.4996934712291455,0.42869173780083925,0.0013345922782483127,0.3287478396186674,0.7666666666666667,0.374447187945032,0.7666666666666667,0.4921130315615224
1006,Rice,Agriculture,2. Vegetable products,0.19774025625268266,52.63157894736842,41.745390149081004,5514,Woven fabrics of < 85% synthetic staple fibers weighing > 170 g/m2,Textiles,11. Textiles and textile articles,0.29042947835746113,1,10,1065,0.06981557356903162,0.41701584131477487,4296.623825926089,31041483.0,2.177686277136466e-05,0.13248245847163376,1.1635162616100474,67.74193548387096,-12.903225806451616,67.74193548387096,0.5969313809712586,0.5659866092977551,0.00012950253653447227,0.37374760812708413,0.6666666666666666,0.46310286319369753,0.6666666666666666,0.5241720042355882
1006,Rice,Agriculture,2. Vegetable products,0.19774025625268266,52.63157894736842,41.745390149081004,2615,Zirconium ore,Minerals,5. Mineral products,0.28564706886677793,1,11,1065,-5.011711883274501,-0.12045230922111903,8815.862688375188,170543493.0,0.00011964319628705205,0.1115606170675536,1.0845213375500364,41.935483870967744,-35.483870967741936,41.935483870967744,0.12833564691486002,0.07016484140937912,0.0007114935498716029,0.36361760182621805,0.39999999999999997,0.12412453521989714,0.39999999999999997,0.20688717465392797
1007,Grain sorghum,Agriculture,2. Vegetable products,0.2323462081315176,99.3421052631579,28.3555386934751,2207,Ethyl alcohol > 80%,Agriculture,"4. Prepared foodstuffs; beverages, spirits and tobacco",0.2322028960693065,1,1,1065,-1.305157555686241,0.21697167510291027,4795.07981258578,618361862.0,0.0004338059947657633,-0.045286561211540066,0.9261118616830513,36.666666666666664,-40.00000000000001,36.666666666666664,0.47013750879735555,0.3814431120727994,0.002579755278611505,0.28767481679342305,0.3455555555555555,0.3415914031153594,0.3455555555555555,0.3427806488474182
1007,Grain sorghum,Agriculture,2. Vegetable products,0.2323462081315176,99.3421052631579,28.3555386934751,0204,Lamb,Agriculture,1. Live animals; animal products,0.23105474925729047,1,2,1065,-1.8642437122654596,0.18164513226569992,9070.491862317158,1873563013.0,0.0013143806508086452,0.08152166993689058,0.648952826484111,6.666666666666667,-59.99999999999999,6.666666666666667,0.4185810840475135,0.3488538899850055,0.007816352154974955,0.34907324514996213,0.035555555555555556,0.32213568050712216,0.035555555555555556,0.23616164302165216
1007,Grain sorghum,Agriculture,2. Vegetable products,0.2323462081315176,99.3421052631579,28.3555386934751,1205,Rape or colza seeds,Agriculture,2. Vegetable products,0.21561100582106393,1,3,1065,1.5691069667597983,0.5536794532034081,6649.318147038165,21012246.0,1.4740945130107216e-05,-0.031981971453120095,0.4919058346956197,6.666666666666667,-56.666666666666664,6.666666666666667,0.7351893274102758,0.6920606726354072,8.766137736674239e-05,0.2941166770236105,0.035555555555555556,0.5436681507761356,0.035555555555555556,0.39123437220996155
1007,Grain sorghum,Agriculture,2. Vegetable products,0.2323462081315176,99.3421052631579,28.3555386934751,2609,Tin ore,Minerals,5. Mineral products,0.20073599429222333,0,4,1065,-6.403404265628004,-0.19651062288804386,9156.85142819526,2099315.0,1.47275485094792e-06,0.01810826721484693,0.9139136622055885,35.483870967741936,-51.61290322580645,35.483870967741936,0.0,0.0,8.758171041147281e-06,0.31836953428977055,0.3333333333333333,0.04775674386912175,0.3333333333333333,0.1334297207083852
1007,Grain sorghum,Agriculture,2. Vegetable products,0.2323462081315176,99.3421052631579,28.3555386934751,2611,Tungsten ore,Minerals,5. Mineral products,0.19834473686654427,0,5,1065,-4.283807663598832,0.07553922239459733,6635.3052152880755,38671.0,2.7129279236802014e-08,0.0,0.9456166089691067,38.70967741935484,3.225806451612904,38.70967741935484,0.19545971837536233,0.25096972742906754,1.6133225949045594e-07,0.30960181363644446,0.36666666666666664,0.202690602276856,0.36666666666666664,0.2518834215937992
1007,Grain sorghum,Agriculture,2. Vegetable products,0.2323462081315176,99.3421052631579,28.3555386934751,2602,Manganese > 47% by weight,Minerals,5. Mineral products,0.1953932957160838,0,6,1065,-5.756922092179724,-0.17563545552474552,9829.649151479896,140850184.0,9.881213240647884e-05,-0.07289528352339303,0.9590962089913059,61.29032258064516,-25.806451612903224,61.29032258064516,0.059615694531649346,0.019257629269225095,0.0005876154853602561,0.2743071343998747,0.6,0.0688398758130913,0.6,0.2281879130691639
1007,Grain sorghum,Agriculture,2. Vegetable products,0.2323462081315176,99.3421052631579,28.3555386934751,2614,Titanium ore,Minerals,5. Mineral products,0.18978751971917918,0,7,1065,-3.4735970419784987,-0.0033195968443900468,8737.00024118866,471283589.0,0.0003306246046314611,0.01957747794919973,0.7548123587850952,38.70967741935484,-22.58064516129032,38.70967741935484,0.27017371809353047,0.1782213810764898,0.001966156713665056,0.31908090159768787,0.36666666666666664,0.20509534345621003,0.36666666666666664,0.253566740419347
1007,Grain sorghum,Agriculture,2. Vegetable products,0.2323462081315176,99.3421052631579,28.3555386934751,0507,Whalebone & horns,Agriculture,1. Live animals; animal products,0.1892809022788477,0,8,1065,-2.552820983811351,0.08652913193804472,7110.532207776183,27753.0,1.9469858205346806e-08,-0.2141259962476476,0.6288148578202052,22.58064516129032,-16.12903225806452,22.58064516129032,0.35508356784693645,0.2611080702747456,1.1578325353982633e-07,0.20592558125926524,0.19999999999999996,0.24655592789896652,0.19999999999999996,0.23258914952927656
1007,Grain sorghum,Agriculture,2. Vegetable products,0.2323462081315176,99.3421052631579,28.3555386934751,2604,Nickel ore,Minerals,5. Mineral products,0.1826565745350778,0,9,1065,-2.845164744214742,0.009353347278328544,5146.350974415807,5583932.0,3.917355394670796e-06,1.4259025050683234,0.8131078118156547,45.16129032258064,-32.25806451612904,45.16129032258064,0.3281249338207555,0.18991234649092747,2.3295709094697852e-05,1.0,0.43333333333333324,0.3313165424654533,0.43333333333333324,0.3619215797258173
1007,Grain sorghum,Agriculture,2. Vegetable products,0.2323462081315176,99.3421052631579,28.3555386934751,1213,Cereal straw and husks,Agriculture,2. Vegetable products,0.18202562891257262,0,10,1065,0.2610551596243998,0.3935902776765988,3660.0665845550216,38200.0,2.6798853581387523e-08,-0.21878784975598053,0.6396894439067039,9.67741935483871,-77.41935483870968,9.67741935483871,0.6145666402450366,0.5443762043550971,1.5936728588698035e-07,0.20366838962392872,0.06666666666666667,0.436180277958729,0.06666666666666667,0.3253261945711103
1007,Grain sorghum,Agriculture,2. Vegetable products,0.2323462081315176,99.3421052631579,28.3555386934751,1207,Other oil seeds,Agriculture,2. Vegetable products,0.18156197098350535,0,11,1065,-5.179657069141335,-0.0083886596557211,6277.462999120389,143080371.0,0.0001003766992879478,0.14696457892968495,1.0032404260757406,54.83870967741935,3.225806451612904,54.83870967741935,0.1128484930382199,0.17354510085012587,0.00059691964371655,0.3807596090622098,0.5333333333333332,0.15744123716680997,0.5333333333333332,0.2702088660167669
1008,Other cereals,Agriculture,2. Vegetable products,0.2104616266707077,92.10526315789474,54.033359111778886,1207,Other oil seeds,Agriculture,2. Vegetable products,0.427580548160068,1,1,1065,-5.179657069141335,-0.0083886596557211,6277.462999120389,143080371.0,0.0001003766992879478,0.14696457892968495,1.0032404260757406,54.83870967741935,3.225806451612904,54.83870967741935,0.1128484930382199,0.17354510085012587,0.00059691964371655,0.3807596090622098,0.5333333333333332,0.15744123716680997,0.5333333333333332,0.2702088660167669
1008,Other cereals,Agriculture,2. Vegetable products,0.2104616266707077,92.10526315789474,54.033359111778886,0102,Bovine,Agriculture,1. Live animals; animal products,0.40515921815524886,1,2,1065,-1.8721905890311101,0.1673800717057985,3185.4166205729575,2410793.0,1.6912693356553395e-06,-0.004298670155194362,0.7385398157420425,12.903225806451612,-61.29032258064515,12.903225806451612,0.41784825861597114,0.3356941752395032,1.0057631865061022e-05,0.30752046931705906,0.09999999999999998,0.3098694308917546,0.09999999999999998,0.24690860162422823
1008,Other cereals,Agriculture,2. Vegetable products,0.2104616266707077,92.10526315789474,54.033359111778886,0712,"Vegetables, dried",Agriculture,2. Vegetable products,0.4024736909269617,1,3,1065,-1.40394131783788,0.08090329960949856,4826.08214090124,116438276.0,8.168618612024055e-05,0.06550785984999896,1.139317986986221,93.54838709677419,45.16129032258064,93.54838709677419,0.4610281120792566,0.25591816250402083,0.0004857709952743226,0.3413196256693437,0.9333333333333333,0.3022020056038398,0.9333333333333333,0.49154140392268786
1008,Other cereals,Agriculture,2. Vegetable products,0.2104616266707077,92.10526315789474,54.033359111778886,2716,Electrical energy,Minerals,5. Mineral products,0.3981074326475564,1,4,1065,-0.6037057978446352,0.26734592743873575,658.0772433992051,1077835.0,7.561450876935817e-07,-0.4851455760158978,0.7217619604068098,9.67741935483871,-38.70967741935484,9.67741935483871,0.5348222525407483,0.4279140533263428,4.496639753507682e-06,0.07470242562560059,0.06666666666666667,0.34816374539328493,0.06666666666666667,0.2637146217752994
1008,Other cereals,Agriculture,2. Vegetable products,0.2104616266707077,92.10526315789474,54.033359111778886,1102,Cereal flours,Agriculture,2. Vegetable products,0.3960819835720046,1,5,1065,-1.9432107424888434,0.05787950957856266,3104.479621170969,24621950.0,1.7273299291577082e-05,0.11152845554091395,1.310772979187565,67.74193548387096,9.677419354838698,67.74193548387096,0.41129909771406453,0.23467839924503114,0.0001027207681870402,0.3636020297519817,0.6666666666666666,0.2806478365137087,0.6666666666666666,0.3964534855595961
1008,Other cereals,Agriculture,2. Vegetable products,0.2104616266707077,92.10526315789474,54.033359111778886,7010,Glass containers for conveyance,Stone,"13. Articles of stone, plaster, cement, ceramics and glass",0.39180449112810395,1,6,1065,-0.09472460981803223,0.2791754782274161,3333.7440429681005,232824479.0,0.0001633358409131894,0.038646618619119666,0.9322520070548665,29.03225806451613,-29.03225806451613,29.03225806451613,0.5817582211938382,0.4388269767796128,0.0009713247462377029,0.32831386113540423,0.26666666666666666,0.40659759717295413,0.26666666666666666,0.36461831802106787
1008,Other cereals,Agriculture,2. Vegetable products,0.2104616266707077,92.10526315789474,54.033359111778886,1404,Vegetable products n.e.c.,Agriculture,2. Vegetable products,0.39056126000778835,1,7,1065,-2.8479106802548557,-0.0025888373232695206,5660.783847333838,66456542.0,4.662196697862121e-05,0.3051324668178983,0.9803935035239804,64.51612903225806,6.451612903225801,64.51612903225806,0.3278717158808119,0.17889551679467508,0.0002772512756014167,0.45734185963743007,0.6333333333333333,0.24601139807337513,0.6333333333333333,0.36220797865136256
1008,Other cereals,Agriculture,2. Vegetable products,0.2104616266707077,92.10526315789474,54.033359111778886,1212,Seaweeds & edible vegetable products,Agriculture,2. Vegetable products,0.38842857402045056,1,8,1065,-3.0534199423780937,9.986528345065106e-05,4699.4838592942,14847296.0,1.0415981978626195e-05,0.29621396867299854,0.8817347052242728,29.03225806451613,-54.83870967741936,29.03225806451613,0.30892057090365843,0.18137588196321738,6.194170854137747e-05,0.4530236717371778,0.26666666666666666,0.2395666005202644,0.26666666666666666,0.24769662036418505
1008,Other cereals,Agriculture,2. Vegetable products,0.2104616266707077,92.10526315789474,54.033359111778886,4408,Sheets for veneering for plywood,Agriculture,9. Wood and articles of wood,0.3877320918003262,1,9,1065,-1.6468928059682173,0.21356831843817362,3723.4340878795288,16695095.0,1.1712288126501438e-05,0.07507542026115255,0.829973012553726,6.451612903225806,-16.129032258064512,6.451612903225806,0.43862421248658434,0.37830346869750003,6.965057533443184e-05,0.34595207868229894,0.033333333333333326,0.3378279478030745,0.033333333333333326,0.24647956346215216
1008,Other cereals,Agriculture,2. Vegetable products,0.2104616266707077,92.10526315789474,54.033359111778886,1703,Molasses,Agriculture,"4. Prepared foodstuffs; beverages, spirits and tobacco",0.3859059963094032,1,10,1065,-2.138165062926581,0.00282567239546942,4289.775828470995,11862365.0,8.321931485967958e-06,0.10081775214775335,0.7431385137355827,16.129032258064516,-38.70967741935483,16.129032258064516,0.3933212822503389,0.1838904765486943,4.948881974478298e-05,0.35841608599283126,0.1333333333333333,0.255793951801548,0.1333333333333333,0.21905576626108358
1008,Other cereals,Agriculture,2. Vegetable products,0.2104616266707077,92.10526315789474,54.033359111778886,0305,Preserved fish,Agriculture,1. Live animals; animal products,0.3818474120787964,1,11,1065,-2.0735799585471217,0.08031954828707111,3679.0750430733256,161445677.0,0.00011326070835787915,0.027336740580207408,0.8931025963751181,38.70967741935484,-48.387096774193544,38.70967741935484,0.3992770317081212,0.2553796438729083,0.0006735382031852378,0.322837807016484,0.36666666666666664,0.2776565382363107,0.36666666666666664,0.30435957676541747
1101,Wheat or meslin flour,Agriculture,2. Vegetable products,0.20692991862806598,81.57894736842105,52.172380740781975,7214,"Other bars of iron, not further worked than forged",Metals,15. Base metals and articles of base metal,0.48112457966388306,1,1,1065,-1.277351463933497,0.11882771373743042,2800.08117641749,363241860.0,0.0002548289377165148,0.046094331579550785,1.190622793765619,77.41935483870968,12.903225806451616,77.41935483870968,0.472701662211221,0.29090395662092505,0.0015154154279774473,0.3319199194052799,0.7666666666666667,0.3172772668162397,0.7666666666666667,0.45209408677136775
1101,Wheat or meslin flour,Agriculture,2. Vegetable products,0.20692991862806598,81.57894736842105,52.172380740781975,3401,Soap,Chemicals,6. Products of the chemical or allied industries,0.4523314176697528,1,2,1065,-1.245160097860525,0.10295960222856827,4136.942510257405,235220151.0,0.00016501650225237864,0.04508124414722858,1.298805350707208,70.96774193548387,19.354838709677423,70.96774193548387,0.47567020600899723,0.2762654053067138,0.0009813192945234473,0.33142939938485994,0.7000000000000001,0.3130390717624063,0.7000000000000001,0.4291273502336844
1101,Wheat or meslin flour,Agriculture,2. Vegetable products,0.20692991862806598,81.57894736842105,52.172380740781975,2523,Cements,Minerals,5. Mineral products,0.4478794962680646,1,3,1065,-2.4475386311528395,0.00018130962798397,3325.7202123725765,274831828.0,0.00019280570466170366,-0.019117358249943317,1.0531364561829253,54.83870967741935,-9.677419354838712,54.83870967741935,0.364792235515505,0.18145101549224743,0.0011465759817727071,0.30034550795151205,0.5333333333333332,0.23640895044270605,0.5333333333333332,0.32548626530989416
1101,Wheat or meslin flour,Agriculture,2. Vegetable products,0.20692991862806598,81.57894736842105,52.172380740781975,3923,Packing lids,Chemicals,7. Plastics and articles thereof; rubber and articles thereof,0.4397422367188431,1,4,1065,0.13134109788973256,0.26857641814684186,3784.4849413864363,1144171694.0,0.0008026829764260243,0.05362786835584554,0.9510639747679929,25.806451612903224,-19.354838709677416,25.806451612903224,0.6026049896405252,0.42904919794403795,0.004773391033023261,0.33556753213389895,0.23333333333333328,0.41213010412963536,0.23333333333333328,0.35849107289074467
1101,Wheat or meslin flour,Agriculture,2. Vegetable products,0.20692991862806598,81.57894736842105,52.172380740781975,2202,"Waters, flavored or sweetened",Agriculture,"4. Prepared foodstuffs; beverages, spirits and tobacco",0.4346328167695942,1,5,1065,-0.8718666553184242,0.028322996570806825,2690.796230936914,549719543.0,0.0003856506163268132,0.126605395272126,0.9877170473358525,29.03225806451613,-22.580645161290317,29.03225806451613,0.5100936576605037,0.2074121091076352,0.002293385119553434,0.3709020322481851,0.26666666666666666,0.3071063309740094,0.26666666666666666,0.2949744316818066
1101,Wheat or meslin flour,Agriculture,2. Vegetable products,0.20692991862806598,81.57894736842105,52.172380740781975,2103,Sauces and seasonings,Agriculture,"4. Prepared foodstuffs; beverages, spirits and tobacco",0.4302405203424983,1,6,1065,-0.14835450301310685,0.21801717854291036,3474.572954820255,285187222.0,0.00020007043470315862,0.07192389421268208,0.9467933002417038,35.483870967741936,-32.258064516129025,35.483870967741936,0.576812712312396,0.382407603389052,0.0011897778413556997,0.34442616238689466,0.3333333333333333,0.3875695015297443,0.3333333333333333,0.37129865107082094
1101,Wheat or meslin flour,Agriculture,2. Vegetable products,0.20692991862806598,81.57894736842105,52.172380740781975,6305,Bags for packing goods,Textiles,11. Textiles and textile articles,0.4293215056549884,1,7,1065,-2.4549150605641286,-0.032798963894818824,5263.1238664386565,134095596.0,9.407351421761504e-05,0.055610393311787965,1.0138164127687836,51.61290322580645,-19.354838709677423,51.61290322580645,0.364112014187557,0.15102625914675266,0.0005594358948669377,0.3365274376177157,0.49999999999999994,0.2308614266938958,0.49999999999999994,0.31160299868572705
1101,Wheat or meslin flour,Agriculture,2. Vegetable products,0.20692991862806598,81.57894736842105,52.172380740781975,1102,Cereal flours,Agriculture,2. Vegetable products,0.42338962275823666,1,8,1065,-1.9432107424888434,0.05787950957856266,3104.479621170969,24621950.0,1.7273299291577082e-05,0.11152845554091395,1.310772979187565,67.74193548387096,9.677419354838698,67.74193548387096,0.41129909771406453,0.23467839924503114,0.0001027207681870402,0.3636020297519817,0.6666666666666666,0.2806478365137087,0.6666666666666666,0.3964534855595961
1101,Wheat or meslin flour,Agriculture,2. Vegetable products,0.20692991862806598,81.57894736842105,52.172380740781975,4819,Cardboard packing containers,Agriculture,"10. Pulp, paper and paperboard",0.42089575208556584,1,9,1065,0.07411195265183647,0.2635653655114051,3106.8368565212654,286248688.0,0.00020081509627163036,0.059467742931911705,0.8513132779541759,22.58064516129032,-45.16129032258064,22.58064516129032,0.5973275738339736,0.42442643290352966,0.0011942061909756294,0.3383951019022216,0.19999999999999996,0.40855229857210573,0.19999999999999996,0.345986609000474
1101,Wheat or meslin flour,Agriculture,2. Vegetable products,0.20692991862806598,81.57894736842105,52.172380740781975,1106,Flour of dried legumes,Agriculture,2. Vegetable products,0.41583581010320037,1,10,1065,-2.658660698607271,0.002078127128732222,4690.252667568483,15137571.0,1.0619621696514605e-05,0.013628349606638723,0.9366371304919519,45.16129032258064,-45.16129032258064,45.16129032258064,0.3453235027349551,0.1832008557490978,6.3152712177787e-05,0.316200432979708,0.43333333333333324,0.2324230633232014,0.43333333333333324,0.2926961443262409
1101,Wheat or meslin flour,Agriculture,2. Vegetable products,0.20692991862806598,81.57894736842105,52.172380740781975,1703,Molasses,Agriculture,"4. Prepared foodstuffs; beverages, spirits and tobacco",0.41582309899415276,1,11,1065,-2.138165062926581,0.00282567239546942,4289.775828470995,11862365.0,8.321931485967958e-06,0.10081775214775335,0.7431385137355827,16.129032258064516,-38.70967741935483,16.129032258064516,0.3933212822503389,0.1838904765486943,4.948881974478298e-05,0.35841608599283126,0.1333333333333333,0.255793951801548,0.1333333333333333,0.21905576626108358
1103,Cereal meals,Agriculture,2. Vegetable products,0.20490437412593424,73.02631578947368,56.423584538435364,1102,Cereal flours,Agriculture,2. Vegetable products,0.45038837368983237,1,1,1065,-1.9432107424888434,0.05787950957856266,3104.479621170969,24621950.0,1.7273299291577082e-05,0.11152845554091395,1.310772979187565,67.74193548387096,9.677419354838698,67.74193548387096,0.41129909771406453,0.23467839924503114,0.0001027207681870402,0.3636020297519817,0.6666666666666666,0.2806478365137087,0.6666666666666666,0.3964534855595961
1103,Cereal meals,Agriculture,2. Vegetable products,0.20490437412593424,73.02631578947368,56.423584538435364,1703,Molasses,Agriculture,"4. Prepared foodstuffs; beverages, spirits and tobacco",0.4482117276181815,1,2,1065,-2.138165062926581,0.00282567239546942,4289.775828470995,11862365.0,8.321931485967958e-06,0.10081775214775335,0.7431385137355827,16.129032258064516,-38.70967741935483,16.129032258064516,0.3933212822503389,0.1838904765486943,4.948881974478298e-05,0.35841608599283126,0.1333333333333333,0.255793951801548,0.1333333333333333,0.21905576626108358
1103,Cereal meals,Agriculture,2. Vegetable products,0.20490437412593424,73.02631578947368,56.423584538435364,1904,Cereal foods,Agriculture,"4. Prepared foodstuffs; beverages, spirits and tobacco",0.4279508844401438,1,3,1065,-0.15692956411748427,0.2453216282272983,2365.0340307697093,40687077.0,2.8543639245487955e-05,-0.05644077898582389,0.7924290150891609,19.35483870967742,-48.38709677419354,19.35483870967742,0.5760219585307997,0.40759633410776336,0.0001697431683812718,0.28227413077576247,0.16666666666666666,0.3866329835151186,0.16666666666666666,0.320643088460583
1103,Cereal meals,Agriculture,2. Vegetable products,0.20490437412593424,73.02631578947368,56.423584538435364,2103,Sauces and seasonings,Agriculture,"4. Prepared foodstuffs; beverages, spirits and tobacco",0.4260479471694813,1,4,1065,-0.14835450301310685,0.21801717854291036,3474.572954820255,285187222.0,0.00020007043470315862,0.07192389421268208,0.9467933002417038,35.483870967741936,-32.258064516129025,35.483870967741936,0.576812712312396,0.382407603389052,0.0011897778413556997,0.34442616238689466,0.3333333333333333,0.3875695015297443,0.3333333333333333,0.37129865107082094
1103,Cereal meals,Agriculture,2. Vegetable products,0.20490437412593424,73.02631578947368,56.423584538435364,2501,Salt,Minerals,5. Mineral products,0.41869386551853677,1,5,1065,-1.105404775255871,0.1256148643409572,3891.3188568750343,112934318.0,7.922801707842558e-05,0.08458408634597991,0.9604025186087396,38.70967741935484,-29.03225806451612,38.70967741935484,0.4885578167796563,0.2971651964875291,0.00047115276814547514,0.3505560160457352,0.36666666666666664,0.327657129965597,0.36666666666666664,0.33935999097591785
1103,Cereal meals,Agriculture,2. Vegetable products,0.20490437412593424,73.02631578947368,56.423584538435364,1905,Bakery products,Agriculture,"4. Prepared foodstuffs; beverages, spirits and tobacco",0.4135910719816463,1,6,1065,0.3216044062986159,0.28054994718569515,2378.3324950854944,505799622.0,0.0003548390055366271,0.1257853221126477,0.7960227371146188,19.35483870967742,-38.70967741935485,19.35483870967742,0.6201502209563156,0.44009494331515936,0.0021101547895497536,0.37050496651614745,0.16666666666666666,0.42697807569087076,0.16666666666666666,0.3488846529836095
1103,Cereal meals,Agriculture,2. Vegetable products,0.20490437412593424,73.02631578947368,56.423584538435364,4819,Cardboard packing containers,Agriculture,"10. Pulp, paper and paperboard",0.4075868974244468,1,7,1065,0.07411195265183647,0.2635653655114051,3106.8368565212654,286248688.0,0.00020081509627163036,0.059467742931911705,0.8513132779541759,22.58064516129032,-45.16129032258064,22.58064516129032,0.5973275738339736,0.42442643290352966,0.0011942061909756294,0.3383951019022216,0.19999999999999996,0.40855229857210573,0.19999999999999996,0.345986609000474
1103,Cereal meals,Agriculture,2. Vegetable products,0.20490437412593424,73.02631578947368,56.423584538435364,4818,Toilet paper,Agriculture,"10. Pulp, paper and paperboard",0.40576271493447147,1,8,1065,0.613180070247051,0.3235237717395007,2590.2961169650957,378324639.0,0.00026541012059665684,0.031507083373629285,0.9564213870885229,29.03225806451613,-9.677419354838708,29.03225806451613,0.6470380245628652,0.4797388880622998,0.0015783395523979486,0.3248570173698278,0.26666666666666666,0.44333722295714156,0.26666666666666666,0.3903360560699991
1103,Cereal meals,Agriculture,2. Vegetable products,0.20490437412593424,73.02631578947368,56.423584538435364,3917,Plastic tubes and fittings,Chemicals,7. Plastics and articles thereof; rubber and articles thereof,0.4056103516821224,1,9,1065,0.6083791637161918,0.3412137652379738,3884.4895267230813,799872236.0,0.0005611429040937447,0.05090472821352465,1.0545747675823742,45.16129032258064,-22.58064516129032,45.16129032258064,0.6465953064354774,0.49605815059274266,0.0033370017619808955,0.33424903314200466,0.43333333333333324,0.45056661519547475,0.43333333333333324,0.4453966306368323
1103,Cereal meals,Agriculture,2. Vegetable products,0.20490437412593424,73.02631578947368,56.423584538435364,7306,"Other tubes, pipes and hollow profiles of iron or steel",Metals,15. Base metals and articles of base metal,0.4051494515722478,1,10,1065,-0.0803836640855127,0.2631924369301487,3775.507112979484,499442807.0,0.0003503794412845599,0.06681644677231136,0.9707560966713994,25.806451612903224,-41.93548387096774,25.806451612903224,0.5830806790669217,0.42408240115342455,0.00208363467558547,0.34195322160921493,0.23333333333333328,0.40411260651984127,0.23333333333333328,0.35287882456388886
1103,Cereal meals,Agriculture,2. Vegetable products,0.20490437412593424,73.02631578947368,56.423584538435364,1902,Pasta,Agriculture,"4. Prepared foodstuffs; beverages, spirits and tobacco",0.40308615423024713,1,11,1065,-1.1008651723300762,0.1489535213977466,3743.0697571733663,174085803.0,0.00012212827081663018,0.051418031943136544,0.8007751358097323,19.35483870967742,-41.935483870967744,19.35483870967742,0.488976438657311,0.3186954289124643,0.0007262717784179461,0.33449756623786364,0.16666666666666666,0.33296872935186356,0.16666666666666666,0.2830781105463045
1104,Worked cereal grains,Agriculture,2. Vegetable products,0.2074066262918422,85.52631578947368,56.34463463437056,4404,Strips and other pieces of wood,Agriculture,9. Wood and articles of wood,0.4260226889276165,1,1,1065,0.09346111784139328,0.308289960905173,2108.4185739547916,89640.0,6.28861056292036e-08,-0.06793535867636646,0.5884607433460304,9.67741935483871,-32.25806451612903,9.67741935483871,0.5991118673052541,0.46568548785240405,3.739707724321706e-07,0.2767086472008657,0.06666666666666667,0.41418542748092607,0.06666666666666667,0.30992979923664826
1104,Worked cereal grains,Agriculture,2. Vegetable products,0.2074066262918422,85.52631578947368,56.34463463437056,4415,Packing boxes,Agriculture,9. Wood and articles of wood,0.4252942311927854,1,2,1065,1.2943562328459752,0.4265870025515598,1420.2302711694051,5276749.0,3.7018540271396083e-06,0.07658027324716454,0.4863176066629946,3.225806451612903,-77.41935483870968,3.225806451612903,0.7098530435990975,0.5748161372994344,2.2014166660650202e-05,0.3466807033733936,0.0,0.5016396209454943,0.0,0.351147734661846
1104,Worked cereal grains,Agriculture,2. Vegetable products,0.2074066262918422,85.52631578947368,56.34463463437056,1102,Cereal flours,Agriculture,2. Vegetable products,0.41989654709895957,1,3,1065,-1.9432107424888434,0.05787950957856266,3104.479621170969,24621950.0,1.7273299291577082e-05,0.11152845554091395,1.310772979187565,67.74193548387096,9.677419354838698,67.74193548387096,0.41129909771406453,0.23467839924503114,0.0001027207681870402,0.3636020297519817,0.6666666666666666,0.2806478365137087,0.6666666666666666,0.3964534855595961
1104,Worked cereal grains,Agriculture,2. Vegetable products,0.2074066262918422,85.52631578947368,56.34463463437056,0102,Bovine,Agriculture,1. Live animals; animal products,0.41604890799241456,1,4,1065,-1.8721905890311101,0.1673800717057985,3185.4166205729575,2410793.0,1.6912693356553395e-06,-0.004298670155194362,0.7385398157420425,12.903225806451612,-61.29032258064515,12.903225806451612,0.41784825861597114,0.3356941752395032,1.0057631865061022e-05,0.30752046931705906,0.09999999999999998,0.3098694308917546,0.09999999999999998,0.24690860162422823
1104,Worked cereal grains,Agriculture,2. Vegetable products,0.2074066262918422,85.52631578947368,56.34463463437056,1904,Cereal foods,Agriculture,"4. Prepared foodstuffs; beverages, spirits and tobacco",0.41581564522781217,1,5,1065,-0.15692956411748427,0.2453216282272983,2365.0340307697093,40687077.0,2.8543639245487955e-05,-0.05644077898582389,0.7924290150891609,19.35483870967742,-48.38709677419354,19.35483870967742,0.5760219585307997,0.40759633410776336,0.0001697431683812718,0.28227413077576247,0.16666666666666666,0.3866329835151186,0.16666666666666666,0.320643088460583
1104,Worked cereal grains,Agriculture,2. Vegetable products,0.2074066262918422,85.52631578947368,56.34463463437056,4407,Wood sawn lengthwise,Agriculture,9. Wood and articles of wood,0.4118223544371431,1,6,1065,-2.132157812136246,0.12778516559593844,4082.9111362209105,78957189.0,5.539167924630737e-05,0.005533815408224285,0.7367960433291072,3.225806451612903,-61.29032258064516,3.225806451612903,0.3938752440497515,0.29916732927255507,0.0003294029558166319,0.3122811946656023,0.0,0.2894564903060201,0.0,0.20261954321421408
1104,Worked cereal grains,Agriculture,2. Vegetable products,0.2074066262918422,85.52631578947368,56.34463463437056,4821,Paper labels,Agriculture,"10. Pulp, paper and paperboard",0.4088980845791408,1,7,1065,0.5296451691319882,0.3462748314970352,3094.323371220219,43499280.0,3.0516514021355462e-05,0.10453554500625839,0.930017315413995,29.03225806451613,-54.83870967741936,29.03225806451613,0.6393348096063812,0.5007270538895539,0.00018147545004287453,0.3602161792233739,0.26666666666666666,0.4530813004245897,0.26666666666666666,0.3971569102972128
1104,Worked cereal grains,Agriculture,2. Vegetable products,0.2074066262918422,85.52631578947368,56.34463463437056,1703,Molasses,Agriculture,"4. Prepared foodstuffs; beverages, spirits and tobacco",0.40814157702753506,1,8,1065,-2.138165062926581,0.00282567239546942,4289.775828470995,11862365.0,8.321931485967958e-06,0.10081775214775335,0.7431385137355827,16.129032258064516,-38.70967741935483,16.129032258064516,0.3933212822503389,0.1838904765486943,4.948881974478298e-05,0.35841608599283126,0.1333333333333333,0.255793951801548,0.1333333333333333,0.21905576626108358
1104,Worked cereal grains,Agriculture,2. Vegetable products,0.2074066262918422,85.52631578947368,56.34463463437056,7306,"Other tubes, pipes and hollow profiles of iron or steel",Metals,15. Base metals and articles of base metal,0.40419191277120103,1,9,1065,-0.0803836640855127,0.2631924369301487,3775.507112979484,499442807.0,0.0003503794412845599,0.06681644677231136,0.9707560966713994,25.806451612903224,-41.93548387096774,25.806451612903224,0.5830806790669217,0.42408240115342455,0.00208363467558547,0.34195322160921493,0.23333333333333328,0.40411260651984127,0.23333333333333328,0.35287882456388886
1104,Worked cereal grains,Agriculture,2. Vegetable products,0.2074066262918422,85.52631578947368,56.34463463437056,2716,Electrical energy,Minerals,5. Mineral products,0.40305884364193084,1,10,1065,-0.6037057978446352,0.26734592743873575,658.0772433992051,1077835.0,7.561450876935817e-07,-0.4851455760158978,0.7217619604068098,9.67741935483871,-38.70967741935484,9.67741935483871,0.5348222525407483,0.4279140533263428,4.496639753507682e-06,0.07470242562560059,0.06666666666666667,0.34816374539328493,0.06666666666666667,0.2637146217752994
1104,Worked cereal grains,Agriculture,2. Vegetable products,0.2074066262918422,85.52631578947368,56.34463463437056,4408,Sheets for veneering for plywood,Agriculture,9. Wood and articles of wood,0.402432052497199,1,11,1065,-1.6468928059682173,0.21356831843817362,3723.4340878795288,16695095.0,1.1712288126501438e-05,0.07507542026115255,0.829973012553726,6.451612903225806,-16.129032258064512,6.451612903225806,0.43862421248658434,0.37830346869750003,6.965057533443184e-05,0.34595207868229894,0.033333333333333326,0.3378279478030745,0.033333333333333326,0.24647956346215216
1107,Malt,Agriculture,2. Vegetable products,0.19807845117259126,55.92105263157895,56.30087742254061,1514,"Rapeseed, colza or mustard oil,",Agriculture,3. Animal or vegetable fats and oils,0.40005457197765953,1,1,1065,2.113034943089607,0.6304123303976537,2586.4524878265856,95053081.0,6.668360209892063e-05,-0.04539430549636281,0.7555427004721768,25.806451612903224,-45.16129032258065,25.806451612903224,0.7853479325751097,0.7628478081850729,0.00039655370508286125,0.2876226488095895,0.23333333333333328,0.5850713896432648,0.23333333333333328,0.4795499727502853
1107,Malt,Agriculture,2. Vegetable products,0.19807845117259126,55.92105263157895,56.30087742254061,6806,Mineral wools and insulating materials,Stone,"13. Articles of stone, plaster, cement, ceramics and glass",0.3899398241548348,1,2,1065,2.7623105898925657,0.7359659511528415,2915.817068977038,77152139.0,5.4125363260519844e-05,0.09666503524409098,0.7737926165964616,22.58064516129032,-35.48387096774194,22.58064516129032,0.845221228725233,0.8602224764285287,0.0003218724343666242,0.3564054098010306,0.19999999999999996,0.650414389139126,0.19999999999999996,0.5152900723973881
1107,Malt,Agriculture,2. Vegetable products,0.19807845117259126,55.92105263157895,56.30087742254061,8432,Machinery for soil preparation or cultivation,Machinery,"16. Machinery, mechanical appliances and electrical equipment",0.3886844128871259,1,3,1065,2.2376026442910835,0.6556662564677201,3436.404250766662,270216840.0,0.00018956810288966544,0.12363283506856493,1.104858734204967,45.16129032258064,9.677419354838705,45.16129032258064,0.7968350088292413,0.7861449026411779,0.0011273226280564509,0.36946276822690705,0.43333333333333324,0.6096314826428911,0.43333333333333324,0.5567420378500237
1107,Malt,Agriculture,2. Vegetable products,0.19807845117259126,55.92105263157895,56.30087742254061,4902,"Newspapers, journals and periodicals",Agriculture,"10. Pulp, paper and paperboard",0.38398819680547086,1,4,1065,2.672860478649815,0.5995838304207395,2518.5310168969786,2552987.0,1.7910242096383714e-06,-0.11512429607145036,0.5657585436207909,9.67741935483871,-58.06451612903225,9.67741935483871,0.8369725395475777,0.7344080925579057,1.0650853641223673e-05,0.25386055157147464,0.06666666666666667,0.5880639016006866,0.06666666666666667,0.4316447311204806
1107,Malt,Agriculture,2. Vegetable products,0.19807845117259126,55.92105263157895,56.30087742254061,4410,Particle board and similar board,Agriculture,9. Wood and articles of wood,0.3829496582710294,1,5,1065,1.818506514041664,0.5799729409975771,1792.4882540695237,36200408.0,2.5396058470641088e-05,0.06229959592418033,0.980012737183174,25.806451612903224,-35.483870967741936,25.806451612903224,0.7581878381778381,0.716316777093053,0.00015102515107228614,0.339766237841012,0.23333333333333328,0.5670642047936245,0.23333333333333328,0.46694494335553716
1107,Malt,Agriculture,2. Vegetable products,0.19807845117259126,55.92105263157895,56.30087742254061,6808,Panels of vegetable fibers,Stone,"13. Articles of stone, plaster, cement, ceramics and glass",0.38209676370543727,1,6,1065,2.3009435765242707,0.6633284899969201,3035.5083500141604,2715514.0,1.9050435100578e-06,0.02437547074389257,0.9397445122478721,29.03225806451613,-35.483870967741936,29.03225806451613,0.8026760262964703,0.7932134185534855,1.1328903035814072e-05,0.32140400960252485,0.26666666666666666,0.6067736064733186,0.26666666666666666,0.5047415245313229
1107,Malt,Agriculture,2. Vegetable products,0.19807845117259126,55.92105263157895,56.30087742254061,8530,Electric signal and traffic controls,Electronics,"16. Machinery, mechanical appliances and electrical equipment",0.3787119224381592,1,7,1065,2.7883172128784013,0.8098392470750851,4431.271273023517,42369323.0,2.972380323087735e-05,0.0362265447863892,0.8305670816104338,9.67741935483871,-29.032258064516128,9.67741935483871,0.8476194431778508,0.9283716088885402,0.00017676136155441916,0.32714210179067754,0.06666666666666667,0.6706946976960716,0.06666666666666667,0.4894862883872501
1107,Malt,Agriculture,2. Vegetable products,0.19807845117259126,55.92105263157895,56.30087742254061,3820,Antifreezing preparation,Chemicals,6. Products of the chemical or allied industries,0.37790976899208756,1,8,1065,1.6686378989783257,0.5431546939248599,2521.31758106721,33288694.0,2.3353372681194066e-05,0.09421941987773419,1.1910021082975875,48.38709677419355,-9.677419354838712,48.38709677419355,0.7443676248100953,0.6823514373125584,0.00013887771763094784,0.3552212836721585,0.4666666666666667,0.5526556959513973,0.4666666666666667,0.5268589871659781
1107,Malt,Agriculture,2. Vegetable products,0.19807845117259126,55.92105263157895,56.30087742254061,1004,Oats,Agriculture,2. Vegetable products,0.37401905328647495,1,9,1065,1.5422345424777444,0.0612291876952154,2983.4990384036,1702677.0,1.194497162811418e-06,-0.4348780030627417,0.7972684752929139,16.129032258064516,-64.51612903225806,16.129032258064516,0.7327112726345674,0.23776852342076094,7.1034296395860215e-06,0.09904114519191048,0.1333333333333333,0.3545251659125974,0.1333333333333333,0.2881676161388182
1107,Malt,Agriculture,2. Vegetable products,0.19807845117259126,55.92105263157895,56.30087742254061,4401,Fuel wood,Agriculture,9. Wood and articles of wood,0.37292800373681867,1,10,1065,0.6375054209655169,0.36597378583225554,4442.505697208532,6731915.0,4.722712157260377e-06,-0.0005103945436372159,0.48116246373889654,3.225806451612903,-58.064516129032256,3.225806451612903,0.6492811996067681,0.5188996104481197,2.8085000585650556e-05,0.3093546891198632,0.0,0.45527069963727806,0.0,0.3186894897460946
1107,Malt,Agriculture,2. Vegetable products,0.19807845117259126,55.92105263157895,56.30087742254061,5302,Hemp fiber,Textiles,11. Textiles and textile articles,0.3715642227205652,1,11,1065,1.011058205286824,0.6043222807779148,3041.5093019568717,291533.0,2.0452225605085468e-07,0.4421270383903355,0.593655149536196,9.67741935483871,-61.29032258064516,9.67741935483871,0.6837285665972019,0.738779378243957,1.2162519098557341e-06,0.5236723439581172,0.06666666666666667,0.5764288147259097,0.06666666666666667,0.42350017030813675
1108,Starches,Agriculture,2. Vegetable products,0.19422150816958833,39.473684210526315,56.48492808672932,0506,"Bones, simply prepared",Agriculture,1. Live animals; animal products,0.372533335955622,1,1,1065,-0.9125515058275415,0.05821980779387901,5051.020336278767,4067423.0,2.8534626552504706e-06,0.4063768989584402,0.5731945243340715,6.451612903225806,-77.41935483870968,6.451612903225806,0.5063418827166097,0.23499232903335288,1.696895717445757e-05,0.506362723322559,0.033333333333333326,0.3354239279544469,0.033333333333333326,0.24479674956811284
1108,Starches,Agriculture,2. Vegetable products,0.19422150816958833,39.473684210526315,56.48492808672932,4410,Particle board and similar board,Agriculture,9. Wood and articles of wood,0.3657643972502618,1,2,1065,1.818506514041664,0.5799729409975771,1792.4882540695237,36200408.0,2.5396058470641088e-05,0.06229959592418033,0.980012737183174,25.806451612903224,-35.483870967741936,25.806451612903224,0.7581878381778381,0.716316777093053,0.00015102515107228614,0.339766237841012,0.23333333333333328,0.5670642047936245,0.23333333333333328,0.46694494335553716
1108,Starches,Agriculture,2. Vegetable products,0.19422150816958833,39.473684210526315,56.48492808672932,4805,Other uncoated paper and paperboard,Agriculture,"10. Pulp, paper and paperboard",0.3650887338001022,1,3,1065,1.0377360127300639,0.4492945318287237,2533.2282147427964,239985618.0,0.00016835967116284812,0.04707545170328564,1.041385420312912,41.935483870967744,-25.806451612903217,41.935483870967744,0.6861886746784924,0.595764145659287,0.0010012004343604621,0.33239496138860175,0.39999999999999997,0.4986929113916671,0.39999999999999997,0.46908503797416695
1108,Starches,Agriculture,2. Vegetable products,0.19422150816958833,39.473684210526315,56.48492808672932,3505,Dextrins and other modified starches,Chemicals,6. Products of the chemical or allied industries,0.3626916251292954,1,4,1065,1.8977605685295178,0.6590251299910985,4040.552793700428,68814327.0,4.82760490464587e-05,0.0856545883772517,0.9457822764128804,12.903225806451612,-38.70967741935483,12.903225806451612,0.7654962926051906,0.7892435097062,0.00028708776241175786,0.3510743352563836,0.09999999999999998,0.596863144261806,0.09999999999999998,0.4478042009832641
1108,Starches,Agriculture,2. Vegetable products,0.19422150816958833,39.473684210526315,56.48492808672932,6308,Needlecraft sets of woven fabric and yarn,Textiles,11. Textiles and textile articles,0.36062421087550617,1,5,1065,1.2767925286503041,0.36082059549777323,4771.158650105625,390330.0,2.738323695922249e-07,-0.1065435986827713,0.6493208978127634,3.225806451612903,-54.83870967741936,3.225806451612903,0.7082333973548889,0.5141457214235129,1.628424939797514e-06,0.25801518198542056,0.0,0.46653521313399465,0.0,0.32657464919379625
1108,Starches,Agriculture,2. Vegetable products,0.19422150816958833,39.473684210526315,56.48492808672932,9403,Other furniture and parts,Textiles,20. Miscellaneous manufactured articles,0.35993204642873455,1,6,1065,1.655954980189648,0.5080677861326728,5942.125067343409,1202630550.0,0.0008436942414123966,0.10324997490577892,0.7308754632989286,9.67741935483871,-45.16129032258064,9.67741935483871,0.7431980627659596,0.649983281852718,0.005017276614614304,0.35959372764434977,0.06666666666666667,0.5423051212553818,0.06666666666666667,0.39961358487876725
1108,Starches,Agriculture,2. Vegetable products,0.19422150816958833,39.473684210526315,56.48492808672932,8432,Machinery for soil preparation or cultivation,Machinery,"16. Machinery, mechanical appliances and electrical equipment",0.35755828765658854,1,7,1065,2.2376026442910835,0.6556662564677201,3436.404250766662,270216840.0,0.00018956810288966544,0.12363283506856493,1.104858734204967,45.16129032258064,9.677419354838705,45.16129032258064,0.7968350088292413,0.7861449026411779,0.0011273226280564509,0.36946276822690705,0.43333333333333324,0.6096314826428911,0.43333333333333324,0.5567420378500237
1108,Starches,Agriculture,2. Vegetable products,0.19422150816958833,39.473684210526315,56.48492808672932,7325,Other cast articles of iron or steel,Metals,15. Base metals and articles of base metal,0.35438483157109124,1,8,1065,1.568606165802238,0.5648927514007727,4248.115237423845,116865543.0,8.198593129754836e-05,0.07752242703681955,0.8060350641832089,22.58064516129032,-29.032258064516128,22.58064516129032,0.7351431457858887,0.7024050945895888,0.00048755351836696843,0.34713687850832836,0.19999999999999996,0.5552855489354213,0.19999999999999996,0.44869988425479485
1108,Starches,Agriculture,2. Vegetable products,0.19422150816958833,39.473684210526315,56.48492808672932,4011,New pneumatic tires of rubber,Chemicals,7. Plastics and articles thereof; rubber and articles thereof,0.35377787183189,1,9,1065,1.6077302645734737,0.5434540419652913,6207.183333512138,5749699820.0,0.004033648262123304,0.1262655965878603,1.2977934405270672,93.54838709677419,54.83870967741935,93.54838709677419,0.7387509951852483,0.682627590000811,0.023987278926132446,0.3707375073984763,0.9333333333333333,0.556691222763812,0.9333333333333333,0.6696838559346683
1108,Starches,Agriculture,2. Vegetable products,0.19422150816958833,39.473684210526315,56.48492808672932,9401,Seats,Textiles,20. Miscellaneous manufactured articles,0.35056425452151185,1,10,1065,1.7327242522071387,0.5620130214672596,5825.708776182534,1503578285.0,0.0010548213169599152,0.08529438463323458,0.7619467910694531,9.67741935483871,-45.16129032258064,9.67741935483871,0.7502773816675161,0.6997485040823153,0.006272806031388759,0.3508999306174221,0.06666666666666667,0.5610849705097625,0.06666666666666667,0.4127594793568337
1108,Starches,Agriculture,2. Vegetable products,0.19422150816958833,39.473684210526315,56.48492808672932,4418,Wood carpentry for construction,Agriculture,9. Wood and articles of wood,0.3491702130941065,1,11,1065,0.8932118073917645,0.42128126895715523,3269.0905833452566,34307967.0,2.4068434144190444e-05,0.020527599736889446,0.5603860616816045,6.451612903225806,-58.064516129032256,6.451612903225806,0.6728612988717924,0.5699215250175728,0.0001431300414945049,0.3195409347042389,0.033333333333333326,0.48292659807313776,0.033333333333333326,0.3480486186511964
1201,Soya beans,Agriculture,2. Vegetable products,0.23444522943958676,100.0,30.51916396469622,1207,Other oil seeds,Agriculture,2. Vegetable products,0.2385202001592996,1,1,1065,-5.179657069141335,-0.0083886596557211,6277.462999120389,143080371.0,0.0001003766992879478,0.14696457892968495,1.0032404260757406,54.83870967741935,3.225806451612904,54.83870967741935,0.1128484930382199,0.17354510085012587,0.00059691964371655,0.3807596090622098,0.5333333333333332,0.15744123716680997,0.5333333333333332,0.2702088660167669
1201,Soya beans,Agriculture,2. Vegetable products,0.23444522943958676,100.0,30.51916396469622,8604,Railway service vehicles,Vehicles,"17. Vehicles, aircraft, vessels and associated transport equipment",0.2274067207985758,1,2,1065,1.1405295351754445,0.6201124278113642,4630.243461354702,21293478.0,1.4938240815719803e-05,-0.12086190008242137,0.9656008487263452,32.25806451612903,-32.25806451612903,32.25806451612903,0.6956678335565311,0.7533460062563073,8.883465434434886e-05,0.25108249950328165,0.3,0.5448305440581374,0.3,0.47138138084069614
1201,Soya beans,Agriculture,2. Vegetable products,0.23444522943958676,100.0,30.51916396469622,1205,Rape or colza seeds,Agriculture,2. Vegetable products,0.2271231762446041,1,3,1065,1.5691069667597983,0.5536794532034081,6649.318147038165,21012246.0,1.4740945130107216e-05,-0.031981971453120095,0.4919058346956197,6.666666666666667,-56.666666666666664,6.666666666666667,0.7351893274102758,0.6920606726354072,8.766137736674239e-05,0.2941166770236105,0.035555555555555556,0.5436681507761356,0.035555555555555556,0.39123437220996155
1201,Soya beans,Agriculture,2. Vegetable products,0.23444522943958676,100.0,30.51916396469622,9302,Revolvers and pistols,Machinery,19. Arms and ammunition,0.22440160195179037,1,4,1065,2.586549408653248,0.6157717370149229,7027.449642076574,54680460.0,3.836056652625438e-05,0.00895170993058958,0.9370951548293522,66.66666666666666,13.333333333333321,66.66666666666666,0.8290133187137387,0.7493416592407633,0.00022812242149873282,0.3139360821288303,0.6555555555555554,0.5995488729666251,0.6555555555555554,0.6163508777433041
1201,Soya beans,Agriculture,2. Vegetable products,0.23444522943958676,100.0,30.51916396469622,1204,Linseed,Agriculture,2. Vegetable products,0.21656850853449314,1,5,1065,0.36431767957742767,0.0876611091473719,3948.431174688562,4427685.0,3.1062010999870635e-06,-0.08158846227865257,0.5777276034341652,6.666666666666667,-56.666666666666664,6.666666666666667,0.6240890479755578,0.26215233483363776,1.847194086943703e-05,0.2700980423861975,0.035555555555555556,0.3507019611322785,0.035555555555555556,0.2561580394592616
1201,Soya beans,Agriculture,2. Vegetable products,0.23444522943958676,100.0,30.51916396469622,2207,Ethyl alcohol > 80%,Agriculture,"4. Prepared foodstuffs; beverages, spirits and tobacco",0.21348915727347673,1,6,1065,-1.305157555686241,0.21697167510291027,4795.07981258578,618361862.0,0.0004338059947657633,-0.045286561211540066,0.9261118616830513,36.666666666666664,-40.00000000000001,36.666666666666664,0.47013750879735555,0.3814431120727994,0.002579755278611505,0.28767481679342305,0.3455555555555555,0.3415914031153594,0.3455555555555555,0.3427806488474182
1201,Soya beans,Agriculture,2. Vegetable products,0.23444522943958676,100.0,30.51916396469622,0801,Cashew nuts & coconuts,Agriculture,2. Vegetable products,0.21243467570454208,1,7,1065,-5.642787958458843,-0.09322285356848867,7671.657023310905,128836892.0,9.038431949185963e-05,0.05243996186792188,1.2563581348359256,80.64516129032258,-6.451612903225808,80.64516129032258,0.07014063385866202,0.09528438910139381,0.0005374970104752359,0.33499236764550167,0.7999999999999999,0.10822823773441607,0.7999999999999999,0.3157597664140912
1201,Soya beans,Agriculture,2. Vegetable products,0.23444522943958676,100.0,30.51916396469622,1514,"Rapeseed, colza or mustard oil,",Agriculture,3. Animal or vegetable fats and oils,0.20512934076010741,0,8,1065,2.113034943089607,0.6304123303976537,2586.4524878265856,95053081.0,6.668360209892063e-05,-0.04539430549636281,0.7555427004721768,25.806451612903224,-45.16129032258065,25.806451612903224,0.7853479325751097,0.7628478081850729,0.00039655370508286125,0.2876226488095895,0.23333333333333328,0.5850713896432648,0.23333333333333328,0.4795499727502853
1201,Soya beans,Agriculture,2. Vegetable products,0.23444522943958676,100.0,30.51916396469622,2504,Natural graphite,Minerals,5. Mineral products,0.2048671190153835,0,9,1065,-0.7060897754015293,0.3654405082911996,6017.006717987639,4551707.0,3.193207576920855e-06,-0.2586034089128634,0.6580533073275981,6.451612903225806,-54.83870967741935,6.451612903225806,0.5253808600605652,0.5184076545751664,1.898935054300444e-05,0.18439036063298755,0.033333333333333326,0.3929873826200356,0.033333333333333326,0.2850911678340249
1201,Soya beans,Agriculture,2. Vegetable products,0.23444522943958676,100.0,30.51916396469622,4703,"Chemical woodpulp, soda or sulfate",Agriculture,"10. Pulp, paper and paperboard",0.20359571181724884,0,10,1065,1.7239292449165957,0.4965747031522535,8556.58777508857,5508925420.0,0.003864735228307952,0.09038716064115482,0.8379680303193789,20.0,-40.0,20.0,0.7494663454323792,0.6393807545845303,0.022982787757570504,0.35336576773246064,0.1733333333333333,0.542548768329423,0.1733333333333333,0.43178413783059605
1201,Soya beans,Agriculture,2. Vegetable products,0.23444522943958676,100.0,30.51916396469622,2614,Titanium ore,Minerals,5. Mineral products,0.20159388411990287,0,11,1065,-3.4735970419784987,-0.0033195968443900468,8737.00024118866,471283589.0,0.0003306246046314611,0.01957747794919973,0.7548123587850952,38.70967741935484,-22.58064516129032,38.70967741935484,0.27017371809353047,0.1782213810764898,0.001966156713665056,0.31908090159768787,0.36666666666666664,0.20509534345621003,0.36666666666666664,0.253566740419347
1202,Peanuts,Agriculture,2. Vegetable products,0.22009132774700912,97.36842105263158,39.87576662315491,1207,Other oil seeds,Agriculture,2. Vegetable products,0.3752766597301727,1,1,1065,-5.179657069141335,-0.0083886596557211,6277.462999120389,143080371.0,0.0001003766992879478,0.14696457892968495,1.0032404260757406,54.83870967741935,3.225806451612904,54.83870967741935,0.1128484930382199,0.17354510085012587,0.00059691964371655,0.3807596090622098,0.5333333333333332,0.15744123716680997,0.5333333333333332,0.2702088660167669
1202,Peanuts,Agriculture,2. Vegetable products,0.22009132774700912,97.36842105263158,39.87576662315491,7103,Precious stones,Stone,"14. Pearls, precious stones and metals",0.339583666801906,1,2,1065,-3.0720481527616497,0.005407342178186963,6873.92637275521,14052785.0,9.858600199626149e-06,0.10835248366528671,0.5534142851866128,3.225806451612903,-51.61290322580645,3.225806451612903,0.30720276065999175,0.18627210246363404,5.862707341893375e-05,0.3620642771952109,0.0,0.2270346377335635,0.0,0.15892424641349445
1202,Peanuts,Agriculture,2. Vegetable products,0.22009132774700912,97.36842105263158,39.87576662315491,0801,Cashew nuts & coconuts,Agriculture,2. Vegetable products,0.3395611804417159,1,3,1065,-5.642787958458843,-0.09322285356848867,7671.657023310905,128836892.0,9.038431949185963e-05,0.05243996186792188,1.2563581348359256,80.64516129032258,-6.451612903225808,80.64516129032258,0.07014063385866202,0.09528438910139381,0.0005374970104752359,0.33499236764550167,0.7999999999999999,0.10822823773441607,0.7999999999999999,0.3157597664140912
1202,Peanuts,Agriculture,2. Vegetable products,0.22009132774700912,97.36842105263158,39.87576662315491,5203,"Cotton, carded or combed",Textiles,11. Textiles and textile articles,0.32380777896880275,1,4,1065,-3.415123942204964,0.04091365721285639,7425.781415570738,8369693.0,5.871680032150893e-06,0.018714859213313506,1.6289474126748453,96.7741935483871,38.70967741935484,96.7741935483871,0.27556584582355603,0.21902716687840573,3.491767688788634e-05,0.31866323600788615,0.9666666666666668,0.2209122774984027,0.9666666666666668,0.4446385942488819
1202,Peanuts,Agriculture,2. Vegetable products,0.22009132774700912,97.36842105263158,39.87576662315491,0708,Legumes,Agriculture,2. Vegetable products,0.3204166841029423,1,5,1065,-3.479223583323188,-0.048869362500723074,2792.11884358736,684122.0,4.799394060158637e-07,-0.0199107769456196,0.523088394464111,12.903225806451612,-70.96774193548387,12.903225806451612,0.2696548636164061,0.13620109520074838,2.854101213496669e-06,0.2999613478658296,0.09999999999999998,0.18704421588106052,0.09999999999999998,0.16093095111674235
1202,Peanuts,Agriculture,2. Vegetable products,0.22009132774700912,97.36842105263158,39.87576662315491,0904,Pepper,Agriculture,2. Vegetable products,0.31908191284077003,1,6,1065,-2.740762490484549,-0.00361184608636817,6280.533689559384,73088184.0,5.127433354831179e-05,0.12324324107768492,0.8970626004313724,45.16129032258064,-12.903225806451623,45.16129032258064,0.33775244270254967,0.17795177712753552,0.00030491794540545085,0.36927413332110837,0.43333333333333324,0.23593333463050686,0.43333333333333324,0.29515333424135476
1202,Peanuts,Agriculture,2. Vegetable products,0.22009132774700912,97.36842105263158,39.87576662315491,2615,Zirconium ore,Minerals,5. Mineral products,0.3190564775383105,1,7,1065,-5.011711883274501,-0.12045230922111903,8815.862688375188,170543493.0,0.00011964319628705205,0.1115606170675536,1.0845213375500364,41.935483870967744,-35.483870967741936,41.935483870967744,0.12833564691486002,0.07016484140937912,0.0007114935498716029,0.36361760182621805,0.39999999999999997,0.12412453521989714,0.39999999999999997,0.20688717465392797
1202,Peanuts,Agriculture,2. Vegetable products,0.22009132774700912,97.36842105263158,39.87576662315491,0714,Tubers,Agriculture,2. Vegetable products,0.31858496997608216,1,8,1065,-4.132607970492207,-0.05186632627408178,2457.5916172783755,4948101.0,3.4712940891339576e-06,0.04471099174543025,0.936754133178295,61.29032258064516,-3.225806451612904,61.29032258064516,0.20940267780677943,0.1334363548623255,2.0643073996456893e-05,0.3312501293535712,0.6,0.16968427729832186,0.6,0.2987789941088253
1202,Peanuts,Agriculture,2. Vegetable products,0.22009132774700912,97.36842105263158,39.87576662315491,2506,Quartz,Minerals,5. Mineral products,0.3086914291150837,1,9,1065,-2.258029918049852,0.15369977802847612,6146.4493485503035,6977388.0,4.894921450066239e-06,0.09901391825353567,0.673997302653572,12.903225806451612,-29.03225806451613,12.903225806451612,0.38226788142724405,0.32307391599333385,2.9109093930376598e-05,0.35754269973771047,0.09999999999999998,0.30050540042194834,0.09999999999999998,0.24035378029536383
1202,Peanuts,Agriculture,2. Vegetable products,0.22009132774700912,97.36842105263158,39.87576662315491,5202,Cotton waste,Textiles,11. Textiles and textile articles,0.3037436727977915,1,10,1065,-3.5178173859286748,-0.012694174479806818,4609.659860229449,7494571.0,5.257746358228091e-06,-0.0009981819751720966,1.103651790817027,51.61290322580645,12.903225806451609,51.61290322580645,0.26609591575761027,0.1695732041533276,3.126673924495477e-05,0.30911851058951795,0.49999999999999994,0.1988566585681427,0.49999999999999994,0.28919966099769984
1202,Peanuts,Agriculture,2. Vegetable products,0.22009132774700912,97.36842105263158,39.87576662315491,1212,Seaweeds & edible vegetable products,Agriculture,2. Vegetable products,0.3026066117550708,1,11,1065,-3.0534199423780937,9.986528345065106e-05,4699.4838592942,14847296.0,1.0415981978626195e-05,0.29621396867299854,0.8817347052242728,29.03225806451613,-54.83870967741936,29.03225806451613,0.30892057090365843,0.18137588196321738,6.194170854137747e-05,0.4530236717371778,0.26666666666666666,0.2395666005202644,0.26666666666666666,0.24769662036418505
1206,Sunflower seeds,Agriculture,2. Vegetable products,0.19489642434918691,41.44736842105263,51.69640749467226,1205,Rape or colza seeds,Agriculture,2. Vegetable products,0.4161625645531875,1,1,1065,1.5691069667597983,0.5536794532034081,6649.318147038165,21012246.0,1.4740945130107216e-05,-0.031981971453120095,0.4919058346956197,6.666666666666667,-56.666666666666664,6.666666666666667,0.7351893274102758,0.6920606726354072,8.766137736674239e-05,0.2941166770236105,0.035555555555555556,0.5436681507761356,0.035555555555555556,0.39123437220996155
1206,Sunflower seeds,Agriculture,2. Vegetable products,0.19489642434918691,41.44736842105263,51.69640749467226,8403,Central heating boilers,Machinery,"16. Machinery, mechanical appliances and electrical equipment",0.4143014999192808,1,2,1065,2.999998001288242,0.7896628276689537,2054.963085166561,12552060.0,8.805780578135892e-06,0.024977422120272097,0.4982511564542196,3.225806451612903,-61.29032258064516,3.225806451612903,0.8671396987059319,0.9097585842290681,5.236617105996153e-05,0.3216954644089049,0.0,0.6701765736142448,0.0,0.4691236015299713
1206,Sunflower seeds,Agriculture,2. Vegetable products,0.19489642434918691,41.44736842105263,51.69640749467226,8606,"Railway cars, not self-propelled",Vehicles,"17. Vehicles, aircraft, vessels and associated transport equipment",0.4128052602976762,1,3,1065,1.3431305869342685,0.5844479010830038,2750.3709093949296,14776225.0,1.0366122781692091e-05,0.24404874691386302,0.6133923917635712,12.903225806451612,-48.38709677419355,12.903225806451612,0.714350796381354,0.720444989376095,6.16452061231766e-05,0.42776614230178756,0.09999999999999998,0.5663526931412939,0.09999999999999998,0.42644688519890567
1206,Sunflower seeds,Agriculture,2. Vegetable products,0.19489642434918691,41.44736842105263,51.69640749467226,8607,Parts of railway locomotives,Vehicles,"17. Vehicles, aircraft, vessels and associated transport equipment",0.40254671010082904,1,4,1065,2.8614169052616782,0.7803580890247209,3343.41085181649,127644875.0,8.95480710874218e-05,0.10538064514840695,0.6252145775054238,3.225806451612903,-64.51612903225806,3.225806451612903,0.8543603698583722,0.9011748347367069,0.0005325240127259914,0.36062536260257483,0.0,0.6686110046005729,0.0,0.468027703220401
1206,Sunflower seeds,Agriculture,2. Vegetable products,0.19489642434918691,41.44736842105263,51.69640749467226,8608,Railway track fixtures,Vehicles,"17. Vehicles, aircraft, vessels and associated transport equipment",0.39626747702936693,1,5,1065,2.5399907398120636,0.7496808986314845,4474.8242642645255,45273467.0,3.176117835745497e-05,0.09820887867063632,1.1847130236243864,61.29032258064516,19.354838709677416,61.29032258064516,0.8247198865149337,0.8728747042834756,0.00018887721357287358,0.35715291301245466,0.6,0.6477593753133474,0.6,0.6334315627193432
1206,Sunflower seeds,Agriculture,2. Vegetable products,0.19489642434918691,41.44736842105263,51.69640749467226,4410,Particle board and similar board,Agriculture,9. Wood and articles of wood,0.3778712928868016,1,6,1065,1.818506514041664,0.5799729409975771,1792.4882540695237,36200408.0,2.5396058470641088e-05,0.06229959592418033,0.980012737183174,25.806451612903224,-35.483870967741936,25.806451612903224,0.7581878381778381,0.716316777093053,0.00015102515107228614,0.339766237841012,0.23333333333333328,0.5670642047936245,0.23333333333333328,0.46694494335553716
1206,Sunflower seeds,Agriculture,2. Vegetable products,0.19489642434918691,41.44736842105263,51.69640749467226,7008,Multiple-walled insulating glass,Stone,"13. Articles of stone, plaster, cement, ceramics and glass",0.3677997419622827,1,7,1065,2.4267159053645684,0.6828047313884866,2488.3557816825196,5590288.0,3.921814387167217e-06,-0.03387780838902121,0.6915673656133574,12.903225806451612,-51.61290322580645,12.903225806451612,0.8142741879235474,0.811180519355568,2.3322225808548575e-05,0.29319874443177146,0.09999999999999998,0.6128924575463274,0.09999999999999998,0.45902472028242913
1206,Sunflower seeds,Agriculture,2. Vegetable products,0.19489642434918691,41.44736842105263,51.69640749467226,7322,Radiators for central heating of iron or steel,Metals,15. Base metals and articles of base metal,0.36384131931972813,1,8,1065,2.952321666609917,0.7850765526931913,2753.2534763546914,7185237.0,5.040735976716443e-06,-0.0030818997550012828,0.5376574055279797,6.451612903225806,-67.74193548387096,6.451612903225806,0.8627432003625802,0.9055276824272824,2.99762230142594e-05,0.3081096092298709,0.033333333333333326,0.6651157467943847,0.033333333333333326,0.4755810227560692
1206,Sunflower seeds,Agriculture,2. Vegetable products,0.19489642434918691,41.44736842105263,51.69640749467226,6806,Mineral wools and insulating materials,Stone,"13. Articles of stone, plaster, cement, ceramics and glass",0.3637937460521721,1,9,1065,2.7623105898925657,0.7359659511528415,2915.817068977038,77152139.0,5.4125363260519844e-05,0.09666503524409098,0.7737926165964616,22.58064516129032,-35.48387096774194,22.58064516129032,0.845221228725233,0.8602224764285287,0.0003218724343666242,0.3564054098010306,0.19999999999999996,0.650414389139126,0.19999999999999996,0.5152900723973881
1206,Sunflower seeds,Agriculture,2. Vegetable products,0.19489642434918691,41.44736842105263,51.69640749467226,5302,Hemp fiber,Textiles,11. Textiles and textile articles,0.36067323532371093,1,10,1065,1.011058205286824,0.6043222807779148,3041.5093019568717,291533.0,2.0452225605085468e-07,0.4421270383903355,0.593655149536196,9.67741935483871,-61.29032258064516,9.67741935483871,0.6837285665972019,0.738779378243957,1.2162519098557341e-06,0.5236723439581172,0.06666666666666667,0.5764288147259097,0.06666666666666667,0.42350017030813675
1206,Sunflower seeds,Agriculture,2. Vegetable products,0.19489642434918691,41.44736842105263,51.69640749467226,8435,Machines for wine and juice production,Machinery,"16. Machinery, mechanical appliances and electrical equipment",0.3589351710061884,1,11,1065,1.8302173028708746,0.6122716891107445,4363.240618168615,12475933.0,8.752374391575937e-06,0.053530449421658854,1.1883572237133542,45.16129032258064,-9.677419354838712,45.16129032258064,0.7592677547451319,0.7461128168659855,5.2048575421932264e-05,0.3355203635124533,0.43333333333333324,0.5772190618770723,0.43333333333333324,0.5340533433139506
1208,Flours of oil seeds,Agriculture,2. Vegetable products,0.2052210552872091,75.6578947368421,53.33740564005819,6904,Ceramic building bricks,Stone,"13. Articles of stone, plaster, cement, ceramics and glass",0.3599888606194269,1,1,1065,-0.2114248418089587,0.33870214209031785,3323.1086996680115,9525383.0,6.682443568681619e-06,0.08691826024939031,0.6908553582407054,12.903225806451612,-41.935483870967744,12.903225806451612,0.5709966477616819,0.4937411436629395,3.973912135455452e-05,0.35168618407885366,0.09999999999999998,0.42541711547864874,0.09999999999999998,0.32779198083505406
1208,Flours of oil seeds,Agriculture,2. Vegetable products,0.2052210552872091,75.6578947368421,53.33740564005819,1102,Cereal flours,Agriculture,2. Vegetable products,0.35958068887393374,1,2,1065,-1.9432107424888434,0.05787950957856266,3104.479621170969,24621950.0,1.7273299291577082e-05,0.11152845554091395,1.310772979187565,67.74193548387096,9.677419354838698,67.74193548387096,0.41129909771406453,0.23467839924503114,0.0001027207681870402,0.3636020297519817,0.6666666666666666,0.2806478365137087,0.6666666666666666,0.3964534855595961
1208,Flours of oil seeds,Agriculture,2. Vegetable products,0.2052210552872091,75.6578947368421,53.33740564005819,0710,Frozen vegetables,Agriculture,2. Vegetable products,0.35352367198862555,1,3,1065,-0.49747542056783495,0.23095670071351132,3262.6414188055155,106951619.0,7.503091041553256e-05,0.10512609626736302,0.7370649816646185,6.451612903225806,-80.64516129032258,6.451612903225806,0.5446183427994107,0.39434449072248984,0.00044619343563477484,0.36050211428427187,0.033333333333333326,0.38277923789065116,0.033333333333333326,0.2779454665234558
1208,Flours of oil seeds,Agriculture,2. Vegetable products,0.2052210552872091,75.6578947368421,53.33740564005819,0105,Fowl,Agriculture,1. Live animals; animal products,0.3499780975826663,1,4,1065,-0.0869339492704999,0.35079495916825115,1791.9838514347532,26123495.0,1.8326694176416467e-05,0.03838718634055205,1.0472345910202134,29.03225806451613,-22.580645161290317,29.03225806451613,0.58247664106445,0.504896933892283,0.00010898509151916497,0.3281882483575526,0.26666666666666666,0.4298253362522173,0.26666666666666666,0.3808777353765521
1208,Flours of oil seeds,Agriculture,2. Vegetable products,0.2052210552872091,75.6578947368421,53.33740564005819,0602,Other live plants,Agriculture,2. Vegetable products,0.34966814008986696,1,5,1065,-0.6585508934876766,0.22518925478403107,1660.0091599591253,11922685.0,8.364248419162443e-06,0.09922708567805039,0.6093506324029612,19.35483870967742,-54.838709677419345,19.35483870967742,0.5297646831247584,0.3890239424553893,4.974046986741917e-05,0.3576459118456587,0.16666666666666666,0.3752303668003806,0.16666666666666666,0.31266125676026635
1208,Flours of oil seeds,Agriculture,2. Vegetable products,0.2052210552872091,75.6578947368421,53.33740564005819,1207,Other oil seeds,Agriculture,2. Vegetable products,0.3472497036192544,1,6,1065,-5.179657069141335,-0.0083886596557211,6277.462999120389,143080371.0,0.0001003766992879478,0.14696457892968495,1.0032404260757406,54.83870967741935,3.225806451612904,54.83870967741935,0.1128484930382199,0.17354510085012587,0.00059691964371655,0.3807596090622098,0.5333333333333332,0.15744123716680997,0.5333333333333332,0.2702088660167669
1208,Flours of oil seeds,Agriculture,2. Vegetable products,0.2052210552872091,75.6578947368421,53.33740564005819,2207,Ethyl alcohol > 80%,Agriculture,"4. Prepared foodstuffs; beverages, spirits and tobacco",0.3457103067013023,1,7,1065,-1.305157555686241,0.21697167510291027,4795.07981258578,618361862.0,0.0004338059947657633,-0.045286561211540066,0.9261118616830513,36.666666666666664,-40.00000000000001,36.666666666666664,0.47013750879735555,0.3814431120727994,0.002579755278611505,0.28767481679342305,0.3455555555555555,0.3415914031153594,0.3455555555555555,0.3427806488474182
1208,Flours of oil seeds,Agriculture,2. Vegetable products,0.2052210552872091,75.6578947368421,53.33740564005819,4404,Strips and other pieces of wood,Agriculture,9. Wood and articles of wood,0.34245473629369716,1,8,1065,0.09346111784139328,0.308289960905173,2108.4185739547916,89640.0,6.28861056292036e-08,-0.06793535867636646,0.5884607433460304,9.67741935483871,-32.25806451612903,9.67741935483871,0.5991118673052541,0.46568548785240405,3.739707724321706e-07,0.2767086472008657,0.06666666666666667,0.41418542748092607,0.06666666666666667,0.30992979923664826
1208,Flours of oil seeds,Agriculture,2. Vegetable products,0.2052210552872091,75.6578947368421,53.33740564005819,5207,Cotton yarn for retail sale,Textiles,11. Textiles and textile articles,0.3420638888067161,1,9,1065,0.34619359487162227,0.388227816071333,3821.6477909649393,3013227.0,2.1139012874472142e-06,-0.16323081114056204,1.5889992462970086,93.54838709677419,48.38709677419355,93.54838709677419,0.6224177259471037,0.5394292597022737,1.2570937401868276e-05,0.2305681801520175,0.9333333333333333,0.441233557640695,0.9333333333333333,0.5888634903484864
1208,Flours of oil seeds,Agriculture,2. Vegetable products,0.2052210552872091,75.6578947368421,53.33740564005819,2716,Electrical energy,Minerals,5. Mineral products,0.34109969649159055,1,10,1065,-0.6037057978446352,0.26734592743873575,658.0772433992051,1077835.0,7.561450876935817e-07,-0.4851455760158978,0.7217619604068098,9.67741935483871,-38.70967741935484,9.67741935483871,0.5348222525407483,0.4279140533263428,4.496639753507682e-06,0.07470242562560059,0.06666666666666667,0.34816374539328493,0.06666666666666667,0.2637146217752994
1208,Flours of oil seeds,Agriculture,2. Vegetable products,0.2052210552872091,75.6578947368421,53.33740564005819,5505,Waste of man-made fibers,Textiles,11. Textiles and textile articles,0.33514366954200836,1,11,1065,0.5682634050874128,0.4009144137636186,3406.00842857894,752552.0,5.279458340413702e-07,-0.06807029890055238,0.6864669112437662,25.806451612903224,-38.70967741935484,25.806451612903224,0.6428960105994259,0.551132820722598,3.1395855949952574e-06,0.27664331139725057,0.23333333333333328,0.4594070586101352,0.23333333333333328,0.3915849410270946
1209,Seeds used for sowing,Agriculture,2. Vegetable products,0.20583249094812925,76.97368421052632,56.89924346102317,0604,Other parts of plants,Agriculture,2. Vegetable products,0.4066899207803181,1,1,1065,-0.48842694593105074,0.19456343287998532,3154.059124130417,904622.0,6.346291236780614e-07,0.05074286266008876,0.5424878983149167,3.225806451612903,-48.387096774193544,3.225806451612903,0.5454527526595413,0.36077120014059716,3.7740092380537155e-06,0.33417066054350675,0.0,0.3673045486629602,0.0,0.25711318406407213
1209,Seeds used for sowing,Agriculture,2. Vegetable products,0.20583249094812925,76.97368421052632,56.89924346102317,0811,"Fruits and nuts, frozen",Agriculture,2. Vegetable products,0.394527456152572,1,2,1065,0.18305505907610722,0.20597367826290533,3997.4051620172486,103660419.0,7.272199976351522e-05,0.17088701997715972,0.788163945626781,6.451612903225806,-64.51612903225806,6.451612903225806,0.6073738198414637,0.3712973085847137,0.00043246281753762223,0.3923424556129803,0.033333333333333326,0.4014511327137397,0.033333333333333326,0.2910157928996178
1209,Seeds used for sowing,Agriculture,2. Vegetable products,0.20583249094812925,76.97368421052632,56.89924346102317,3402,Cleaning products,Chemicals,6. Products of the chemical or allied industries,0.3913999688253325,1,3,1065,0.728774185690104,0.3557484621059717,3078.035858220077,985847225.0,0.000691611922418644,0.07089945070080517,1.1171381545670882,48.38709677419355,-6.451612903225801,48.38709677419355,0.657697596874275,0.509466608544394,0.004112874255169143,0.3439301439423532,0.4666666666666667,0.4607139246261625,0.4666666666666667,0.4624997472383138
1209,Seeds used for sowing,Agriculture,2. Vegetable products,0.20583249094812925,76.97368421052632,56.89924346102317,2001,Pickled fruits and vegetables,Agriculture,"4. Prepared foodstuffs; beverages, spirits and tobacco",0.39078557372580675,1,4,1065,-0.3490575802788582,0.18503000890787247,3880.9401292406756,19937362.0,1.3986870288929831e-05,0.09326006061151482,0.6494356206143264,6.451612903225806,-51.612903225806456,6.451612903225806,0.5583047722063039,0.35197648528508546,8.31770489446654e-05,0.3547567779327306,0.033333333333333326,0.3718244333692376,0.033333333333333326,0.27027710335846633
1209,Seeds used for sowing,Agriculture,2. Vegetable products,0.20583249094812925,76.97368421052632,56.89924346102317,1904,Cereal foods,Agriculture,"4. Prepared foodstuffs; beverages, spirits and tobacco",0.39072134780387796,1,5,1065,-0.15692956411748427,0.2453216282272983,2365.0340307697093,40687077.0,2.8543639245487955e-05,-0.05644077898582389,0.7924290150891609,19.35483870967742,-48.38709677419354,19.35483870967742,0.5760219585307997,0.40759633410776336,0.0001697431683812718,0.28227413077576247,0.16666666666666666,0.3866329835151186,0.16666666666666666,0.320643088460583
1209,Seeds used for sowing,Agriculture,2. Vegetable products,0.20583249094812925,76.97368421052632,56.89924346102317,1102,Cereal flours,Agriculture,2. Vegetable products,0.38970685149051587,1,6,1065,-1.9432107424888434,0.05787950957856266,3104.479621170969,24621950.0,1.7273299291577082e-05,0.11152845554091395,1.310772979187565,67.74193548387096,9.677419354838698,67.74193548387096,0.41129909771406453,0.23467839924503114,0.0001027207681870402,0.3636020297519817,0.6666666666666666,0.2806478365137087,0.6666666666666666,0.3964534855595961
1209,Seeds used for sowing,Agriculture,2. Vegetable products,0.20583249094812925,76.97368421052632,56.89924346102317,0810,Other fresh fruit,Agriculture,2. Vegetable products,0.3894586871753137,1,7,1065,-1.8575580436755599,0.006553499596134498,4099.922451280301,129041757.0,9.052804062115153e-05,0.14275631962904867,0.6979782016868505,9.67741935483871,-80.64516129032258,9.67741935483871,0.4191976065020606,0.18732944846018937,0.0005383516905543782,0.3787220401691194,0.06666666666666667,0.2691735280157386,0.06666666666666667,0.20842146961101699
1209,Seeds used for sowing,Agriculture,2. Vegetable products,0.20583249094812925,76.97368421052632,56.89924346102317,7310,"Tanks etc. < 300 liters, iron or steel",Metals,15. Base metals and articles of base metal,0.3889019868474068,1,8,1065,1.0130338047013907,0.42170436662605726,2938.3398286654406,91382545.0,6.410857181543341e-05,0.08107849843893522,0.9123705449349343,35.483870967741936,-29.032258064516128,35.483870967741936,0.6839107475390019,0.5703118384416803,0.00038124052811766616,0.34885866890975714,0.3333333333333333,0.49136389150892,0.3333333333333333,0.443954724056244
1209,Seeds used for sowing,Agriculture,2. Vegetable products,0.20583249094812925,76.97368421052632,56.89924346102317,0710,Frozen vegetables,Agriculture,2. Vegetable products,0.38841605560213766,1,9,1065,-0.49747542056783495,0.23095670071351132,3262.6414188055155,106951619.0,7.503091041553256e-05,0.10512609626736302,0.7370649816646185,6.451612903225806,-80.64516129032258,6.451612903225806,0.5446183427994107,0.39434449072248984,0.00044619343563477484,0.36050211428427187,0.033333333333333326,0.38277923789065116,0.033333333333333326,0.2779454665234558
1209,Seeds used for sowing,Agriculture,2. Vegetable products,0.20583249094812925,76.97368421052632,56.89924346102317,7010,Glass containers for conveyance,Stone,"13. Articles of stone, plaster, cement, ceramics and glass",0.3883784104370649,1,10,1065,-0.09472460981803223,0.2791754782274161,3333.7440429681005,232824479.0,0.0001633358409131894,0.038646618619119666,0.9322520070548665,29.03225806451613,-29.03225806451613,29.03225806451613,0.5817582211938382,0.4388269767796128,0.0009713247462377029,0.32831386113540423,0.26666666666666666,0.40659759717295413,0.26666666666666666,0.36461831802106787
1209,Seeds used for sowing,Agriculture,2. Vegetable products,0.20583249094812925,76.97368421052632,56.89924346102317,0708,Legumes,Agriculture,2. Vegetable products,0.38798855857065934,1,11,1065,-3.479223583323188,-0.048869362500723074,2792.11884358736,684122.0,4.799394060158637e-07,-0.0199107769456196,0.523088394464111,12.903225806451612,-70.96774193548387,12.903225806451612,0.2696548636164061,0.13620109520074838,2.854101213496669e-06,0.2999613478658296,0.09999999999999998,0.18704421588106052,0.09999999999999998,0.16093095111674235
1214,Forage products,Agriculture,2. Vegetable products,0.19542808900217515,43.42105263157895,45.478554331639856,1205,Rape or colza seeds,Agriculture,2. Vegetable products,0.37276120871688173,1,1,1065,1.5691069667597983,0.5536794532034081,6649.318147038165,21012246.0,1.4740945130107216e-05,-0.031981971453120095,0.4919058346956197,6.666666666666667,-56.666666666666664,6.666666666666667,0.7351893274102758,0.6920606726354072,8.766137736674239e-05,0.2941166770236105,0.035555555555555556,0.5436681507761356,0.035555555555555556,0.39123437220996155
1214,Forage products,Agriculture,2. Vegetable products,0.19542808900217515,43.42105263157895,45.478554331639856,1213,Cereal straw and husks,Agriculture,2. Vegetable products,0.35710289940080286,1,2,1065,0.2610551596243998,0.3935902776765988,3660.0665845550216,38200.0,2.6798853581387523e-08,-0.21878784975598053,0.6396894439067039,9.67741935483871,-77.41935483870968,9.67741935483871,0.6145666402450366,0.5443762043550971,1.5936728588698035e-07,0.20366838962392872,0.06666666666666667,0.436180277958729,0.06666666666666667,0.3253261945711103
1214,Forage products,Agriculture,2. Vegetable products,0.19542808900217515,43.42105263157895,45.478554331639856,3601,Propellant powders,Chemicals,6. Products of the chemical or allied industries,0.32674857533430024,1,3,1065,2.59230780677674,0.6944747467473136,4196.884598948702,17214516.0,1.207668308268201e-05,0.17113392250917125,0.6124926988937116,12.903225806451612,-29.03225806451613,12.903225806451612,0.8295443324332519,0.8219462691785645,7.181755740256538e-05,0.39246200169674367,0.09999999999999998,0.6369017834522576,0.09999999999999998,0.47583124841658025
1214,Forage products,Agriculture,2. Vegetable products,0.19542808900217515,43.42105263157895,45.478554331639856,0204,Lamb,Agriculture,1. Live animals; animal products,0.31991680961774444,1,4,1065,-1.8642437122654596,0.18164513226569992,9070.491862317158,1873563013.0,0.0013143806508086452,0.08152166993689058,0.648952826484111,6.666666666666667,-59.99999999999999,6.666666666666667,0.4185810840475135,0.3488538899850055,0.007816352154974955,0.34907324514996213,0.035555555555555556,0.32213568050712216,0.035555555555555556,0.23616164302165216
1214,Forage products,Agriculture,2. Vegetable products,0.19542808900217515,43.42105263157895,45.478554331639856,0209,Pig and poultry fat,Agriculture,1. Live animals; animal products,0.3097683141119243,1,5,1065,2.4933198710831794,0.7372737472438387,5112.10653971593,25418765.0,1.783229742028005e-05,0.04007812048781778,1.1267601472342774,61.29032258064516,-6.451612903225801,61.29032258064516,0.8204161077443185,0.8614289363261602,0.0001060450154096589,0.3290069704401514,0.6,0.6380127177430017,0.6,0.6266089024201011
1214,Forage products,Agriculture,2. Vegetable products,0.19542808900217515,43.42105263157895,45.478554331639856,1004,Oats,Agriculture,2. Vegetable products,0.3064272301412479,1,6,1065,1.5422345424777444,0.0612291876952154,2983.4990384036,1702677.0,1.194497162811418e-06,-0.4348780030627417,0.7972684752929139,16.129032258064516,-64.51612903225806,16.129032258064516,0.7327112726345674,0.23776852342076094,7.1034296395860215e-06,0.09904114519191048,0.1333333333333333,0.3545251659125974,0.1333333333333333,0.2881676161388182
1214,Forage products,Agriculture,2. Vegetable products,0.19542808900217515,43.42105263157895,45.478554331639856,3504,Peptones,Chemicals,6. Products of the chemical or allied industries,0.30607778861963564,1,7,1065,3.0839619645010554,0.7737805502478704,5888.957221166063,182736489.0,0.0001281970788661736,0.1059561875870938,1.0102200512127164,48.38709677419355,-12.903225806451609,48.38709677419355,0.8748824798500158,0.8951069646658187,0.0007623617351949225,0.3609040306422425,0.4666666666666667,0.6737462644371577,0.4666666666666667,0.6116223851060103
1214,Forage products,Agriculture,2. Vegetable products,0.19542808900217515,43.42105263157895,45.478554331639856,4405,Wood wool or flour,Agriculture,9. Wood and articles of wood,0.2974719608350409,1,8,1065,2.369172984937506,0.5756998806701581,3141.2203138030263,664794.0,4.663800279524853e-07,-0.01925850439942567,0.6837118462751564,12.903225806451612,-29.03225806451613,12.903225806451612,0.8089678371724649,0.7123748201162123,2.7734663731400316e-06,0.30027716734248133,0.09999999999999998,0.577511921172365,0.09999999999999998,0.4342583448206555
1214,Forage products,Agriculture,2. Vegetable products,0.19542808900217515,43.42105263157895,45.478554331639856,5302,Hemp fiber,Textiles,11. Textiles and textile articles,0.2933706694296613,1,9,1065,1.011058205286824,0.6043222807779148,3041.5093019568717,291533.0,2.0452225605085468e-07,0.4421270383903355,0.593655149536196,9.67741935483871,-61.29032258064516,9.67741935483871,0.6837285665972019,0.738779378243957,1.2162519098557341e-06,0.5236723439581172,0.06666666666666667,0.5764288147259097,0.06666666666666667,0.42350017030813675
1214,Forage products,Agriculture,2. Vegetable products,0.19542808900217515,43.42105263157895,45.478554331639856,1514,"Rapeseed, colza or mustard oil,",Agriculture,3. Animal or vegetable fats and oils,0.29192918013206426,1,10,1065,2.113034943089607,0.6304123303976537,2586.4524878265856,95053081.0,6.668360209892063e-05,-0.04539430549636281,0.7555427004721768,25.806451612903224,-45.16129032258065,25.806451612903224,0.7853479325751097,0.7628478081850729,0.00039655370508286125,0.2876226488095895,0.23333333333333328,0.5850713896432648,0.23333333333333328,0.4795499727502853
1214,Forage products,Agriculture,2. Vegetable products,0.19542808900217515,43.42105263157895,45.478554331639856,4416,"Casks, barrels, etc. of wood",Agriculture,9. Wood and articles of wood,0.28891917815270096,1,11,1065,2.1802656857866523,0.6129320487212677,5597.854888095627,21678255.0,1.520817752997335e-05,-0.011923329919271586,0.9630216740156889,45.16129032258064,-12.903225806451623,45.16129032258064,0.7915476509654632,0.7467220076974892,9.043991262083407e-05,0.3038287363591274,0.43333333333333324,0.5839822569727955,0.43333333333333324,0.5387875798809568
1301,Lac,Agriculture,2. Vegetable products,0.20510636779169464,75.0,44.63318225791231,0708,Legumes,Agriculture,2. Vegetable products,0.4037674108971787,1,1,1065,-3.479223583323188,-0.048869362500723074,2792.11884358736,684122.0,4.799394060158637e-07,-0.0199107769456196,0.523088394464111,12.903225806451612,-70.96774193548387,12.903225806451612,0.2696548636164061,0.13620109520074838,2.854101213496669e-06,0.2999613478658296,0.09999999999999998,0.18704421588106052,0.09999999999999998,0.16093095111674235
1301,Lac,Agriculture,2. Vegetable products,0.20510636779169464,75.0,44.63318225791231,0910,Spices,Agriculture,2. Vegetable products,0.39662387962380014,1,2,1065,-2.517802589486876,-3.3678450423499834e-05,4868.147605236873,27148494.0,1.9045772661287373e-05,0.09060098119626359,0.8686165177827612,16.129032258064516,-45.16129032258064,16.129032258064516,0.3583128075456917,0.18125268603029768,0.00011326130378793117,0.35346929607533795,0.1333333333333333,0.24188530635846517,0.1333333333333333,0.2093197144509256
1301,Lac,Agriculture,2. Vegetable products,0.20510636779169464,75.0,44.63318225791231,1207,Other oil seeds,Agriculture,2. Vegetable products,0.3953309732862735,1,3,1065,-5.179657069141335,-0.0083886596557211,6277.462999120389,143080371.0,0.0001003766992879478,0.14696457892968495,1.0032404260757406,54.83870967741935,3.225806451612904,54.83870967741935,0.1128484930382199,0.17354510085012587,0.00059691964371655,0.3807596090622098,0.5333333333333332,0.15744123716680997,0.5333333333333332,0.2702088660167669
1301,Lac,Agriculture,2. Vegetable products,0.20510636779169464,75.0,44.63318225791231,5202,Cotton waste,Textiles,11. Textiles and textile articles,0.3920973236258318,1,4,1065,-3.5178173859286748,-0.012694174479806818,4609.659860229449,7494571.0,5.257746358228091e-06,-0.0009981819751720966,1.103651790817027,51.61290322580645,12.903225806451609,51.61290322580645,0.26609591575761027,0.1695732041533276,3.126673924495477e-05,0.30911851058951795,0.49999999999999994,0.1988566585681427,0.49999999999999994,0.28919966099769984
1301,Lac,Agriculture,2. Vegetable products,0.20510636779169464,75.0,44.63318225791231,6105,"Men's shirts, knit",Textiles,11. Textiles and textile articles,0.37614327663050584,1,5,1065,-1.6464172531571526,0.034429651692284145,6819.224040626706,227771421.0,0.0001597909152199889,0.13029496889202274,0.785671791843339,9.67741935483871,-25.806451612903224,9.67741935483871,0.4386680658398282,0.21304558252405353,0.0009502438001934754,0.3726884621945365,0.06666666666666667,0.2841455828265681,0.06666666666666667,0.21890190797859765
1301,Lac,Agriculture,2. Vegetable products,0.20510636779169464,75.0,44.63318225791231,0807,Melons and papayas,Agriculture,2. Vegetable products,0.3759568457382818,1,6,1065,-2.5162534627954565,0.0030120106759876503,3035.075598544559,4933524.0,3.4610677307921806e-06,0.024399778413965567,0.5725673728158718,16.129032258064516,-70.96774193548387,16.129032258064516,0.35845566108043636,0.18406237617768573,2.058225994079264e-05,0.3214157789705381,0.1333333333333333,0.23809676722491457,0.1333333333333333,0.20666773705744018
1301,Lac,Agriculture,2. Vegetable products,0.20510636779169464,75.0,44.63318225791231,4105,Tanned sheepskins,Agriculture,"8. Raw hides and skins, leather, furskins and articles thereof",0.3701984837169202,1,7,1065,-3.5084525278350345,0.04566283874808933,3934.5014344913393,6747345.0,4.733536929793382e-06,0.37153830126798293,0.9282648148097464,25.806451612903224,-9.677419354838712,25.806451612903224,0.2669595010850522,0.22340835222394514,2.8149373287777158e-05,0.4894944559792818,0.23333333333333328,0.24505713946103447,0.23333333333333328,0.2415399976227241
1301,Lac,Agriculture,2. Vegetable products,0.20510636779169464,75.0,44.63318225791231,0904,Pepper,Agriculture,2. Vegetable products,0.36637363422644376,1,8,1065,-2.740762490484549,-0.00361184608636817,6280.533689559384,73088184.0,5.127433354831179e-05,0.12324324107768492,0.8970626004313724,45.16129032258064,-12.903225806451623,45.16129032258064,0.33775244270254967,0.17795177712753552,0.00030491794540545085,0.36927413332110837,0.43333333333333324,0.23593333463050686,0.43333333333333324,0.29515333424135476
1301,Lac,Agriculture,2. Vegetable products,0.20510636779169464,75.0,44.63318225791231,6103,"Men's suits, knit",Textiles,11. Textiles and textile articles,0.36541221069075275,1,9,1065,-1.0371063500420774,0.0883587749224479,6975.117796605378,341065449.0,0.00023927128349270142,0.0673850049483069,0.9107887054073042,22.58064516129032,-29.032258064516128,22.58064516129032,0.49485599207630887,0.2627959411155142,0.0014228972491349297,0.3422285079854954,0.19999999999999996,0.3167258874023326,0.19999999999999996,0.2817081211816328
1301,Lac,Agriculture,2. Vegetable products,0.20510636779169464,75.0,44.63318225791231,4101,Raw hides of bovines or equines,Agriculture,"8. Raw hides and skins, leather, furskins and articles thereof",0.3646506741561511,1,10,1065,-2.6839926562093694,0.0039639327848624145,4066.4860507155186,60607.0,4.2518275366679414e-08,-0.274048946024243,0.5271443401213451,16.129032258064516,-54.83870967741936,16.129032258064516,0.3429875029064676,0.18494053742769417,2.5284746323958687e-07,0.17691188943933708,0.1333333333333333,0.21131163545997667,0.1333333333333333,0.18791814482198363
1301,Lac,Agriculture,2. Vegetable products,0.20510636779169464,75.0,44.63318225791231,1212,Seaweeds & edible vegetable products,Agriculture,2. Vegetable products,0.36406301199903907,1,11,1065,-3.0534199423780937,9.986528345065106e-05,4699.4838592942,14847296.0,1.0415981978626195e-05,0.29621396867299854,0.8817347052242728,29.03225806451613,-54.83870967741936,29.03225806451613,0.30892057090365843,0.18137588196321738,6.194170854137747e-05,0.4530236717371778,0.26666666666666666,0.2395666005202644,0.26666666666666666,0.24769662036418505
1401,Vegetable materials used for plaiting,Agriculture,2. Vegetable products,0.18985916439919123,28.947368421052634,47.25085265794259,4601,Products of plaiting materials,Agriculture,9. Wood and articles of wood,0.3435486219692535,1,1,1065,-2.3788694229657943,0.01952447375398983,5742.324089605477,6624485.0,4.647345643117747e-06,0.11519534497187989,1.0096777027260126,38.70967741935484,-32.25806451612903,38.70967741935484,0.37112460275955955,0.19929535068485107,2.7636811383482017e-05,0.3653774763927836,0.36666666666666664,0.25445775068616877,0.36666666666666664,0.28812042548031813
1401,Vegetable materials used for plaiting,Agriculture,2. Vegetable products,0.18985916439919123,28.947368421052634,47.25085265794259,6212,Brassieres,Textiles,11. Textiles and textile articles,0.3424290179984534,1,2,1065,-0.39145673622960514,0.2395747509048046,7037.462657800171,337877436.0,0.00023703476271776528,0.06848901395423423,0.9780031358961515,22.58064516129032,-12.903225806451616,22.58064516129032,0.5543949116821115,0.40229476066376413,0.0014095971187898404,0.34276305071384605,0.19999999999999996,0.38646728249595186,0.19999999999999996,0.33052709774716627
1401,Vegetable materials used for plaiting,Agriculture,2. Vegetable products,0.18985916439919123,28.947368421052634,47.25085265794259,6201,"Men's overcoats, not knit",Textiles,11. Textiles and textile articles,0.339736863137543,1,3,1065,-0.3810009537738622,0.23474467781463787,6832.591275744173,403122463.0,0.00028280680265197145,0.08267286109228245,0.9209285988364455,16.129032258064516,-9.677419354838708,16.129032258064516,0.555359097174878,0.39783895174521017,0.0016817940525755146,0.3496306326873395,0.1333333333333333,0.38631618113301813,0.1333333333333333,0.31042132679311263
1401,Vegetable materials used for plaiting,Agriculture,2. Vegetable products,0.18985916439919123,28.947368421052634,47.25085265794259,6209,Babies' garments,Textiles,11. Textiles and textile articles,0.337725344087189,1,4,1065,-0.7146726961757286,0.16987472126110842,6830.882478697698,54343334.0,3.8124058926451266e-05,-0.012986675494189748,0.8910392409224632,29.03225806451613,-9.677419354838708,29.03225806451613,0.5245893814953717,0.3379955237967012,0.00022671595930967694,0.30331388218516264,0.26666666666666666,0.3474358065738964,0.26666666666666666,0.32320506460172743
1401,Vegetable materials used for plaiting,Agriculture,2. Vegetable products,0.18985916439919123,28.947368421052634,47.25085265794259,6505,"Hats, knit",Textiles,"12. Footwear, headgear, umbrellas and related articles",0.33688803463167394,1,5,1065,-0.7276365796612113,0.24993571188198926,7730.9880690545815,422871231.0,0.00029666136657984556,0.20962103620998196,0.8383842204406957,16.129032258064516,-51.61290322580645,16.129032258064516,0.52339391014356,0.4118528897986869,0.0017641843027266049,0.41109681957732136,0.1333333333333333,0.3892655305617935,0.1333333333333333,0.31248587139325545
1401,Vegetable materials used for plaiting,Agriculture,2. Vegetable products,0.18985916439919123,28.947368421052634,47.25085265794259,6111,"Babies' garments, knit",Textiles,11. Textiles and textile articles,0.33672804992874883,1,6,1065,-1.2268466359524792,0.13298276958466287,7509.661356733208,266288016.0,0.00018681187306969052,0.03855349455335255,0.9051881950060536,22.58064516129032,-16.12903225806452,22.58064516129032,0.47735899155601963,0.30396219050461776,0.001110931894611225,0.32826877201754107,0.19999999999999996,0.32286936930804594,0.19999999999999996,0.2860085585156321
1401,Vegetable materials used for plaiting,Agriculture,2. Vegetable products,0.18985916439919123,28.947368421052634,47.25085265794259,4203,Leather apparel,Agriculture,"8. Raw hides and skins, leather, furskins and articles thereof",0.3344180177853922,1,7,1065,0.2435870222337618,0.33732673461907586,6218.18346521691,125438735.0,8.80003741544364e-05,0.13308145234219326,0.7471694950508506,6.451612903225806,-29.032258064516128,6.451612903225806,0.612955806744149,0.4924723113362646,0.0005233201764933552,0.37403763095852405,0.033333333333333326,0.4430839839983973,0.033333333333333326,0.3201587887988781
1401,Vegetable materials used for plaiting,Agriculture,2. Vegetable products,0.18985916439919123,28.947368421052634,47.25085265794259,6113,Garments knit with impregnated fibers,Textiles,11. Textiles and textile articles,0.3341690140198347,1,8,1065,-0.5435164000107238,0.2434733899404257,7197.81170932616,16663815.0,1.1690343934354167e-05,0.17678573827184496,0.6979760202921909,6.451612903225806,-19.354838709677416,6.451612903225806,0.5403726496014608,0.4058913088444757,6.952007772441757e-05,0.39519851652741506,0.033333333333333326,0.3904825909468487,0.033333333333333326,0.28333781366279404
1401,Vegetable materials used for plaiting,Agriculture,2. Vegetable products,0.18985916439919123,28.947368421052634,47.25085265794259,6205,Men's shirts,Textiles,11. Textiles and textile articles,0.3324797917145312,1,9,1065,-1.2196986054347456,0.09294072291764689,7003.352848764278,390001825.0,0.000273602141482956,0.09269863708516723,0.9079125115270171,9.67741935483871,-19.354838709677423,9.67741935483871,0.4780181509595576,0.26702285121816305,0.0016270558204507612,0.35448494603469094,0.06666666666666667,0.31418115104047345,0.06666666666666667,0.2399268057283314
1401,Vegetable materials used for plaiting,Agriculture,2. Vegetable products,0.18985916439919123,28.947368421052634,47.25085265794259,6105,"Men's shirts, knit",Textiles,11. Textiles and textile articles,0.32967641818441473,1,10,1065,-1.6464172531571526,0.034429651692284145,6819.224040626706,227771421.0,0.0001597909152199889,0.13029496889202274,0.785671791843339,9.67741935483871,-25.806451612903224,9.67741935483871,0.4386680658398282,0.21304558252405353,0.0009502438001934754,0.3726884621945365,0.06666666666666667,0.2841455828265681,0.06666666666666667,0.21890190797859765
1401,Vegetable materials used for plaiting,Agriculture,2. Vegetable products,0.18985916439919123,28.947368421052634,47.25085265794259,6204,Women's suits and pants,Textiles,11. Textiles and textile articles,0.32942808328578727,1,11,1065,-0.9060564258321328,0.13111463580012922,6255.501033702723,1340143605.0,0.0009401652421054407,0.09706599686099882,0.8358066747126038,19.35483870967742,-54.838709677419345,19.35483870967742,0.5069408299434135,0.30223881137084785,0.005590969869833599,0.3565995487215603,0.16666666666666666,0.3375414522487005,0.16666666666666666,0.28627901657409033
1502,"Bovine, sheep and goat fats",Agriculture,3. Animal or vegetable fats and oils,0.20635871057787533,79.60526315789474,48.17831788278425,1603,Extracts and juices of meat or fish,Agriculture,"4. Prepared foodstuffs; beverages, spirits and tobacco",0.3537114252618179,1,1,1065,1.6495566590155604,0.6326379307882379,5269.097329463604,1126167.0,7.90051951340064e-07,0.007783219281380038,0.48968250145832587,6.451612903225806,-64.51612903225806,6.451612903225806,0.7426080382048873,0.7649009551839645,4.698276917421021e-06,0.31337031846537533,0.033333333333333326,0.5746344001974418,0.033333333333333326,0.4122440801382093
1502,"Bovine, sheep and goat fats",Agriculture,3. Animal or vegetable fats and oils,0.20635871057787533,79.60526315789474,48.17831788278425,1514,"Rapeseed, colza or mustard oil,",Agriculture,3. Animal or vegetable fats and oils,0.3412888927251389,1,2,1065,2.113034943089607,0.6304123303976537,2586.4524878265856,95053081.0,6.668360209892063e-05,-0.04539430549636281,0.7555427004721768,25.806451612903224,-45.16129032258065,25.806451612903224,0.7853479325751097,0.7628478081850729,0.00039655370508286125,0.2876226488095895,0.23333333333333328,0.5850713896432648,0.23333333333333328,0.4795499727502853
1502,"Bovine, sheep and goat fats",Agriculture,3. Animal or vegetable fats and oils,0.20635871057787533,79.60526315789474,48.17831788278425,3504,Peptones,Chemicals,6. Products of the chemical or allied industries,0.33455606004054367,1,3,1065,3.0839619645010554,0.7737805502478704,5888.957221166063,182736489.0,0.0001281970788661736,0.1059561875870938,1.0102200512127164,48.38709677419355,-12.903225806451609,48.38709677419355,0.8748824798500158,0.8951069646658187,0.0007623617351949225,0.3609040306422425,0.4666666666666667,0.6737462644371577,0.4666666666666667,0.6116223851060103
1502,"Bovine, sheep and goat fats",Agriculture,3. Animal or vegetable fats and oils,0.20635871057787533,79.60526315789474,48.17831788278425,1205,Rape or colza seeds,Agriculture,2. Vegetable products,0.31487829006078205,1,4,1065,1.5691069667597983,0.5536794532034081,6649.318147038165,21012246.0,1.4740945130107216e-05,-0.031981971453120095,0.4919058346956197,6.666666666666667,-56.666666666666664,6.666666666666667,0.7351893274102758,0.6920606726354072,8.766137736674239e-05,0.2941166770236105,0.035555555555555556,0.5436681507761356,0.035555555555555556,0.39123437220996155
1502,"Bovine, sheep and goat fats",Agriculture,3. Animal or vegetable fats and oils,0.20635871057787533,79.60526315789474,48.17831788278425,1506,Other animal fats and oils,Agriculture,3. Animal or vegetable fats and oils,0.3083071684217164,1,5,1065,3.0006592237216574,0.7977079984737959,3253.9107208963305,3689364.0,2.5882388912157645e-06,0.03959777786811092,0.7142998926912812,12.903225806451612,-58.064516129032256,12.903225806451612,0.8672006736813095,0.9171803650498359,1.5391725846312392e-05,0.32877439656339624,0.09999999999999998,0.6738518317992873,0.09999999999999998,0.5016962822595011
1502,"Bovine, sheep and goat fats",Agriculture,3. Animal or vegetable fats and oils,0.20635871057787533,79.60526315789474,48.17831788278425,0209,Pig and poultry fat,Agriculture,1. Live animals; animal products,0.30628673829439224,1,6,1065,2.4933198710831794,0.7372737472438387,5112.10653971593,25418765.0,1.783229742028005e-05,0.04007812048781778,1.1267601472342774,61.29032258064516,-6.451612903225801,61.29032258064516,0.8204161077443185,0.8614289363261602,0.0001060450154096589,0.3290069704401514,0.6,0.6380127177430017,0.6,0.6266089024201011
1502,"Bovine, sheep and goat fats",Agriculture,3. Animal or vegetable fats and oils,0.20635871057787533,79.60526315789474,48.17831788278425,8436,Other agricultural machinery,Machinery,"16. Machinery, mechanical appliances and electrical equipment",0.30393634777438777,1,7,1065,2.6623534880730624,0.7077341842668049,4243.2764687727795,435193219.0,0.0003053057422930292,0.10877312112659299,1.452826281754256,83.87096774193549,25.806451612903224,83.87096774193549,0.8360036318709292,0.8341782828254468,0.001815590632158331,0.36226794283109426,0.8333333333333334,0.6391762001632195,0.8333333333333334,0.6974233401142536
1502,"Bovine, sheep and goat fats",Agriculture,3. Animal or vegetable fats and oils,0.20635871057787533,79.60526315789474,48.17831788278425,8433,Harvesting or agricultural machinery,Machinery,"16. Machinery, mechanical appliances and electrical equipment",0.2998845311867755,1,8,1065,3.1027657454804705,0.8237845052740358,4460.732914157222,1070361592.0,0.0007509021880405458,0.13824643799774727,1.2380079339198609,70.96774193548387,16.12903225806452,70.96774193548387,0.8766164804287627,0.9412363015535277,0.004465461304573493,0.3765384307793487,0.7000000000000001,0.69339905750639,0.7000000000000001,0.695379340254473
1502,"Bovine, sheep and goat fats",Agriculture,3. Animal or vegetable fats and oils,0.20635871057787533,79.60526315789474,48.17831788278425,1004,Oats,Agriculture,2. Vegetable products,0.29610181206320074,1,9,1065,1.5422345424777444,0.0612291876952154,2983.4990384036,1702677.0,1.194497162811418e-06,-0.4348780030627417,0.7972684752929139,16.129032258064516,-64.51612903225806,16.129032258064516,0.7327112726345674,0.23776852342076094,7.1034296395860215e-06,0.09904114519191048,0.1333333333333333,0.3545251659125974,0.1333333333333333,0.2881676161388182
1502,"Bovine, sheep and goat fats",Agriculture,3. Animal or vegetable fats and oils,0.20635871057787533,79.60526315789474,48.17831788278425,8706,Vehicle chassis fitted with engines,Vehicles,"17. Vehicles, aircraft, vessels and associated transport equipment",0.291818297893934,1,10,1065,2.64859874664397,0.7708432775726239,4972.286871539745,198951018.0,0.0001395722303992145,0.036882236486253106,1.0671081864977625,66.66666666666666,-16.666666666666686,66.66666666666666,0.8347352311368071,0.8923972901871379,0.0008300074283537113,0.3274595767644507,0.6555555555555554,0.6537398200923014,0.6555555555555554,0.6542845407312775
1502,"Bovine, sheep and goat fats",Agriculture,3. Animal or vegetable fats and oils,0.20635871057787533,79.60526315789474,48.17831788278425,2918,Carboxylic acids with additional oxygen function,Chemicals,6. Products of the chemical or allied industries,0.28822911910075333,1,11,1065,2.6754231375338047,0.7104830826217965,6352.107183839703,535639999.0,0.0003757732436004073,0.05602572295411257,1.2714556549636062,100.0,43.333333333333336,100.0,0.8372088564879225,0.8367141794004502,0.0022346464097679286,0.33672853329626645,1.0,0.6367175395168356,1.0,0.7457022776617849
1505,Wool grease,Agriculture,3. Animal or vegetable fats and oils,0.18631694240935023,17.763157894736842,41.95065116040845,1506,Other animal fats and oils,Agriculture,3. Animal or vegetable fats and oils,0.3029870489582075,1,1,1065,3.0006592237216574,0.7977079984737959,3253.9107208963305,3689364.0,2.5882388912157645e-06,0.03959777786811092,0.7142998926912812,12.903225806451612,-58.064516129032256,12.903225806451612,0.8672006736813095,0.9171803650498359,1.5391725846312392e-05,0.32877439656339624,0.09999999999999998,0.6738518317992873,0.09999999999999998,0.5016962822595011
1505,Wool grease,Agriculture,3. Animal or vegetable fats and oils,0.18631694240935023,17.763157894736842,41.95065116040845,5905,Textile wall coverings,Textiles,11. Textiles and textile articles,0.3005671287424418,1,2,1065,2.8011692338127676,0.8010732903339659,5129.123455131751,866245.0,6.077060973981422e-07,-0.10938636371969124,0.6315649510499831,6.451612903225806,-64.51612903225806,6.451612903225806,0.8488045990655232,0.9202848931189059,3.6139035225960026e-06,0.25663876261679536,0.033333333333333326,0.6576776787425977,0.033333333333333326,0.4703743751198184
1505,Wool grease,Agriculture,3. Animal or vegetable fats and oils,0.18631694240935023,17.763157894736842,41.95065116040845,2936,Vitamins,Chemicals,6. Products of the chemical or allied industries,0.29413009677393787,1,3,1065,2.596847730812728,0.7225642832062317,6330.738618120286,536453422.0,0.0003763438929165522,0.018842818223554714,1.343539895521081,96.66666666666667,46.66666666666667,96.66666666666667,0.8299629839222522,0.8478592532546241,0.0022380399442126415,0.31872519162426627,0.9655555555555556,0.6353822677471785,0.9655555555555556,0.7344342540896917
1505,Wool grease,Agriculture,3. Animal or vegetable fats and oils,0.18631694240935023,17.763157894736842,41.95065116040845,3813,Preparations for fire extinguishers,Chemicals,6. Products of the chemical or allied industries,0.2894015261586014,1,4,1065,2.189453369677328,0.7474946922986103,4681.741123909742,10675666.0,7.489413874811441e-06,0.06168854209423791,1.1457227320824717,74.19354838709677,12.903225806451609,74.19354838709677,0.7923948980803502,0.8708578988451372,4.453800825800827e-05,0.33947037577858963,0.7333333333333333,0.6330657159919477,0.7333333333333333,0.6631460011943633
1505,Wool grease,Agriculture,3. Animal or vegetable fats and oils,0.18631694240935023,17.763157894736842,41.95065116040845,3504,Peptones,Chemicals,6. Products of the chemical or allied industries,0.2890469032113688,1,5,1065,3.0839619645010554,0.7737805502478704,5888.957221166063,182736489.0,0.0001281970788661736,0.1059561875870938,1.0102200512127164,48.38709677419355,-12.903225806451609,48.38709677419355,0.8748824798500158,0.8951069646658187,0.0007623617351949225,0.3609040306422425,0.4666666666666667,0.6737462644371577,0.4666666666666667,0.6116223851060103
1505,Wool grease,Agriculture,3. Animal or vegetable fats and oils,0.18631694240935023,17.763157894736842,41.95065116040845,2507,Kaolin,Minerals,5. Mineral products,0.2889928286957015,1,6,1065,0.9437299680773846,0.5297688729438089,5432.095926264105,58353384.0,4.093727208886077e-05,0.11899990023341434,1.0598001620707647,48.38709677419355,3.225806451612911,48.38709677419355,0.6775198576989766,0.6700028331825378,0.0002434455610052551,0.3672195785303049,0.4666666666666667,0.5267523954222265,0.4666666666666667,0.5087266767955585
1505,Wool grease,Agriculture,3. Animal or vegetable fats and oils,0.18631694240935023,17.763157894736842,41.95065116040845,2918,Carboxylic acids with additional oxygen function,Chemicals,6. Products of the chemical or allied industries,0.2888893891809873,1,7,1065,2.6754231375338047,0.7104830826217965,6352.107183839703,535639999.0,0.0003757732436004073,0.05602572295411257,1.2714556549636062,100.0,43.333333333333336,100.0,0.8372088564879225,0.8367141794004502,0.0022346464097679286,0.33672853329626645,1.0,0.6367175395168356,1.0,0.7457022776617849
1505,Wool grease,Agriculture,3. Animal or vegetable fats and oils,0.18631694240935023,17.763157894736842,41.95065116040845,2914,Ketones and quinones,Chemicals,6. Products of the chemical or allied industries,0.28768576817862723,1,8,1065,3.337849267999,0.7670221523969876,5342.823164406374,197172748.0,0.0001383247016725607,0.04609417328958898,1.0999400360923717,87.09677419354838,35.483870967741936,87.09677419354838,0.8982948314235562,0.8888722496093515,0.0008225886308805637,0.3319198427639231,0.8666666666666667,0.6754198430707382,0.8666666666666667,0.7327938901495168
1505,Wool grease,Agriculture,3. Animal or vegetable fats and oils,0.18631694240935023,17.763157894736842,41.95065116040845,0204,Lamb,Agriculture,1. Live animals; animal products,0.2780317981719749,1,9,1065,-1.8642437122654596,0.18164513226569992,9070.491862317158,1873563013.0,0.0013143806508086452,0.08152166993689058,0.648952826484111,6.666666666666667,-59.99999999999999,6.666666666666667,0.4185810840475135,0.3488538899850055,0.007816352154974955,0.34907324514996213,0.035555555555555556,0.32213568050712216,0.035555555555555556,0.23616164302165216
1505,Wool grease,Agriculture,3. Animal or vegetable fats and oils,0.18631694240935023,17.763157894736842,41.95065116040845,6906,Ceramic pipes,Stone,"13. Articles of stone, plaster, cement, ceramics and glass",0.2773678296728894,1,10,1065,2.7220378499791837,0.7538955605382601,3093.1847241674236,144589.0,1.0143506388689111e-07,-0.19198852317301807,0.6171906887293197,16.129032258064516,-64.51612903225806,16.129032258064516,0.8415074567772416,0.8767627879133347,6.03213520919178e-07,0.21664417611906175,0.1333333333333333,0.633891302541589,0.1333333333333333,0.4837239117791122
1505,Wool grease,Agriculture,3. Animal or vegetable fats and oils,0.18631694240935023,17.763157894736842,41.95065116040845,5107,"Yarn of combed wool, not for retail sale",Textiles,11. Textiles and textile articles,0.27666656111403826,1,11,1065,1.8710729367418062,0.1785188776841222,3129.073200147835,3093174.0,2.1699873593653083e-06,0.22153313320129064,0.6613535616625102,16.129032258064516,-38.70967741935483,16.129032258064516,0.7630352785667941,0.34596987709612737,1.2904469768486246e-05,0.41686445805846156,0.1333333333333333,0.45068340886125696,0.1333333333333333,0.35547838620287986
1507,Soybean oil,Agriculture,3. Animal or vegetable fats and oils,0.21027396092302386,90.78947368421053,50.152943728770005,2207,Ethyl alcohol > 80%,Agriculture,"4. Prepared foodstuffs; beverages, spirits and tobacco",0.3669903424048979,1,1,1065,-1.305157555686241,0.21697167510291027,4795.07981258578,618361862.0,0.0004338059947657633,-0.045286561211540066,0.9261118616830513,36.666666666666664,-40.00000000000001,36.666666666666664,0.47013750879735555,0.3814431120727994,0.002579755278611505,0.28767481679342305,0.3455555555555555,0.3415914031153594,0.3455555555555555,0.3427806488474182
1507,Soybean oil,Agriculture,3. Animal or vegetable fats and oils,0.21027396092302386,90.78947368421053,50.152943728770005,2839,Silicates,Chemicals,6. Products of the chemical or allied industries,0.3293610990692788,1,2,1065,0.5219218177599746,0.37430992317051326,3756.8672939917988,13957792.0,9.791958746792202e-06,0.05312857325745224,1.0577583928889749,61.29032258064516,-6.451612903225801,61.29032258064516,0.6386225966868839,0.5265898119015344,5.8230770366885006e-05,0.3353257817833906,0.6,0.45813194488901,0.6,0.5006923614223069
1507,Soybean oil,Agriculture,3. Animal or vegetable fats and oils,0.21027396092302386,90.78947368421053,50.152943728770005,1703,Molasses,Agriculture,"4. Prepared foodstuffs; beverages, spirits and tobacco",0.3265439466978555,1,3,1065,-2.138165062926581,0.00282567239546942,4289.775828470995,11862365.0,8.321931485967958e-06,0.10081775214775335,0.7431385137355827,16.129032258064516,-38.70967741935483,16.129032258064516,0.3933212822503389,0.1838904765486943,4.948881974478298e-05,0.35841608599283126,0.1333333333333333,0.255793951801548,0.1333333333333333,0.21905576626108358
1507,Soybean oil,Agriculture,3. Animal or vegetable fats and oils,0.21027396092302386,90.78947368421053,50.152943728770005,4205,Other articles of leather,Agriculture,"8. Raw hides and skins, leather, furskins and articles thereof",0.32376635042298035,1,4,1065,0.7466331941881907,0.43464720462875106,3968.248208923419,8908181.0,6.24945126428006e-06,0.06665998412353491,0.6631948576901662,16.129032258064516,-64.51612903225806,16.129032258064516,0.6593444747604527,0.5822517846758711,3.716420492565357e-05,0.3418774650069473,0.1333333333333333,0.48584588518449423,0.1333333333333333,0.3800921196291459
1507,Soybean oil,Agriculture,3. Animal or vegetable fats and oils,0.21027396092302386,90.78947368421053,50.152943728770005,7213,Hot rolled bars of iron,Metals,15. Base metals and articles of base metal,0.3212665929013941,1,5,1065,0.13606392120618802,0.34586734598307295,3592.303975805599,382533191.0,0.00026836259098507714,0.2622619311508634,1.274150433647772,74.19354838709677,9.677419354838705,74.19354838709677,0.6030405072831215,0.5003511428933017,0.001595897288255389,0.4365846620255661,0.7333333333333333,0.4519141614588213,0.7333333333333333,0.5363399130211748
1507,Soybean oil,Agriculture,3. Animal or vegetable fats and oils,0.21027396092302386,90.78947368421053,50.152943728770005,4417,Wooden tools,Agriculture,9. Wood and articles of wood,0.3123250678602394,1,6,1065,0.5103222267639275,0.24285555176746643,5274.107789443464,7104850.0,4.984341226903695e-06,0.01071547793909744,0.9560049668246173,29.03225806451613,-38.70967741935483,29.03225806451613,0.6375529342864128,0.4053213446244933,2.9640855003510792e-05,0.3147900691510226,0.26666666666666666,0.41222895411972105,0.26666666666666666,0.36856026788380475
1507,Soybean oil,Agriculture,3. Animal or vegetable fats and oils,0.21027396092302386,90.78947368421053,50.152943728770005,6904,Ceramic building bricks,Stone,"13. Articles of stone, plaster, cement, ceramics and glass",0.31208223226585946,1,7,1065,-0.2114248418089587,0.33870214209031785,3323.1086996680115,9525383.0,6.682443568681619e-06,0.08691826024939031,0.6908553582407054,12.903225806451612,-41.935483870967744,12.903225806451612,0.5709966477616819,0.4937411436629395,3.973912135455452e-05,0.35168618407885366,0.09999999999999998,0.42541711547864874,0.09999999999999998,0.32779198083505406
1507,Soybean oil,Agriculture,3. Animal or vegetable fats and oils,0.21027396092302386,90.78947368421053,50.152943728770005,7217,Wire of iron or nonalloy steel,Metals,15. Base metals and articles of base metal,0.30970677763852544,1,8,1065,0.016555987850805098,0.32789717411836405,3681.4615378511144,342687895.0,0.00024040949534604453,0.11466837455881707,1.4356117991092305,93.54838709677419,29.032258064516128,93.54838709677419,0.5920200201890669,0.48377341196294993,0.0014296659615830498,0.365122326116974,0.9333333333333333,0.4315105000649895,0.9333333333333333,0.5820573500454926
1507,Soybean oil,Agriculture,3. Animal or vegetable fats and oils,0.21027396092302386,90.78947368421053,50.152943728770005,8309,"Stoppers, caps and lids of metal",Metals,15. Base metals and articles of base metal,0.3086432566884055,1,9,1065,0.8891013031198322,0.40694032455444656,3115.4857717600053,190653619.0,0.0001337512675482367,0.020457209866526993,1.2128746317546997,51.61290322580645,-22.58064516129032,51.61290322580645,0.6724822465527788,0.5566918063824309,0.0007953913561403253,0.31950685310422494,0.49999999999999994,0.4782562551963781,0.49999999999999994,0.4847793786374646
1507,Soybean oil,Agriculture,3. Animal or vegetable fats and oils,0.21027396092302386,90.78947368421053,50.152943728770005,0811,"Fruits and nuts, frozen",Agriculture,2. Vegetable products,0.30824349203606916,1,10,1065,0.18305505907610722,0.20597367826290533,3997.4051620172486,103660419.0,7.272199976351522e-05,0.17088701997715972,0.788163945626781,6.451612903225806,-64.51612903225806,6.451612903225806,0.6073738198414637,0.3712973085847137,0.00043246281753762223,0.3923424556129803,0.033333333333333326,0.4014511327137397,0.033333333333333326,0.2910157928996178
1507,Soybean oil,Agriculture,3. Animal or vegetable fats and oils,0.21027396092302386,90.78947368421053,50.152943728770005,3306,Dental hygiene products,Chemicals,6. Products of the chemical or allied industries,0.30476866716881745,1,11,1065,1.3358323666627192,0.4874415097188003,3440.893965439912,226716894.0,0.00015905112164222397,0.041937060230283096,1.3364207597451987,93.54838709677419,35.48387096774193,93.54838709677419,0.7136777871504688,0.6309552579106787,0.0009458443995158697,0.32990703802695726,0.9333333333333333,0.5202494981353726,0.9333333333333333,0.6441746486947608
1508,Peanut oil,Agriculture,3. Animal or vegetable fats and oils,0.20745841994274639,86.18421052631578,26.301164310599408,2614,Titanium ore,Minerals,5. Mineral products,0.20882513246917636,0,1,1065,-3.4735970419784987,-0.0033195968443900468,8737.00024118866,471283589.0,0.0003306246046314611,0.01957747794919973,0.7548123587850952,38.70967741935484,-22.58064516129032,38.70967741935484,0.27017371809353047,0.1782213810764898,0.001966156713665056,0.31908090159768787,0.36666666666666664,0.20509534345621003,0.36666666666666664,0.253566740419347
1508,Peanut oil,Agriculture,3. Animal or vegetable fats and oils,0.20745841994274639,86.18421052631578,26.301164310599408,2829,Sodium chlorate,Chemicals,6. Products of the chemical or allied industries,0.19795125390665952,0,2,1065,0.6211651271989737,0.47313825335736553,4624.23536141213,17941365.0,1.2586597216890858e-05,0.0774252206385142,0.9652871954184721,48.38709677419355,-12.903225806451609,48.38709677419355,0.6477743708004181,0.617760307012442,7.484991217690218e-05,0.347089812793208,0.4666666666666667,0.49501183664030873,0.4666666666666667,0.48650828564821613
1508,Peanut oil,Agriculture,3. Animal or vegetable fats and oils,0.20745841994274639,86.18421052631578,26.301164310599408,2926,Nitrile-function compounds,Chemicals,6. Products of the chemical or allied industries,0.19464005181449834,0,3,1065,4.044936287265621,0.7512971873896059,5804.604421117215,349317446.0,0.00024506039499419487,-0.025735573314359272,1.8787837496764832,100.0,45.16129032258065,100.0,0.963499233770879,0.8743657529133727,0.001457323907905545,0.29714107871375167,1.0,0.6880425057327366,1.0,0.7816297540129156
1508,Peanut oil,Agriculture,3. Animal or vegetable fats and oils,0.20745841994274639,86.18421052631578,26.301164310599408,7002,Glass balls,Stone,"13. Articles of stone, plaster, cement, ceramics and glass",0.19225007970338065,0,4,1065,3.5177262940034555,0.6596552111673846,5349.6929723758,17917531.0,1.2569876696569947e-05,-0.06117294477082735,0.8144991452861594,12.903225806451612,-48.38709677419355,12.903225806451612,0.9148822862304613,0.7898247682652939,7.475047867188044e-05,0.27998289510998214,0.09999999999999998,0.6386561159118124,0.09999999999999998,0.4770592811382686
1508,Peanut oil,Agriculture,3. Animal or vegetable fats and oils,0.20745841994274639,86.18421052631578,26.301164310599408,6803,Worked slate,Stone,"13. Articles of stone, plaster, cement, ceramics and glass",0.1865388665746673,0,5,1065,1.9984032566185488,0.4452837587346078,3694.2113983330355,4386112.0,3.0770359497268794e-06,-0.029332796036233844,0.5763731396297299,20.0,-16.666666666666664,20.0,0.7747771111588668,0.592064152265928,1.8298501702521338e-05,0.29539936353035,0.1733333333333333,0.5227070915034859,0.1733333333333333,0.41789496405244014
1508,Peanut oil,Agriculture,3. Animal or vegetable fats and oils,0.20745841994274639,86.18421052631578,26.301164310599408,2911,Acetals and hemiacetals,Chemicals,6. Products of the chemical or allied industries,0.18582002419912189,0,6,1065,4.239093947280704,0.7274658713825821,5369.111509475289,3964162.0,2.7810208641596945e-06,0.0817681562164474,1.2388111436317997,100.0,77.41935483870968,100.0,0.9814035847736294,0.85238103582469,1.6538160700426802e-05,0.3491925896912366,1.0,0.6942059863872023,1.0,0.7859441904710416
1508,Peanut oil,Agriculture,3. Animal or vegetable fats and oils,0.20745841994274639,86.18421052631578,26.301164310599408,5004,Silk yarn,Textiles,11. Textiles and textile articles,0.18528928457878682,0,7,1065,2.1101589124259776,0.45301242317530316,4098.596106262851,2298521.0,1.6125059615901684e-06,0.18300903434059257,0.6338994904664869,29.03225806451613,-22.580645161290317,29.03225806451613,0.7850827178908564,0.5991939516086068,9.589242233618532e-06,0.3982117325809635,0.26666666666666666,0.5442300325982916,0.26666666666666666,0.46096102281880413
1508,Peanut oil,Agriculture,3. Animal or vegetable fats and oils,0.20745841994274639,86.18421052631578,26.301164310599408,2525,Mica,Minerals,5. Mineral products,0.18443699155755278,0,8,1065,-1.8439313153131467,0.24378516614736095,5216.27808010926,3785396.0,2.6556092448054975e-06,0.06915313258659839,0.8255422653590091,67.74193548387096,22.58064516129032,67.74193548387096,0.42045420244373416,0.40617892668741956,1.579236352166052e-05,0.34308460586764145,0.6666666666666666,0.34078665493057825,0.6666666666666666,0.43855065845140473
1508,Peanut oil,Agriculture,3. Animal or vegetable fats and oils,0.20745841994274639,86.18421052631578,26.301164310599408,3811,Anti-knock,Chemicals,6. Products of the chemical or allied industries,0.1832522567112851,0,9,1065,2.0521683214395243,0.655853964612539,4693.379415556038,649042186.0,0.0004553294898104107,0.10467659721019329,1.1986317891288067,96.7741935483871,22.580645161290334,96.7741935483871,0.7797350849630711,0.7863180659888447,0.0027077510892401222,0.360284474345539,0.9666666666666668,0.6025674366483873,0.9666666666666668,0.7117972056538711
1508,Peanut oil,Agriculture,3. Animal or vegetable fats and oils,0.20745841994274639,86.18421052631578,26.301164310599408,2507,Kaolin,Minerals,5. Mineral products,0.18222504409706447,0,10,1065,0.9437299680773846,0.5297688729438089,5432.095926264105,58353384.0,4.093727208886077e-05,0.11899990023341434,1.0598001620707647,48.38709677419355,3.225806451612911,48.38709677419355,0.6775198576989766,0.6700028331825378,0.0002434455610052551,0.3672195785303049,0.4666666666666667,0.5267523954222265,0.4666666666666667,0.5087266767955585
1508,Peanut oil,Agriculture,3. Animal or vegetable fats and oils,0.20745841994274639,86.18421052631578,26.301164310599408,7405,Master alloys of copper,Metals,15. Base metals and articles of base metal,0.17783153860450762,0,11,1065,0.24811741573503704,0.513698835499076,6237.167923770991,5007803.0,3.513177470194586e-06,0.22487329307473392,0.8137879367817096,12.903225806451612,-48.38709677419355,12.903225806451612,0.6133735793698651,0.6551780024126861,2.0892145873473243e-05,0.418481707702524,0.09999999999999998,0.5067684436011525,0.09999999999999998,0.3847379105208067
1509,Olive oil,Agriculture,3. Animal or vegetable fats and oils,0.19121497556887132,31.57894736842105,33.9854935174262,1510,"Olive oil, blended",Agriculture,3. Animal or vegetable fats and oils,0.5073718514013115,1,1,1065,0.3678109875364136,0.3743518211214597,3502.668836688334,5287252.0,3.7092223087931502e-06,0.40702833348228684,0.8269805836737649,30.0,-50.0,30.0,0.6244111852111092,0.5266284633380678,2.205798432043216e-05,0.5066781370427816,0.2766666666666666,0.47886890624627726,0.2766666666666666,0.418208234372394
1509,Olive oil,Agriculture,3. Animal or vegetable fats and oils,0.19121497556887132,31.57894736842105,33.9854935174262,4502,"Natural cork, debacked",Agriculture,9. Wood and articles of wood,0.34105360441125854,1,2,1065,1.7147433086428572,0.5666545309562924,3095.6680906128595,35718.0,2.5057629639267004e-08,-0.07836980791103487,0.6381301453993984,35.483870967741936,-45.16129032258064,35.483870967741936,0.7486192594749096,0.704030360482975,1.4901258422280533e-07,0.27165646109297154,0.3333333333333333,0.549175858501093,0.3333333333333333,0.484423100950765
1509,Olive oil,Agriculture,3. Animal or vegetable fats and oils,0.19121497556887132,31.57894736842105,33.9854935174262,4503,Articles of natural cork,Agriculture,9. Wood and articles of wood,0.324210535596164,1,3,1065,1.2887033955507745,0.43695770734656436,4096.6519360149205,10409034.0,7.3023606829760344e-06,-0.11326407994581567,0.9757481889283117,38.70967741935484,-22.58064516129032,38.70967741935484,0.7093317642270303,0.5843832552404336,4.342564129019106e-05,0.2547612371617008,0.36666666666666664,0.49102095623406095,0.36666666666666664,0.45371466936384264
1509,Olive oil,Agriculture,3. Animal or vegetable fats and oils,0.19121497556887132,31.57894736842105,33.9854935174262,4109,Patent leather,Agriculture,"8. Raw hides and skins, leather, furskins and articles thereof",0.30238511585858147,1,4,1065,1.3857707899481657,0.5382721968623245,4066.5534275788996,1731089.0,1.214429336318077e-06,0.1550103757054202,1.0906240834015037,56.666666666666664,-6.666666666666664,56.666666666666664,0.7182828851875852,0.6778472665578033,7.221962187403322e-06,0.38465524952996477,0.5522222222222222,0.5463449238347088,0.5522222222222222,0.5481081133509628
1509,Olive oil,Agriculture,3. Animal or vegetable fats and oils,0.19121497556887132,31.57894736842105,33.9854935174262,2002,"Tomatoes, prepared or preserved",Agriculture,"4. Prepared foodstuffs; beverages, spirits and tobacco",0.3019660592596086,1,5,1065,-0.902354716549072,0.22554013001632,4072.111463405702,110127328.0,7.725879943406907e-05,0.1051967637435558,0.8226790000457852,33.33333333333333,-26.66666666666667,33.33333333333333,0.50728218501696,0.38934762968747605,0.000459442234694902,0.36053633029639404,0.31111111111111106,0.3679698010262159,0.31111111111111106,0.35091219405168445
1509,Olive oil,Agriculture,3. Animal or vegetable fats and oils,0.19121497556887132,31.57894736842105,33.9854935174262,4501,"Natural cork, raw",Agriculture,9. Wood and articles of wood,0.29346272828056136,1,6,1065,0.8185506631064172,0.2859340580372376,1645.4352673066708,193585.0,1.3580775053803412e-07,-0.0884293219743888,0.741896015401512,41.935483870967744,-48.38709677419354,41.935483870967744,0.6659763820807267,0.4450618596957059,8.076208387023846e-07,0.2667858123351832,0.39999999999999997,0.4288813776151547,0.39999999999999997,0.4202169643306083
1509,Olive oil,Agriculture,3. Animal or vegetable fats and oils,0.19121497556887132,31.57894736842105,33.9854935174262,4504,Agglomerated cork,Agriculture,9. Wood and articles of wood,0.29095100878784974,1,7,1065,1.3278328317755719,0.5195239519137836,3577.252095061956,30819339.0,2.1621019720841522e-05,0.22124319332297526,1.1688994850034429,45.16129032258064,-16.12903225806452,45.16129032258064,0.7129401058224847,0.6605517524963257,0.00012857576987593622,0.416724074010161,0.43333333333333324,0.5432500478785891,0.43333333333333324,0.5102750335150124
1509,Olive oil,Agriculture,3. Animal or vegetable fats and oils,0.19121497556887132,31.57894736842105,33.9854935174262,0705,Lettuce,Agriculture,2. Vegetable products,0.28716323877929706,1,8,1065,1.129803748315539,0.20260591221206226,1710.5094343973824,1094185.0,7.676152776426834e-07,0.10089486902303757,0.5232333035864385,12.903225806451612,-61.29032258064515,12.903225806451612,0.6946787494652544,0.368190498040687,4.564850620634701e-06,0.3584534246963155,0.09999999999999998,0.4257729350591199,0.09999999999999998,0.3280410545413839
1509,Olive oil,Agriculture,3. Animal or vegetable fats and oils,0.19121497556887132,31.57894736842105,33.9854935174262,2515,Marble,Minerals,5. Mineral products,0.2806996035410595,1,9,1065,-2.0999230544263314,0.003293431930838555,6533.583465874665,22487113.0,1.577562431296115e-05,0.12352877581584498,1.0854477456484264,74.19354838709677,32.258064516129025,74.19354838709677,0.39684778923021,0.18432199115945241,9.381440225769194e-05,0.3694123844740931,0.7333333333333333,0.25883535296783444,0.7333333333333333,0.4011847470774841
1509,Olive oil,Agriculture,3. Animal or vegetable fats and oils,0.19121497556887132,31.57894736842105,33.9854935174262,6801,"Flagstones, of natural stone",Stone,"13. Articles of stone, plaster, cement, ceramics and glass",0.2743855192974707,1,10,1065,0.9643172374786935,0.48482795792344224,4783.420839251781,558016.0,3.914709183264801e-07,-0.0733764930326184,0.475270479102092,3.225806451612903,-45.16129032258065,3.225806451612903,0.6794183236030289,0.6285442204001765,2.3279972618196133e-06,0.274074140789688,0.0,0.4988983607191644,0.0,0.34922885250341507
1509,Olive oil,Agriculture,3. Animal or vegetable fats and oils,0.19121497556887132,31.57894736842105,33.9854935174262,5516,Woven fabrics of artificial staple fibers,Textiles,11. Textiles and textile articles,0.27407321749719904,1,11,1065,1.3376071807220202,0.5333377353608745,6491.2557329636975,433040029.0,0.0003037951919385028,0.06567058306320162,2.3384545667667958,90.32258064516128,6.451612903225794,90.32258064516128,0.7138414525648537,0.6732951578927844,0.0018066076990091429,0.3413984135323813,0.8999999999999999,0.5369785668448819,0.8999999999999999,0.6458849967914173
1512,Sunflower seed oil,Agriculture,3. Animal or vegetable fats and oils,0.20398988369459267,69.73684210526315,53.671241194208996,6904,Ceramic building bricks,Stone,"13. Articles of stone, plaster, cement, ceramics and glass",0.4013757894719151,1,1,1065,-0.2114248418089587,0.33870214209031785,3323.1086996680115,9525383.0,6.682443568681619e-06,0.08691826024939031,0.6908553582407054,12.903225806451612,-41.935483870967744,12.903225806451612,0.5709966477616819,0.4937411436629395,3.973912135455452e-05,0.35168618407885366,0.09999999999999998,0.42541711547864874,0.09999999999999998,0.32779198083505406
1512,Sunflower seed oil,Agriculture,3. Animal or vegetable fats and oils,0.20398988369459267,69.73684210526315,53.671241194208996,4404,Strips and other pieces of wood,Agriculture,9. Wood and articles of wood,0.39202239307308867,1,2,1065,0.09346111784139328,0.308289960905173,2108.4185739547916,89640.0,6.28861056292036e-08,-0.06793535867636646,0.5884607433460304,9.67741935483871,-32.25806451612903,9.67741935483871,0.5991118673052541,0.46568548785240405,3.739707724321706e-07,0.2767086472008657,0.06666666666666667,0.41418542748092607,0.06666666666666667,0.30992979923664826
1512,Sunflower seed oil,Agriculture,3. Animal or vegetable fats and oils,0.20398988369459267,69.73684210526315,53.671241194208996,6308,Needlecraft sets of woven fabric and yarn,Textiles,11. Textiles and textile articles,0.3703608289124331,1,3,1065,1.2767925286503041,0.36082059549777323,4771.158650105625,390330.0,2.738323695922249e-07,-0.1065435986827713,0.6493208978127634,3.225806451612903,-54.83870967741936,3.225806451612903,0.7082333973548889,0.5141457214235129,1.628424939797514e-06,0.25801518198542056,0.0,0.46653521313399465,0.0,0.32657464919379625
1512,Sunflower seed oil,Agriculture,3. Animal or vegetable fats and oils,0.20398988369459267,69.73684210526315,53.671241194208996,8608,Railway track fixtures,Vehicles,"17. Vehicles, aircraft, vessels and associated transport equipment",0.3670351325477538,1,4,1065,2.5399907398120636,0.7496808986314845,4474.8242642645255,45273467.0,3.176117835745497e-05,0.09820887867063632,1.1847130236243864,61.29032258064516,19.354838709677416,61.29032258064516,0.8247198865149337,0.8728747042834756,0.00018887721357287358,0.35715291301245466,0.6,0.6477593753133474,0.6,0.6334315627193432
1512,Sunflower seed oil,Agriculture,3. Animal or vegetable fats and oils,0.20398988369459267,69.73684210526315,53.671241194208996,7325,Other cast articles of iron or steel,Metals,15. Base metals and articles of base metal,0.3545875386598042,1,5,1065,1.568606165802238,0.5648927514007727,4248.115237423845,116865543.0,8.198593129754836e-05,0.07752242703681955,0.8060350641832089,22.58064516129032,-29.032258064516128,22.58064516129032,0.7351431457858887,0.7024050945895888,0.00048755351836696843,0.34713687850832836,0.19999999999999996,0.5552855489354213,0.19999999999999996,0.44869988425479485
1512,Sunflower seed oil,Agriculture,3. Animal or vegetable fats and oils,0.20398988369459267,69.73684210526315,53.671241194208996,4415,Packing boxes,Agriculture,9. Wood and articles of wood,0.35436187084698295,1,6,1065,1.2943562328459752,0.4265870025515598,1420.2302711694051,5276749.0,3.7018540271396083e-06,0.07658027324716454,0.4863176066629946,3.225806451612903,-77.41935483870968,3.225806451612903,0.7098530435990975,0.5748161372994344,2.2014166660650202e-05,0.3466807033733936,0.0,0.5016396209454943,0.0,0.351147734661846
1512,Sunflower seed oil,Agriculture,3. Animal or vegetable fats and oils,0.20398988369459267,69.73684210526315,53.671241194208996,5601,Wadding of textile materials,Textiles,11. Textiles and textile articles,0.3518578294449283,1,7,1065,0.9706663811179432,0.36298270427127366,3907.9067651076653,70771280.0,4.964893116459108e-05,0.06572467661455517,1.0394782011021584,45.16129032258064,-9.677419354838712,45.16129032258064,0.6800038132317934,0.5161402965315915,0.00029525201079443807,0.34142460472681135,0.43333333333333324,0.4699084169278256,0.43333333333333324,0.4589358918494779
1512,Sunflower seed oil,Agriculture,3. Animal or vegetable fats and oils,0.20398988369459267,69.73684210526315,53.671241194208996,7217,Wire of iron or nonalloy steel,Metals,15. Base metals and articles of base metal,0.35153857041179687,1,8,1065,0.016555987850805098,0.32789717411836405,3681.4615378511144,342687895.0,0.00024040949534604453,0.11466837455881707,1.4356117991092305,93.54838709677419,29.032258064516128,93.54838709677419,0.5920200201890669,0.48377341196294993,0.0014296659615830498,0.365122326116974,0.9333333333333333,0.4315105000649895,0.9333333333333333,0.5820573500454926
1512,Sunflower seed oil,Agriculture,3. Animal or vegetable fats and oils,0.20398988369459267,69.73684210526315,53.671241194208996,4205,Other articles of leather,Agriculture,"8. Raw hides and skins, leather, furskins and articles thereof",0.35050893155722035,1,9,1065,0.7466331941881907,0.43464720462875106,3968.248208923419,8908181.0,6.24945126428006e-06,0.06665998412353491,0.6631948576901662,16.129032258064516,-64.51612903225806,16.129032258064516,0.6593444747604527,0.5822517846758711,3.716420492565357e-05,0.3418774650069473,0.1333333333333333,0.48584588518449423,0.1333333333333333,0.3800921196291459
1512,Sunflower seed oil,Agriculture,3. Animal or vegetable fats and oils,0.20398988369459267,69.73684210526315,53.671241194208996,7213,Hot rolled bars of iron,Metals,15. Base metals and articles of base metal,0.34956387785655396,1,10,1065,0.13606392120618802,0.34586734598307295,3592.303975805599,382533191.0,0.00026836259098507714,0.2622619311508634,1.274150433647772,74.19354838709677,9.677419354838705,74.19354838709677,0.6030405072831215,0.5003511428933017,0.001595897288255389,0.4365846620255661,0.7333333333333333,0.4519141614588213,0.7333333333333333,0.5363399130211748
1512,Sunflower seed oil,Agriculture,3. Animal or vegetable fats and oils,0.20398988369459267,69.73684210526315,53.671241194208996,2716,Electrical energy,Minerals,5. Mineral products,0.34875521766883233,1,11,1065,-0.6037057978446352,0.26734592743873575,658.0772433992051,1077835.0,7.561450876935817e-07,-0.4851455760158978,0.7217619604068098,9.67741935483871,-38.70967741935484,9.67741935483871,0.5348222525407483,0.4279140533263428,4.496639753507682e-06,0.07470242562560059,0.06666666666666667,0.34816374539328493,0.06666666666666667,0.2637146217752994
1515,Other vegetable fats and oils,Agriculture,3. Animal or vegetable fats and oils,0.2040265139685792,70.39473684210526,52.366604686846,0804,"Avocados, pineapples, mangos, etc.",Agriculture,2. Vegetable products,0.42661831119560895,1,1,1065,-3.6751629208373284,-0.0012187885173536672,4671.515201202335,171394559.0,0.00012024025369862527,0.1625221732788844,0.8326793237465899,25.806451612903224,-22.580645161290327,25.806451612903224,0.25158621428355454,0.1801594056788169,0.0007150441278436104,0.38829233649952677,0.23333333333333328,0.20946207408093553,0.23333333333333328,0.21662345185665485
1515,Other vegetable fats and oils,Agriculture,3. Animal or vegetable fats and oils,0.2040265139685792,70.39473684210526,52.366604686846,1207,Other oil seeds,Agriculture,2. Vegetable products,0.4205992724146239,1,2,1065,-5.179657069141335,-0.0083886596557211,6277.462999120389,143080371.0,0.0001003766992879478,0.14696457892968495,1.0032404260757406,54.83870967741935,3.225806451612904,54.83870967741935,0.1128484930382199,0.17354510085012587,0.00059691964371655,0.3807596090622098,0.5333333333333332,0.15744123716680997,0.5333333333333332,0.2702088660167669
1515,Other vegetable fats and oils,Agriculture,3. Animal or vegetable fats and oils,0.2040265139685792,70.39473684210526,52.366604686846,1106,Flour of dried legumes,Agriculture,2. Vegetable products,0.41896026299384836,1,3,1065,-2.658660698607271,0.002078127128732222,4690.252667568483,15137571.0,1.0619621696514605e-05,0.013628349606638723,0.9366371304919519,45.16129032258064,-45.16129032258064,45.16129032258064,0.3453235027349551,0.1832008557490978,6.3152712177787e-05,0.316200432979708,0.43333333333333324,0.2324230633232014,0.43333333333333324,0.2926961443262409
1515,Other vegetable fats and oils,Agriculture,3. Animal or vegetable fats and oils,0.2040265139685792,70.39473684210526,52.366604686846,1102,Cereal flours,Agriculture,2. Vegetable products,0.41284596014364217,1,4,1065,-1.9432107424888434,0.05787950957856266,3104.479621170969,24621950.0,1.7273299291577082e-05,0.11152845554091395,1.310772979187565,67.74193548387096,9.677419354838698,67.74193548387096,0.41129909771406453,0.23467839924503114,0.0001027207681870402,0.3636020297519817,0.6666666666666666,0.2806478365137087,0.6666666666666666,0.3964534855595961
1515,Other vegetable fats and oils,Agriculture,3. Animal or vegetable fats and oils,0.2040265139685792,70.39473684210526,52.366604686846,3401,Soap,Chemicals,6. Products of the chemical or allied industries,0.4080480605943572,1,5,1065,-1.245160097860525,0.10295960222856827,4136.942510257405,235220151.0,0.00016501650225237864,0.04508124414722858,1.298805350707208,70.96774193548387,19.354838709677423,70.96774193548387,0.47567020600899723,0.2762654053067138,0.0009813192945234473,0.33142939938485994,0.7000000000000001,0.3130390717624063,0.7000000000000001,0.4291273502336844
1515,Other vegetable fats and oils,Agriculture,3. Animal or vegetable fats and oils,0.2040265139685792,70.39473684210526,52.366604686846,2103,Sauces and seasonings,Agriculture,"4. Prepared foodstuffs; beverages, spirits and tobacco",0.4009860160954716,1,6,1065,-0.14835450301310685,0.21801717854291036,3474.572954820255,285187222.0,0.00020007043470315862,0.07192389421268208,0.9467933002417038,35.483870967741936,-32.258064516129025,35.483870967741936,0.576812712312396,0.382407603389052,0.0011897778413556997,0.34442616238689466,0.3333333333333333,0.3875695015297443,0.3333333333333333,0.37129865107082094
1515,Other vegetable fats and oils,Agriculture,3. Animal or vegetable fats and oils,0.2040265139685792,70.39473684210526,52.366604686846,4101,Raw hides of bovines or equines,Agriculture,"8. Raw hides and skins, leather, furskins and articles thereof",0.3967181193423922,1,7,1065,-2.6839926562093694,0.0039639327848624145,4066.4860507155186,60607.0,4.2518275366679414e-08,-0.274048946024243,0.5271443401213451,16.129032258064516,-54.83870967741936,16.129032258064516,0.3429875029064676,0.18494053742769417,2.5284746323958687e-07,0.17691188943933708,0.1333333333333333,0.21131163545997667,0.1333333333333333,0.18791814482198363
1515,Other vegetable fats and oils,Agriculture,3. Animal or vegetable fats and oils,0.2040265139685792,70.39473684210526,52.366604686846,0910,Spices,Agriculture,2. Vegetable products,0.39620997336739805,1,8,1065,-2.517802589486876,-3.3678450423499834e-05,4868.147605236873,27148494.0,1.9045772661287373e-05,0.09060098119626359,0.8686165177827612,16.129032258064516,-45.16129032258064,16.129032258064516,0.3583128075456917,0.18125268603029768,0.00011326130378793117,0.35346929607533795,0.1333333333333333,0.24188530635846517,0.1333333333333333,0.2093197144509256
1515,Other vegetable fats and oils,Agriculture,3. Animal or vegetable fats and oils,0.2040265139685792,70.39473684210526,52.366604686846,7001,Cullet and other scraps of glass,Stone,"13. Articles of stone, plaster, cement, ceramics and glass",0.3846863098746754,1,9,1065,-1.1141108472090302,0.17558511969581259,3493.42473992566,3097118.0,2.172754235766486e-06,-0.0700049095048757,0.7669059174101617,9.67741935483871,-22.58064516129032,9.67741935483871,0.4877549817635542,0.3432634449645305,1.2920923814966304e-05,0.2757066052425191,0.06666666666666667,0.33221437827977973,0.06666666666666667,0.2525500647958458
1515,Other vegetable fats and oils,Agriculture,3. Animal or vegetable fats and oils,0.2040265139685792,70.39473684210526,52.366604686846,3923,Packing lids,Chemicals,7. Plastics and articles thereof; rubber and articles thereof,0.3816746639276675,1,10,1065,0.13134109788973256,0.26857641814684186,3784.4849413864363,1144171694.0,0.0008026829764260243,0.05362786835584554,0.9510639747679929,25.806451612903224,-19.354838709677416,25.806451612903224,0.6026049896405252,0.42904919794403795,0.004773391033023261,0.33556753213389895,0.23333333333333328,0.41213010412963536,0.23333333333333328,0.35849107289074467
1515,Other vegetable fats and oils,Agriculture,3. Animal or vegetable fats and oils,0.2040265139685792,70.39473684210526,52.366604686846,1703,Molasses,Agriculture,"4. Prepared foodstuffs; beverages, spirits and tobacco",0.38129503289673233,1,11,1065,-2.138165062926581,0.00282567239546942,4289.775828470995,11862365.0,8.321931485967958e-06,0.10081775214775335,0.7431385137355827,16.129032258064516,-38.70967741935483,16.129032258064516,0.3933212822503389,0.1838904765486943,4.948881974478298e-05,0.35841608599283126,0.1333333333333333,0.255793951801548,0.1333333333333333,0.21905576626108358
1517,Margarine,Agriculture,3. Animal or vegetable fats and oils,0.20412802649694523,71.05263157894737,56.39395496932705,2103,Sauces and seasonings,Agriculture,"4. Prepared foodstuffs; beverages, spirits and tobacco",0.42991618099784445,1,1,1065,-0.14835450301310685,0.21801717854291036,3474.572954820255,285187222.0,0.00020007043470315862,0.07192389421268208,0.9467933002417038,35.483870967741936,-32.258064516129025,35.483870967741936,0.576812712312396,0.382407603389052,0.0011897778413556997,0.34442616238689466,0.3333333333333333,0.3875695015297443,0.3333333333333333,0.37129865107082094
1517,Margarine,Agriculture,3. Animal or vegetable fats and oils,0.20412802649694523,71.05263157894737,56.39395496932705,1904,Cereal foods,Agriculture,"4. Prepared foodstuffs; beverages, spirits and tobacco",0.42557346315293154,1,2,1065,-0.15692956411748427,0.2453216282272983,2365.0340307697093,40687077.0,2.8543639245487955e-05,-0.05644077898582389,0.7924290150891609,19.35483870967742,-48.38709677419354,19.35483870967742,0.5760219585307997,0.40759633410776336,0.0001697431683812718,0.28227413077576247,0.16666666666666666,0.3866329835151186,0.16666666666666666,0.320643088460583
1517,Margarine,Agriculture,3. Animal or vegetable fats and oils,0.20412802649694523,71.05263157894737,56.39395496932705,4818,Toilet paper,Agriculture,"10. Pulp, paper and paperboard",0.42323948600222505,1,3,1065,0.613180070247051,0.3235237717395007,2590.2961169650957,378324639.0,0.00026541012059665684,0.031507083373629285,0.9564213870885229,29.03225806451613,-9.677419354838708,29.03225806451613,0.6470380245628652,0.4797388880622998,0.0015783395523979486,0.3248570173698278,0.26666666666666666,0.44333722295714156,0.26666666666666666,0.3903360560699991
1517,Margarine,Agriculture,3. Animal or vegetable fats and oils,0.20412802649694523,71.05263157894737,56.39395496932705,3402,Cleaning products,Chemicals,6. Products of the chemical or allied industries,0.4202844456737906,1,4,1065,0.728774185690104,0.3557484621059717,3078.035858220077,985847225.0,0.000691611922418644,0.07089945070080517,1.1171381545670882,48.38709677419355,-6.451612903225801,48.38709677419355,0.657697596874275,0.509466608544394,0.004112874255169143,0.3439301439423532,0.4666666666666667,0.4607139246261625,0.4666666666666667,0.4624997472383138
1517,Margarine,Agriculture,3. Animal or vegetable fats and oils,0.20412802649694523,71.05263157894737,56.39395496932705,2104,Soups and broths,Agriculture,"4. Prepared foodstuffs; beverages, spirits and tobacco",0.4174068654097253,1,5,1065,-0.2505179798051222,0.2749498220134562,2835.835068764008,32115428.0,2.2530278865853223e-05,0.08132637259942221,0.8119372861536648,22.58064516129032,-41.935483870967744,22.58064516129032,0.5673916534265221,0.4349287507500238,0.00013398294752509774,0.34897868543980626,0.19999999999999996,0.4031790417198908,0.19999999999999996,0.3422253292039235
1517,Margarine,Agriculture,3. Animal or vegetable fats and oils,0.20412802649694523,71.05263157894737,56.39395496932705,4821,Paper labels,Agriculture,"10. Pulp, paper and paperboard",0.414880865928582,1,6,1065,0.5296451691319882,0.3462748314970352,3094.323371220219,43499280.0,3.0516514021355462e-05,0.10453554500625839,0.930017315413995,29.03225806451613,-54.83870967741936,29.03225806451613,0.6393348096063812,0.5007270538895539,0.00018147545004287453,0.3602161792233739,0.26666666666666666,0.4530813004245897,0.26666666666666666,0.3971569102972128
1517,Margarine,Agriculture,3. Animal or vegetable fats and oils,0.20412802649694523,71.05263157894737,56.39395496932705,2106,Food preparations n.e.c.,Agriculture,"4. Prepared foodstuffs; beverages, spirits and tobacco",0.4148172303249134,1,7,1065,0.6998019731540277,0.315353789889144,4910.754358528246,1782543466.0,0.0012505267368532207,0.04978126955503104,1.0914301642499133,87.09677419354838,16.129032258064512,87.09677419354838,0.6550259090174482,0.4722019673338421,0.007436626024921226,0.33370507321660897,0.8666666666666667,0.4457010116091811,0.8666666666666667,0.5719907081264267
1517,Margarine,Agriculture,3. Animal or vegetable fats and oils,0.20412802649694523,71.05263157894737,56.39395496932705,1905,Bakery products,Agriculture,"4. Prepared foodstuffs; beverages, spirits and tobacco",0.4122462078648051,1,8,1065,0.3216044062986159,0.28054994718569515,2378.3324950854944,505799622.0,0.0003548390055366271,0.1257853221126477,0.7960227371146188,19.35483870967742,-38.70967741935485,19.35483870967742,0.6201502209563156,0.44009494331515936,0.0021101547895497536,0.37050496651614745,0.16666666666666666,0.42697807569087076,0.16666666666666666,0.3488846529836095
1517,Margarine,Agriculture,3. Animal or vegetable fats and oils,0.20412802649694523,71.05263157894737,56.39395496932705,1516,"Vegetable fats, hydrogenated",Agriculture,3. Animal or vegetable fats and oils,0.4080028341137469,1,9,1065,-0.8684941685716827,0.12706383837061377,4572.875834164252,132343284.0,9.284419608366456e-05,0.09092685826828828,1.41273631490984,93.54838709677419,41.935483870967744,93.54838709677419,0.5104046533042558,0.29850189497709045,0.0005521253920536606,0.3536270803128322,0.9333333333333333,0.33624417275420404,0.9333333333333333,0.5153709209279428
1517,Margarine,Agriculture,3. Animal or vegetable fats and oils,0.20412802649694523,71.05263157894737,56.39395496932705,4819,Cardboard packing containers,Agriculture,"10. Pulp, paper and paperboard",0.4034798099093135,1,10,1065,0.07411195265183647,0.2635653655114051,3106.8368565212654,286248688.0,0.00020081509627163036,0.059467742931911705,0.8513132779541759,22.58064516129032,-45.16129032258064,22.58064516129032,0.5973275738339736,0.42442643290352966,0.0011942061909756294,0.3383951019022216,0.19999999999999996,0.40855229857210573,0.19999999999999996,0.345986609000474
1517,Margarine,Agriculture,3. Animal or vegetable fats and oils,0.20412802649694523,71.05263157894737,56.39395496932705,0604,Other parts of plants,Agriculture,2. Vegetable products,0.40302070848539306,1,11,1065,-0.48842694593105074,0.19456343287998532,3154.059124130417,904622.0,6.346291236780614e-07,0.05074286266008876,0.5424878983149167,3.225806451612903,-48.387096774193544,3.225806451612903,0.5454527526595413,0.36077120014059716,3.7740092380537155e-06,0.33417066054350675,0.0,0.3673045486629602,0.0,0.25711318406407213
1518,"Animal or vegetable fats and oils, processed",Agriculture,3. Animal or vegetable fats and oils,0.1918406300415994,32.23684210526316,58.13810066724185,7610,"Aluminum structures (bridges, towers etc)",Metals,15. Base metals and articles of base metal,0.40624486900057455,1,1,1065,2.0101935184977786,0.5186246253602724,3671.7819455676195,123775241.0,8.683336545968465e-05,0.058877450137900134,0.7190202403407263,3.225806451612903,-61.29032258064516,3.225806451612903,0.7758643563753763,0.6597221113701933,0.0005163802151355207,0.3381092919867747,0.0,0.5532491145412359,0.0,0.3872743801788651
1518,"Animal or vegetable fats and oils, processed",Agriculture,3. Animal or vegetable fats and oils,0.1918406300415994,32.23684210526316,58.13810066724185,0401,Milk,Agriculture,1. Live animals; animal products,0.4055953690916889,1,2,1065,1.122868685927484,0.47019076745366956,2395.1577594812147,12302107.0,8.630428383129908e-06,-0.005651590582289701,0.5508169358116639,6.451612903225806,-58.064516129032256,6.451612903225806,0.6940392290300984,0.6150412106899167,5.1323387520450845e-05,0.30686540783435545,0.033333333333333326,0.5042156635852866,0.033333333333333326,0.3629509645097006
1518,"Animal or vegetable fats and oils, processed",Agriculture,3. Animal or vegetable fats and oils,0.1918406300415994,32.23684210526316,58.13810066724185,4822,"Bobbins, spools, cops of paper",Agriculture,"10. Pulp, paper and paperboard",0.40231779518165556,1,3,1065,1.7030937152413415,0.5026580644898542,2123.406119574064,5244227.0,3.6790385214806058e-06,0.054505251812756894,1.009523393864413,38.70967741935484,-29.03225806451612,38.70967741935484,0.7475449860762508,0.64499273916465,2.1878487527885375e-05,0.33599234655511206,0.36666666666666664,0.5377903375907113,0.36666666666666664,0.48645323631349785
1518,"Animal or vegetable fats and oils, processed",Agriculture,3. Animal or vegetable fats and oils,0.1918406300415994,32.23684210526316,58.13810066724185,4413,Densified wood,Agriculture,9. Wood and articles of wood,0.39817475978005484,1,4,1065,0.21467125786239122,0.44244540760870443,4514.979528712201,5009169.0,3.514135774749355e-06,0.007602578593266296,0.7207604796971684,12.903225806451612,-25.806451612903228,12.903225806451612,0.610289324284597,0.589445734278313,2.089784471411517e-05,0.3132828552601324,0.09999999999999998,0.4669028334627454,0.09999999999999998,0.35683198342392175
1518,"Animal or vegetable fats and oils, processed",Agriculture,3. Animal or vegetable fats and oils,0.1918406300415994,32.23684210526316,58.13810066724185,4418,Wood carpentry for construction,Agriculture,9. Wood and articles of wood,0.39478331974228315,1,5,1065,0.8932118073917645,0.42128126895715523,3269.0905833452566,34307967.0,2.4068434144190444e-05,0.020527599736889446,0.5603860616816045,6.451612903225806,-58.064516129032256,6.451612903225806,0.6728612988717924,0.5699215250175728,0.0001431300414945049,0.3195409347042389,0.033333333333333326,0.48292659807313776,0.033333333333333326,0.3480486186511964
1518,"Animal or vegetable fats and oils, processed",Agriculture,3. Animal or vegetable fats and oils,0.1918406300415994,32.23684210526316,58.13810066724185,9403,Other furniture and parts,Textiles,20. Miscellaneous manufactured articles,0.3926057065178881,1,6,1065,1.655954980189648,0.5080677861326728,5942.125067343409,1202630550.0,0.0008436942414123966,0.10324997490577892,0.7308754632989286,9.67741935483871,-45.16129032258064,9.67741935483871,0.7431980627659596,0.649983281852718,0.005017276614614304,0.35959372764434977,0.06666666666666667,0.5423051212553818,0.06666666666666667,0.39961358487876725
1518,"Animal or vegetable fats and oils, processed",Agriculture,3. Animal or vegetable fats and oils,0.1918406300415994,32.23684210526316,58.13810066724185,4901,"Books, brochures etc.",Agriculture,"10. Pulp, paper and paperboard",0.39159203690169503,1,7,1065,1.7073575744591154,0.5153783578966796,4213.477170410011,263551271.0,0.00018489193514967497,0.07421783495634382,0.9369422030383878,29.03225806451613,-32.258064516129025,29.03225806451613,0.7479381801024634,0.6567273849455071,0.0010995144175741894,0.3455368501957878,0.26666666666666666,0.5436284024587938,0.26666666666666666,0.4605398817211557
1518,"Animal or vegetable fats and oils, processed",Agriculture,3. Animal or vegetable fats and oils,0.1918406300415994,32.23684210526316,58.13810066724185,7308,"Structures and their parts, of iron or steel",Metals,15. Base metals and articles of base metal,0.39132803296535845,1,8,1065,1.4834414912554827,0.4650225736002816,3799.9719506635356,744293319.0,0.0005221520334420407,0.0424332690821001,0.8418043940612941,19.35483870967742,-48.38709677419354,19.35483870967742,0.7272896404129786,0.6102734807125745,0.0031051310511215303,0.3301472940684007,0.16666666666666666,0.5181349561618719,0.16666666666666666,0.4126944693133103
1518,"Animal or vegetable fats and oils, processed",Agriculture,3. Animal or vegetable fats and oils,0.1918406300415994,32.23684210526316,58.13810066724185,6810,"Articles of cement, of concrete or of artificial stone",Stone,"13. Articles of stone, plaster, cement, ceramics and glass",0.3875789849509294,1,9,1065,1.848370789740591,0.5391906240110411,4625.51863510521,110660359.0,7.763274235876385e-05,0.032883636035546226,0.7552673468228066,9.67741935483871,-29.032258064516128,9.67741935483871,0.7609417881096355,0.6786945282459597,0.00046166599657353083,0.32552352118607286,0.06666666666666667,0.5527704888018552,0.06666666666666667,0.4069393421612986
1518,"Animal or vegetable fats and oils, processed",Agriculture,3. Animal or vegetable fats and oils,0.1918406300415994,32.23684210526316,58.13810066724185,2105,Ice cream,Agriculture,"4. Prepared foodstuffs; beverages, spirits and tobacco",0.38688442984840843,1,10,1065,1.3565923475001525,0.4561680896782379,2334.2196934998683,37529366.0,2.6328376555924167e-05,0.08532763978667668,0.6764392780821085,16.129032258064516,-48.38709677419355,16.129032258064516,0.7155921797306787,0.602105097399834,0.0001565694555099246,0.3509160322074972,0.1333333333333333,0.5138549372451304,0.1333333333333333,0.39969845607159127
1518,"Animal or vegetable fats and oils, processed",Agriculture,3. Animal or vegetable fats and oils,0.1918406300415994,32.23684210526316,58.13810066724185,3214,Glaziers' putty,Chemicals,6. Products of the chemical or allied industries,0.3862865679088972,1,11,1065,1.8268962172189904,0.527186113954221,3067.749766534051,216734699.0,0.00015204820587714913,0.0887946127042678,1.0302268177113385,35.483870967741936,-9.677419354838705,35.483870967741936,0.7589614990804471,0.6676202024592657,0.0009041994957372156,0.35259468261029014,0.3333333333333333,0.5523284278548035,0.3333333333333333,0.48662989949836244
1519,Stearic acid,Agriculture,3. Animal or vegetable fats and oils,0.18869782198808066,23.684210526315788,46.04672479566669,1522,Degras and wax residues,Agriculture,3. Animal or vegetable fats and oils,0.33523202150467774,1,1,1065,-0.2000331061478051,0.35606962567971734,6447.829154453478,409469.0,2.872591564690358e-07,-0.14704917595039324,0.5981496424074695,23.333333333333332,-60.000000000000014,23.333333333333332,0.5720471426728382,0.509762886362451,1.7082712875616743e-06,0.2384030577456675,0.20777777777777776,0.41439422506489443,0.20777777777777776,0.3524092908787594
1519,Stearic acid,Agriculture,3. Animal or vegetable fats and oils,0.18869782198808066,23.684210526315788,46.04672479566669,1511,Palm oil,Agriculture,3. Animal or vegetable fats and oils,0.32672288888262696,1,2,1065,-4.091858791532064,-0.04965160226765103,6231.7432687152,1015840113.0,0.0007126531531514962,0.07419239558488488,1.2269031143207367,74.19354838709677,9.677419354838705,74.19354838709677,0.21316038483270675,0.13547946824710638,0.004238002138846424,0.34552453287685814,0.7333333333333333,0.17448832883029028,0.7333333333333333,0.34214183018120314
1519,Stearic acid,Agriculture,3. Animal or vegetable fats and oils,0.18869782198808066,23.684210526315788,46.04672479566669,1513,Coconut & palm kernel oil,Agriculture,3. Animal or vegetable fats and oils,0.31873292418129084,1,3,1065,-3.087734697216817,0.084680206845039,7662.973408668604,535973162.0,0.00037600697099453653,0.107741530608926,1.2613573212712315,90.32258064516128,38.70967741935483,90.32258064516128,0.3057562176911295,0.25940241142334536,0.002236036338644053,0.3617684639256743,0.8999999999999999,0.25240619522971397,0.8999999999999999,0.44668433666079976
1519,Stearic acid,Agriculture,3. Animal or vegetable fats and oils,0.18869782198808066,23.684210526315788,46.04672479566669,1805,Cocoa powder,Agriculture,"4. Prepared foodstuffs; beverages, spirits and tobacco",0.2962403281841079,1,4,1065,-0.2902468348908837,0.3666465668275303,4014.197495836707,143719963.0,0.00010082539908794326,0.09175646639459778,1.3051723246416205,83.87096774193549,25.806451612903224,83.87096774193549,0.5637280361047146,0.5195202601780549,0.0005995879694001895,0.35402876271661554,0.8333333333333334,0.4323311563018716,0.8333333333333334,0.5526318094113101
1519,Stearic acid,Agriculture,3. Animal or vegetable fats and oils,0.18869782198808066,23.684210526315788,46.04672479566669,3215,Ink,Chemicals,6. Products of the chemical or allied industries,0.28948924597792436,1,5,1065,2.2679728451327805,0.6618916798432755,4748.3021180389005,371292406.0,0.00026047672314856256,0.054632183125371325,0.9331778785669395,38.70967741935484,-25.806451612903224,38.70967741935484,0.799635612914867,0.7918879414069983,0.0015490016495986068,0.33605380457745954,0.36666666666666664,0.6076736649467116,0.36666666666666664,0.535371565462698
1519,Stearic acid,Agriculture,3. Animal or vegetable fats and oils,0.18869782198808066,23.684210526315788,46.04672479566669,7407,"Copper bars, rods and profiles",Metals,15. Base metals and articles of base metal,0.28703711368002427,1,6,1065,1.1385219835238305,0.5474993673284195,3039.468044241678,44307242.0,3.108333222390324e-05,0.19217853288142495,0.7480140304670432,3.225806451612903,-58.064516129032256,3.225806451612903,0.6954827061223425,0.6863594583379953,0.00018484620164077546,0.40265145068227265,0.0,0.5440702020937052,0.0,0.38084914146559357
1519,Stearic acid,Agriculture,3. Animal or vegetable fats and oils,0.18869782198808066,23.684210526315788,46.04672479566669,2707,Oils etc. from high temperature coal tar,Minerals,5. Mineral products,0.2851956731607729,1,7,1065,0.8530705761660112,0.49185118077870116,3382.1344837117663,281952222.0,0.0001978009506367767,0.0679426259055611,1.2145335254900618,64.51612903225806,6.451612903225801,64.51612903225806,0.6691596540667787,0.6350232401688763,0.001176281685077051,0.342498498743067,0.6333333333333333,0.5080152300467008,0.6333333333333333,0.5456106610326905
1519,Stearic acid,Agriculture,3. Animal or vegetable fats and oils,0.18869782198808066,23.684210526315788,46.04672479566669,4413,Densified wood,Agriculture,9. Wood and articles of wood,0.28423959228744683,1,8,1065,0.21467125786239122,0.44244540760870443,4514.979528712201,5009169.0,3.514135774749355e-06,0.007602578593266296,0.7207604796971684,12.903225806451612,-25.806451612903228,12.903225806451612,0.610289324284597,0.589445734278313,2.089784471411517e-05,0.3132828552601324,0.09999999999999998,0.4669028334627454,0.09999999999999998,0.35683198342392175
1519,Stearic acid,Agriculture,3. Animal or vegetable fats and oils,0.18869782198808066,23.684210526315788,46.04672479566669,2847,Hydrogen peroxide,Chemicals,6. Products of the chemical or allied industries,0.27848430420414516,1,9,1065,1.2359930059092088,0.5577324613587124,2601.2331790495887,25385943.0,1.7809271452420145e-05,-0.03324086475532351,1.6390006905967602,96.7741935483871,29.032258064516142,96.7741935483871,0.7044710478506534,0.6957996284541386,0.00010590808470135046,0.293507141904921,0.9666666666666668,0.5341366942051204,0.9666666666666668,0.6638956859435843
1519,Stearic acid,Agriculture,3. Animal or vegetable fats and oils,0.18869782198808066,23.684210526315788,46.04672479566669,1516,"Vegetable fats, hydrogenated",Agriculture,3. Animal or vegetable fats and oils,0.2765655041959394,1,10,1065,-0.8684941685716827,0.12706383837061377,4572.875834164252,132343284.0,9.284419608366456e-05,0.09092685826828828,1.41273631490984,93.54838709677419,41.935483870967744,93.54838709677419,0.5104046533042558,0.29850189497709045,0.0005521253920536606,0.3536270803128322,0.9333333333333333,0.33624417275420404,0.9333333333333333,0.5153709209279428
1519,Stearic acid,Agriculture,3. Animal or vegetable fats and oils,0.18869782198808066,23.684210526315788,46.04672479566669,3802,Activated carbon,Chemicals,6. Products of the chemical or allied industries,0.27597055033532303,1,11,1065,-0.05793790116223938,0.41263847994166797,5492.180047372472,132390448.0,9.287728354780886e-05,0.09991883911276656,1.1246397134693769,93.54838709677419,19.354838709677423,93.54838709677419,0.5851505269311348,0.5619484331704141,0.0005523221564167907,0.35798084730936763,0.9333333333333333,0.45526461145540975,0.9333333333333333,0.5986852280187868
1520,Glycerol,Agriculture,3. Animal or vegetable fats and oils,0.18575916606977344,15.131578947368421,50.72897974823318,4005,Compounded rubber,Chemicals,7. Plastics and articles thereof; rubber and articles thereof,0.3498443589288398,1,1,1065,2.873902883864615,0.8069171593807197,2896.2037796499003,102668193.0,7.20259128710114e-05,0.08216411572608395,0.9292945708690981,35.483870967741936,-19.354838709677416,35.483870967741936,0.8555117709594281,0.9256759427637651,0.000428323331553159,0.3493843066749398,0.3333333333333333,0.6758875943040915,0.3333333333333333,0.573121316012864
1520,Glycerol,Agriculture,3. Animal or vegetable fats and oils,0.18575916606977344,15.131578947368421,50.72897974823318,8706,Vehicle chassis fitted with engines,Vehicles,"17. Vehicles, aircraft, vessels and associated transport equipment",0.3416850741207626,1,2,1065,2.64859874664397,0.7708432775726239,4972.286871539745,198951018.0,0.0001395722303992145,0.036882236486253106,1.0671081864977625,66.66666666666666,-16.666666666666686,66.66666666666666,0.8347352311368071,0.8923972901871379,0.0008300074283537113,0.3274595767644507,0.6555555555555554,0.6537398200923014,0.6555555555555554,0.6542845407312775
1520,Glycerol,Agriculture,3. Animal or vegetable fats and oils,0.18575916606977344,15.131578947368421,50.72897974823318,1501,"Pig and poultry fat, rendered",Agriculture,3. Animal or vegetable fats and oils,0.3411408065944155,1,3,1065,2.287690973627274,0.7289828794144371,3656.1984120010625,9851465.0,6.911203353328897e-06,-0.06659900901480242,0.8312062525781795,16.129032258064516,-64.51612903225806,16.129032258064516,0.8014539305318763,0.8537804966178649,4.109950887593144e-05,0.27735568539556127,0.1333333333333333,0.620941567238075,0.1333333333333333,0.4746590970666525
1520,Glycerol,Agriculture,3. Animal or vegetable fats and oils,0.18575916606977344,15.131578947368421,50.72897974823318,0209,Pig and poultry fat,Agriculture,1. Live animals; animal products,0.3356973822173932,1,4,1065,2.4933198710831794,0.7372737472438387,5112.10653971593,25418765.0,1.783229742028005e-05,0.04007812048781778,1.1267601472342774,61.29032258064516,-6.451612903225801,61.29032258064516,0.8204161077443185,0.8614289363261602,0.0001060450154096589,0.3290069704401514,0.6,0.6380127177430017,0.6,0.6266089024201011
1520,Glycerol,Agriculture,3. Animal or vegetable fats and oils,0.18575916606977344,15.131578947368421,50.72897974823318,3505,Dextrins and other modified starches,Chemicals,6. Products of the chemical or allied industries,0.33393775010069143,1,5,1065,1.8977605685295178,0.6590251299910985,4040.552793700428,68814327.0,4.82760490464587e-05,0.0856545883772517,0.9457822764128804,12.903225806451612,-38.70967741935483,12.903225806451612,0.7654962926051906,0.7892435097062,0.00028708776241175786,0.3510743352563836,0.09999999999999998,0.596863144261806,0.09999999999999998,0.4478042009832641
1520,Glycerol,Agriculture,3. Animal or vegetable fats and oils,0.18575916606977344,15.131578947368421,50.72897974823318,1522,Degras and wax residues,Agriculture,3. Animal or vegetable fats and oils,0.32529105586424323,1,6,1065,-0.2000331061478051,0.35606962567971734,6447.829154453478,409469.0,2.872591564690358e-07,-0.14704917595039324,0.5981496424074695,23.333333333333332,-60.000000000000014,23.333333333333332,0.5720471426728382,0.509762886362451,1.7082712875616743e-06,0.2384030577456675,0.20777777777777776,0.41439422506489443,0.20777777777777776,0.3524092908787594
1520,Glycerol,Agriculture,3. Animal or vegetable fats and oils,0.18575916606977344,15.131578947368421,50.72897974823318,9209,Parts of musical instruments,Machinery,"18. Optical, photographic, medical and musical instruments",0.3212363454761397,1,7,1065,2.8654169457399985,0.7963861547225959,5729.697448604862,43460022.0,3.0488972937745564e-05,0.10657347721150323,0.9833160651139412,35.483870967741936,-6.451612903225808,35.483870967741936,0.8547292357004074,0.9159609459922811,0.00018131166886723704,0.3612029119722342,0.3333333333333333,0.6739491971386062,0.3333333333333333,0.5717644379970244
1520,Glycerol,Agriculture,3. Animal or vegetable fats and oils,0.18575916606977344,15.131578947368421,50.72897974823318,1805,Cocoa powder,Agriculture,"4. Prepared foodstuffs; beverages, spirits and tobacco",0.3188427818577149,1,8,1065,-0.2902468348908837,0.3666465668275303,4014.197495836707,143719963.0,0.00010082539908794326,0.09175646639459778,1.3051723246416205,83.87096774193549,25.806451612903224,83.87096774193549,0.5637280361047146,0.5195202601780549,0.0005995879694001895,0.35402876271661554,0.8333333333333334,0.4323311563018716,0.8333333333333334,0.5526318094113101
1520,Glycerol,Agriculture,3. Animal or vegetable fats and oils,0.18575916606977344,15.131578947368421,50.72897974823318,3903,Polymers of styrene,Chemicals,7. Plastics and articles thereof; rubber and articles thereof,0.3183493000385023,1,9,1065,2.665771608195043,0.7234273374335739,3438.309135442682,516037748.0,0.0003620214673068312,0.10618787377968908,1.185169507020701,80.64516129032258,16.129032258064512,80.64516129032258,0.8363188356204425,0.848655432660525,0.002152867416596584,0.36101620922850963,0.7999999999999999,0.6442163553951046,0.7999999999999999,0.6909514487765731
1520,Glycerol,Agriculture,3. Animal or vegetable fats and oils,0.18575916606977344,15.131578947368421,50.72897974823318,0210,Preserved meat,Agriculture,1. Live animals; animal products,0.3165544448700052,1,10,1065,1.2637275288498118,0.602062769952719,3044.150915236552,59557309.0,4.178187443959302e-05,0.15552173562768035,0.6921537402921525,19.35483870967742,-45.16129032258064,19.35483870967742,0.7070286015087672,0.7366949484023105,0.0002484682379597442,0.38490284146675746,0.16666666666666666,0.5630759389245847,0.16666666666666666,0.4441531572472093
1520,Glycerol,Agriculture,3. Animal or vegetable fats and oils,0.18575916606977344,15.131578947368421,50.72897974823318,4414,Wooden frames,Agriculture,9. Wood and articles of wood,0.315122670601019,1,11,1065,0.8208620776801157,0.5554454121908202,7077.570281827354,13701856.0,9.612409233959585e-06,0.07978663308616496,0.6896768315558846,9.67741935483871,-45.16129032258064,9.67741935483871,0.6661895303945103,0.6936897941122501,5.716302623911615e-05,0.3482331692746781,0.06666666666666667,0.5282013134225036,0.06666666666666667,0.38974091939575256
1521,Vegetable waxes and beeswax,Agriculture,3. Animal or vegetable fats and oils,0.20059083334101802,61.18421052631579,47.49499858517163,0901,Coffee,Agriculture,2. Vegetable products,0.3379346587354269,1,1,1065,-2.930816282017043,0.018130666914190716,6069.593142107859,472229295.0,0.00033128805585201193,0.0720177903439212,0.6693922994337879,12.903225806451612,-22.580645161290324,12.903225806451612,0.3202265320959994,0.19800954468738863,0.0019701021220018895,0.34447162532596914,0.09999999999999998,0.23334888599138143,0.09999999999999998,0.193344220193967
1521,Vegetable waxes and beeswax,Agriculture,3. Animal or vegetable fats and oils,0.20059083334101802,61.18421052631579,47.49499858517163,4601,Products of plaiting materials,Agriculture,9. Wood and articles of wood,0.3335927911149758,1,2,1065,-2.3788694229657943,0.01952447375398983,5742.324089605477,6624485.0,4.647345643117747e-06,0.11519534497187989,1.0096777027260126,38.70967741935484,-32.25806451612903,38.70967741935484,0.37112460275955955,0.19929535068485107,2.7636811383482017e-05,0.3653774763927836,0.36666666666666664,0.25445775068616877,0.36666666666666664,0.28812042548031813
1521,Vegetable waxes and beeswax,Agriculture,3. Animal or vegetable fats and oils,0.20059083334101802,61.18421052631579,47.49499858517163,2839,Silicates,Chemicals,6. Products of the chemical or allied industries,0.3192063768524575,1,3,1065,0.5219218177599746,0.37430992317051326,3756.8672939917988,13957792.0,9.791958746792202e-06,0.05312857325745224,1.0577583928889749,61.29032258064516,-6.451612903225801,61.29032258064516,0.6386225966868839,0.5265898119015344,5.8230770366885006e-05,0.3353257817833906,0.6,0.45813194488901,0.6,0.5006923614223069
1521,Vegetable waxes and beeswax,Agriculture,3. Animal or vegetable fats and oils,0.20059083334101802,61.18421052631579,47.49499858517163,0506,"Bones, simply prepared",Agriculture,1. Live animals; animal products,0.312629530371153,1,4,1065,-0.9125515058275415,0.05821980779387901,5051.020336278767,4067423.0,2.8534626552504706e-06,0.4063768989584402,0.5731945243340715,6.451612903225806,-77.41935483870968,6.451612903225806,0.5063418827166097,0.23499232903335288,1.696895717445757e-05,0.506362723322559,0.033333333333333326,0.3354239279544469,0.033333333333333326,0.24479674956811284
1521,Vegetable waxes and beeswax,Agriculture,3. Animal or vegetable fats and oils,0.20059083334101802,61.18421052631579,47.49499858517163,0507,Whalebone & horns,Agriculture,1. Live animals; animal products,0.30985061591010016,1,5,1065,-2.552820983811351,0.08652913193804472,7110.532207776183,27753.0,1.9469858205346806e-08,-0.2141259962476476,0.6288148578202052,22.58064516129032,-16.12903225806452,22.58064516129032,0.35508356784693645,0.2611080702747456,1.1578325353982633e-07,0.20592558125926524,0.19999999999999996,0.24655592789896652,0.19999999999999996,0.23258914952927656
1521,Vegetable waxes and beeswax,Agriculture,3. Animal or vegetable fats and oils,0.20059083334101802,61.18421052631579,47.49499858517163,1102,Cereal flours,Agriculture,2. Vegetable products,0.3083196024922275,1,6,1065,-1.9432107424888434,0.05787950957856266,3104.479621170969,24621950.0,1.7273299291577082e-05,0.11152845554091395,1.310772979187565,67.74193548387096,9.677419354838698,67.74193548387096,0.41129909771406453,0.23467839924503114,0.0001027207681870402,0.3636020297519817,0.6666666666666666,0.2806478365137087,0.6666666666666666,0.3964534855595961
1521,Vegetable waxes and beeswax,Agriculture,3. Animal or vegetable fats and oils,0.20059083334101802,61.18421052631579,47.49499858517163,7215,Other bars and rods of iron or nonalloy steel,Metals,15. Base metals and articles of base metal,0.3079379196727947,1,7,1065,0.31144201552513695,0.42478844198922944,2669.485188322356,23764604.0,1.6671836204598332e-05,0.13008538291717442,0.7119968687010866,22.58064516129032,-25.80645161290323,22.58064516129032,0.6192130907322423,0.5731569404209219,9.91439905669863e-05,0.3725869841647215,0.19999999999999996,0.47323243012690075,0.19999999999999996,0.3912627010888305
1521,Vegetable waxes and beeswax,Agriculture,3. Animal or vegetable fats and oils,0.20059083334101802,61.18421052631579,47.49499858517163,9601,Worked animal carving material,Machinery,20. Miscellaneous manufactured articles,0.30785028367930223,1,8,1065,-1.4974644841420757,0.1782685308542506,6114.914114679506,1216851.0,8.536704654284029e-07,0.2203395165135047,0.6296852494705171,6.451612903225806,-41.935483870967744,6.451612903225806,0.45240382398128076,0.34573892869918804,5.076603172744972e-06,0.41628652878662736,0.033333333333333326,0.341793704246634,0.033333333333333326,0.2492555929726438
1521,Vegetable waxes and beeswax,Agriculture,3. Animal or vegetable fats and oils,0.20059083334101802,61.18421052631579,47.49499858517163,4106,Tanned skins of other animals,Agriculture,"8. Raw hides and skins, leather, furskins and articles thereof",0.30706003237189905,1,9,1065,-3.7236133762143138,0.05941551943693196,4547.76594301018,1380700.0,9.686172026131348e-07,0.16571371776415678,0.9311132193626235,35.483870967741936,-25.806451612903224,35.483870967741936,0.2471183299917617,0.2360953894847528,5.760167843564235e-06,0.3898376290538905,0.3333333333333333,0.2276013102000402,0.3333333333333333,0.25932091714002814
1521,Vegetable waxes and beeswax,Agriculture,3. Animal or vegetable fats and oils,0.20059083334101802,61.18421052631579,47.49499858517163,0801,Cashew nuts & coconuts,Agriculture,2. Vegetable products,0.305780020422912,1,10,1065,-5.642787958458843,-0.09322285356848867,7671.657023310905,128836892.0,9.038431949185963e-05,0.05243996186792188,1.2563581348359256,80.64516129032258,-6.451612903225808,80.64516129032258,0.07014063385866202,0.09528438910139381,0.0005374970104752359,0.33499236764550167,0.7999999999999999,0.10822823773441607,0.7999999999999999,0.3157597664140912
1521,Vegetable waxes and beeswax,Agriculture,3. Animal or vegetable fats and oils,0.20059083334101802,61.18421052631579,47.49499858517163,0710,Frozen vegetables,Agriculture,2. Vegetable products,0.30499315144907596,1,11,1065,-0.49747542056783495,0.23095670071351132,3262.6414188055155,106951619.0,7.503091041553256e-05,0.10512609626736302,0.7370649816646185,6.451612903225806,-80.64516129032258,6.451612903225806,0.5446183427994107,0.39434449072248984,0.00044619343563477484,0.36050211428427187,0.033333333333333326,0.38277923789065116,0.033333333333333326,0.2779454665234558
1602,Other prepared or preserved meat,Agriculture,"4. Prepared foodstuffs; beverages, spirits and tobacco",0.19678861582361443,47.368421052631575,59.352820885164874,1601,Sausages,Agriculture,"4. Prepared foodstuffs; beverages, spirits and tobacco",0.47060059245433794,1,1,1065,2.043368640464142,0.5947646928800601,1823.922517945249,24521414.0,1.7202769198811154e-05,0.07771939615915868,0.5520797388957102,12.903225806451612,-32.258064516129025,12.903225806451612,0.7789236177416221,0.7299623718342974,0.00010230134019086393,0.34723224766880684,0.09999999999999998,0.5802102787029214,0.09999999999999998,0.4361471950920449
1602,Other prepared or preserved meat,Agriculture,"4. Prepared foodstuffs; beverages, spirits and tobacco",0.19678861582361443,47.368421052631575,59.352820885164874,0401,Milk,Agriculture,1. Live animals; animal products,0.45657040535363336,1,2,1065,1.122868685927484,0.47019076745366956,2395.1577594812147,12302107.0,8.630428383129908e-06,-0.005651590582289701,0.5508169358116639,6.451612903225806,-58.064516129032256,6.451612903225806,0.6940392290300984,0.6150412106899167,5.1323387520450845e-05,0.30686540783435545,0.033333333333333326,0.5042156635852866,0.033333333333333326,0.3629509645097006
1602,Other prepared or preserved meat,Agriculture,"4. Prepared foodstuffs; beverages, spirits and tobacco",0.19678861582361443,47.368421052631575,59.352820885164874,2105,Ice cream,Agriculture,"4. Prepared foodstuffs; beverages, spirits and tobacco",0.4338495942081005,1,3,1065,1.3565923475001525,0.4561680896782379,2334.2196934998683,37529366.0,2.6328376555924167e-05,0.08532763978667668,0.6764392780821085,16.129032258064516,-48.38709677419355,16.129032258064516,0.7155921797306787,0.602105097399834,0.0001565694555099246,0.3509160322074972,0.1333333333333333,0.5138549372451304,0.1333333333333333,0.39969845607159127
1602,Other prepared or preserved meat,Agriculture,"4. Prepared foodstuffs; beverages, spirits and tobacco",0.19678861582361443,47.368421052631575,59.352820885164874,4418,Wood carpentry for construction,Agriculture,9. Wood and articles of wood,0.43242087708232696,1,4,1065,0.8932118073917645,0.42128126895715523,3269.0905833452566,34307967.0,2.4068434144190444e-05,0.020527599736889446,0.5603860616816045,6.451612903225806,-58.064516129032256,6.451612903225806,0.6728612988717924,0.5699215250175728,0.0001431300414945049,0.3195409347042389,0.033333333333333326,0.48292659807313776,0.033333333333333326,0.3480486186511964
1602,Other prepared or preserved meat,Agriculture,"4. Prepared foodstuffs; beverages, spirits and tobacco",0.19678861582361443,47.368421052631575,59.352820885164874,4415,Packing boxes,Agriculture,9. Wood and articles of wood,0.42402240563592736,1,5,1065,1.2943562328459752,0.4265870025515598,1420.2302711694051,5276749.0,3.7018540271396083e-06,0.07658027324716454,0.4863176066629946,3.225806451612903,-77.41935483870968,3.225806451612903,0.7098530435990975,0.5748161372994344,2.2014166660650202e-05,0.3466807033733936,0.0,0.5016396209454943,0.0,0.351147734661846
1602,Other prepared or preserved meat,Agriculture,"4. Prepared foodstuffs; beverages, spirits and tobacco",0.19678861582361443,47.368421052631575,59.352820885164874,7610,"Aluminum structures (bridges, towers etc)",Metals,15. Base metals and articles of base metal,0.42159548619870807,1,6,1065,2.0101935184977786,0.5186246253602724,3671.7819455676195,123775241.0,8.683336545968465e-05,0.058877450137900134,0.7190202403407263,3.225806451612903,-61.29032258064516,3.225806451612903,0.7758643563753763,0.6597221113701933,0.0005163802151355207,0.3381092919867747,0.0,0.5532491145412359,0.0,0.3872743801788651
1602,Other prepared or preserved meat,Agriculture,"4. Prepared foodstuffs; beverages, spirits and tobacco",0.19678861582361443,47.368421052631575,59.352820885164874,0403,Fermented milk products,Agriculture,1. Live animals; animal products,0.4174632151157754,1,7,1065,0.5463082131645085,0.34246736450717385,1916.8935656210424,5272203.0,3.698664823255289e-06,0.04271967705299318,0.5706494231775714,12.903225806451612,-58.064516129032256,12.903225806451612,0.6408714009987031,0.49721461317616944,2.1995201119245954e-05,0.3302859680260954,0.09999999999999998,0.44787629944528756,0.09999999999999998,0.34351340961170124
1602,Other prepared or preserved meat,Agriculture,"4. Prepared foodstuffs; beverages, spirits and tobacco",0.19678861582361443,47.368421052631575,59.352820885164874,3214,Glaziers' putty,Chemicals,6. Products of the chemical or allied industries,0.4155579965067064,1,8,1065,1.8268962172189904,0.527186113954221,3067.749766534051,216734699.0,0.00015204820587714913,0.0887946127042678,1.0302268177113385,35.483870967741936,-9.677419354838705,35.483870967741936,0.7589614990804471,0.6676202024592657,0.0009041994957372156,0.35259468261029014,0.3333333333333333,0.5523284278548035,0.3333333333333333,0.48662989949836244
1602,Other prepared or preserved meat,Agriculture,"4. Prepared foodstuffs; beverages, spirits and tobacco",0.19678861582361443,47.368421052631575,59.352820885164874,4822,"Bobbins, spools, cops of paper",Agriculture,"10. Pulp, paper and paperboard",0.4144470629358023,1,9,1065,1.7030937152413415,0.5026580644898542,2123.406119574064,5244227.0,3.6790385214806058e-06,0.054505251812756894,1.009523393864413,38.70967741935484,-29.03225806451612,38.70967741935484,0.7475449860762508,0.64499273916465,2.1878487527885375e-05,0.33599234655511206,0.36666666666666664,0.5377903375907113,0.36666666666666664,0.48645323631349785
1602,Other prepared or preserved meat,Agriculture,"4. Prepared foodstuffs; beverages, spirits and tobacco",0.19678861582361443,47.368421052631575,59.352820885164874,6810,"Articles of cement, of concrete or of artificial stone",Stone,"13. Articles of stone, plaster, cement, ceramics and glass",0.4094514861994283,1,10,1065,1.848370789740591,0.5391906240110411,4625.51863510521,110660359.0,7.763274235876385e-05,0.032883636035546226,0.7552673468228066,9.67741935483871,-29.032258064516128,9.67741935483871,0.7609417881096355,0.6786945282459597,0.00046166599657353083,0.32552352118607286,0.06666666666666667,0.5527704888018552,0.06666666666666667,0.4069393421612986
1602,Other prepared or preserved meat,Agriculture,"4. Prepared foodstuffs; beverages, spirits and tobacco",0.19678861582361443,47.368421052631575,59.352820885164874,4808,Corrugated paper and paperboard,Agriculture,"10. Pulp, paper and paperboard",0.4089006354868349,1,11,1065,0.9076993962767275,0.4521726451874076,2064.5292561812303,20891758.0,1.4656417897900038e-05,0.15123515953781075,0.7904484691112005,22.58064516129032,-19.354838709677423,22.58064516129032,0.6741972795205073,0.5984192448540261,8.715871125307877e-05,0.3828273528918822,0.19999999999999996,0.502852960271557,0.19999999999999996,0.4119970721900899
1701,Sugarcane & sucrose,Agriculture,"4. Prepared foodstuffs; beverages, spirits and tobacco",0.20926284598294098,88.81578947368422,48.26409454740943,1703,Molasses,Agriculture,"4. Prepared foodstuffs; beverages, spirits and tobacco",0.5130273968759782,1,1,1065,-2.138165062926581,0.00282567239546942,4289.775828470995,11862365.0,8.321931485967958e-06,0.10081775214775335,0.7431385137355827,16.129032258064516,-38.70967741935483,16.129032258064516,0.3933212822503389,0.1838904765486943,4.948881974478298e-05,0.35841608599283126,0.1333333333333333,0.255793951801548,0.1333333333333333,0.21905576626108358
1701,Sugarcane & sucrose,Agriculture,"4. Prepared foodstuffs; beverages, spirits and tobacco",0.20926284598294098,88.81578947368422,48.26409454740943,1102,Cereal flours,Agriculture,2. Vegetable products,0.42890152971499534,1,2,1065,-1.9432107424888434,0.05787950957856266,3104.479621170969,24621950.0,1.7273299291577082e-05,0.11152845554091395,1.310772979187565,67.74193548387096,9.677419354838698,67.74193548387096,0.41129909771406453,0.23467839924503114,0.0001027207681870402,0.3636020297519817,0.6666666666666666,0.2806478365137087,0.6666666666666666,0.3964534855595961
1701,Sugarcane & sucrose,Agriculture,"4. Prepared foodstuffs; beverages, spirits and tobacco",0.20926284598294098,88.81578947368422,48.26409454740943,0804,"Avocados, pineapples, mangos, etc.",Agriculture,2. Vegetable products,0.40203325560739356,1,3,1065,-3.6751629208373284,-0.0012187885173536672,4671.515201202335,171394559.0,0.00012024025369862527,0.1625221732788844,0.8326793237465899,25.806451612903224,-22.580645161290327,25.806451612903224,0.25158621428355454,0.1801594056788169,0.0007150441278436104,0.38829233649952677,0.23333333333333328,0.20946207408093553,0.23333333333333328,0.21662345185665485
1701,Sugarcane & sucrose,Agriculture,"4. Prepared foodstuffs; beverages, spirits and tobacco",0.20926284598294098,88.81578947368422,48.26409454740943,3401,Soap,Chemicals,6. Products of the chemical or allied industries,0.39897536072740986,1,4,1065,-1.245160097860525,0.10295960222856827,4136.942510257405,235220151.0,0.00016501650225237864,0.04508124414722858,1.298805350707208,70.96774193548387,19.354838709677423,70.96774193548387,0.47567020600899723,0.2762654053067138,0.0009813192945234473,0.33142939938485994,0.7000000000000001,0.3130390717624063,0.7000000000000001,0.4291273502336844
1701,Sugarcane & sucrose,Agriculture,"4. Prepared foodstuffs; beverages, spirits and tobacco",0.20926284598294098,88.81578947368422,48.26409454740943,6106,"Women's shirts, knit",Textiles,11. Textiles and textile articles,0.389141159165363,1,5,1065,-1.482624028662491,0.04412587299270238,6282.5030373967975,197847717.0,0.0001387982198768271,0.1383203809945781,0.9230735547209182,25.806451612903224,-35.483870967741936,25.806451612903224,0.45377234440909453,0.22199048015606537,0.0008254045465242246,0.3765742327438763,0.23333333333333328,0.29312693419136604,0.23333333333333328,0.2751888539339562
1701,Sugarcane & sucrose,Agriculture,"4. Prepared foodstuffs; beverages, spirits and tobacco",0.20926284598294098,88.81578947368422,48.26409454740943,0901,Coffee,Agriculture,2. Vegetable products,0.38581383208574466,1,6,1065,-2.930816282017043,0.018130666914190716,6069.593142107859,472229295.0,0.00033128805585201193,0.0720177903439212,0.6693922994337879,12.903225806451612,-22.580645161290324,12.903225806451612,0.3202265320959994,0.19800954468738863,0.0019701021220018895,0.34447162532596914,0.09999999999999998,0.23334888599138143,0.09999999999999998,0.193344220193967
1701,Sugarcane & sucrose,Agriculture,"4. Prepared foodstuffs; beverages, spirits and tobacco",0.20926284598294098,88.81578947368422,48.26409454740943,1207,Other oil seeds,Agriculture,2. Vegetable products,0.38380488877812236,1,7,1065,-5.179657069141335,-0.0083886596557211,6277.462999120389,143080371.0,0.0001003766992879478,0.14696457892968495,1.0032404260757406,54.83870967741935,3.225806451612904,54.83870967741935,0.1128484930382199,0.17354510085012587,0.00059691964371655,0.3807596090622098,0.5333333333333332,0.15744123716680997,0.5333333333333332,0.2702088660167669
1701,Sugarcane & sucrose,Agriculture,"4. Prepared foodstuffs; beverages, spirits and tobacco",0.20926284598294098,88.81578947368422,48.26409454740943,6109,"T-shirts, knit",Textiles,11. Textiles and textile articles,0.38129063107655614,1,8,1065,-1.2110008138068797,0.08180679198238267,5458.6799416056665,900823876.0,0.0006319645852236124,0.10737494017791271,0.8784544209561908,19.35483870967742,-9.677419354838712,19.35483870967742,0.47882022240109634,0.25675164665587313,0.003758163774353658,0.3615909669595001,0.16666666666666666,0.3122525237800174,0.16666666666666666,0.26857676664601215
1701,Sugarcane & sucrose,Agriculture,"4. Prepared foodstuffs; beverages, spirits and tobacco",0.20926284598294098,88.81578947368422,48.26409454740943,4101,Raw hides of bovines or equines,Agriculture,"8. Raw hides and skins, leather, furskins and articles thereof",0.3802780144889368,1,9,1065,-2.6839926562093694,0.0039639327848624145,4066.4860507155186,60607.0,4.2518275366679414e-08,-0.274048946024243,0.5271443401213451,16.129032258064516,-54.83870967741936,16.129032258064516,0.3429875029064676,0.18494053742769417,2.5284746323958687e-07,0.17691188943933708,0.1333333333333333,0.21131163545997667,0.1333333333333333,0.18791814482198363
1701,Sugarcane & sucrose,Agriculture,"4. Prepared foodstuffs; beverages, spirits and tobacco",0.20926284598294098,88.81578947368422,48.26409454740943,6305,Bags for packing goods,Textiles,11. Textiles and textile articles,0.38015169040116087,1,10,1065,-2.4549150605641286,-0.032798963894818824,5263.1238664386565,134095596.0,9.407351421761504e-05,0.055610393311787965,1.0138164127687836,51.61290322580645,-19.354838709677423,51.61290322580645,0.364112014187557,0.15102625914675266,0.0005594358948669377,0.3365274376177157,0.49999999999999994,0.2308614266938958,0.49999999999999994,0.31160299868572705
1701,Sugarcane & sucrose,Agriculture,"4. Prepared foodstuffs; beverages, spirits and tobacco",0.20926284598294098,88.81578947368422,48.26409454740943,6203,Men's suits and pants,Textiles,11. Textiles and textile articles,0.37693763293064203,1,11,1065,-1.3216465066411607,0.08099072585777965,6099.610669128956,837794869.0,0.0005877471734442079,0.07592317104389368,0.7881266068307489,9.67741935483871,-25.806451612903224,9.67741935483871,0.4686169714899885,0.25599881442160766,0.00349521189535519,0.34636254545742023,0.06666666666666667,0.306094188671975,0.06666666666666667,0.2342659320703825
1702,Other sugars,Agriculture,"4. Prepared foodstuffs; beverages, spirits and tobacco",0.18896596559892004,25.0,56.59649533995555,4410,Particle board and similar board,Agriculture,9. Wood and articles of wood,0.3853117004094738,1,1,1065,1.818506514041664,0.5799729409975771,1792.4882540695237,36200408.0,2.5396058470641088e-05,0.06229959592418033,0.980012737183174,25.806451612903224,-35.483870967741936,25.806451612903224,0.7581878381778381,0.716316777093053,0.00015102515107228614,0.339766237841012,0.23333333333333328,0.5670642047936245,0.23333333333333328,0.46694494335553716
1702,Other sugars,Agriculture,"4. Prepared foodstuffs; beverages, spirits and tobacco",0.18896596559892004,25.0,56.59649533995555,0506,"Bones, simply prepared",Agriculture,1. Live animals; animal products,0.369099991410917,1,2,1065,-0.9125515058275415,0.05821980779387901,5051.020336278767,4067423.0,2.8534626552504706e-06,0.4063768989584402,0.5731945243340715,6.451612903225806,-77.41935483870968,6.451612903225806,0.5063418827166097,0.23499232903335288,1.696895717445757e-05,0.506362723322559,0.033333333333333326,0.3354239279544469,0.033333333333333326,0.24479674956811284
1702,Other sugars,Agriculture,"4. Prepared foodstuffs; beverages, spirits and tobacco",0.18896596559892004,25.0,56.59649533995555,8418,"Refrigerators, freezers",Machinery,"16. Machinery, mechanical appliances and electrical equipment",0.36729472667834084,1,3,1065,2.3982410587789564,0.6575619484809353,5149.487407147423,2195636898.0,0.0015403285797747092,0.1253729513815105,1.1137830250469747,70.96774193548387,32.25806451612903,70.96774193548387,0.8116483649301169,0.787893704620285,0.009160018147318552,0.37030530349299223,0.7000000000000001,0.6167595225886872,0.7000000000000001,0.6417316658120811
1702,Other sugars,Agriculture,"4. Prepared foodstuffs; beverages, spirits and tobacco",0.18896596559892004,25.0,56.59649533995555,4906,"Architectural, engineering, etc. drawings",Agriculture,"10. Pulp, paper and paperboard",0.366782842295905,1,4,1065,2.230189016469068,0.6521136673978852,4227.152123689293,1610773.0,1.1300227691060819e-06,-0.025636649626802233,0.9948758339186551,58.06451612903226,25.80645161290323,58.06451612903226,0.7961513572302324,0.7828675903177775,6.720013643718036e-06,0.29718897591165616,0.5666666666666667,0.5972359860305985,0.5666666666666667,0.5880651902214189
1702,Other sugars,Agriculture,"4. Prepared foodstuffs; beverages, spirits and tobacco",0.18896596559892004,25.0,56.59649533995555,8432,Machinery for soil preparation or cultivation,Machinery,"16. Machinery, mechanical appliances and electrical equipment",0.3608454674836071,1,5,1065,2.2376026442910835,0.6556662564677201,3436.404250766662,270216840.0,0.00018956810288966544,0.12363283506856493,1.104858734204967,45.16129032258064,9.677419354838705,45.16129032258064,0.7968350088292413,0.7861449026411779,0.0011273226280564509,0.36946276822690705,0.43333333333333324,0.6096314826428911,0.43333333333333324,0.5567420378500237
1702,Other sugars,Agriculture,"4. Prepared foodstuffs; beverages, spirits and tobacco",0.18896596559892004,25.0,56.59649533995555,8436,Other agricultural machinery,Machinery,"16. Machinery, mechanical appliances and electrical equipment",0.35777731050892553,1,6,1065,2.6623534880730624,0.7077341842668049,4243.2764687727795,435193219.0,0.0003053057422930292,0.10877312112659299,1.452826281754256,83.87096774193549,25.806451612903224,83.87096774193549,0.8360036318709292,0.8341782828254468,0.001815590632158331,0.36226794283109426,0.8333333333333334,0.6391762001632195,0.8333333333333334,0.6974233401142536
1702,Other sugars,Agriculture,"4. Prepared foodstuffs; beverages, spirits and tobacco",0.18896596559892004,25.0,56.59649533995555,2207,Ethyl alcohol > 80%,Agriculture,"4. Prepared foodstuffs; beverages, spirits and tobacco",0.3570159129336827,1,7,1065,-1.305157555686241,0.21697167510291027,4795.07981258578,618361862.0,0.0004338059947657633,-0.045286561211540066,0.9261118616830513,36.666666666666664,-40.00000000000001,36.666666666666664,0.47013750879735555,0.3814431120727994,0.002579755278611505,0.28767481679342305,0.3455555555555555,0.3415914031153594,0.3455555555555555,0.3427806488474182
1702,Other sugars,Agriculture,"4. Prepared foodstuffs; beverages, spirits and tobacco",0.18896596559892004,25.0,56.59649533995555,8442,Machinery for making printing components,Machinery,"16. Machinery, mechanical appliances and electrical equipment",0.35385877264385546,1,8,1065,2.1794192131316734,0.6521005252161567,4276.195917394688,24687095.0,1.731900115850272e-05,0.04018213613603061,0.9966136084827208,41.935483870967744,-3.225806451612897,41.935483870967744,0.7914695930432171,0.782855466474212,0.0001029925478163362,0.3290573330803911,0.39999999999999997,0.6003878196753312,0.39999999999999997,0.5402714737727318
1702,Other sugars,Agriculture,"4. Prepared foodstuffs; beverages, spirits and tobacco",0.18896596559892004,25.0,56.59649533995555,2835,Phosphates,Chemicals,6. Products of the chemical or allied industries,0.3523886101399271,1,9,1065,1.6776147403016608,0.5606455533053706,5177.497684405811,373195476.0,0.0002618118041507911,0.08232368298572346,1.7949193000686914,100.0,25.80645161290323,100.0,0.7451954289664521,0.6984869958778145,0.0015569411024978982,0.34946156647795334,1.0,0.5579416248325608,1.0,0.6905591373827926
1702,Other sugars,Agriculture,"4. Prepared foodstuffs; beverages, spirits and tobacco",0.18896596559892004,25.0,56.59649533995555,6308,Needlecraft sets of woven fabric and yarn,Textiles,11. Textiles and textile articles,0.3506886009522331,1,10,1065,1.2767925286503041,0.36082059549777323,4771.158650105625,390330.0,2.738323695922249e-07,-0.1065435986827713,0.6493208978127634,3.225806451612903,-54.83870967741936,3.225806451612903,0.7082333973548889,0.5141457214235129,1.628424939797514e-06,0.25801518198542056,0.0,0.46653521313399465,0.0,0.32657464919379625
1702,Other sugars,Agriculture,"4. Prepared foodstuffs; beverages, spirits and tobacco",0.18896596559892004,25.0,56.59649533995555,3306,Dental hygiene products,Chemicals,6. Products of the chemical or allied industries,0.35033630088213963,1,11,1065,1.3358323666627192,0.4874415097188003,3440.893965439912,226716894.0,0.00015905112164222397,0.041937060230283096,1.3364207597451987,93.54838709677419,35.48387096774193,93.54838709677419,0.7136777871504688,0.6309552579106787,0.0009458443995158697,0.32990703802695726,0.9333333333333333,0.5202494981353726,0.9333333333333333,0.6441746486947608
1704,Confectionery sugar,Agriculture,"4. Prepared foodstuffs; beverages, spirits and tobacco",0.19858670520843696,57.89473684210527,56.81961418784804,1905,Bakery products,Agriculture,"4. Prepared foodstuffs; beverages, spirits and tobacco",0.4583654545600724,1,1,1065,0.3216044062986159,0.28054994718569515,2378.3324950854944,505799622.0,0.0003548390055366271,0.1257853221126477,0.7960227371146188,19.35483870967742,-38.70967741935485,19.35483870967742,0.6201502209563156,0.44009494331515936,0.0021101547895497536,0.37050496651614745,0.16666666666666666,0.42697807569087076,0.16666666666666666,0.3488846529836095
1704,Confectionery sugar,Agriculture,"4. Prepared foodstuffs; beverages, spirits and tobacco",0.19858670520843696,57.89473684210527,56.81961418784804,2103,Sauces and seasonings,Agriculture,"4. Prepared foodstuffs; beverages, spirits and tobacco",0.45369051377890107,1,2,1065,-0.14835450301310685,0.21801717854291036,3474.572954820255,285187222.0,0.00020007043470315862,0.07192389421268208,0.9467933002417038,35.483870967741936,-32.258064516129025,35.483870967741936,0.576812712312396,0.382407603389052,0.0011897778413556997,0.34442616238689466,0.3333333333333333,0.3875695015297443,0.3333333333333333,0.37129865107082094
1704,Confectionery sugar,Agriculture,"4. Prepared foodstuffs; beverages, spirits and tobacco",0.19858670520843696,57.89473684210527,56.81961418784804,1904,Cereal foods,Agriculture,"4. Prepared foodstuffs; beverages, spirits and tobacco",0.4528586600597741,1,3,1065,-0.15692956411748427,0.2453216282272983,2365.0340307697093,40687077.0,2.8543639245487955e-05,-0.05644077898582389,0.7924290150891609,19.35483870967742,-48.38709677419354,19.35483870967742,0.5760219585307997,0.40759633410776336,0.0001697431683812718,0.28227413077576247,0.16666666666666666,0.3866329835151186,0.16666666666666666,0.320643088460583
1704,Confectionery sugar,Agriculture,"4. Prepared foodstuffs; beverages, spirits and tobacco",0.19858670520843696,57.89473684210527,56.81961418784804,4818,Toilet paper,Agriculture,"10. Pulp, paper and paperboard",0.4512430971591794,1,4,1065,0.613180070247051,0.3235237717395007,2590.2961169650957,378324639.0,0.00026541012059665684,0.031507083373629285,0.9564213870885229,29.03225806451613,-9.677419354838708,29.03225806451613,0.6470380245628652,0.4797388880622998,0.0015783395523979486,0.3248570173698278,0.26666666666666666,0.44333722295714156,0.26666666666666666,0.3903360560699991
1704,Confectionery sugar,Agriculture,"4. Prepared foodstuffs; beverages, spirits and tobacco",0.19858670520843696,57.89473684210527,56.81961418784804,4819,Cardboard packing containers,Agriculture,"10. Pulp, paper and paperboard",0.44831872815905804,1,5,1065,0.07411195265183647,0.2635653655114051,3106.8368565212654,286248688.0,0.00020081509627163036,0.059467742931911705,0.8513132779541759,22.58064516129032,-45.16129032258064,22.58064516129032,0.5973275738339736,0.42442643290352966,0.0011942061909756294,0.3383951019022216,0.19999999999999996,0.40855229857210573,0.19999999999999996,0.345986609000474
1704,Confectionery sugar,Agriculture,"4. Prepared foodstuffs; beverages, spirits and tobacco",0.19858670520843696,57.89473684210527,56.81961418784804,3401,Soap,Chemicals,6. Products of the chemical or allied industries,0.4450863056387253,1,6,1065,-1.245160097860525,0.10295960222856827,4136.942510257405,235220151.0,0.00016501650225237864,0.04508124414722858,1.298805350707208,70.96774193548387,19.354838709677423,70.96774193548387,0.47567020600899723,0.2762654053067138,0.0009813192945234473,0.33142939938485994,0.7000000000000001,0.3130390717624063,0.7000000000000001,0.4291273502336844
1704,Confectionery sugar,Agriculture,"4. Prepared foodstuffs; beverages, spirits and tobacco",0.19858670520843696,57.89473684210527,56.81961418784804,2106,Food preparations n.e.c.,Agriculture,"4. Prepared foodstuffs; beverages, spirits and tobacco",0.43898596586017946,1,7,1065,0.6998019731540277,0.315353789889144,4910.754358528246,1782543466.0,0.0012505267368532207,0.04978126955503104,1.0914301642499133,87.09677419354838,16.129032258064512,87.09677419354838,0.6550259090174482,0.4722019673338421,0.007436626024921226,0.33370507321660897,0.8666666666666667,0.4457010116091811,0.8666666666666667,0.5719907081264267
1704,Confectionery sugar,Agriculture,"4. Prepared foodstuffs; beverages, spirits and tobacco",0.19858670520843696,57.89473684210527,56.81961418784804,3923,Packing lids,Chemicals,7. Plastics and articles thereof; rubber and articles thereof,0.4370827910172289,1,8,1065,0.13134109788973256,0.26857641814684186,3784.4849413864363,1144171694.0,0.0008026829764260243,0.05362786835584554,0.9510639747679929,25.806451612903224,-19.354838709677416,25.806451612903224,0.6026049896405252,0.42904919794403795,0.004773391033023261,0.33556753213389895,0.23333333333333328,0.41213010412963536,0.23333333333333328,0.35849107289074467
1704,Confectionery sugar,Agriculture,"4. Prepared foodstuffs; beverages, spirits and tobacco",0.19858670520843696,57.89473684210527,56.81961418784804,3917,Plastic tubes and fittings,Chemicals,7. Plastics and articles thereof; rubber and articles thereof,0.42593227210798945,1,9,1065,0.6083791637161918,0.3412137652379738,3884.4895267230813,799872236.0,0.0005611429040937447,0.05090472821352465,1.0545747675823742,45.16129032258064,-22.58064516129032,45.16129032258064,0.6465953064354774,0.49605815059274266,0.0033370017619808955,0.33424903314200466,0.43333333333333324,0.45056661519547475,0.43333333333333324,0.4453966306368323
1704,Confectionery sugar,Agriculture,"4. Prepared foodstuffs; beverages, spirits and tobacco",0.19858670520843696,57.89473684210527,56.81961418784804,0407,"Eggs, in shell",Agriculture,1. Live animals; animal products,0.4248275633610922,1,10,1065,0.06429642001430184,0.2928506722760923,2010.4260036827216,83321613.0,5.845350018199045e-05,0.07886678400198299,0.7406938928906011,22.58064516129032,-51.61290322580645,22.58064516129032,0.5964224293158139,0.45144253154815234,0.0003476109769511869,0.3477877937057384,0.19999999999999996,0.41897304700479154,0.19999999999999996,0.35328113290335406
1704,Confectionery sugar,Agriculture,"4. Prepared foodstuffs; beverages, spirits and tobacco",0.19858670520843696,57.89473684210527,56.81961418784804,7306,"Other tubes, pipes and hollow profiles of iron or steel",Metals,15. Base metals and articles of base metal,0.4215201979619711,1,11,1065,-0.0803836640855127,0.2631924369301487,3775.507112979484,499442807.0,0.0003503794412845599,0.06681644677231136,0.9707560966713994,25.806451612903224,-41.93548387096774,25.806451612903224,0.5830806790669217,0.42408240115342455,0.00208363467558547,0.34195322160921493,0.23333333333333328,0.40411260651984127,0.23333333333333328,0.35287882456388886
1901,Malt extract,Agriculture,"4. Prepared foodstuffs; beverages, spirits and tobacco",0.19921209974235535,59.210526315789465,57.86592885196746,0403,Fermented milk products,Agriculture,1. Live animals; animal products,0.43237416713206545,1,1,1065,0.5463082131645085,0.34246736450717385,1916.8935656210424,5272203.0,3.698664823255289e-06,0.04271967705299318,0.5706494231775714,12.903225806451612,-58.064516129032256,12.903225806451612,0.6408714009987031,0.49721461317616944,2.1995201119245954e-05,0.3302859680260954,0.09999999999999998,0.44787629944528756,0.09999999999999998,0.34351340961170124
1901,Malt extract,Agriculture,"4. Prepared foodstuffs; beverages, spirits and tobacco",0.19921209974235535,59.210526315789465,57.86592885196746,2104,Soups and broths,Agriculture,"4. Prepared foodstuffs; beverages, spirits and tobacco",0.41444115981292085,1,2,1065,-0.2505179798051222,0.2749498220134562,2835.835068764008,32115428.0,2.2530278865853223e-05,0.08132637259942221,0.8119372861536648,22.58064516129032,-41.935483870967744,22.58064516129032,0.5673916534265221,0.4349287507500238,0.00013398294752509774,0.34897868543980626,0.19999999999999996,0.4031790417198908,0.19999999999999996,0.3422253292039235
1901,Malt extract,Agriculture,"4. Prepared foodstuffs; beverages, spirits and tobacco",0.19921209974235535,59.210526315789465,57.86592885196746,3209,"Paints and varnishes, aqueous",Chemicals,6. Products of the chemical or allied industries,0.41038748596405245,1,3,1065,0.7683181205599636,0.3886888375664726,2228.0203412393003,95316090.0,6.686811360890983e-05,0.06797081446965758,0.9073950897012649,35.483870967741936,-29.032258064516128,35.483870967741936,0.6613441616808599,0.5398545583781613,0.0003976509571900301,0.34251214717517176,0.3333333333333333,0.47185602174051167,0.3333333333333333,0.4302992152183581
1901,Malt extract,Agriculture,"4. Prepared foodstuffs; beverages, spirits and tobacco",0.19921209974235535,59.210526315789465,57.86592885196746,2106,Food preparations n.e.c.,Agriculture,"4. Prepared foodstuffs; beverages, spirits and tobacco",0.40944740356622855,1,4,1065,0.6998019731540277,0.315353789889144,4910.754358528246,1782543466.0,0.0012505267368532207,0.04978126955503104,1.0914301642499133,87.09677419354838,16.129032258064512,87.09677419354838,0.6550259090174482,0.4722019673338421,0.007436626024921226,0.33370507321660897,0.8666666666666667,0.4457010116091811,0.8666666666666667,0.5719907081264267
1901,Malt extract,Agriculture,"4. Prepared foodstuffs; beverages, spirits and tobacco",0.19921209974235535,59.210526315789465,57.86592885196746,3402,Cleaning products,Chemicals,6. Products of the chemical or allied industries,0.40746439920641686,1,5,1065,0.728774185690104,0.3557484621059717,3078.035858220077,985847225.0,0.000691611922418644,0.07089945070080517,1.1171381545670882,48.38709677419355,-6.451612903225801,48.38709677419355,0.657697596874275,0.509466608544394,0.004112874255169143,0.3439301439423532,0.4666666666666667,0.4607139246261625,0.4666666666666667,0.4624997472383138
1901,Malt extract,Agriculture,"4. Prepared foodstuffs; beverages, spirits and tobacco",0.19921209974235535,59.210526315789465,57.86592885196746,0401,Milk,Agriculture,1. Live animals; animal products,0.4071005294018779,1,6,1065,1.122868685927484,0.47019076745366956,2395.1577594812147,12302107.0,8.630428383129908e-06,-0.005651590582289701,0.5508169358116639,6.451612903225806,-58.064516129032256,6.451612903225806,0.6940392290300984,0.6150412106899167,5.1323387520450845e-05,0.30686540783435545,0.033333333333333326,0.5042156635852866,0.033333333333333326,0.3629509645097006
1901,Malt extract,Agriculture,"4. Prepared foodstuffs; beverages, spirits and tobacco",0.19921209974235535,59.210526315789465,57.86592885196746,2105,Ice cream,Agriculture,"4. Prepared foodstuffs; beverages, spirits and tobacco",0.40674910759196137,1,7,1065,1.3565923475001525,0.4561680896782379,2334.2196934998683,37529366.0,2.6328376555924167e-05,0.08532763978667668,0.6764392780821085,16.129032258064516,-48.38709677419355,16.129032258064516,0.7155921797306787,0.602105097399834,0.0001565694555099246,0.3509160322074972,0.1333333333333333,0.5138549372451304,0.1333333333333333,0.39969845607159127
1901,Malt extract,Agriculture,"4. Prepared foodstuffs; beverages, spirits and tobacco",0.19921209974235535,59.210526315789465,57.86592885196746,4415,Packing boxes,Agriculture,9. Wood and articles of wood,0.40674649995472445,1,8,1065,1.2943562328459752,0.4265870025515598,1420.2302711694051,5276749.0,3.7018540271396083e-06,0.07658027324716454,0.4863176066629946,3.225806451612903,-77.41935483870968,3.225806451612903,0.7098530435990975,0.5748161372994344,2.2014166660650202e-05,0.3466807033733936,0.0,0.5016396209454943,0.0,0.351147734661846
1901,Malt extract,Agriculture,"4. Prepared foodstuffs; beverages, spirits and tobacco",0.19921209974235535,59.210526315789465,57.86592885196746,2103,Sauces and seasonings,Agriculture,"4. Prepared foodstuffs; beverages, spirits and tobacco",0.4063312361410351,1,9,1065,-0.14835450301310685,0.21801717854291036,3474.572954820255,285187222.0,0.00020007043470315862,0.07192389421268208,0.9467933002417038,35.483870967741936,-32.258064516129025,35.483870967741936,0.576812712312396,0.382407603389052,0.0011897778413556997,0.34442616238689466,0.3333333333333333,0.3875695015297443,0.3333333333333333,0.37129865107082094
1901,Malt extract,Agriculture,"4. Prepared foodstuffs; beverages, spirits and tobacco",0.19921209974235535,59.210526315789465,57.86592885196746,1806,Chocolates,Agriculture,"4. Prepared foodstuffs; beverages, spirits and tobacco",0.40542907116305243,1,10,1065,0.8268517024895008,0.39823862352447764,2417.426501664777,420552981.0,0.0002950350199223835,0.09115543548753124,0.731655129770771,19.35483870967742,-38.70967741935485,19.35483870967742,0.6667418668047951,0.5486643673909047,0.0017545127527133198,0.3537377535861089,0.16666666666666666,0.4787160219193183,0.16666666666666666,0.38510121534352276
1901,Malt extract,Agriculture,"4. Prepared foodstuffs; beverages, spirits and tobacco",0.19921209974235535,59.210526315789465,57.86592885196746,7310,"Tanks etc. < 300 liters, iron or steel",Metals,15. Base metals and articles of base metal,0.4028212174533296,1,11,1065,1.0130338047013907,0.42170436662605726,2938.3398286654406,91382545.0,6.410857181543341e-05,0.08107849843893522,0.9123705449349343,35.483870967741936,-29.032258064516128,35.483870967741936,0.6839107475390019,0.5703118384416803,0.00038124052811766616,0.34885866890975714,0.3333333333333333,0.49136389150892,0.3333333333333333,0.443954724056244
2004,"Other vegetables, frozen",Agriculture,"4. Prepared foodstuffs; beverages, spirits and tobacco",0.18777655023138481,21.710526315789476,43.8547841271649,1105,Potato flour,Agriculture,2. Vegetable products,0.326710500285712,1,1,1065,1.2496739652756095,0.5971273180234359,4438.540150695549,63435115.0,4.4502313057682705e-05,0.24006892456644224,1.4556036552578637,100.0,20.0,100.0,0.705732644732957,0.7321419260539811,0.0002646461284680229,0.4258391787675052,1.0,0.5671716735098242,1.0,0.6970201714568769
2004,"Other vegetables, frozen",Agriculture,"4. Prepared foodstuffs; beverages, spirits and tobacco",0.18777655023138481,21.710526315789476,43.8547841271649,0203,Pork,Agriculture,1. Live animals; animal products,0.3111164006309471,1,2,1065,2.801076233937259,0.6966820985594492,5854.33638103792,1110462635.0,0.0007790347006012246,0.1256471772855341,0.8750767546162774,19.35483870967742,-48.38709677419354,19.35483870967742,0.848796023032962,0.8239825816126194,0.004632759586881008,0.3704380790972982,0.16666666666666666,0.6417331374285802,0.16666666666666666,0.4992131962000061
2004,"Other vegetables, frozen",Agriculture,"4. Prepared foodstuffs; beverages, spirits and tobacco",0.18777655023138481,21.710526315789476,43.8547841271649,0705,Lettuce,Agriculture,2. Vegetable products,0.3108868446407789,1,3,1065,1.129803748315539,0.20260591221206226,1710.5094343973824,1094185.0,7.676152776426834e-07,0.10089486902303757,0.5232333035864385,12.903225806451612,-61.29032258064515,12.903225806451612,0.6946787494652544,0.368190498040687,4.564850620634701e-06,0.3584534246963155,0.09999999999999998,0.4257729350591199,0.09999999999999998,0.3280410545413839
2004,"Other vegetables, frozen",Agriculture,"4. Prepared foodstuffs; beverages, spirits and tobacco",0.18777655023138481,21.710526315789476,43.8547841271649,3821,Prepared culture media for micro-organisms,Chemicals,6. Products of the chemical or allied industries,0.30738789871747785,1,4,1065,3.5733285513659023,0.8637236177370349,5463.870574033396,106686902.0,7.484520067407957e-05,0.05059916307338308,0.9985569279661456,43.333333333333336,-36.666666666666664,43.333333333333336,0.9200096777136774,0.9780806826197401,0.0004450890578908444,0.33410108360280416,0.41444444444444445,0.7145135520158002,0.41444444444444445,0.6244928197443934
2004,"Other vegetables, frozen",Agriculture,"4. Prepared foodstuffs; beverages, spirits and tobacco",0.18777655023138481,21.710526315789476,43.8547841271649,1109,Wheat gluten,Agriculture,2. Vegetable products,0.3040624550858493,1,5,1065,2.168232295848387,0.6549597813363734,5474.027699991071,79374190.0,5.568422240710036e-05,0.003105068741414252,1.2820043913597192,70.0,16.666666666666664,70.0,0.7904379855667819,0.7854931696068683,0.0003311426499941753,0.3111052360794142,0.6900000000000001,0.5982913611201888,0.6900000000000001,0.6258039527841321
2004,"Other vegetables, frozen",Agriculture,"4. Prepared foodstuffs; beverages, spirits and tobacco",0.18777655023138481,21.710526315789476,43.8547841271649,3504,Peptones,Chemicals,6. Products of the chemical or allied industries,0.29839809670439327,1,6,1065,3.0839619645010554,0.7737805502478704,5888.957221166063,182736489.0,0.0001281970788661736,0.1059561875870938,1.0102200512127164,48.38709677419355,-12.903225806451609,48.38709677419355,0.8748824798500158,0.8951069646658187,0.0007623617351949225,0.3609040306422425,0.4666666666666667,0.6737462644371577,0.4666666666666667,0.6116223851060103
2004,"Other vegetables, frozen",Agriculture,"4. Prepared foodstuffs; beverages, spirits and tobacco",0.18777655023138481,21.710526315789476,43.8547841271649,5905,Textile wall coverings,Textiles,11. Textiles and textile articles,0.2948784752521723,1,7,1065,2.8011692338127676,0.8010732903339659,5129.123455131751,866245.0,6.077060973981422e-07,-0.10938636371969124,0.6315649510499831,6.451612903225806,-64.51612903225806,6.451612903225806,0.8488045990655232,0.9202848931189059,3.6139035225960026e-06,0.25663876261679536,0.033333333333333326,0.6576776787425977,0.033333333333333326,0.4703743751198184
2004,"Other vegetables, frozen",Agriculture,"4. Prepared foodstuffs; beverages, spirits and tobacco",0.18777655023138481,21.710526315789476,43.8547841271649,1506,Other animal fats and oils,Agriculture,3. Animal or vegetable fats and oils,0.28715316921721307,1,8,1065,3.0006592237216574,0.7977079984737959,3253.9107208963305,3689364.0,2.5882388912157645e-06,0.03959777786811092,0.7142998926912812,12.903225806451612,-58.064516129032256,12.903225806451612,0.8672006736813095,0.9171803650498359,1.5391725846312392e-05,0.32877439656339624,0.09999999999999998,0.6738518317992873,0.09999999999999998,0.5016962822595011
2004,"Other vegetables, frozen",Agriculture,"4. Prepared foodstuffs; beverages, spirits and tobacco",0.18777655023138481,21.710526315789476,43.8547841271649,3807,Wood tar and oils,Chemicals,6. Products of the chemical or allied industries,0.28507045806136744,1,9,1065,2.424444684793578,0.6807713360114651,3525.1702413750263,1392314.0,9.767648959506803e-07,0.07485824971991772,0.42212638747434905,9.67741935483871,-74.19354838709678,9.67741935483871,0.8140647461209191,0.8093046841276654,5.808620504776051e-06,0.3458469283320701,0.06666666666666667,0.6200572111298908,0.06666666666666667,0.45404004779092355
2004,"Other vegetables, frozen",Agriculture,"4. Prepared foodstuffs; beverages, spirits and tobacco",0.18777655023138481,21.710526315789476,43.8547841271649,2526,Natural steatite,Minerals,5. Mineral products,0.2829091837485766,1,10,1065,1.027819503525352,0.002065168327076001,3758.4392087071483,18864301.0,1.3234074356393253e-05,0.06833022561193114,0.9403524018580104,35.483870967741936,-25.806451612903224,35.483870967741936,0.6852742185529428,0.18318890107617347,7.870032592997511e-05,0.34268616804960217,0.3333333333333333,0.3553768221265205,0.3333333333333333,0.3487637754885643
2004,"Other vegetables, frozen",Agriculture,"4. Prepared foodstuffs; beverages, spirits and tobacco",0.18777655023138481,21.710526315789476,43.8547841271649,0209,Pig and poultry fat,Agriculture,1. Live animals; animal products,0.28031499011483724,1,11,1065,2.4933198710831794,0.7372737472438387,5112.10653971593,25418765.0,1.783229742028005e-05,0.04007812048781778,1.1267601472342774,61.29032258064516,-6.451612903225801,61.29032258064516,0.8204161077443185,0.8614289363261602,0.0001060450154096589,0.3290069704401514,0.6,0.6380127177430017,0.6,0.6266089024201011
2005,"Other vegetables, prepared or preserved",Agriculture,"4. Prepared foodstuffs; beverages, spirits and tobacco",0.19980656285662632,59.86842105263158,57.752553945745476,2001,Pickled fruits and vegetables,Agriculture,"4. Prepared foodstuffs; beverages, spirits and tobacco",0.4982822495193287,1,1,1065,-0.3490575802788582,0.18503000890787247,3880.9401292406756,19937362.0,1.3986870288929831e-05,0.09326006061151482,0.6494356206143264,6.451612903225806,-51.612903225806456,6.451612903225806,0.5583047722063039,0.35197648528508546,8.31770489446654e-05,0.3547567779327306,0.033333333333333326,0.3718244333692376,0.033333333333333326,0.27027710335846633
2005,"Other vegetables, prepared or preserved",Agriculture,"4. Prepared foodstuffs; beverages, spirits and tobacco",0.19980656285662632,59.86842105263158,57.752553945745476,0709,Other vegetables,Agriculture,2. Vegetable products,0.4973580268628477,1,2,1065,-1.1623047356362484,0.0857029113782196,2274.6228224453253,12332208.0,8.65154545882764e-06,0.045225391474933874,0.49844537812737444,3.225806451612903,-74.19354838709678,3.225806451612903,0.48331075692832864,0.2603458704341974,5.144896643857869e-05,0.3314991931142791,0.0,0.31001241588899175,0.0,0.2170086911222942
2005,"Other vegetables, prepared or preserved",Agriculture,"4. Prepared foodstuffs; beverages, spirits and tobacco",0.19980656285662632,59.86842105263158,57.752553945745476,1905,Bakery products,Agriculture,"4. Prepared foodstuffs; beverages, spirits and tobacco",0.47816757249051617,1,3,1065,0.3216044062986159,0.28054994718569515,2378.3324950854944,505799622.0,0.0003548390055366271,0.1257853221126477,0.7960227371146188,19.35483870967742,-38.70967741935485,19.35483870967742,0.6201502209563156,0.44009494331515936,0.0021101547895497536,0.37050496651614745,0.16666666666666666,0.42697807569087076,0.16666666666666666,0.3488846529836095
2005,"Other vegetables, prepared or preserved",Agriculture,"4. Prepared foodstuffs; beverages, spirits and tobacco",0.19980656285662632,59.86842105263158,57.752553945745476,1904,Cereal foods,Agriculture,"4. Prepared foodstuffs; beverages, spirits and tobacco",0.4659068769873365,1,4,1065,-0.15692956411748427,0.2453216282272983,2365.0340307697093,40687077.0,2.8543639245487955e-05,-0.05644077898582389,0.7924290150891609,19.35483870967742,-48.38709677419354,19.35483870967742,0.5760219585307997,0.40759633410776336,0.0001697431683812718,0.28227413077576247,0.16666666666666666,0.3866329835151186,0.16666666666666666,0.320643088460583
2005,"Other vegetables, prepared or preserved",Agriculture,"4. Prepared foodstuffs; beverages, spirits and tobacco",0.19980656285662632,59.86842105263158,57.752553945745476,0811,"Fruits and nuts, frozen",Agriculture,2. Vegetable products,0.46434120653861727,1,5,1065,0.18305505907610722,0.20597367826290533,3997.4051620172486,103660419.0,7.272199976351522e-05,0.17088701997715972,0.788163945626781,6.451612903225806,-64.51612903225806,6.451612903225806,0.6073738198414637,0.3712973085847137,0.00043246281753762223,0.3923424556129803,0.033333333333333326,0.4014511327137397,0.033333333333333326,0.2910157928996178
2005,"Other vegetables, prepared or preserved",Agriculture,"4. Prepared foodstuffs; beverages, spirits and tobacco",0.19980656285662632,59.86842105263158,57.752553945745476,4819,Cardboard packing containers,Agriculture,"10. Pulp, paper and paperboard",0.4629441438902254,1,6,1065,0.07411195265183647,0.2635653655114051,3106.8368565212654,286248688.0,0.00020081509627163036,0.059467742931911705,0.8513132779541759,22.58064516129032,-45.16129032258064,22.58064516129032,0.5973275738339736,0.42442643290352966,0.0011942061909756294,0.3383951019022216,0.19999999999999996,0.40855229857210573,0.19999999999999996,0.345986609000474
2005,"Other vegetables, prepared or preserved",Agriculture,"4. Prepared foodstuffs; beverages, spirits and tobacco",0.19980656285662632,59.86842105263158,57.752553945745476,2103,Sauces and seasonings,Agriculture,"4. Prepared foodstuffs; beverages, spirits and tobacco",0.45099809820033004,1,7,1065,-0.14835450301310685,0.21801717854291036,3474.572954820255,285187222.0,0.00020007043470315862,0.07192389421268208,0.9467933002417038,35.483870967741936,-32.258064516129025,35.483870967741936,0.576812712312396,0.382407603389052,0.0011897778413556997,0.34442616238689466,0.3333333333333333,0.3875695015297443,0.3333333333333333,0.37129865107082094
2005,"Other vegetables, prepared or preserved",Agriculture,"4. Prepared foodstuffs; beverages, spirits and tobacco",0.19980656285662632,59.86842105263158,57.752553945745476,0710,Frozen vegetables,Agriculture,2. Vegetable products,0.44965314492291264,1,8,1065,-0.49747542056783495,0.23095670071351132,3262.6414188055155,106951619.0,7.503091041553256e-05,0.10512609626736302,0.7370649816646185,6.451612903225806,-80.64516129032258,6.451612903225806,0.5446183427994107,0.39434449072248984,0.00044619343563477484,0.36050211428427187,0.033333333333333326,0.38277923789065116,0.033333333333333326,0.2779454665234558
2005,"Other vegetables, prepared or preserved",Agriculture,"4. Prepared foodstuffs; beverages, spirits and tobacco",0.19980656285662632,59.86842105263158,57.752553945745476,6211,Activewear,Textiles,11. Textiles and textile articles,0.4493486903694873,1,9,1065,-1.0912108097201325,0.10412265481897923,6168.958135232431,214434467.0,0.00015043449957947316,0.060911594845077355,0.7936459758826593,9.67741935483871,-38.70967741935484,9.67741935483871,0.48986672079638727,0.27733833733245283,0.0008946031153510799,0.339094190892306,0.06666666666666667,0.31952008944624266,0.06666666666666667,0.24366406261236984
2005,"Other vegetables, prepared or preserved",Agriculture,"4. Prepared foodstuffs; beverages, spirits and tobacco",0.19980656285662632,59.86842105263158,57.752553945745476,2106,Food preparations n.e.c.,Agriculture,"4. Prepared foodstuffs; beverages, spirits and tobacco",0.44533859840741385,1,10,1065,0.6998019731540277,0.315353789889144,4910.754358528246,1782543466.0,0.0012505267368532207,0.04978126955503104,1.0914301642499133,87.09677419354838,16.129032258064512,87.09677419354838,0.6550259090174482,0.4722019673338421,0.007436626024921226,0.33370507321660897,0.8666666666666667,0.4457010116091811,0.8666666666666667,0.5719907081264267
2005,"Other vegetables, prepared or preserved",Agriculture,"4. Prepared foodstuffs; beverages, spirits and tobacco",0.19980656285662632,59.86842105263158,57.752553945745476,6106,"Women's shirts, knit",Textiles,11. Textiles and textile articles,0.44483052079021423,1,11,1065,-1.482624028662491,0.04412587299270238,6282.5030373967975,197847717.0,0.0001387982198768271,0.1383203809945781,0.9230735547209182,25.806451612903224,-35.483870967741936,25.806451612903224,0.45377234440909453,0.22199048015606537,0.0008254045465242246,0.3765742327438763,0.23333333333333328,0.29312693419136604,0.23333333333333328,0.2751888539339562
2007,"Jams, jellies and marmalades",Agriculture,"4. Prepared foodstuffs; beverages, spirits and tobacco",0.20201202196606274,63.81578947368421,59.261472454737394,1905,Bakery products,Agriculture,"4. Prepared foodstuffs; beverages, spirits and tobacco",0.4648432559531158,1,1,1065,0.3216044062986159,0.28054994718569515,2378.3324950854944,505799622.0,0.0003548390055366271,0.1257853221126477,0.7960227371146188,19.35483870967742,-38.70967741935485,19.35483870967742,0.6201502209563156,0.44009494331515936,0.0021101547895497536,0.37050496651614745,0.16666666666666666,0.42697807569087076,0.16666666666666666,0.3488846529836095
2007,"Jams, jellies and marmalades",Agriculture,"4. Prepared foodstuffs; beverages, spirits and tobacco",0.20201202196606274,63.81578947368421,59.261472454737394,2106,Food preparations n.e.c.,Agriculture,"4. Prepared foodstuffs; beverages, spirits and tobacco",0.46126379452784794,1,2,1065,0.6998019731540277,0.315353789889144,4910.754358528246,1782543466.0,0.0012505267368532207,0.04978126955503104,1.0914301642499133,87.09677419354838,16.129032258064512,87.09677419354838,0.6550259090174482,0.4722019673338421,0.007436626024921226,0.33370507321660897,0.8666666666666667,0.4457010116091811,0.8666666666666667,0.5719907081264267
2007,"Jams, jellies and marmalades",Agriculture,"4. Prepared foodstuffs; beverages, spirits and tobacco",0.20201202196606274,63.81578947368421,59.261472454737394,0811,"Fruits and nuts, frozen",Agriculture,2. Vegetable products,0.46003546239732557,1,3,1065,0.18305505907610722,0.20597367826290533,3997.4051620172486,103660419.0,7.272199976351522e-05,0.17088701997715972,0.788163945626781,6.451612903225806,-64.51612903225806,6.451612903225806,0.6073738198414637,0.3712973085847137,0.00043246281753762223,0.3923424556129803,0.033333333333333326,0.4014511327137397,0.033333333333333326,0.2910157928996178
2007,"Jams, jellies and marmalades",Agriculture,"4. Prepared foodstuffs; beverages, spirits and tobacco",0.20201202196606274,63.81578947368421,59.261472454737394,4819,Cardboard packing containers,Agriculture,"10. Pulp, paper and paperboard",0.4574103568551383,1,4,1065,0.07411195265183647,0.2635653655114051,3106.8368565212654,286248688.0,0.00020081509627163036,0.059467742931911705,0.8513132779541759,22.58064516129032,-45.16129032258064,22.58064516129032,0.5973275738339736,0.42442643290352966,0.0011942061909756294,0.3383951019022216,0.19999999999999996,0.40855229857210573,0.19999999999999996,0.345986609000474
2007,"Jams, jellies and marmalades",Agriculture,"4. Prepared foodstuffs; beverages, spirits and tobacco",0.20201202196606274,63.81578947368421,59.261472454737394,7010,Glass containers for conveyance,Stone,"13. Articles of stone, plaster, cement, ceramics and glass",0.45270736324058614,1,5,1065,-0.09472460981803223,0.2791754782274161,3333.7440429681005,232824479.0,0.0001633358409131894,0.038646618619119666,0.9322520070548665,29.03225806451613,-29.03225806451613,29.03225806451613,0.5817582211938382,0.4388269767796128,0.0009713247462377029,0.32831386113540423,0.26666666666666666,0.40659759717295413,0.26666666666666666,0.36461831802106787
2007,"Jams, jellies and marmalades",Agriculture,"4. Prepared foodstuffs; beverages, spirits and tobacco",0.20201202196606274,63.81578947368421,59.261472454737394,2001,Pickled fruits and vegetables,Agriculture,"4. Prepared foodstuffs; beverages, spirits and tobacco",0.44590343607886673,1,6,1065,-0.3490575802788582,0.18503000890787247,3880.9401292406756,19937362.0,1.3986870288929831e-05,0.09326006061151482,0.6494356206143264,6.451612903225806,-51.612903225806456,6.451612903225806,0.5583047722063039,0.35197648528508546,8.31770489446654e-05,0.3547567779327306,0.033333333333333326,0.3718244333692376,0.033333333333333326,0.27027710335846633
2007,"Jams, jellies and marmalades",Agriculture,"4. Prepared foodstuffs; beverages, spirits and tobacco",0.20201202196606274,63.81578947368421,59.261472454737394,2103,Sauces and seasonings,Agriculture,"4. Prepared foodstuffs; beverages, spirits and tobacco",0.44587416587660816,1,7,1065,-0.14835450301310685,0.21801717854291036,3474.572954820255,285187222.0,0.00020007043470315862,0.07192389421268208,0.9467933002417038,35.483870967741936,-32.258064516129025,35.483870967741936,0.576812712312396,0.382407603389052,0.0011897778413556997,0.34442616238689466,0.3333333333333333,0.3875695015297443,0.3333333333333333,0.37129865107082094
2007,"Jams, jellies and marmalades",Agriculture,"4. Prepared foodstuffs; beverages, spirits and tobacco",0.20201202196606274,63.81578947368421,59.261472454737394,3923,Packing lids,Chemicals,7. Plastics and articles thereof; rubber and articles thereof,0.44305991723063654,1,8,1065,0.13134109788973256,0.26857641814684186,3784.4849413864363,1144171694.0,0.0008026829764260243,0.05362786835584554,0.9510639747679929,25.806451612903224,-19.354838709677416,25.806451612903224,0.6026049896405252,0.42904919794403795,0.004773391033023261,0.33556753213389895,0.23333333333333328,0.41213010412963536,0.23333333333333328,0.35849107289074467
2007,"Jams, jellies and marmalades",Agriculture,"4. Prepared foodstuffs; beverages, spirits and tobacco",0.20201202196606274,63.81578947368421,59.261472454737394,7310,"Tanks etc. < 300 liters, iron or steel",Metals,15. Base metals and articles of base metal,0.4395210179247682,1,9,1065,1.0130338047013907,0.42170436662605726,2938.3398286654406,91382545.0,6.410857181543341e-05,0.08107849843893522,0.9123705449349343,35.483870967741936,-29.032258064516128,35.483870967741936,0.6839107475390019,0.5703118384416803,0.00038124052811766616,0.34885866890975714,0.3333333333333333,0.49136389150892,0.3333333333333333,0.443954724056244
2007,"Jams, jellies and marmalades",Agriculture,"4. Prepared foodstuffs; beverages, spirits and tobacco",0.20201202196606274,63.81578947368421,59.261472454737394,4818,Toilet paper,Agriculture,"10. Pulp, paper and paperboard",0.43517312786717993,1,10,1065,0.613180070247051,0.3235237717395007,2590.2961169650957,378324639.0,0.00026541012059665684,0.031507083373629285,0.9564213870885229,29.03225806451613,-9.677419354838708,29.03225806451613,0.6470380245628652,0.4797388880622998,0.0015783395523979486,0.3248570173698278,0.26666666666666666,0.44333722295714156,0.26666666666666666,0.3903360560699991
2007,"Jams, jellies and marmalades",Agriculture,"4. Prepared foodstuffs; beverages, spirits and tobacco",0.20201202196606274,63.81578947368421,59.261472454737394,1904,Cereal foods,Agriculture,"4. Prepared foodstuffs; beverages, spirits and tobacco",0.4308623150568194,1,11,1065,-0.15692956411748427,0.2453216282272983,2365.0340307697093,40687077.0,2.8543639245487955e-05,-0.05644077898582389,0.7924290150891609,19.35483870967742,-48.38709677419354,19.35483870967742,0.5760219585307997,0.40759633410776336,0.0001697431683812718,0.28227413077576247,0.16666666666666666,0.3866329835151186,0.16666666666666666,0.320643088460583
2008,"Fruits and nuts, otherwise prepared",Agriculture,"4. Prepared foodstuffs; beverages, spirits and tobacco",0.20314698870404552,67.10526315789474,52.7332903282975,1106,Flour of dried legumes,Agriculture,2. Vegetable products,0.45568088585549993,1,1,1065,-2.658660698607271,0.002078127128732222,4690.252667568483,15137571.0,1.0619621696514605e-05,0.013628349606638723,0.9366371304919519,45.16129032258064,-45.16129032258064,45.16129032258064,0.3453235027349551,0.1832008557490978,6.3152712177787e-05,0.316200432979708,0.43333333333333324,0.2324230633232014,0.43333333333333324,0.2926961443262409
2008,"Fruits and nuts, otherwise prepared",Agriculture,"4. Prepared foodstuffs; beverages, spirits and tobacco",0.20314698870404552,67.10526315789474,52.7332903282975,0804,"Avocados, pineapples, mangos, etc.",Agriculture,2. Vegetable products,0.45485498356635007,1,2,1065,-3.6751629208373284,-0.0012187885173536672,4671.515201202335,171394559.0,0.00012024025369862527,0.1625221732788844,0.8326793237465899,25.806451612903224,-22.580645161290327,25.806451612903224,0.25158621428355454,0.1801594056788169,0.0007150441278436104,0.38829233649952677,0.23333333333333328,0.20946207408093553,0.23333333333333328,0.21662345185665485
2008,"Fruits and nuts, otherwise prepared",Agriculture,"4. Prepared foodstuffs; beverages, spirits and tobacco",0.20314698870404552,67.10526315789474,52.7332903282975,0910,Spices,Agriculture,2. Vegetable products,0.43921326048327275,1,3,1065,-2.517802589486876,-3.3678450423499834e-05,4868.147605236873,27148494.0,1.9045772661287373e-05,0.09060098119626359,0.8686165177827612,16.129032258064516,-45.16129032258064,16.129032258064516,0.3583128075456917,0.18125268603029768,0.00011326130378793117,0.35346929607533795,0.1333333333333333,0.24188530635846517,0.1333333333333333,0.2093197144509256
2008,"Fruits and nuts, otherwise prepared",Agriculture,"4. Prepared foodstuffs; beverages, spirits and tobacco",0.20314698870404552,67.10526315789474,52.7332903282975,3923,Packing lids,Chemicals,7. Plastics and articles thereof; rubber and articles thereof,0.43874659268776983,1,4,1065,0.13134109788973256,0.26857641814684186,3784.4849413864363,1144171694.0,0.0008026829764260243,0.05362786835584554,0.9510639747679929,25.806451612903224,-19.354838709677416,25.806451612903224,0.6026049896405252,0.42904919794403795,0.004773391033023261,0.33556753213389895,0.23333333333333328,0.41213010412963536,0.23333333333333328,0.35849107289074467
2008,"Fruits and nuts, otherwise prepared",Agriculture,"4. Prepared foodstuffs; beverages, spirits and tobacco",0.20314698870404552,67.10526315789474,52.7332903282975,2202,"Waters, flavored or sweetened",Agriculture,"4. Prepared foodstuffs; beverages, spirits and tobacco",0.43831293126814896,1,5,1065,-0.8718666553184242,0.028322996570806825,2690.796230936914,549719543.0,0.0003856506163268132,0.126605395272126,0.9877170473358525,29.03225806451613,-22.580645161290317,29.03225806451613,0.5100936576605037,0.2074121091076352,0.002293385119553434,0.3709020322481851,0.26666666666666666,0.3071063309740094,0.26666666666666666,0.2949744316818066
2008,"Fruits and nuts, otherwise prepared",Agriculture,"4. Prepared foodstuffs; beverages, spirits and tobacco",0.20314698870404552,67.10526315789474,52.7332903282975,3401,Soap,Chemicals,6. Products of the chemical or allied industries,0.43662162760388457,1,6,1065,-1.245160097860525,0.10295960222856827,4136.942510257405,235220151.0,0.00016501650225237864,0.04508124414722858,1.298805350707208,70.96774193548387,19.354838709677423,70.96774193548387,0.47567020600899723,0.2762654053067138,0.0009813192945234473,0.33142939938485994,0.7000000000000001,0.3130390717624063,0.7000000000000001,0.4291273502336844
2008,"Fruits and nuts, otherwise prepared",Agriculture,"4. Prepared foodstuffs; beverages, spirits and tobacco",0.20314698870404552,67.10526315789474,52.7332903282975,6305,Bags for packing goods,Textiles,11. Textiles and textile articles,0.4339395551627998,1,7,1065,-2.4549150605641286,-0.032798963894818824,5263.1238664386565,134095596.0,9.407351421761504e-05,0.055610393311787965,1.0138164127687836,51.61290322580645,-19.354838709677423,51.61290322580645,0.364112014187557,0.15102625914675266,0.0005594358948669377,0.3365274376177157,0.49999999999999994,0.2308614266938958,0.49999999999999994,0.31160299868572705
2008,"Fruits and nuts, otherwise prepared",Agriculture,"4. Prepared foodstuffs; beverages, spirits and tobacco",0.20314698870404552,67.10526315789474,52.7332903282975,2103,Sauces and seasonings,Agriculture,"4. Prepared foodstuffs; beverages, spirits and tobacco",0.42883262339407846,1,8,1065,-0.14835450301310685,0.21801717854291036,3474.572954820255,285187222.0,0.00020007043470315862,0.07192389421268208,0.9467933002417038,35.483870967741936,-32.258064516129025,35.483870967741936,0.576812712312396,0.382407603389052,0.0011897778413556997,0.34442616238689466,0.3333333333333333,0.3875695015297443,0.3333333333333333,0.37129865107082094
2008,"Fruits and nuts, otherwise prepared",Agriculture,"4. Prepared foodstuffs; beverages, spirits and tobacco",0.20314698870404552,67.10526315789474,52.7332903282975,1905,Bakery products,Agriculture,"4. Prepared foodstuffs; beverages, spirits and tobacco",0.42845801764461017,1,9,1065,0.3216044062986159,0.28054994718569515,2378.3324950854944,505799622.0,0.0003548390055366271,0.1257853221126477,0.7960227371146188,19.35483870967742,-38.70967741935485,19.35483870967742,0.6201502209563156,0.44009494331515936,0.0021101547895497536,0.37050496651614745,0.16666666666666666,0.42697807569087076,0.16666666666666666,0.3488846529836095
2008,"Fruits and nuts, otherwise prepared",Agriculture,"4. Prepared foodstuffs; beverages, spirits and tobacco",0.20314698870404552,67.10526315789474,52.7332903282975,6106,"Women's shirts, knit",Textiles,11. Textiles and textile articles,0.42414446840436554,1,10,1065,-1.482624028662491,0.04412587299270238,6282.5030373967975,197847717.0,0.0001387982198768271,0.1383203809945781,0.9230735547209182,25.806451612903224,-35.483870967741936,25.806451612903224,0.45377234440909453,0.22199048015606537,0.0008254045465242246,0.3765742327438763,0.23333333333333328,0.29312693419136604,0.23333333333333328,0.2751888539339562
2008,"Fruits and nuts, otherwise prepared",Agriculture,"4. Prepared foodstuffs; beverages, spirits and tobacco",0.20314698870404552,67.10526315789474,52.7332903282975,1102,Cereal flours,Agriculture,2. Vegetable products,0.4236456516614663,1,11,1065,-1.9432107424888434,0.05787950957856266,3104.479621170969,24621950.0,1.7273299291577082e-05,0.11152845554091395,1.310772979187565,67.74193548387096,9.677419354838698,67.74193548387096,0.41129909771406453,0.23467839924503114,0.0001027207681870402,0.3636020297519817,0.6666666666666666,0.2806478365137087,0.6666666666666666,0.3964534855595961
2009,Fruit juices,Agriculture,"4. Prepared foodstuffs; beverages, spirits and tobacco",0.20801950140407288,87.5,53.88425732330904,3401,Soap,Chemicals,6. Products of the chemical or allied industries,0.45609275588060116,1,1,1065,-1.245160097860525,0.10295960222856827,4136.942510257405,235220151.0,0.00016501650225237864,0.04508124414722858,1.298805350707208,70.96774193548387,19.354838709677423,70.96774193548387,0.47567020600899723,0.2762654053067138,0.0009813192945234473,0.33142939938485994,0.7000000000000001,0.3130390717624063,0.7000000000000001,0.4291273502336844
2009,Fruit juices,Agriculture,"4. Prepared foodstuffs; beverages, spirits and tobacco",0.20801950140407288,87.5,53.88425732330904,0804,"Avocados, pineapples, mangos, etc.",Agriculture,2. Vegetable products,0.441610166034455,1,2,1065,-3.6751629208373284,-0.0012187885173536672,4671.515201202335,171394559.0,0.00012024025369862527,0.1625221732788844,0.8326793237465899,25.806451612903224,-22.580645161290327,25.806451612903224,0.25158621428355454,0.1801594056788169,0.0007150441278436104,0.38829233649952677,0.23333333333333328,0.20946207408093553,0.23333333333333328,0.21662345185665485
2009,Fruit juices,Agriculture,"4. Prepared foodstuffs; beverages, spirits and tobacco",0.20801950140407288,87.5,53.88425732330904,2202,"Waters, flavored or sweetened",Agriculture,"4. Prepared foodstuffs; beverages, spirits and tobacco",0.4407823611870921,1,3,1065,-0.8718666553184242,0.028322996570806825,2690.796230936914,549719543.0,0.0003856506163268132,0.126605395272126,0.9877170473358525,29.03225806451613,-22.580645161290317,29.03225806451613,0.5100936576605037,0.2074121091076352,0.002293385119553434,0.3709020322481851,0.26666666666666666,0.3071063309740094,0.26666666666666666,0.2949744316818066
2009,Fruit juices,Agriculture,"4. Prepared foodstuffs; beverages, spirits and tobacco",0.20801950140407288,87.5,53.88425732330904,3923,Packing lids,Chemicals,7. Plastics and articles thereof; rubber and articles thereof,0.43976912132573875,1,4,1065,0.13134109788973256,0.26857641814684186,3784.4849413864363,1144171694.0,0.0008026829764260243,0.05362786835584554,0.9510639747679929,25.806451612903224,-19.354838709677416,25.806451612903224,0.6026049896405252,0.42904919794403795,0.004773391033023261,0.33556753213389895,0.23333333333333328,0.41213010412963536,0.23333333333333328,0.35849107289074467
2009,Fruit juices,Agriculture,"4. Prepared foodstuffs; beverages, spirits and tobacco",0.20801950140407288,87.5,53.88425732330904,1905,Bakery products,Agriculture,"4. Prepared foodstuffs; beverages, spirits and tobacco",0.437506679165919,1,5,1065,0.3216044062986159,0.28054994718569515,2378.3324950854944,505799622.0,0.0003548390055366271,0.1257853221126477,0.7960227371146188,19.35483870967742,-38.70967741935485,19.35483870967742,0.6201502209563156,0.44009494331515936,0.0021101547895497536,0.37050496651614745,0.16666666666666666,0.42697807569087076,0.16666666666666666,0.3488846529836095
2009,Fruit juices,Agriculture,"4. Prepared foodstuffs; beverages, spirits and tobacco",0.20801950140407288,87.5,53.88425732330904,2103,Sauces and seasonings,Agriculture,"4. Prepared foodstuffs; beverages, spirits and tobacco",0.43599050240178544,1,6,1065,-0.14835450301310685,0.21801717854291036,3474.572954820255,285187222.0,0.00020007043470315862,0.07192389421268208,0.9467933002417038,35.483870967741936,-32.258064516129025,35.483870967741936,0.576812712312396,0.382407603389052,0.0011897778413556997,0.34442616238689466,0.3333333333333333,0.3875695015297443,0.3333333333333333,0.37129865107082094
2009,Fruit juices,Agriculture,"4. Prepared foodstuffs; beverages, spirits and tobacco",0.20801950140407288,87.5,53.88425732330904,1106,Flour of dried legumes,Agriculture,2. Vegetable products,0.4343396538693888,1,7,1065,-2.658660698607271,0.002078127128732222,4690.252667568483,15137571.0,1.0619621696514605e-05,0.013628349606638723,0.9366371304919519,45.16129032258064,-45.16129032258064,45.16129032258064,0.3453235027349551,0.1832008557490978,6.3152712177787e-05,0.316200432979708,0.43333333333333324,0.2324230633232014,0.43333333333333324,0.2926961443262409
2009,Fruit juices,Agriculture,"4. Prepared foodstuffs; beverages, spirits and tobacco",0.20801950140407288,87.5,53.88425732330904,2106,Food preparations n.e.c.,Agriculture,"4. Prepared foodstuffs; beverages, spirits and tobacco",0.4293256065059322,1,8,1065,0.6998019731540277,0.315353789889144,4910.754358528246,1782543466.0,0.0012505267368532207,0.04978126955503104,1.0914301642499133,87.09677419354838,16.129032258064512,87.09677419354838,0.6550259090174482,0.4722019673338421,0.007436626024921226,0.33370507321660897,0.8666666666666667,0.4457010116091811,0.8666666666666667,0.5719907081264267
2009,Fruit juices,Agriculture,"4. Prepared foodstuffs; beverages, spirits and tobacco",0.20801950140407288,87.5,53.88425732330904,4819,Cardboard packing containers,Agriculture,"10. Pulp, paper and paperboard",0.42454853424863065,1,9,1065,0.07411195265183647,0.2635653655114051,3106.8368565212654,286248688.0,0.00020081509627163036,0.059467742931911705,0.8513132779541759,22.58064516129032,-45.16129032258064,22.58064516129032,0.5973275738339736,0.42442643290352966,0.0011942061909756294,0.3383951019022216,0.19999999999999996,0.40855229857210573,0.19999999999999996,0.345986609000474
2009,Fruit juices,Agriculture,"4. Prepared foodstuffs; beverages, spirits and tobacco",0.20801950140407288,87.5,53.88425732330904,6305,Bags for packing goods,Textiles,11. Textiles and textile articles,0.42326291834147883,1,10,1065,-2.4549150605641286,-0.032798963894818824,5263.1238664386565,134095596.0,9.407351421761504e-05,0.055610393311787965,1.0138164127687836,51.61290322580645,-19.354838709677423,51.61290322580645,0.364112014187557,0.15102625914675266,0.0005594358948669377,0.3365274376177157,0.49999999999999994,0.2308614266938958,0.49999999999999994,0.31160299868572705
2009,Fruit juices,Agriculture,"4. Prepared foodstuffs; beverages, spirits and tobacco",0.20801950140407288,87.5,53.88425732330904,1904,Cereal foods,Agriculture,"4. Prepared foodstuffs; beverages, spirits and tobacco",0.4227714116850006,1,11,1065,-0.15692956411748427,0.2453216282272983,2365.0340307697093,40687077.0,2.8543639245487955e-05,-0.05644077898582389,0.7924290150891609,19.35483870967742,-48.38709677419354,19.35483870967742,0.5760219585307997,0.40759633410776336,0.0001697431683812718,0.28227413077576247,0.16666666666666666,0.3866329835151186,0.16666666666666666,0.320643088460583
2102,Yeasts,Agriculture,"4. Prepared foodstuffs; beverages, spirits and tobacco",0.1984875745603083,57.23684210526315,60.31756266457232,2105,Ice cream,Agriculture,"4. Prepared foodstuffs; beverages, spirits and tobacco",0.43996996768480273,1,1,1065,1.3565923475001525,0.4561680896782379,2334.2196934998683,37529366.0,2.6328376555924167e-05,0.08532763978667668,0.6764392780821085,16.129032258064516,-48.38709677419355,16.129032258064516,0.7155921797306787,0.602105097399834,0.0001565694555099246,0.3509160322074972,0.1333333333333333,0.5138549372451304,0.1333333333333333,0.39969845607159127
2102,Yeasts,Agriculture,"4. Prepared foodstuffs; beverages, spirits and tobacco",0.1984875745603083,57.23684210526315,60.31756266457232,4822,"Bobbins, spools, cops of paper",Agriculture,"10. Pulp, paper and paperboard",0.42579673619913544,1,2,1065,1.7030937152413415,0.5026580644898542,2123.406119574064,5244227.0,3.6790385214806058e-06,0.054505251812756894,1.009523393864413,38.70967741935484,-29.03225806451612,38.70967741935484,0.7475449860762508,0.64499273916465,2.1878487527885375e-05,0.33599234655511206,0.36666666666666664,0.5377903375907113,0.36666666666666664,0.48645323631349785
2102,Yeasts,Agriculture,"4. Prepared foodstuffs; beverages, spirits and tobacco",0.1984875745603083,57.23684210526315,60.31756266457232,0710,Frozen vegetables,Agriculture,2. Vegetable products,0.4242901075169143,1,3,1065,-0.49747542056783495,0.23095670071351132,3262.6414188055155,106951619.0,7.503091041553256e-05,0.10512609626736302,0.7370649816646185,6.451612903225806,-80.64516129032258,6.451612903225806,0.5446183427994107,0.39434449072248984,0.00044619343563477484,0.36050211428427187,0.033333333333333326,0.38277923789065116,0.033333333333333326,0.2779454665234558
2102,Yeasts,Agriculture,"4. Prepared foodstuffs; beverages, spirits and tobacco",0.1984875745603083,57.23684210526315,60.31756266457232,3305,Hair products,Chemicals,6. Products of the chemical or allied industries,0.42057433739625616,1,4,1065,1.2001934649273744,0.43799161430508554,3351.6176626010606,517502750.0,0.00036304922579097885,0.06160865832961959,1.218183731788308,77.41935483870968,29.032258064516128,77.41935483870968,0.7011697743009705,0.5853370486428796,0.0021589792855117415,0.3394316973934852,0.7666666666666667,0.501515989532197,0.7666666666666667,0.5810611926725379
2102,Yeasts,Agriculture,"4. Prepared foodstuffs; beverages, spirits and tobacco",0.1984875745603083,57.23684210526315,60.31756266457232,8309,"Stoppers, caps and lids of metal",Metals,15. Base metals and articles of base metal,0.41921862221287576,1,5,1065,0.8891013031198322,0.40694032455444656,3115.4857717600053,190653619.0,0.0001337512675482367,0.020457209866526993,1.2128746317546997,51.61290322580645,-22.58064516129032,51.61290322580645,0.6724822465527788,0.5566918063824309,0.0007953913561403253,0.31950685310422494,0.49999999999999994,0.4782562551963781,0.49999999999999994,0.4847793786374646
2102,Yeasts,Agriculture,"4. Prepared foodstuffs; beverages, spirits and tobacco",0.1984875745603083,57.23684210526315,60.31756266457232,0811,"Fruits and nuts, frozen",Agriculture,2. Vegetable products,0.4188218485193563,1,6,1065,0.18305505907610722,0.20597367826290533,3997.4051620172486,103660419.0,7.272199976351522e-05,0.17088701997715972,0.788163945626781,6.451612903225806,-64.51612903225806,6.451612903225806,0.6073738198414637,0.3712973085847137,0.00043246281753762223,0.3923424556129803,0.033333333333333326,0.4014511327137397,0.033333333333333326,0.2910157928996178
2102,Yeasts,Agriculture,"4. Prepared foodstuffs; beverages, spirits and tobacco",0.1984875745603083,57.23684210526315,60.31756266457232,7308,"Structures and their parts, of iron or steel",Metals,15. Base metals and articles of base metal,0.4126582170808369,1,7,1065,1.4834414912554827,0.4650225736002816,3799.9719506635356,744293319.0,0.0005221520334420407,0.0424332690821001,0.8418043940612941,19.35483870967742,-48.38709677419354,19.35483870967742,0.7272896404129786,0.6102734807125745,0.0031051310511215303,0.3301472940684007,0.16666666666666666,0.5181349561618719,0.16666666666666666,0.4126944693133103
2102,Yeasts,Agriculture,"4. Prepared foodstuffs; beverages, spirits and tobacco",0.1984875745603083,57.23684210526315,60.31756266457232,3925,Plastic builders' ware,Chemicals,7. Plastics and articles thereof; rubber and articles thereof,0.41166731855599165,1,8,1065,1.5450408456613678,0.4621277092351805,3535.562060710252,179377903.0,0.0001258408941945899,0.10495630904193609,0.8459109213531367,16.129032258064516,-16.129032258064516,16.129032258064516,0.732970057362483,0.6076029284838138,0.0007483499881991631,0.3604199061444546,0.1333333333333333,0.5233757834661019,0.1333333333333333,0.4063630484262713
2102,Yeasts,Agriculture,"4. Prepared foodstuffs; beverages, spirits and tobacco",0.1984875745603083,57.23684210526315,60.31756266457232,7310,"Tanks etc. < 300 liters, iron or steel",Metals,15. Base metals and articles of base metal,0.410748492482322,1,9,1065,1.0130338047013907,0.42170436662605726,2938.3398286654406,91382545.0,6.410857181543341e-05,0.08107849843893522,0.9123705449349343,35.483870967741936,-29.032258064516128,35.483870967741936,0.6839107475390019,0.5703118384416803,0.00038124052811766616,0.34885866890975714,0.3333333333333333,0.49136389150892,0.3333333333333333,0.443954724056244
2102,Yeasts,Agriculture,"4. Prepared foodstuffs; beverages, spirits and tobacco",0.1984875745603083,57.23684210526315,60.31756266457232,7612,"Aluminum containers, <300 liters",Metals,15. Base metals and articles of base metal,0.4088573794682883,1,10,1065,0.9118111031036,0.3840292636103308,2280.212593391148,103642636.0,7.270952426578648e-05,0.006497154131585026,1.0964438058211003,38.70967741935484,-22.58064516129032,38.70967741935484,0.6745764427337589,0.5355560372579101,0.0004323886283113152,0.3127476271917379,0.36666666666666664,0.4705233703700915,0.36666666666666664,0.43936635925906403
2102,Yeasts,Agriculture,"4. Prepared foodstuffs; beverages, spirits and tobacco",0.1984875745603083,57.23684210526315,60.31756266457232,0706,Carrots & turnips,Agriculture,2. Vegetable products,0.4056637530163373,1,11,1065,-0.2855041770754565,0.20402398950801034,2152.6017275891586,2416098.0,1.694991008907938e-06,0.04945949494067636,0.5849014045834903,3.225806451612903,-67.74193548387098,3.225806451612903,0.5641653827960927,0.36949869386806444,1.0079763892590614e-05,0.3335492753206248,0.0,0.3768163300951326,0.0,0.2637714310665928
2204,Wine,Agriculture,"4. Prepared foodstuffs; beverages, spirits and tobacco",0.1956238422501712,44.73684210526316,50.04039515374668,8435,Machines for wine and juice production,Machinery,"16. Machinery, mechanical appliances and electrical equipment",0.35899034461343887,1,1,1065,1.8302173028708746,0.6122716891107445,4363.240618168615,12475933.0,8.752374391575937e-06,0.053530449421658854,1.1883572237133542,45.16129032258064,-9.677419354838712,45.16129032258064,0.7592677547451319,0.7461128168659855,5.2048575421932264e-05,0.3355203635124533,0.43333333333333324,0.5772190618770723,0.43333333333333324,0.5340533433139506
2204,Wine,Agriculture,"4. Prepared foodstuffs; beverages, spirits and tobacco",0.1956238422501712,44.73684210526316,50.04039515374668,0204,Lamb,Agriculture,1. Live animals; animal products,0.35190338540370353,1,2,1065,-1.8642437122654596,0.18164513226569992,9070.491862317158,1873563013.0,0.0013143806508086452,0.08152166993689058,0.648952826484111,6.666666666666667,-59.99999999999999,6.666666666666667,0.4185810840475135,0.3488538899850055,0.007816352154974955,0.34907324514996213,0.035555555555555556,0.32213568050712216,0.035555555555555556,0.23616164302165216
2204,Wine,Agriculture,"4. Prepared foodstuffs; beverages, spirits and tobacco",0.1956238422501712,44.73684210526316,50.04039515374668,0209,Pig and poultry fat,Agriculture,1. Live animals; animal products,0.34211910794280587,1,3,1065,2.4933198710831794,0.7372737472438387,5112.10653971593,25418765.0,1.783229742028005e-05,0.04007812048781778,1.1267601472342774,61.29032258064516,-6.451612903225801,61.29032258064516,0.8204161077443185,0.8614289363261602,0.0001060450154096589,0.3290069704401514,0.6,0.6380127177430017,0.6,0.6266089024201011
2204,Wine,Agriculture,"4. Prepared foodstuffs; beverages, spirits and tobacco",0.1956238422501712,44.73684210526316,50.04039515374668,2206,Other fermented beverages,Agriculture,"4. Prepared foodstuffs; beverages, spirits and tobacco",0.33582691726244895,1,4,1065,1.4008334717546598,0.5051767845155458,3373.229725654306,13835192.0,9.705949860690681e-06,0.10624578665908047,0.7014184974466166,3.225806451612903,-77.41935483870968,3.225806451612903,0.7196718983333208,0.6473162930621398,5.771929316139433e-05,0.36104424967780874,0.0,0.5326111623340567,0.0,0.37282781363383966
2204,Wine,Agriculture,"4. Prepared foodstuffs; beverages, spirits and tobacco",0.1956238422501712,44.73684210526316,50.04039515374668,2209,Vinegars,Agriculture,"4. Prepared foodstuffs; beverages, spirits and tobacco",0.33317235326286393,1,5,1065,1.4839236686270765,0.5907977908253393,4104.461252277096,8764134.0,6.14839643543613e-06,0.06094392221211109,0.7684472033162009,25.806451612903224,-38.70967741935484,25.806451612903224,0.727334104653565,0.7263028500787281,3.6563252584549856e-05,0.33910984326369237,0.23333333333333328,0.5596448951337442,0.23333333333333328,0.4617514265936209
2204,Wine,Agriculture,"4. Prepared foodstuffs; beverages, spirits and tobacco",0.1956238422501712,44.73684210526316,50.04039515374668,5302,Hemp fiber,Textiles,11. Textiles and textile articles,0.332370944505045,1,6,1065,1.011058205286824,0.6043222807779148,3041.5093019568717,291533.0,2.0452225605085468e-07,0.4421270383903355,0.593655149536196,9.67741935483871,-61.29032258064516,9.67741935483871,0.6837285665972019,0.738779378243957,1.2162519098557341e-06,0.5236723439581172,0.06666666666666667,0.5764288147259097,0.06666666666666667,0.42350017030813675
2204,Wine,Agriculture,"4. Prepared foodstuffs; beverages, spirits and tobacco",0.1956238422501712,44.73684210526316,50.04039515374668,0208,Other meat,Agriculture,1. Live animals; animal products,0.3284387668030057,1,7,1065,1.2324486841889166,0.5851984640255247,4554.969098997806,592005.0,4.15315584147888e-07,0.7301428674613866,0.45468403860011625,9.67741935483871,-74.19354838709678,9.67741935483871,0.7041442063542023,0.7211373940231446,2.4697965989927173e-06,0.6631247997381298,0.06666666666666667,0.5983176505622807,0.06666666666666667,0.4388223553935965
2204,Wine,Agriculture,"4. Prepared foodstuffs; beverages, spirits and tobacco",0.1956238422501712,44.73684210526316,50.04039515374668,6905,Architectural ceramic ornaments,Stone,"13. Articles of stone, plaster, cement, ceramics and glass",0.3217852009362819,1,8,1065,1.7200947938967466,0.6531835890039768,1693.5138739352221,911069.0,6.391519563754227e-07,-0.07147227596074379,0.5646572869159703,6.451612903225806,-51.612903225806456,6.451612903225806,0.7491127495095765,0.7838546077284005,3.8009055964860024e-06,0.2749961309034523,0.033333333333333326,0.5777885648046492,0.033333333333333326,0.41445199536325444
2204,Wine,Agriculture,"4. Prepared foodstuffs; beverages, spirits and tobacco",0.1956238422501712,44.73684210526316,50.04039515374668,4902,"Newspapers, journals and periodicals",Agriculture,"10. Pulp, paper and paperboard",0.32038425496203105,1,9,1065,2.672860478649815,0.5995838304207395,2518.5310168969786,2552987.0,1.7910242096383714e-06,-0.11512429607145036,0.5657585436207909,9.67741935483871,-58.06451612903225,9.67741935483871,0.8369725395475777,0.7344080925579057,1.0650853641223673e-05,0.25386055157147464,0.06666666666666667,0.5880639016006866,0.06666666666666667,0.4316447311204806
2204,Wine,Agriculture,"4. Prepared foodstuffs; beverages, spirits and tobacco",0.1956238422501712,44.73684210526316,50.04039515374668,8903,Pleasure or sport boats,Vehicles,"17. Vehicles, aircraft, vessels and associated transport equipment",0.320126664088461,1,10,1065,1.820486356607557,0.560659398695901,4803.865960386206,222513533.0,0.0001561022929514199,0.2509858895923158,0.8762611535090796,22.58064516129032,-19.354838709677423,22.58064516129032,0.7583704104040752,0.6984997684411803,0.0009283083200872523,0.43112499096551127,0.19999999999999996,0.5747125574886791,0.19999999999999996,0.4622987902420754
2204,Wine,Agriculture,"4. Prepared foodstuffs; beverages, spirits and tobacco",0.1956238422501712,44.73684210526316,50.04039515374668,8434,Dairy machinery,Machinery,"16. Machinery, mechanical appliances and electrical equipment",0.31456352122493764,1,11,1065,2.0866518740386026,0.6732184111414641,3318.5170190084855,54776543.0,3.842797265841826e-05,0.07544673267015645,0.9484853578862411,29.03225806451613,-35.483870967741936,29.03225806451613,0.7829150039500826,0.8023370069582592,0.00022852327194192336,0.34613186195137896,0.26666666666666666,0.6067922616014177,0.26666666666666666,0.5047545831209924
2205,"Wine, flavored",Agriculture,"4. Prepared foodstuffs; beverages, spirits and tobacco",0.18913936799911032,26.31578947368421,45.78528083824377,0209,Pig and poultry fat,Agriculture,1. Live animals; animal products,0.3721976148795616,1,1,1065,2.4933198710831794,0.7372737472438387,5112.10653971593,25418765.0,1.783229742028005e-05,0.04007812048781778,1.1267601472342774,61.29032258064516,-6.451612903225801,61.29032258064516,0.8204161077443185,0.8614289363261602,0.0001060450154096589,0.3290069704401514,0.6,0.6380127177430017,0.6,0.6266089024201011
2205,"Wine, flavored",Agriculture,"4. Prepared foodstuffs; beverages, spirits and tobacco",0.18913936799911032,26.31578947368421,45.78528083824377,4416,"Casks, barrels, etc. of wood",Agriculture,9. Wood and articles of wood,0.35624708501633623,1,2,1065,2.1802656857866523,0.6129320487212677,5597.854888095627,21678255.0,1.520817752997335e-05,-0.011923329919271586,0.9630216740156889,45.16129032258064,-12.903225806451623,45.16129032258064,0.7915476509654632,0.7467220076974892,9.043991262083407e-05,0.3038287363591274,0.43333333333333324,0.5839822569727955,0.43333333333333324,0.5387875798809568
2205,"Wine, flavored",Agriculture,"4. Prepared foodstuffs; beverages, spirits and tobacco",0.18913936799911032,26.31578947368421,45.78528083824377,2206,Other fermented beverages,Agriculture,"4. Prepared foodstuffs; beverages, spirits and tobacco",0.3439938068392188,1,3,1065,1.4008334717546598,0.5051767845155458,3373.229725654306,13835192.0,9.705949860690681e-06,0.10624578665908047,0.7014184974466166,3.225806451612903,-77.41935483870968,3.225806451612903,0.7196718983333208,0.6473162930621398,5.771929316139433e-05,0.36104424967780874,0.0,0.5326111623340567,0.0,0.37282781363383966
2205,"Wine, flavored",Agriculture,"4. Prepared foodstuffs; beverages, spirits and tobacco",0.18913936799911032,26.31578947368421,45.78528083824377,5302,Hemp fiber,Textiles,11. Textiles and textile articles,0.3374698863150346,1,4,1065,1.011058205286824,0.6043222807779148,3041.5093019568717,291533.0,2.0452225605085468e-07,0.4421270383903355,0.593655149536196,9.67741935483871,-61.29032258064516,9.67741935483871,0.6837285665972019,0.738779378243957,1.2162519098557341e-06,0.5236723439581172,0.06666666666666667,0.5764288147259097,0.06666666666666667,0.42350017030813675
2205,"Wine, flavored",Agriculture,"4. Prepared foodstuffs; beverages, spirits and tobacco",0.18913936799911032,26.31578947368421,45.78528083824377,1205,Rape or colza seeds,Agriculture,2. Vegetable products,0.32623477497651626,1,5,1065,1.5691069667597983,0.5536794532034081,6649.318147038165,21012246.0,1.4740945130107216e-05,-0.031981971453120095,0.4919058346956197,6.666666666666667,-56.666666666666664,6.666666666666667,0.7351893274102758,0.6920606726354072,8.766137736674239e-05,0.2941166770236105,0.035555555555555556,0.5436681507761356,0.035555555555555556,0.39123437220996155
2205,"Wine, flavored",Agriculture,"4. Prepared foodstuffs; beverages, spirits and tobacco",0.18913936799911032,26.31578947368421,45.78528083824377,8435,Machines for wine and juice production,Machinery,"16. Machinery, mechanical appliances and electrical equipment",0.3223571600005692,1,6,1065,1.8302173028708746,0.6122716891107445,4363.240618168615,12475933.0,8.752374391575937e-06,0.053530449421658854,1.1883572237133542,45.16129032258064,-9.677419354838712,45.16129032258064,0.7592677547451319,0.7461128168659855,5.2048575421932264e-05,0.3355203635124533,0.43333333333333324,0.5772190618770723,0.43333333333333324,0.5340533433139506
2205,"Wine, flavored",Agriculture,"4. Prepared foodstuffs; beverages, spirits and tobacco",0.18913936799911032,26.31578947368421,45.78528083824377,3704,"Photographic film, not developed",Chemicals,6. Products of the chemical or allied industries,0.3175129029213397,1,7,1065,2.831541132990382,0.7868604134916791,6745.87257746862,3050711.0,2.1401978379091183e-06,0.08092887363323942,1.0322417136351634,64.51612903225806,19.354838709677423,64.51612903225806,0.8516053597640911,0.9071733185712867,1.2727317594124495e-05,0.3487862230769459,0.6333333333333333,0.6678923799765631,0.6333333333333333,0.6575246659835942
2205,"Wine, flavored",Agriculture,"4. Prepared foodstuffs; beverages, spirits and tobacco",0.18913936799911032,26.31578947368421,45.78528083824377,1004,Oats,Agriculture,2. Vegetable products,0.31356496685307994,1,8,1065,1.5422345424777444,0.0612291876952154,2983.4990384036,1702677.0,1.194497162811418e-06,-0.4348780030627417,0.7972684752929139,16.129032258064516,-64.51612903225806,16.129032258064516,0.7327112726345674,0.23776852342076094,7.1034296395860215e-06,0.09904114519191048,0.1333333333333333,0.3545251659125974,0.1333333333333333,0.2881676161388182
2205,"Wine, flavored",Agriculture,"4. Prepared foodstuffs; beverages, spirits and tobacco",0.18913936799911032,26.31578947368421,45.78528083824377,8403,Central heating boilers,Machinery,"16. Machinery, mechanical appliances and electrical equipment",0.3093051489521686,1,9,1065,2.999998001288242,0.7896628276689537,2054.963085166561,12552060.0,8.805780578135892e-06,0.024977422120272097,0.4982511564542196,3.225806451612903,-61.29032258064516,3.225806451612903,0.8671396987059319,0.9097585842290681,5.236617105996153e-05,0.3216954644089049,0.0,0.6701765736142448,0.0,0.4691236015299713
2205,"Wine, flavored",Agriculture,"4. Prepared foodstuffs; beverages, spirits and tobacco",0.18913936799911032,26.31578947368421,45.78528083824377,7118,Coin,Stone,"14. Pearls, precious stones and metals",0.3030631923834067,1,10,1065,0.768339922627351,0.48215415673099116,7074.818962550715,64206805.0,4.5043684977060216e-05,0.4281948524378192,0.9484578173536428,38.70967741935484,-3.225806451612904,38.70967741935484,0.6613461721700007,0.6260776019914368,0.00026786555623886383,0.5169266121289722,0.36666666666666664,0.5281774926092848,0.36666666666666664,0.47972424482649934
2205,"Wine, flavored",Agriculture,"4. Prepared foodstuffs; beverages, spirits and tobacco",0.18913936799911032,26.31578947368421,45.78528083824377,1506,Other animal fats and oils,Agriculture,3. Animal or vegetable fats and oils,0.3012595256869906,1,11,1065,3.0006592237216574,0.7977079984737959,3253.9107208963305,3689364.0,2.5882388912157645e-06,0.03959777786811092,0.7142998926912812,12.903225806451612,-58.064516129032256,12.903225806451612,0.8672006736813095,0.9171803650498359,1.5391725846312392e-05,0.32877439656339624,0.09999999999999998,0.6738518317992873,0.09999999999999998,0.5016962822595011
2301,"Flours of fish, for animal feed",Agriculture,"4. Prepared foodstuffs; beverages, spirits and tobacco",0.20633239801514525,78.94736842105263,53.259644844665246,0302,"Fish, excluding fillets",Agriculture,1. Live animals; animal products,0.44991404619549136,1,1,1065,-1.9098020613299251,0.08410453822341153,2515.349290940306,875698961.0,0.0006143384355291147,0.18033863000210992,1.057837831891084,41.935483870967744,-25.806451612903217,41.935483870967744,0.4143798968644137,0.25887134919499083,0.00365334467718897,0.39691876738482096,0.39999999999999997,0.29572375293009306,0.39999999999999997,0.3270066270510651
2301,"Flours of fish, for animal feed",Agriculture,"4. Prepared foodstuffs; beverages, spirits and tobacco",0.20633239801514525,78.94736842105263,53.259644844665246,1604,Prepared or preserved fish,Agriculture,"4. Prepared foodstuffs; beverages, spirits and tobacco",0.440639632559525,1,2,1065,-1.2855562455873668,0.15773947585512874,5383.920451168627,678429530.0,0.0004759459067999883,-0.0026503407476520247,1.0403241205093285,45.16129032258064,-16.12903225806452,45.16129032258064,0.47194505394441144,0.3268005928506483,0.0028303526927141286,0.3083185628960043,0.43333333333333324,0.32623331371657865,0.43333333333333324,0.35836331960160506
2301,"Flours of fish, for animal feed",Agriculture,"4. Prepared foodstuffs; beverages, spirits and tobacco",0.20633239801514525,78.94736842105263,53.259644844665246,1504,Fish oils,Agriculture,3. Animal or vegetable fats and oils,0.44056180420891705,1,3,1065,-1.1522696471590075,0.2683856979714775,6979.101013728448,450897737.0,0.0003163231003675911,0.1593582514608063,2.618304880211485,100.0,25.80645161290323,100.0,0.48423614790402447,0.4288732559567279,0.0018811086010018711,0.38676041837943587,1.0,0.377884520398329,1.0,0.5645191642788303
2301,"Flours of fish, for animal feed",Agriculture,"4. Prepared foodstuffs; beverages, spirits and tobacco",0.20633239801514525,78.94736842105263,53.259644844665246,0305,Preserved fish,Agriculture,1. Live animals; animal products,0.4290711140766353,1,4,1065,-2.0735799585471217,0.08031954828707111,3679.0750430733256,161445677.0,0.00011326070835787915,0.027336740580207408,0.8931025963751181,38.70967741935484,-48.387096774193544,38.70967741935484,0.3992770317081212,0.2553796438729083,0.0006735382031852378,0.322837807016484,0.36666666666666664,0.2776565382363107,0.36666666666666664,0.30435957676541747
2301,"Flours of fish, for animal feed",Agriculture,"4. Prepared foodstuffs; beverages, spirits and tobacco",0.20633239801514525,78.94736842105263,53.259644844665246,1605,Prepared aquatic invertibrates,Agriculture,"4. Prepared foodstuffs; beverages, spirits and tobacco",0.4110118677656756,1,5,1065,-2.4119185323664483,0.03470497192204782,6458.418981590122,119077156.0,8.353746776261886e-05,0.03952897041060077,0.6670422570477285,3.225806451612903,-45.16129032258065,3.225806451612903,0.36807696170851045,0.2132995692261879,0.0004967801875094387,0.3287410811412657,0.0,0.2528674650264607,0.0,0.17700722551852247
2301,"Flours of fish, for animal feed",Agriculture,"4. Prepared foodstuffs; beverages, spirits and tobacco",0.20633239801514525,78.94736842105263,53.259644844665246,2501,Salt,Minerals,5. Mineral products,0.3929514689560546,1,6,1065,-1.105404775255871,0.1256148643409572,3891.3188568750343,112934318.0,7.922801707842558e-05,0.08458408634597991,0.9604025186087396,38.70967741935484,-29.03225806451612,38.70967741935484,0.4885578167796563,0.2971651964875291,0.00047115276814547514,0.3505560160457352,0.36666666666666664,0.327657129965597,0.36666666666666664,0.33935999097591785
2301,"Flours of fish, for animal feed",Agriculture,"4. Prepared foodstuffs; beverages, spirits and tobacco",0.20633239801514525,78.94736842105263,53.259644844665246,0508,Coral and shells,Agriculture,1. Live animals; animal products,0.3845968135929785,1,7,1065,-2.0973055544102817,0.09297023418008275,5486.273372026005,242223.0,1.6992928562943533e-07,-0.1385036235802376,0.6717578516979813,12.903225806451612,-64.51612903225806,12.903225806451612,0.3970891633744669,0.2670500757640249,1.0105346096702106e-06,0.24254067152841877,0.09999999999999998,0.2688299860079264,0.09999999999999998,0.21818099020554846
2301,"Flours of fish, for animal feed",Agriculture,"4. Prepared foodstuffs; beverages, spirits and tobacco",0.20633239801514525,78.94736842105263,53.259644844665246,1703,Molasses,Agriculture,"4. Prepared foodstuffs; beverages, spirits and tobacco",0.3819489785617518,1,8,1065,-2.138165062926581,0.00282567239546942,4289.775828470995,11862365.0,8.321931485967958e-06,0.10081775214775335,0.7431385137355827,16.129032258064516,-38.70967741935483,16.129032258064516,0.3933212822503389,0.1838904765486943,4.948881974478298e-05,0.35841608599283126,0.1333333333333333,0.255793951801548,0.1333333333333333,0.21905576626108358
2301,"Flours of fish, for animal feed",Agriculture,"4. Prepared foodstuffs; beverages, spirits and tobacco",0.20633239801514525,78.94736842105263,53.259644844665246,0403,Fermented milk products,Agriculture,1. Live animals; animal products,0.37297595493015656,1,9,1065,0.5463082131645085,0.34246736450717385,1916.8935656210424,5272203.0,3.698664823255289e-06,0.04271967705299318,0.5706494231775714,12.903225806451612,-58.064516129032256,12.903225806451612,0.6408714009987031,0.49721461317616944,2.1995201119245954e-05,0.3302859680260954,0.09999999999999998,0.44787629944528756,0.09999999999999998,0.34351340961170124
2301,"Flours of fish, for animal feed",Agriculture,"4. Prepared foodstuffs; beverages, spirits and tobacco",0.20633239801514525,78.94736842105263,53.259644844665246,7612,"Aluminum containers, <300 liters",Metals,15. Base metals and articles of base metal,0.36825772365650483,1,10,1065,0.9118111031036,0.3840292636103308,2280.212593391148,103642636.0,7.270952426578648e-05,0.006497154131585026,1.0964438058211003,38.70967741935484,-22.58064516129032,38.70967741935484,0.6745764427337589,0.5355560372579101,0.0004323886283113152,0.3127476271917379,0.36666666666666664,0.4705233703700915,0.36666666666666664,0.43936635925906403
2301,"Flours of fish, for animal feed",Agriculture,"4. Prepared foodstuffs; beverages, spirits and tobacco",0.20633239801514525,78.94736842105263,53.259644844665246,4819,Cardboard packing containers,Agriculture,"10. Pulp, paper and paperboard",0.3679969013658712,1,11,1065,0.07411195265183647,0.2635653655114051,3106.8368565212654,286248688.0,0.00020081509627163036,0.059467742931911705,0.8513132779541759,22.58064516129032,-45.16129032258064,22.58064516129032,0.5973275738339736,0.42442643290352966,0.0011942061909756294,0.3383951019022216,0.19999999999999996,0.40855229857210573,0.19999999999999996,0.345986609000474
2302,Cereal residues,Agriculture,"4. Prepared foodstuffs; beverages, spirits and tobacco",0.2103930257147016,91.44736842105263,46.61733699922858,1207,Other oil seeds,Agriculture,2. Vegetable products,0.46623754581252774,1,1,1065,-5.179657069141335,-0.0083886596557211,6277.462999120389,143080371.0,0.0001003766992879478,0.14696457892968495,1.0032404260757406,54.83870967741935,3.225806451612904,54.83870967741935,0.1128484930382199,0.17354510085012587,0.00059691964371655,0.3807596090622098,0.5333333333333332,0.15744123716680997,0.5333333333333332,0.2702088660167669
2302,Cereal residues,Agriculture,"4. Prepared foodstuffs; beverages, spirits and tobacco",0.2103930257147016,91.44736842105263,46.61733699922858,1211,"Plants used in perfumery, pharmacy or insecticide",Agriculture,2. Vegetable products,0.4492264538981781,1,2,1065,-2.9773737947343117,-0.0002935463540088177,5090.524335164819,63844266.0,4.478934912421879e-05,0.055912798736486025,0.8164486682946729,6.451612903225806,-38.70967741935483,6.451612903225806,0.3159332065097709,0.18101295431178627,0.00026635307308550834,0.3366738572754524,0.033333333333333326,0.2244721878398257,0.033333333333333326,0.167130531487878
2302,Cereal residues,Agriculture,"4. Prepared foodstuffs; beverages, spirits and tobacco",0.2103930257147016,91.44736842105263,46.61733699922858,2523,Cements,Minerals,5. Mineral products,0.4387640439349932,1,3,1065,-2.4475386311528395,0.00018130962798397,3325.7202123725765,274831828.0,0.00019280570466170366,-0.019117358249943317,1.0531364561829253,54.83870967741935,-9.677419354838712,54.83870967741935,0.364792235515505,0.18145101549224743,0.0011465759817727071,0.30034550795151205,0.5333333333333332,0.23640895044270605,0.5333333333333332,0.32548626530989416
2302,Cereal residues,Agriculture,"4. Prepared foodstuffs; beverages, spirits and tobacco",0.2103930257147016,91.44736842105263,46.61733699922858,7801,Lead refined unwrought,Metals,15. Base metals and articles of base metal,0.4357050932796989,1,4,1065,-3.2059605332842893,0.0015002353432071657,4469.24216744003,173219439.0,0.00012152048123589235,0.0575359830180755,1.0959426092895925,77.41935483870968,19.354838709677416,77.41935483870968,0.2948539598745632,0.18266774262144267,0.0007226573784370511,0.3374597760042294,0.7666666666666667,0.21785996088100198,0.7666666666666667,0.3825019726167014
2302,Cereal residues,Agriculture,"4. Prepared foodstuffs; beverages, spirits and tobacco",0.2103930257147016,91.44736842105263,46.61733699922858,6305,Bags for packing goods,Textiles,11. Textiles and textile articles,0.4340743130968189,1,5,1065,-2.4549150605641286,-0.032798963894818824,5263.1238664386565,134095596.0,9.407351421761504e-05,0.055610393311787965,1.0138164127687836,51.61290322580645,-19.354838709677423,51.61290322580645,0.364112014187557,0.15102625914675266,0.0005594358948669377,0.3365274376177157,0.49999999999999994,0.2308614266938958,0.49999999999999994,0.31160299868572705
2302,Cereal residues,Agriculture,"4. Prepared foodstuffs; beverages, spirits and tobacco",0.2103930257147016,91.44736842105263,46.61733699922858,1703,Molasses,Agriculture,"4. Prepared foodstuffs; beverages, spirits and tobacco",0.41361490141269014,1,6,1065,-2.138165062926581,0.00282567239546942,4289.775828470995,11862365.0,8.321931485967958e-06,0.10081775214775335,0.7431385137355827,16.129032258064516,-38.70967741935483,16.129032258064516,0.3933212822503389,0.1838904765486943,4.948881974478298e-05,0.35841608599283126,0.1333333333333333,0.255793951801548,0.1333333333333333,0.21905576626108358
2302,Cereal residues,Agriculture,"4. Prepared foodstuffs; beverages, spirits and tobacco",0.2103930257147016,91.44736842105263,46.61733699922858,3915,Plastic waste,Chemicals,7. Plastics and articles thereof; rubber and articles thereof,0.40722352555430136,1,7,1065,-1.6085417230355448,0.12339685068146489,3755.4622816346514,18823638.0,1.3205547608142467e-05,0.07651206747635353,0.9153931565381412,19.35483870967742,-19.35483870967742,19.35483870967742,0.44216077782275914,0.2951190483525122,7.853068320887505e-05,0.3466476792779171,0.16666666666666666,0.31005687065551385,0.16666666666666666,0.2670398094588597
2302,Cereal residues,Agriculture,"4. Prepared foodstuffs; beverages, spirits and tobacco",0.2103930257147016,91.44736842105263,46.61733699922858,1102,Cereal flours,Agriculture,2. Vegetable products,0.4056834732079898,1,8,1065,-1.9432107424888434,0.05787950957856266,3104.479621170969,24621950.0,1.7273299291577082e-05,0.11152845554091395,1.310772979187565,67.74193548387096,9.677419354838698,67.74193548387096,0.41129909771406453,0.23467839924503114,0.0001027207681870402,0.3636020297519817,0.6666666666666666,0.2806478365137087,0.6666666666666666,0.3964534855595961
2302,Cereal residues,Agriculture,"4. Prepared foodstuffs; beverages, spirits and tobacco",0.2103930257147016,91.44736842105263,46.61733699922858,2202,"Waters, flavored or sweetened",Agriculture,"4. Prepared foodstuffs; beverages, spirits and tobacco",0.40411433114497464,1,9,1065,-0.8718666553184242,0.028322996570806825,2690.796230936914,549719543.0,0.0003856506163268132,0.126605395272126,0.9877170473358525,29.03225806451613,-22.580645161290317,29.03225806451613,0.5100936576605037,0.2074121091076352,0.002293385119553434,0.3709020322481851,0.26666666666666666,0.3071063309740094,0.26666666666666666,0.2949744316818066
2302,Cereal residues,Agriculture,"4. Prepared foodstuffs; beverages, spirits and tobacco",0.2103930257147016,91.44736842105263,46.61733699922858,7204,Ferrous waste and scrap,Metals,15. Base metals and articles of base metal,0.40243959538416496,1,10,1065,-1.334112964342541,0.046578806536481054,3612.505617420022,387000881.0,0.0002714968572195544,0.18840835090861052,0.9436888330185386,35.483870967741936,-29.032258064516128,35.483870967741936,0.4674673705191634,0.22425334511834524,0.001614536126723567,0.4008259915172599,0.3333333333333333,0.30246832961972553,0.3333333333333333,0.31172783073380783
2302,Cereal residues,Agriculture,"4. Prepared foodstuffs; beverages, spirits and tobacco",0.2103930257147016,91.44736842105263,46.61733699922858,7404,Copper waste and scrap,Metals,15. Base metals and articles of base metal,0.3948388236917748,1,11,1065,-2.252848295770676,0.09428479178945089,4867.770864766583,167709757.0,0.00011765521523594454,-0.019041741071975204,0.7124488069636759,16.129032258064516,-29.032258064516125,16.129032258064516,0.3827457074581245,0.2682627732554356,0.000699671434289398,0.3003821205265946,0.1333333333333333,0.2730152370438786,0.1333333333333333,0.23111066593071497
2303,Starch residues,Agriculture,"4. Prepared foodstuffs; beverages, spirits and tobacco",0.19200677023390647,32.89473684210527,51.917040675453535,1514,"Rapeseed, colza or mustard oil,",Agriculture,3. Animal or vegetable fats and oils,0.38186362220811426,1,1,1065,2.113034943089607,0.6304123303976537,2586.4524878265856,95053081.0,6.668360209892063e-05,-0.04539430549636281,0.7555427004721768,25.806451612903224,-45.16129032258065,25.806451612903224,0.7853479325751097,0.7628478081850729,0.00039655370508286125,0.2876226488095895,0.23333333333333328,0.5850713896432648,0.23333333333333328,0.4795499727502853
2303,Starch residues,Agriculture,"4. Prepared foodstuffs; beverages, spirits and tobacco",0.19200677023390647,32.89473684210527,51.917040675453535,8433,Harvesting or agricultural machinery,Machinery,"16. Machinery, mechanical appliances and electrical equipment",0.3720977758180806,1,2,1065,3.1027657454804705,0.8237845052740358,4460.732914157222,1070361592.0,0.0007509021880405458,0.13824643799774727,1.2380079339198609,70.96774193548387,16.12903225806452,70.96774193548387,0.8766164804287627,0.9412363015535277,0.004465461304573493,0.3765384307793487,0.7000000000000001,0.69339905750639,0.7000000000000001,0.695379340254473
2303,Starch residues,Agriculture,"4. Prepared foodstuffs; beverages, spirits and tobacco",0.19200677023390647,32.89473684210527,51.917040675453535,1205,Rape or colza seeds,Agriculture,2. Vegetable products,0.3683320666705945,1,3,1065,1.5691069667597983,0.5536794532034081,6649.318147038165,21012246.0,1.4740945130107216e-05,-0.031981971453120095,0.4919058346956197,6.666666666666667,-56.666666666666664,6.666666666666667,0.7351893274102758,0.6920606726354072,8.766137736674239e-05,0.2941166770236105,0.035555555555555556,0.5436681507761356,0.035555555555555556,0.39123437220996155
2303,Starch residues,Agriculture,"4. Prepared foodstuffs; beverages, spirits and tobacco",0.19200677023390647,32.89473684210527,51.917040675453535,8608,Railway track fixtures,Vehicles,"17. Vehicles, aircraft, vessels and associated transport equipment",0.35926156432897055,1,4,1065,2.5399907398120636,0.7496808986314845,4474.8242642645255,45273467.0,3.176117835745497e-05,0.09820887867063632,1.1847130236243864,61.29032258064516,19.354838709677416,61.29032258064516,0.8247198865149337,0.8728747042834756,0.00018887721357287358,0.35715291301245466,0.6,0.6477593753133474,0.6,0.6334315627193432
2303,Starch residues,Agriculture,"4. Prepared foodstuffs; beverages, spirits and tobacco",0.19200677023390647,32.89473684210527,51.917040675453535,3505,Dextrins and other modified starches,Chemicals,6. Products of the chemical or allied industries,0.35468195687998577,1,5,1065,1.8977605685295178,0.6590251299910985,4040.552793700428,68814327.0,4.82760490464587e-05,0.0856545883772517,0.9457822764128804,12.903225806451612,-38.70967741935483,12.903225806451612,0.7654962926051906,0.7892435097062,0.00028708776241175786,0.3510743352563836,0.09999999999999998,0.596863144261806,0.09999999999999998,0.4478042009832641
2303,Starch residues,Agriculture,"4. Prepared foodstuffs; beverages, spirits and tobacco",0.19200677023390647,32.89473684210527,51.917040675453535,8607,Parts of railway locomotives,Vehicles,"17. Vehicles, aircraft, vessels and associated transport equipment",0.3545175688717775,1,6,1065,2.8614169052616782,0.7803580890247209,3343.41085181649,127644875.0,8.95480710874218e-05,0.10538064514840695,0.6252145775054238,3.225806451612903,-64.51612903225806,3.225806451612903,0.8543603698583722,0.9011748347367069,0.0005325240127259914,0.36062536260257483,0.0,0.6686110046005729,0.0,0.468027703220401
2303,Starch residues,Agriculture,"4. Prepared foodstuffs; beverages, spirits and tobacco",0.19200677023390647,32.89473684210527,51.917040675453535,1501,"Pig and poultry fat, rendered",Agriculture,3. Animal or vegetable fats and oils,0.35191235361285683,1,7,1065,2.287690973627274,0.7289828794144371,3656.1984120010625,9851465.0,6.911203353328897e-06,-0.06659900901480242,0.8312062525781795,16.129032258064516,-64.51612903225806,16.129032258064516,0.8014539305318763,0.8537804966178649,4.109950887593144e-05,0.27735568539556127,0.1333333333333333,0.620941567238075,0.1333333333333333,0.4746590970666525
2303,Starch residues,Agriculture,"4. Prepared foodstuffs; beverages, spirits and tobacco",0.19200677023390647,32.89473684210527,51.917040675453535,8432,Machinery for soil preparation or cultivation,Machinery,"16. Machinery, mechanical appliances and electrical equipment",0.34997122276487963,1,8,1065,2.2376026442910835,0.6556662564677201,3436.404250766662,270216840.0,0.00018956810288966544,0.12363283506856493,1.104858734204967,45.16129032258064,9.677419354838705,45.16129032258064,0.7968350088292413,0.7861449026411779,0.0011273226280564509,0.36946276822690705,0.43333333333333324,0.6096314826428911,0.43333333333333324,0.5567420378500237
2303,Starch residues,Agriculture,"4. Prepared foodstuffs; beverages, spirits and tobacco",0.19200677023390647,32.89473684210527,51.917040675453535,8403,Central heating boilers,Machinery,"16. Machinery, mechanical appliances and electrical equipment",0.3481122696464542,1,9,1065,2.999998001288242,0.7896628276689537,2054.963085166561,12552060.0,8.805780578135892e-06,0.024977422120272097,0.4982511564542196,3.225806451612903,-61.29032258064516,3.225806451612903,0.8671396987059319,0.9097585842290681,5.236617105996153e-05,0.3216954644089049,0.0,0.6701765736142448,0.0,0.4691236015299713
2303,Starch residues,Agriculture,"4. Prepared foodstuffs; beverages, spirits and tobacco",0.19200677023390647,32.89473684210527,51.917040675453535,4406,Wooden railway ties,Agriculture,9. Wood and articles of wood,0.3474404852063003,1,10,1065,0.6076252477824665,0.5788699718084865,1759.6867421618138,7915699.0,5.5531847773648075e-06,-0.06471183504519351,0.8421350685661465,22.58064516129032,-32.25806451612903,22.58064516129032,0.6465257836800891,0.715299272832166,3.3023650930059805e-05,0.2782694235237569,0.19999999999999996,0.5183841368554922,0.19999999999999996,0.4228688957988445
2303,Starch residues,Agriculture,"4. Prepared foodstuffs; beverages, spirits and tobacco",0.19200677023390647,32.89473684210527,51.917040675453535,0209,Pig and poultry fat,Agriculture,1. Live animals; animal products,0.3447957930485862,1,11,1065,2.4933198710831794,0.7372737472438387,5112.10653971593,25418765.0,1.783229742028005e-05,0.04007812048781778,1.1267601472342774,61.29032258064516,-6.451612903225801,61.29032258064516,0.8204161077443185,0.8614289363261602,0.0001060450154096589,0.3290069704401514,0.6,0.6380127177430017,0.6,0.6266089024201011
2304,Solid soybean residues,Agriculture,"4. Prepared foodstuffs; beverages, spirits and tobacco",0.20997271250976857,89.47368421052632,45.59147198173916,4406,Wooden railway ties,Agriculture,9. Wood and articles of wood,0.30057845831357793,1,1,1065,0.6076252477824665,0.5788699718084865,1759.6867421618138,7915699.0,5.5531847773648075e-06,-0.06471183504519351,0.8421350685661465,22.58064516129032,-32.25806451612903,22.58064516129032,0.6465257836800891,0.715299272832166,3.3023650930059805e-05,0.2782694235237569,0.19999999999999996,0.5183841368554922,0.19999999999999996,0.4228688957988445
2304,Solid soybean residues,Agriculture,"4. Prepared foodstuffs; beverages, spirits and tobacco",0.20997271250976857,89.47368421052632,45.59147198173916,5302,Hemp fiber,Textiles,11. Textiles and textile articles,0.29670270335358095,1,2,1065,1.011058205286824,0.6043222807779148,3041.5093019568717,291533.0,2.0452225605085468e-07,0.4421270383903355,0.593655149536196,9.67741935483871,-61.29032258064516,9.67741935483871,0.6837285665972019,0.738779378243957,1.2162519098557341e-06,0.5236723439581172,0.06666666666666667,0.5764288147259097,0.06666666666666667,0.42350017030813675
2304,Solid soybean residues,Agriculture,"4. Prepared foodstuffs; beverages, spirits and tobacco",0.20997271250976857,89.47368421052632,45.59147198173916,2207,Ethyl alcohol > 80%,Agriculture,"4. Prepared foodstuffs; beverages, spirits and tobacco",0.2921900253260434,1,3,1065,-1.305157555686241,0.21697167510291027,4795.07981258578,618361862.0,0.0004338059947657633,-0.045286561211540066,0.9261118616830513,36.666666666666664,-40.00000000000001,36.666666666666664,0.47013750879735555,0.3814431120727994,0.002579755278611505,0.28767481679342305,0.3455555555555555,0.3415914031153594,0.3455555555555555,0.3427806488474182
2304,Solid soybean residues,Agriculture,"4. Prepared foodstuffs; beverages, spirits and tobacco",0.20997271250976857,89.47368421052632,45.59147198173916,1514,"Rapeseed, colza or mustard oil,",Agriculture,3. Animal or vegetable fats and oils,0.28458038157836263,1,4,1065,2.113034943089607,0.6304123303976537,2586.4524878265856,95053081.0,6.668360209892063e-05,-0.04539430549636281,0.7555427004721768,25.806451612903224,-45.16129032258065,25.806451612903224,0.7853479325751097,0.7628478081850729,0.00039655370508286125,0.2876226488095895,0.23333333333333328,0.5850713896432648,0.23333333333333328,0.4795499727502853
2304,Solid soybean residues,Agriculture,"4. Prepared foodstuffs; beverages, spirits and tobacco",0.20997271250976857,89.47368421052632,45.59147198173916,8432,Machinery for soil preparation or cultivation,Machinery,"16. Machinery, mechanical appliances and electrical equipment",0.2725650447161178,1,5,1065,2.2376026442910835,0.6556662564677201,3436.404250766662,270216840.0,0.00018956810288966544,0.12363283506856493,1.104858734204967,45.16129032258064,9.677419354838705,45.16129032258064,0.7968350088292413,0.7861449026411779,0.0011273226280564509,0.36946276822690705,0.43333333333333324,0.6096314826428911,0.43333333333333324,0.5567420378500237
2304,Solid soybean residues,Agriculture,"4. Prepared foodstuffs; beverages, spirits and tobacco",0.20997271250976857,89.47368421052632,45.59147198173916,4111,Composition leather,Agriculture,"8. Raw hides and skins, leather, furskins and articles thereof",0.27100755982397956,1,6,1065,0.6824698093876053,0.5391376668334548,3864.775403360165,1258048.0,8.825718363967908e-07,0.22157753918667145,0.9219678287134104,70.0,-6.666666666666671,70.0,0.65342761439602,0.6786456745206048,5.248473698312666e-06,0.41688595869518924,0.6900000000000001,0.5287593321961518,0.6900000000000001,0.5771315325373063
2304,Solid soybean residues,Agriculture,"4. Prepared foodstuffs; beverages, spirits and tobacco",0.20997271250976857,89.47368421052632,45.59147198173916,8608,Railway track fixtures,Vehicles,"17. Vehicles, aircraft, vessels and associated transport equipment",0.26944867524127375,1,7,1065,2.5399907398120636,0.7496808986314845,4474.8242642645255,45273467.0,3.176117835745497e-05,0.09820887867063632,1.1847130236243864,61.29032258064516,19.354838709677416,61.29032258064516,0.8247198865149337,0.8728747042834756,0.00018887721357287358,0.35715291301245466,0.6,0.6477593753133474,0.6,0.6334315627193432
2304,Solid soybean residues,Agriculture,"4. Prepared foodstuffs; beverages, spirits and tobacco",0.20997271250976857,89.47368421052632,45.59147198173916,8437,Machinery for processing grain,Machinery,"16. Machinery, mechanical appliances and electrical equipment",0.2675814606295607,1,8,1065,0.5081650370131754,0.43979362341397776,5310.825940794546,142198617.0,9.975811299630374e-05,0.07352122639696801,1.6621513027197004,87.09677419354838,32.25806451612903,87.09677419354838,0.6373540078960042,0.5869994268530695,0.0005932410379102676,0.34519956396177887,0.8666666666666667,0.4803926229121291,0.8666666666666667,0.5962748360384904
2304,Solid soybean residues,Agriculture,"4. Prepared foodstuffs; beverages, spirits and tobacco",0.20997271250976857,89.47368421052632,45.59147198173916,2716,Electrical energy,Minerals,5. Mineral products,0.2661441899820253,1,9,1065,-0.6037057978446352,0.26734592743873575,658.0772433992051,1077835.0,7.561450876935817e-07,-0.4851455760158978,0.7217619604068098,9.67741935483871,-38.70967741935484,9.67741935483871,0.5348222525407483,0.4279140533263428,4.496639753507682e-06,0.07470242562560059,0.06666666666666667,0.34816374539328493,0.06666666666666667,0.2637146217752994
2304,Solid soybean residues,Agriculture,"4. Prepared foodstuffs; beverages, spirits and tobacco",0.20997271250976857,89.47368421052632,45.59147198173916,0210,Preserved meat,Agriculture,1. Live animals; animal products,0.26597487539447784,1,10,1065,1.2637275288498118,0.602062769952719,3044.150915236552,59557309.0,4.178187443959302e-05,0.15552173562768035,0.6921537402921525,19.35483870967742,-45.16129032258064,19.35483870967742,0.7070286015087672,0.7366949484023105,0.0002484682379597442,0.38490284146675746,0.16666666666666666,0.5630759389245847,0.16666666666666666,0.4441531572472093
2304,Solid soybean residues,Agriculture,"4. Prepared foodstuffs; beverages, spirits and tobacco",0.20997271250976857,89.47368421052632,45.59147198173916,4412,Plywood,Agriculture,9. Wood and articles of wood,0.2619352631218933,1,11,1065,-0.5316568748550216,0.23368155892200915,5790.01749775928,150697800.0,0.00010572063552977018,0.012312284902605386,0.7713151785567778,12.903225806451612,-54.838709677419345,12.903225806451612,0.5414662819675347,0.39685820993140575,0.000628698936521963,0.3155632164227751,0.09999999999999998,0.3758423594685236,0.09999999999999998,0.29308965162796646
2305,Solid peanut residues,Agriculture,"4. Prepared foodstuffs; beverages, spirits and tobacco",0.22341898794894827,98.02631578947368,24.09993472607703,0801,Cashew nuts & coconuts,Agriculture,2. Vegetable products,0.20344883945829229,0,1,1065,-5.642787958458843,-0.09322285356848867,7671.657023310905,128836892.0,9.038431949185963e-05,0.05243996186792188,1.2563581348359256,80.64516129032258,-6.451612903225808,80.64516129032258,0.07014063385866202,0.09528438910139381,0.0005374970104752359,0.33499236764550167,0.7999999999999999,0.10822823773441607,0.7999999999999999,0.3157597664140912
2305,Solid peanut residues,Agriculture,"4. Prepared foodstuffs; beverages, spirits and tobacco",0.22341898794894827,98.02631578947368,24.09993472607703,1503,"Lard oil, tallow oil etc.",Agriculture,3. Animal or vegetable fats and oils,0.19792284109738853,0,2,1065,-0.4525177969222792,0.420888123884147,3553.7976265713205,720081.0,5.051661069565212e-07,0.211861240780703,0.6863851877130923,20.0,-70.0,20.0,0.5487641337712273,0.5695588432755175,3.0041192300728455e-06,0.4121814892284453,0.1733333333333333,0.453240715968512,0.1733333333333333,0.3692685011779584
2305,Solid peanut residues,Agriculture,"4. Prepared foodstuffs; beverages, spirits and tobacco",0.22341898794894827,98.02631578947368,24.09993472607703,6803,Worked slate,Stone,"13. Articles of stone, plaster, cement, ceramics and glass",0.19338297137541363,0,3,1065,1.9984032566185488,0.4452837587346078,3694.2113983330355,4386112.0,3.0770359497268794e-06,-0.029332796036233844,0.5763731396297299,20.0,-16.666666666666664,20.0,0.7747771111588668,0.592064152265928,1.8298501702521338e-05,0.29539936353035,0.1733333333333333,0.5227070915034859,0.1733333333333333,0.41789496405244014
2305,Solid peanut residues,Agriculture,"4. Prepared foodstuffs; beverages, spirits and tobacco",0.22341898794894827,98.02631578947368,24.09993472607703,2602,Manganese > 47% by weight,Minerals,5. Mineral products,0.19065063690169393,0,4,1065,-5.756922092179724,-0.17563545552474552,9829.649151479896,140850184.0,9.881213240647884e-05,-0.07289528352339303,0.9590962089913059,61.29032258064516,-25.806451612903224,61.29032258064516,0.059615694531649346,0.019257629269225095,0.0005876154853602561,0.2743071343998747,0.6,0.0688398758130913,0.6,0.2281879130691639
2305,Solid peanut residues,Agriculture,"4. Prepared foodstuffs; beverages, spirits and tobacco",0.22341898794894827,98.02631578947368,24.09993472607703,1207,Other oil seeds,Agriculture,2. Vegetable products,0.18671791114560338,0,5,1065,-5.179657069141335,-0.0083886596557211,6277.462999120389,143080371.0,0.0001003766992879478,0.14696457892968495,1.0032404260757406,54.83870967741935,3.225806451612904,54.83870967741935,0.1128484930382199,0.17354510085012587,0.00059691964371655,0.3807596090622098,0.5333333333333332,0.15744123716680997,0.5333333333333332,0.2702088660167669
2305,Solid peanut residues,Agriculture,"4. Prepared foodstuffs; beverages, spirits and tobacco",0.22341898794894827,98.02631578947368,24.09993472607703,4106,Tanned skins of other animals,Agriculture,"8. Raw hides and skins, leather, furskins and articles thereof",0.17112111565235127,0,6,1065,-3.7236133762143138,0.05941551943693196,4547.76594301018,1380700.0,9.686172026131348e-07,0.16571371776415678,0.9311132193626235,35.483870967741936,-25.806451612903224,35.483870967741936,0.2471183299917617,0.2360953894847528,5.760167843564235e-06,0.3898376290538905,0.3333333333333333,0.2276013102000402,0.3333333333333333,0.25932091714002814
2305,Solid peanut residues,Agriculture,"4. Prepared foodstuffs; beverages, spirits and tobacco",0.22341898794894827,98.02631578947368,24.09993472607703,5202,Cotton waste,Textiles,11. Textiles and textile articles,0.17081461599079695,0,7,1065,-3.5178173859286748,-0.012694174479806818,4609.659860229449,7494571.0,5.257746358228091e-06,-0.0009981819751720966,1.103651790817027,51.61290322580645,12.903225806451609,51.61290322580645,0.26609591575761027,0.1695732041533276,3.126673924495477e-05,0.30911851058951795,0.49999999999999994,0.1988566585681427,0.49999999999999994,0.28919966099769984
2305,Solid peanut residues,Agriculture,"4. Prepared foodstuffs; beverages, spirits and tobacco",0.22341898794894827,98.02631578947368,24.09993472607703,2829,Sodium chlorate,Chemicals,6. Products of the chemical or allied industries,0.16992285737357932,0,8,1065,0.6211651271989737,0.47313825335736553,4624.23536141213,17941365.0,1.2586597216890858e-05,0.0774252206385142,0.9652871954184721,48.38709677419355,-12.903225806451609,48.38709677419355,0.6477743708004181,0.617760307012442,7.484991217690218e-05,0.347089812793208,0.4666666666666667,0.49501183664030873,0.4666666666666667,0.48650828564821613
2305,Solid peanut residues,Agriculture,"4. Prepared foodstuffs; beverages, spirits and tobacco",0.22341898794894827,98.02631578947368,24.09993472607703,5203,"Cotton, carded or combed",Textiles,11. Textiles and textile articles,0.16868590220368554,0,9,1065,-3.415123942204964,0.04091365721285639,7425.781415570738,8369693.0,5.871680032150893e-06,0.018714859213313506,1.6289474126748453,96.7741935483871,38.70967741935484,96.7741935483871,0.27556584582355603,0.21902716687840573,3.491767688788634e-05,0.31866323600788615,0.9666666666666668,0.2209122774984027,0.9666666666666668,0.4446385942488819
2305,Solid peanut residues,Agriculture,"4. Prepared foodstuffs; beverages, spirits and tobacco",0.22341898794894827,98.02631578947368,24.09993472607703,7227,Bars of other alloy steel,Metals,15. Base metals and articles of base metal,0.16275308094981072,0,10,1065,1.7754348199138752,0.6774781494018128,3812.6570719779556,42073111.0,2.951599846603311e-05,-0.13275852562310164,0.8689492407620165,22.58064516129032,-32.25806451612903,22.58064516129032,0.7542159591910026,0.8062666741448301,0.00017552558923800152,0.24532235204022737,0.19999999999999996,0.5829936033119612,0.19999999999999996,0.46809552231837276
2305,Solid peanut residues,Agriculture,"4. Prepared foodstuffs; beverages, spirits and tobacco",0.22341898794894827,98.02631578947368,24.09993472607703,6908,Glazed ceramic flags and pavers,Stone,"13. Articles of stone, plaster, cement, ceramics and glass",0.16076090720120054,0,11,1065,-2.035716176545074,0.10805087148874806,3817.1100484265203,0.0,0.0,0.0,0.49847910029179027,38.88888888888889,-22.22222222222222,38.88888888888889,0.40276866033201186,0.2809621712878442,0.0,0.30960181363644446,0.3685185185185185,0.2857460631124163,0.3685185185185185,0.31057779973424693
2306,Solid vegetable oil and fat residues,Agriculture,"4. Prepared foodstuffs; beverages, spirits and tobacco",0.20128195838220778,61.8421052631579,53.65662447362208,4412,Plywood,Agriculture,9. Wood and articles of wood,0.4274023231118703,1,1,1065,-0.5316568748550216,0.23368155892200915,5790.01749775928,150697800.0,0.00010572063552977018,0.012312284902605386,0.7713151785567778,12.903225806451612,-54.838709677419345,12.903225806451612,0.5414662819675347,0.39685820993140575,0.000628698936521963,0.3155632164227751,0.09999999999999998,0.3758423594685236,0.09999999999999998,0.29308965162796646
2306,Solid vegetable oil and fat residues,Agriculture,"4. Prepared foodstuffs; beverages, spirits and tobacco",0.20128195838220778,61.8421052631579,53.65662447362208,4404,Strips and other pieces of wood,Agriculture,9. Wood and articles of wood,0.42681732863983096,1,2,1065,0.09346111784139328,0.308289960905173,2108.4185739547916,89640.0,6.28861056292036e-08,-0.06793535867636646,0.5884607433460304,9.67741935483871,-32.25806451612903,9.67741935483871,0.5991118673052541,0.46568548785240405,3.739707724321706e-07,0.2767086472008657,0.06666666666666667,0.41418542748092607,0.06666666666666667,0.30992979923664826
2306,Solid vegetable oil and fat residues,Agriculture,"4. Prepared foodstuffs; beverages, spirits and tobacco",0.20128195838220778,61.8421052631579,53.65662447362208,4408,Sheets for veneering for plywood,Agriculture,9. Wood and articles of wood,0.40963221975962355,1,3,1065,-1.6468928059682173,0.21356831843817362,3723.4340878795288,16695095.0,1.1712288126501438e-05,0.07507542026115255,0.829973012553726,6.451612903225806,-16.129032258064512,6.451612903225806,0.43862421248658434,0.37830346869750003,6.965057533443184e-05,0.34595207868229894,0.033333333333333326,0.3378279478030745,0.033333333333333326,0.24647956346215216
2306,Solid vegetable oil and fat residues,Agriculture,"4. Prepared foodstuffs; beverages, spirits and tobacco",0.20128195838220778,61.8421052631579,53.65662447362208,4421,Other articles of wood,Agriculture,9. Wood and articles of wood,0.40103964326026015,1,4,1065,0.3634930748014515,0.35630791930913613,5157.206882852176,74950549.0,5.258085833758144e-05,0.10504768302642242,0.6922524284065408,6.451612903225806,-38.70967741935483,6.451612903225806,0.6240130066113052,0.509982715516043,0.0003126875803630662,0.3604641479021807,0.033333333333333326,0.45101502806695337,0.033333333333333326,0.32571051964686737
2306,Solid vegetable oil and fat residues,Agriculture,"4. Prepared foodstuffs; beverages, spirits and tobacco",0.20128195838220778,61.8421052631579,53.65662447362208,4415,Packing boxes,Agriculture,9. Wood and articles of wood,0.3972489954667296,1,5,1065,1.2943562328459752,0.4265870025515598,1420.2302711694051,5276749.0,3.7018540271396083e-06,0.07658027324716454,0.4863176066629946,3.225806451612903,-77.41935483870968,3.225806451612903,0.7098530435990975,0.5748161372994344,2.2014166660650202e-05,0.3466807033733936,0.0,0.5016396209454943,0.0,0.351147734661846
2306,Solid vegetable oil and fat residues,Agriculture,"4. Prepared foodstuffs; beverages, spirits and tobacco",0.20128195838220778,61.8421052631579,53.65662447362208,4418,Wood carpentry for construction,Agriculture,9. Wood and articles of wood,0.3970692685358164,1,6,1065,0.8932118073917645,0.42128126895715523,3269.0905833452566,34307967.0,2.4068434144190444e-05,0.020527599736889446,0.5603860616816045,6.451612903225806,-58.064516129032256,6.451612903225806,0.6728612988717924,0.5699215250175728,0.0001431300414945049,0.3195409347042389,0.033333333333333326,0.48292659807313776,0.033333333333333326,0.3480486186511964
2306,Solid vegetable oil and fat residues,Agriculture,"4. Prepared foodstuffs; beverages, spirits and tobacco",0.20128195838220778,61.8421052631579,53.65662447362208,5601,Wadding of textile materials,Textiles,11. Textiles and textile articles,0.38526694370496833,1,7,1065,0.9706663811179432,0.36298270427127366,3907.9067651076653,70771280.0,4.964893116459108e-05,0.06572467661455517,1.0394782011021584,45.16129032258064,-9.677419354838712,45.16129032258064,0.6800038132317934,0.5161402965315915,0.00029525201079443807,0.34142460472681135,0.43333333333333324,0.4699084169278256,0.43333333333333324,0.4589358918494779
2306,Solid vegetable oil and fat residues,Agriculture,"4. Prepared foodstuffs; beverages, spirits and tobacco",0.20128195838220778,61.8421052631579,53.65662447362208,6308,Needlecraft sets of woven fabric and yarn,Textiles,11. Textiles and textile articles,0.3803310216897272,1,8,1065,1.2767925286503041,0.36082059549777323,4771.158650105625,390330.0,2.738323695922249e-07,-0.1065435986827713,0.6493208978127634,3.225806451612903,-54.83870967741936,3.225806451612903,0.7082333973548889,0.5141457214235129,1.628424939797514e-06,0.25801518198542056,0.0,0.46653521313399465,0.0,0.32657464919379625
2306,Solid vegetable oil and fat residues,Agriculture,"4. Prepared foodstuffs; beverages, spirits and tobacco",0.20128195838220778,61.8421052631579,53.65662447362208,4407,Wood sawn lengthwise,Agriculture,9. Wood and articles of wood,0.3787058941777049,1,9,1065,-2.132157812136246,0.12778516559593844,4082.9111362209105,78957189.0,5.539167924630737e-05,0.005533815408224285,0.7367960433291072,3.225806451612903,-61.29032258064516,3.225806451612903,0.3938752440497515,0.29916732927255507,0.0003294029558166319,0.3122811946656023,0.0,0.2894564903060201,0.0,0.20261954321421408
2306,Solid vegetable oil and fat residues,Agriculture,"4. Prepared foodstuffs; beverages, spirits and tobacco",0.20128195838220778,61.8421052631579,53.65662447362208,4413,Densified wood,Agriculture,9. Wood and articles of wood,0.37487180668943504,1,10,1065,0.21467125786239122,0.44244540760870443,4514.979528712201,5009169.0,3.514135774749355e-06,0.007602578593266296,0.7207604796971684,12.903225806451612,-25.806451612903228,12.903225806451612,0.610289324284597,0.589445734278313,2.089784471411517e-05,0.3132828552601324,0.09999999999999998,0.4669028334627454,0.09999999999999998,0.35683198342392175
2306,Solid vegetable oil and fat residues,Agriculture,"4. Prepared foodstuffs; beverages, spirits and tobacco",0.20128195838220778,61.8421052631579,53.65662447362208,6904,Ceramic building bricks,Stone,"13. Articles of stone, plaster, cement, ceramics and glass",0.3719372718250933,1,11,1065,-0.2114248418089587,0.33870214209031785,3323.1086996680115,9525383.0,6.682443568681619e-06,0.08691826024939031,0.6908553582407054,12.903225806451612,-41.935483870967744,12.903225806451612,0.5709966477616819,0.4937411436629395,3.973912135455452e-05,0.35168618407885366,0.09999999999999998,0.42541711547864874,0.09999999999999998,0.32779198083505406
2307,Wine lees,Agriculture,"4. Prepared foodstuffs; beverages, spirits and tobacco",0.1945693542095577,40.131578947368425,37.98337276382764,4416,"Casks, barrels, etc. of wood",Agriculture,9. Wood and articles of wood,0.31044243719980447,1,1,1065,2.1802656857866523,0.6129320487212677,5597.854888095627,21678255.0,1.520817752997335e-05,-0.011923329919271586,0.9630216740156889,45.16129032258064,-12.903225806451623,45.16129032258064,0.7915476509654632,0.7467220076974892,9.043991262083407e-05,0.3038287363591274,0.43333333333333324,0.5839822569727955,0.43333333333333324,0.5387875798809568
2307,Wine lees,Agriculture,"4. Prepared foodstuffs; beverages, spirits and tobacco",0.1945693542095577,40.131578947368425,37.98337276382764,4703,"Chemical woodpulp, soda or sulfate",Agriculture,"10. Pulp, paper and paperboard",0.29303160645573917,1,2,1065,1.7239292449165957,0.4965747031522535,8556.58777508857,5508925420.0,0.003864735228307952,0.09038716064115482,0.8379680303193789,20.0,-40.0,20.0,0.7494663454323792,0.6393807545845303,0.022982787757570504,0.35336576773246064,0.1733333333333333,0.542548768329423,0.1733333333333333,0.43178413783059605
2307,Wine lees,Agriculture,"4. Prepared foodstuffs; beverages, spirits and tobacco",0.1945693542095577,40.131578947368425,37.98337276382764,9302,Revolvers and pistols,Machinery,19. Arms and ammunition,0.27587973520002923,1,3,1065,2.586549408653248,0.6157717370149229,7027.449642076574,54680460.0,3.836056652625438e-05,0.00895170993058958,0.9370951548293522,66.66666666666666,13.333333333333321,66.66666666666666,0.8290133187137387,0.7493416592407633,0.00022812242149873282,0.3139360821288303,0.6555555555555554,0.5995488729666251,0.6555555555555554,0.6163508777433041
2307,Wine lees,Agriculture,"4. Prepared foodstuffs; beverages, spirits and tobacco",0.1945693542095577,40.131578947368425,37.98337276382764,0203,Pork,Agriculture,1. Live animals; animal products,0.27278263556218807,1,4,1065,2.801076233937259,0.6966820985594492,5854.33638103792,1110462635.0,0.0007790347006012246,0.1256471772855341,0.8750767546162774,19.35483870967742,-48.38709677419354,19.35483870967742,0.848796023032962,0.8239825816126194,0.004632759586881008,0.3704380790972982,0.16666666666666666,0.6417331374285802,0.16666666666666666,0.4992131962000061
2307,Wine lees,Agriculture,"4. Prepared foodstuffs; beverages, spirits and tobacco",0.1945693542095577,40.131578947368425,37.98337276382764,4704,"Chemical woodpulp, sulfite",Agriculture,"10. Pulp, paper and paperboard",0.27122704670735637,1,5,1065,3.1261046638659415,0.5705190797309923,3352.8833405316523,4318183.0,3.0293809935768774e-06,0.05370709775423954,0.6828927404934216,9.67741935483871,-54.83870967741935,9.67741935483871,0.8787686910949069,0.7075954599286854,1.801510745218059e-05,0.3356058936858027,0.06666666666666667,0.6055710391772455,0.06666666666666667,0.44389972742407185
2307,Wine lees,Agriculture,"4. Prepared foodstuffs; beverages, spirits and tobacco",0.1945693542095577,40.131578947368425,37.98337276382764,2514,Slate,Minerals,5. Mineral products,0.2703133862324113,1,6,1065,1.0691036390048634,0.505546673069446,3626.3965102222605,297775.0,2.0890127291093375e-07,0.1232934696389103,0.6256414753189493,16.129032258064516,-54.83870967741936,16.129032258064516,0.6890812568764004,0.6476575203451586,1.2422930249998841e-06,0.3692984531518474,0.1333333333333333,0.5232535263442765,0.1333333333333333,0.4062774684409935
2307,Wine lees,Agriculture,"4. Prepared foodstuffs; beverages, spirits and tobacco",0.1945693542095577,40.131578947368425,37.98337276382764,9303,Other firearms,Machinery,19. Arms and ammunition,0.26001017691685857,1,7,1065,2.185195895007334,0.708023621252569,6291.764140639973,24643876.0,1.7288681272300263e-05,-0.013837819656272066,0.7093567847374403,12.903225806451612,-54.838709677419345,12.903225806451612,0.7920022928085778,0.834445292429329,0.00010281224167160455,0.30290177239241955,0.09999999999999998,0.614707342528381,0.09999999999999998,0.46029513976986663
2307,Wine lees,Agriculture,"4. Prepared foodstuffs; beverages, spirits and tobacco",0.1945693542095577,40.131578947368425,37.98337276382764,4504,Agglomerated cork,Agriculture,9. Wood and articles of wood,0.25810243875249866,1,8,1065,1.3278328317755719,0.5195239519137836,3577.252095061956,30819339.0,2.1621019720841522e-05,0.22124319332297526,1.1688994850034429,45.16129032258064,-16.12903225806452,45.16129032258064,0.7129401058224847,0.6605517524963257,0.00012857576987593622,0.416724074010161,0.43333333333333324,0.5432500478785891,0.43333333333333324,0.5102750335150124
2307,Wine lees,Agriculture,"4. Prepared foodstuffs; beverages, spirits and tobacco",0.1945693542095577,40.131578947368425,37.98337276382764,6803,Worked slate,Stone,"13. Articles of stone, plaster, cement, ceramics and glass",0.2562854162328045,1,9,1065,1.9984032566185488,0.4452837587346078,3694.2113983330355,4386112.0,3.0770359497268794e-06,-0.029332796036233844,0.5763731396297299,20.0,-16.666666666666664,20.0,0.7747771111588668,0.592064152265928,1.8298501702521338e-05,0.29539936353035,0.1733333333333333,0.5227070915034859,0.1733333333333333,0.41789496405244014
2307,Wine lees,Agriculture,"4. Prepared foodstuffs; beverages, spirits and tobacco",0.1945693542095577,40.131578947368425,37.98337276382764,4503,Articles of natural cork,Agriculture,9. Wood and articles of wood,0.2538498669119477,1,10,1065,1.2887033955507745,0.43695770734656436,4096.6519360149205,10409034.0,7.3023606829760344e-06,-0.11326407994581567,0.9757481889283117,38.70967741935484,-22.58064516129032,38.70967741935484,0.7093317642270303,0.5843832552404336,4.342564129019106e-05,0.2547612371617008,0.36666666666666664,0.49102095623406095,0.36666666666666664,0.45371466936384264
2307,Wine lees,Agriculture,"4. Prepared foodstuffs; beverages, spirits and tobacco",0.1945693542095577,40.131578947368425,37.98337276382764,4109,Patent leather,Agriculture,"8. Raw hides and skins, leather, furskins and articles thereof",0.24841531375734902,1,11,1065,1.3857707899481657,0.5382721968623245,4066.5534275788996,1731089.0,1.214429336318077e-06,0.1550103757054202,1.0906240834015037,56.666666666666664,-6.666666666666664,56.666666666666664,0.7182828851875852,0.6778472665578033,7.221962187403322e-06,0.38465524952996477,0.5522222222222222,0.5463449238347088,0.5522222222222222,0.5481081133509628
2308,Vegetable materials for animal feeding,Agriculture,"4. Prepared foodstuffs; beverages, spirits and tobacco",0.20441758750098413,72.36842105263158,56.898537643566705,2207,Ethyl alcohol > 80%,Agriculture,"4. Prepared foodstuffs; beverages, spirits and tobacco",0.3976577061713208,1,1,1065,-1.305157555686241,0.21697167510291027,4795.07981258578,618361862.0,0.0004338059947657633,-0.045286561211540066,0.9261118616830513,36.666666666666664,-40.00000000000001,36.666666666666664,0.47013750879735555,0.3814431120727994,0.002579755278611505,0.28767481679342305,0.3455555555555555,0.3415914031153594,0.3455555555555555,0.3427806488474182
2308,Vegetable materials for animal feeding,Agriculture,"4. Prepared foodstuffs; beverages, spirits and tobacco",0.20441758750098413,72.36842105263158,56.898537643566705,6904,Ceramic building bricks,Stone,"13. Articles of stone, plaster, cement, ceramics and glass",0.38028626491261275,1,2,1065,-0.2114248418089587,0.33870214209031785,3323.1086996680115,9525383.0,6.682443568681619e-06,0.08691826024939031,0.6908553582407054,12.903225806451612,-41.935483870967744,12.903225806451612,0.5709966477616819,0.4937411436629395,3.973912135455452e-05,0.35168618407885366,0.09999999999999998,0.42541711547864874,0.09999999999999998,0.32779198083505406
2308,Vegetable materials for animal feeding,Agriculture,"4. Prepared foodstuffs; beverages, spirits and tobacco",0.20441758750098413,72.36842105263158,56.898537643566705,4417,Wooden tools,Agriculture,9. Wood and articles of wood,0.37125537061262315,1,3,1065,0.5103222267639275,0.24285555176746643,5274.107789443464,7104850.0,4.984341226903695e-06,0.01071547793909744,0.9560049668246173,29.03225806451613,-38.70967741935483,29.03225806451613,0.6375529342864128,0.4053213446244933,2.9640855003510792e-05,0.3147900691510226,0.26666666666666666,0.41222895411972105,0.26666666666666666,0.36856026788380475
2308,Vegetable materials for animal feeding,Agriculture,"4. Prepared foodstuffs; beverages, spirits and tobacco",0.20441758750098413,72.36842105263158,56.898537643566705,8309,"Stoppers, caps and lids of metal",Metals,15. Base metals and articles of base metal,0.3665241102653562,1,4,1065,0.8891013031198322,0.40694032455444656,3115.4857717600053,190653619.0,0.0001337512675482367,0.020457209866526993,1.2128746317546997,51.61290322580645,-22.58064516129032,51.61290322580645,0.6724822465527788,0.5566918063824309,0.0007953913561403253,0.31950685310422494,0.49999999999999994,0.4782562551963781,0.49999999999999994,0.4847793786374646
2308,Vegetable materials for animal feeding,Agriculture,"4. Prepared foodstuffs; beverages, spirits and tobacco",0.20441758750098413,72.36842105263158,56.898537643566705,4404,Strips and other pieces of wood,Agriculture,9. Wood and articles of wood,0.36405901473805935,1,5,1065,0.09346111784139328,0.308289960905173,2108.4185739547916,89640.0,6.28861056292036e-08,-0.06793535867636646,0.5884607433460304,9.67741935483871,-32.25806451612903,9.67741935483871,0.5991118673052541,0.46568548785240405,3.739707724321706e-07,0.2767086472008657,0.06666666666666667,0.41418542748092607,0.06666666666666667,0.30992979923664826
2308,Vegetable materials for animal feeding,Agriculture,"4. Prepared foodstuffs; beverages, spirits and tobacco",0.20441758750098413,72.36842105263158,56.898537643566705,4421,Other articles of wood,Agriculture,9. Wood and articles of wood,0.3628233833992957,1,6,1065,0.3634930748014515,0.35630791930913613,5157.206882852176,74950549.0,5.258085833758144e-05,0.10504768302642242,0.6922524284065408,6.451612903225806,-38.70967741935483,6.451612903225806,0.6240130066113052,0.509982715516043,0.0003126875803630662,0.3604641479021807,0.033333333333333326,0.45101502806695337,0.033333333333333326,0.32571051964686737
2308,Vegetable materials for animal feeding,Agriculture,"4. Prepared foodstuffs; beverages, spirits and tobacco",0.20441758750098413,72.36842105263158,56.898537643566705,0401,Milk,Agriculture,1. Live animals; animal products,0.36147394106710223,1,7,1065,1.122868685927484,0.47019076745366956,2395.1577594812147,12302107.0,8.630428383129908e-06,-0.005651590582289701,0.5508169358116639,6.451612903225806,-58.064516129032256,6.451612903225806,0.6940392290300984,0.6150412106899167,5.1323387520450845e-05,0.30686540783435545,0.033333333333333326,0.5042156635852866,0.033333333333333326,0.3629509645097006
2308,Vegetable materials for animal feeding,Agriculture,"4. Prepared foodstuffs; beverages, spirits and tobacco",0.20441758750098413,72.36842105263158,56.898537643566705,0506,"Bones, simply prepared",Agriculture,1. Live animals; animal products,0.36073667449155844,1,8,1065,-0.9125515058275415,0.05821980779387901,5051.020336278767,4067423.0,2.8534626552504706e-06,0.4063768989584402,0.5731945243340715,6.451612903225806,-77.41935483870968,6.451612903225806,0.5063418827166097,0.23499232903335288,1.696895717445757e-05,0.506362723322559,0.033333333333333326,0.3354239279544469,0.033333333333333326,0.24479674956811284
2308,Vegetable materials for animal feeding,Agriculture,"4. Prepared foodstuffs; beverages, spirits and tobacco",0.20441758750098413,72.36842105263158,56.898537643566705,4418,Wood carpentry for construction,Agriculture,9. Wood and articles of wood,0.36068836658206976,1,9,1065,0.8932118073917645,0.42128126895715523,3269.0905833452566,34307967.0,2.4068434144190444e-05,0.020527599736889446,0.5603860616816045,6.451612903225806,-58.064516129032256,6.451612903225806,0.6728612988717924,0.5699215250175728,0.0001431300414945049,0.3195409347042389,0.033333333333333326,0.48292659807313776,0.033333333333333326,0.3480486186511964
2308,Vegetable materials for animal feeding,Agriculture,"4. Prepared foodstuffs; beverages, spirits and tobacco",0.20441758750098413,72.36842105263158,56.898537643566705,5601,Wadding of textile materials,Textiles,11. Textiles and textile articles,0.35528993867765485,1,10,1065,0.9706663811179432,0.36298270427127366,3907.9067651076653,70771280.0,4.964893116459108e-05,0.06572467661455517,1.0394782011021584,45.16129032258064,-9.677419354838712,45.16129032258064,0.6800038132317934,0.5161402965315915,0.00029525201079443807,0.34142460472681135,0.43333333333333324,0.4699084169278256,0.43333333333333324,0.4589358918494779
2308,Vegetable materials for animal feeding,Agriculture,"4. Prepared foodstuffs; beverages, spirits and tobacco",0.20441758750098413,72.36842105263158,56.898537643566705,4805,Other uncoated paper and paperboard,Agriculture,"10. Pulp, paper and paperboard",0.352614449847925,1,11,1065,1.0377360127300639,0.4492945318287237,2533.2282147427964,239985618.0,0.00016835967116284812,0.04707545170328564,1.041385420312912,41.935483870967744,-25.806451612903217,41.935483870967744,0.6861886746784924,0.595764145659287,0.0010012004343604621,0.33239496138860175,0.39999999999999997,0.4986929113916671,0.39999999999999997,0.46908503797416695
2309,Animal feed,Agriculture,"4. Prepared foodstuffs; beverages, spirits and tobacco",0.19709417595884443,48.68421052631579,58.15087141744276,2106,Food preparations n.e.c.,Agriculture,"4. Prepared foodstuffs; beverages, spirits and tobacco",0.436423538973977,1,1,1065,0.6998019731540277,0.315353789889144,4910.754358528246,1782543466.0,0.0012505267368532207,0.04978126955503104,1.0914301642499133,87.09677419354838,16.129032258064512,87.09677419354838,0.6550259090174482,0.4722019673338421,0.007436626024921226,0.33370507321660897,0.8666666666666667,0.4457010116091811,0.8666666666666667,0.5719907081264267
2309,Animal feed,Agriculture,"4. Prepared foodstuffs; beverages, spirits and tobacco",0.19709417595884443,48.68421052631579,58.15087141744276,1904,Cereal foods,Agriculture,"4. Prepared foodstuffs; beverages, spirits and tobacco",0.4283564160892411,1,2,1065,-0.15692956411748427,0.2453216282272983,2365.0340307697093,40687077.0,2.8543639245487955e-05,-0.05644077898582389,0.7924290150891609,19.35483870967742,-48.38709677419354,19.35483870967742,0.5760219585307997,0.40759633410776336,0.0001697431683812718,0.28227413077576247,0.16666666666666666,0.3866329835151186,0.16666666666666666,0.320643088460583
2309,Animal feed,Agriculture,"4. Prepared foodstuffs; beverages, spirits and tobacco",0.19709417595884443,48.68421052631579,58.15087141744276,4818,Toilet paper,Agriculture,"10. Pulp, paper and paperboard",0.42716630587604937,1,3,1065,0.613180070247051,0.3235237717395007,2590.2961169650957,378324639.0,0.00026541012059665684,0.031507083373629285,0.9564213870885229,29.03225806451613,-9.677419354838708,29.03225806451613,0.6470380245628652,0.4797388880622998,0.0015783395523979486,0.3248570173698278,0.26666666666666666,0.44333722295714156,0.26666666666666666,0.3903360560699991
2309,Animal feed,Agriculture,"4. Prepared foodstuffs; beverages, spirits and tobacco",0.19709417595884443,48.68421052631579,58.15087141744276,4819,Cardboard packing containers,Agriculture,"10. Pulp, paper and paperboard",0.4267691514092538,1,4,1065,0.07411195265183647,0.2635653655114051,3106.8368565212654,286248688.0,0.00020081509627163036,0.059467742931911705,0.8513132779541759,22.58064516129032,-45.16129032258064,22.58064516129032,0.5973275738339736,0.42442643290352966,0.0011942061909756294,0.3383951019022216,0.19999999999999996,0.40855229857210573,0.19999999999999996,0.345986609000474
2309,Animal feed,Agriculture,"4. Prepared foodstuffs; beverages, spirits and tobacco",0.19709417595884443,48.68421052631579,58.15087141744276,3923,Packing lids,Chemicals,7. Plastics and articles thereof; rubber and articles thereof,0.4232743407289519,1,5,1065,0.13134109788973256,0.26857641814684186,3784.4849413864363,1144171694.0,0.0008026829764260243,0.05362786835584554,0.9510639747679929,25.806451612903224,-19.354838709677416,25.806451612903224,0.6026049896405252,0.42904919794403795,0.004773391033023261,0.33556753213389895,0.23333333333333328,0.41213010412963536,0.23333333333333328,0.35849107289074467
2309,Animal feed,Agriculture,"4. Prepared foodstuffs; beverages, spirits and tobacco",0.19709417595884443,48.68421052631579,58.15087141744276,3402,Cleaning products,Chemicals,6. Products of the chemical or allied industries,0.42313843532481615,1,6,1065,0.728774185690104,0.3557484621059717,3078.035858220077,985847225.0,0.000691611922418644,0.07089945070080517,1.1171381545670882,48.38709677419355,-6.451612903225801,48.38709677419355,0.657697596874275,0.509466608544394,0.004112874255169143,0.3439301439423532,0.4666666666666667,0.4607139246261625,0.4666666666666667,0.4624997472383138
2309,Animal feed,Agriculture,"4. Prepared foodstuffs; beverages, spirits and tobacco",0.19709417595884443,48.68421052631579,58.15087141744276,4821,Paper labels,Agriculture,"10. Pulp, paper and paperboard",0.41532301538250466,1,7,1065,0.5296451691319882,0.3462748314970352,3094.323371220219,43499280.0,3.0516514021355462e-05,0.10453554500625839,0.930017315413995,29.03225806451613,-54.83870967741936,29.03225806451613,0.6393348096063812,0.5007270538895539,0.00018147545004287453,0.3602161792233739,0.26666666666666666,0.4530813004245897,0.26666666666666666,0.3971569102972128
2309,Animal feed,Agriculture,"4. Prepared foodstuffs; beverages, spirits and tobacco",0.19709417595884443,48.68421052631579,58.15087141744276,0407,"Eggs, in shell",Agriculture,1. Live animals; animal products,0.4151618137836454,1,8,1065,0.06429642001430184,0.2928506722760923,2010.4260036827216,83321613.0,5.845350018199045e-05,0.07886678400198299,0.7406938928906011,22.58064516129032,-51.61290322580645,22.58064516129032,0.5964224293158139,0.45144253154815234,0.0003476109769511869,0.3477877937057384,0.19999999999999996,0.41897304700479154,0.19999999999999996,0.35328113290335406
2309,Animal feed,Agriculture,"4. Prepared foodstuffs; beverages, spirits and tobacco",0.19709417595884443,48.68421052631579,58.15087141744276,4707,Paper waste,Agriculture,"10. Pulp, paper and paperboard",0.41104820178609197,1,9,1065,0.3020460228763848,0.31146369599581664,5655.0141038262145,109875566.0,7.708217815199166e-05,0.0599023912495662,1.1431655929534894,83.87096774193549,41.935483870967744,83.87096774193549,0.6183466343153827,0.4686133021645326,0.0004583919041548633,0.3386055513608262,0.8333333333333334,0.4312955692577175,0.8333333333333334,0.5519068984804023
2309,Animal feed,Agriculture,"4. Prepared foodstuffs; beverages, spirits and tobacco",0.19709417595884443,48.68421052631579,58.15087141744276,7612,"Aluminum containers, <300 liters",Metals,15. Base metals and articles of base metal,0.41021836931227534,1,10,1065,0.9118111031036,0.3840292636103308,2280.212593391148,103642636.0,7.270952426578648e-05,0.006497154131585026,1.0964438058211003,38.70967741935484,-22.58064516129032,38.70967741935484,0.6745764427337589,0.5355560372579101,0.0004323886283113152,0.3127476271917379,0.36666666666666664,0.4705233703700915,0.36666666666666664,0.43936635925906403
2309,Animal feed,Agriculture,"4. Prepared foodstuffs; beverages, spirits and tobacco",0.19709417595884443,48.68421052631579,58.15087141744276,0403,Fermented milk products,Agriculture,1. Live animals; animal products,0.409818184554998,1,11,1065,0.5463082131645085,0.34246736450717385,1916.8935656210424,5272203.0,3.698664823255289e-06,0.04271967705299318,0.5706494231775714,12.903225806451612,-58.064516129032256,12.903225806451612,0.6408714009987031,0.49721461317616944,2.1995201119245954e-05,0.3302859680260954,0.09999999999999998,0.44787629944528756,0.09999999999999998,0.34351340961170124
2401,Unmanufactured tobacco,Agriculture,"4. Prepared foodstuffs; beverages, spirits and tobacco",0.20729435354394937,84.21052631578947,48.872880006330746,2402,Cigars and cigarettes,Agriculture,"4. Prepared foodstuffs; beverages, spirits and tobacco",0.4320665272866708,1,1,1065,-1.1480128633020525,0.12750430104851282,2492.6499900725457,65457773.0,4.592128990551575e-05,0.0013170196539540324,0.6268598205645416,9.67741935483871,-38.70967741935484,9.67741935483871,0.48462868947210813,0.2989082278610521,0.0002730844927543472,0.3102394925641853,0.06666666666666667,0.32081480762514697,0.06666666666666667,0.24457036533760285
2401,Unmanufactured tobacco,Agriculture,"4. Prepared foodstuffs; beverages, spirits and tobacco",0.20729435354394937,84.21052631578947,48.872880006330746,6109,"T-shirts, knit",Textiles,11. Textiles and textile articles,0.41687261137307785,1,2,1065,-1.2110008138068797,0.08180679198238267,5458.6799416056665,900823876.0,0.0006319645852236124,0.10737494017791271,0.8784544209561908,19.35483870967742,-9.677419354838712,19.35483870967742,0.47882022240109634,0.25675164665587313,0.003758163774353658,0.3615909669595001,0.16666666666666666,0.3122525237800174,0.16666666666666666,0.26857676664601215
2401,Unmanufactured tobacco,Agriculture,"4. Prepared foodstuffs; beverages, spirits and tobacco",0.20729435354394937,84.21052631578947,48.872880006330746,6106,"Women's shirts, knit",Textiles,11. Textiles and textile articles,0.4103083846278886,1,3,1065,-1.482624028662491,0.04412587299270238,6282.5030373967975,197847717.0,0.0001387982198768271,0.1383203809945781,0.9230735547209182,25.806451612903224,-35.483870967741936,25.806451612903224,0.45377234440909453,0.22199048015606537,0.0008254045465242246,0.3765742327438763,0.23333333333333328,0.29312693419136604,0.23333333333333328,0.2751888539339562
2401,Unmanufactured tobacco,Agriculture,"4. Prepared foodstuffs; beverages, spirits and tobacco",0.20729435354394937,84.21052631578947,48.872880006330746,6305,Bags for packing goods,Textiles,11. Textiles and textile articles,0.40485897296060414,1,4,1065,-2.4549150605641286,-0.032798963894818824,5263.1238664386565,134095596.0,9.407351421761504e-05,0.055610393311787965,1.0138164127687836,51.61290322580645,-19.354838709677423,51.61290322580645,0.364112014187557,0.15102625914675266,0.0005594358948669377,0.3365274376177157,0.49999999999999994,0.2308614266938958,0.49999999999999994,0.31160299868572705
2401,Unmanufactured tobacco,Agriculture,"4. Prepared foodstuffs; beverages, spirits and tobacco",0.20729435354394937,84.21052631578947,48.872880006330746,6105,"Men's shirts, knit",Textiles,11. Textiles and textile articles,0.40344707867428903,1,5,1065,-1.6464172531571526,0.034429651692284145,6819.224040626706,227771421.0,0.0001597909152199889,0.13029496889202274,0.785671791843339,9.67741935483871,-25.806451612903224,9.67741935483871,0.4386680658398282,0.21304558252405353,0.0009502438001934754,0.3726884621945365,0.06666666666666667,0.2841455828265681,0.06666666666666667,0.21890190797859765
2401,Unmanufactured tobacco,Agriculture,"4. Prepared foodstuffs; beverages, spirits and tobacco",0.20729435354394937,84.21052631578947,48.872880006330746,1703,Molasses,Agriculture,"4. Prepared foodstuffs; beverages, spirits and tobacco",0.402266305241054,1,6,1065,-2.138165062926581,0.00282567239546942,4289.775828470995,11862365.0,8.321931485967958e-06,0.10081775214775335,0.7431385137355827,16.129032258064516,-38.70967741935483,16.129032258064516,0.3933212822503389,0.1838904765486943,4.948881974478298e-05,0.35841608599283126,0.1333333333333333,0.255793951801548,0.1333333333333333,0.21905576626108358
2401,Unmanufactured tobacco,Agriculture,"4. Prepared foodstuffs; beverages, spirits and tobacco",0.20729435354394937,84.21052631578947,48.872880006330746,3401,Soap,Chemicals,6. Products of the chemical or allied industries,0.4016255226887815,1,7,1065,-1.245160097860525,0.10295960222856827,4136.942510257405,235220151.0,0.00016501650225237864,0.04508124414722858,1.298805350707208,70.96774193548387,19.354838709677423,70.96774193548387,0.47567020600899723,0.2762654053067138,0.0009813192945234473,0.33142939938485994,0.7000000000000001,0.3130390717624063,0.7000000000000001,0.4291273502336844
2401,Unmanufactured tobacco,Agriculture,"4. Prepared foodstuffs; beverages, spirits and tobacco",0.20729435354394937,84.21052631578947,48.872880006330746,6103,"Men's suits, knit",Textiles,11. Textiles and textile articles,0.4003450508250554,1,8,1065,-1.0371063500420774,0.0883587749224479,6975.117796605378,341065449.0,0.00023927128349270142,0.0673850049483069,0.9107887054073042,22.58064516129032,-29.032258064516128,22.58064516129032,0.49485599207630887,0.2627959411155142,0.0014228972491349297,0.3422285079854954,0.19999999999999996,0.3167258874023326,0.19999999999999996,0.2817081211816328
2401,Unmanufactured tobacco,Agriculture,"4. Prepared foodstuffs; beverages, spirits and tobacco",0.20729435354394937,84.21052631578947,48.872880006330746,6203,Men's suits and pants,Textiles,11. Textiles and textile articles,0.3953905851103633,1,9,1065,-1.3216465066411607,0.08099072585777965,6099.610669128956,837794869.0,0.0005877471734442079,0.07592317104389368,0.7881266068307489,9.67741935483871,-25.806451612903224,9.67741935483871,0.4686169714899885,0.25599881442160766,0.00349521189535519,0.34636254545742023,0.06666666666666667,0.306094188671975,0.06666666666666667,0.2342659320703825
2401,Unmanufactured tobacco,Agriculture,"4. Prepared foodstuffs; beverages, spirits and tobacco",0.20729435354394937,84.21052631578947,48.872880006330746,6205,Men's shirts,Textiles,11. Textiles and textile articles,0.3926207560710655,1,10,1065,-1.2196986054347456,0.09294072291764689,7003.352848764278,390001825.0,0.000273602141482956,0.09269863708516723,0.9079125115270171,9.67741935483871,-19.354838709677423,9.67741935483871,0.4780181509595576,0.26702285121816305,0.0016270558204507612,0.35448494603469094,0.06666666666666667,0.31418115104047345,0.06666666666666667,0.2399268057283314
2401,Unmanufactured tobacco,Agriculture,"4. Prepared foodstuffs; beverages, spirits and tobacco",0.20729435354394937,84.21052631578947,48.872880006330746,0709,Other vegetables,Agriculture,2. Vegetable products,0.3921060070022355,1,11,1065,-1.1623047356362484,0.0857029113782196,2274.6228224453253,12332208.0,8.65154545882764e-06,0.045225391474933874,0.49844537812737444,3.225806451612903,-74.19354838709678,3.225806451612903,0.48331075692832864,0.2603458704341974,5.144896643857869e-05,0.3314991931142791,0.0,0.31001241588899175,0.0,0.2170086911222942
2508,Clays,Minerals,5. Mineral products,0.19338972611837119,36.84210526315789,57.70522648836083,0701,Potatoes,Agriculture,2. Vegetable products,0.38162594829080093,1,1,1065,-0.5397975790352212,0.05230451138390772,1714.998782509877,25329515.0,1.7769684915512017e-05,0.05009133816726674,0.743843356843749,9.67741935483871,-58.06451612903225,9.67741935483871,0.5407155826387493,0.22953538666262563,0.00010567267168543343,0.33385520326180834,0.06666666666666667,0.31968197064550524,0.06666666666666667,0.24377737945185365
2508,Clays,Minerals,5. Mineral products,0.19338972611837119,36.84210526315789,57.70522648836083,6308,Needlecraft sets of woven fabric and yarn,Textiles,11. Textiles and textile articles,0.3765427903387681,1,2,1065,1.2767925286503041,0.36082059549777323,4771.158650105625,390330.0,2.738323695922249e-07,-0.1065435986827713,0.6493208978127634,3.225806451612903,-54.83870967741936,3.225806451612903,0.7082333973548889,0.5141457214235129,1.628424939797514e-06,0.25801518198542056,0.0,0.46653521313399465,0.0,0.32657464919379625
2508,Clays,Minerals,5. Mineral products,0.19338972611837119,36.84210526315789,57.70522648836083,7325,Other cast articles of iron or steel,Metals,15. Base metals and articles of base metal,0.371317920570423,1,3,1065,1.568606165802238,0.5648927514007727,4248.115237423845,116865543.0,8.198593129754836e-05,0.07752242703681955,0.8060350641832089,22.58064516129032,-29.032258064516128,22.58064516129032,0.7351431457858887,0.7024050945895888,0.00048755351836696843,0.34713687850832836,0.19999999999999996,0.5552855489354213,0.19999999999999996,0.44869988425479485
2508,Clays,Minerals,5. Mineral products,0.19338972611837119,36.84210526315789,57.70522648836083,9306,Munitions of war,Machinery,19. Arms and ammunition,0.36652957550612825,1,4,1065,2.0879139253454353,0.6290244109260417,5232.646155937064,175294253.0,0.00012297604763889268,0.11355365929093542,0.6985802479772993,19.35483870967742,-67.74193548387096,19.35483870967742,0.7830313846768552,0.7615674333658112,0.0007313133333035514,0.3645825995953347,0.16666666666666666,0.5954066732542289,0.16666666666666666,0.4667846712779602
2508,Clays,Minerals,5. Mineral products,0.19338972611837119,36.84210526315789,57.70522648836083,8438,Machinery for the industrial preparation of food or drink,Machinery,"16. Machinery, mechanical appliances and electrical equipment",0.3649751675322671,1,5,1065,1.647137834689545,0.5691650650979359,4713.510914853528,735448179.0,0.0005159468080031173,0.0950368345974304,1.3510399483873712,93.54838709677419,29.032258064516128,93.54838709677419,0.742384985044154,0.70634636278974,0.0030682298481086935,0.35561706223203843,0.9333333333333333,0.5608587655538849,0.9333333333333333,0.6726011358877194
2508,Clays,Minerals,5. Mineral products,0.19338972611837119,36.84210526315789,57.70522648836083,5805,Hand-woven tapestries,Textiles,11. Textiles and textile articles,0.362629303661178,1,6,1065,0.33696286884333243,0.29168894897114445,6140.218148805405,1328794.0,9.322030326132527e-07,0.3679106050355514,1.2840231896849383,90.32258064516128,35.48387096774193,90.32258064516128,0.6215665096787993,0.45037082580655247,5.5436202430079625e-06,0.4877379860308482,0.8999999999999999,0.44833959686753677,0.8999999999999999,0.5838377178072757
2508,Clays,Minerals,5. Mineral products,0.19338972611837119,36.84210526315789,57.70522648836083,2828,Hyopchlorites,Chemicals,6. Products of the chemical or allied industries,0.3618897212599339,1,7,1065,0.09586739291781586,0.23013524795190035,4300.205725910668,49142876.0,3.447572613854144e-05,0.04295215443654121,1.6590829824687174,96.7741935483871,45.161290322580655,96.7741935483871,0.5993337632303188,0.39358668924142975,0.00020502007248168652,0.3303985296938123,0.9666666666666668,0.39711269083005607,0.9666666666666668,0.5679788835810393
2508,Clays,Minerals,5. Mineral products,0.19338972611837119,36.84210526315789,57.70522648836083,3922,"Baths, sinks etc.",Chemicals,7. Plastics and articles thereof; rubber and articles thereof,0.36172117606297016,1,8,1065,2.114758026065546,0.6129304372231633,4194.777885698726,59292495.0,4.1596096648695076e-05,0.022769775658747493,0.7766025807035498,19.35483870967742,-38.70967741935485,19.35483870967742,0.7855068275803632,0.7467205210683033,0.0002473634555397213,0.32062655885067004,0.16666666666666666,0.5844106603729647,0.16666666666666666,0.4590874622610753
2508,Clays,Minerals,5. Mineral products,0.19338972611837119,36.84210526315789,57.70522648836083,3306,Dental hygiene products,Chemicals,6. Products of the chemical or allied industries,0.36056189531604815,1,9,1065,1.3358323666627192,0.4874415097188003,3440.893965439912,226716894.0,0.00015905112164222397,0.041937060230283096,1.3364207597451987,93.54838709677419,35.48387096774193,93.54838709677419,0.7136777871504688,0.6309552579106787,0.0009458443995158697,0.32990703802695726,0.9333333333333333,0.5202494981353726,0.9333333333333333,0.6441746486947608
2508,Clays,Minerals,5. Mineral products,0.19338972611837119,36.84210526315789,57.70522648836083,2001,Pickled fruits and vegetables,Agriculture,"4. Prepared foodstuffs; beverages, spirits and tobacco",0.36047925291096156,1,10,1065,-0.3490575802788582,0.18503000890787247,3880.9401292406756,19937362.0,1.3986870288929831e-05,0.09326006061151482,0.6494356206143264,6.451612903225806,-51.612903225806456,6.451612903225806,0.5583047722063039,0.35197648528508546,8.31770489446654e-05,0.3547567779327306,0.033333333333333326,0.3718244333692376,0.033333333333333326,0.27027710335846633
2508,Clays,Minerals,5. Mineral products,0.19338972611837119,36.84210526315789,57.70522648836083,7407,"Copper bars, rods and profiles",Metals,15. Base metals and articles of base metal,0.36015300934148387,1,11,1065,1.1385219835238305,0.5474993673284195,3039.468044241678,44307242.0,3.108333222390324e-05,0.19217853288142495,0.7480140304670432,3.225806451612903,-58.064516129032256,3.225806451612903,0.6954827061223425,0.6863594583379953,0.00018484620164077546,0.40265145068227265,0.0,0.5440702020937052,0.0,0.38084914146559357
2509,Chalk,Minerals,5. Mineral products,0.18760593381466772,21.052631578947366,53.96458731271164,0208,Other meat,Agriculture,1. Live animals; animal products,0.3727391523070021,1,1,1065,1.2324486841889166,0.5851984640255247,4554.969098997806,592005.0,4.15315584147888e-07,0.7301428674613866,0.45468403860011625,9.67741935483871,-74.19354838709678,9.67741935483871,0.7041442063542023,0.7211373940231446,2.4697965989927173e-06,0.6631247997381298,0.06666666666666667,0.5983176505622807,0.06666666666666667,0.4388223553935965
2509,Chalk,Minerals,5. Mineral products,0.18760593381466772,21.052631578947366,53.96458731271164,6806,Mineral wools and insulating materials,Stone,"13. Articles of stone, plaster, cement, ceramics and glass",0.36113637718004904,1,2,1065,2.7623105898925657,0.7359659511528415,2915.817068977038,77152139.0,5.4125363260519844e-05,0.09666503524409098,0.7737926165964616,22.58064516129032,-35.48387096774194,22.58064516129032,0.845221228725233,0.8602224764285287,0.0003218724343666242,0.3564054098010306,0.19999999999999996,0.650414389139126,0.19999999999999996,0.5152900723973881
2509,Chalk,Minerals,5. Mineral products,0.18760593381466772,21.052631578947366,53.96458731271164,6801,"Flagstones, of natural stone",Stone,"13. Articles of stone, plaster, cement, ceramics and glass",0.35996937015798114,1,3,1065,0.9643172374786935,0.48482795792344224,4783.420839251781,558016.0,3.914709183264801e-07,-0.0733764930326184,0.475270479102092,3.225806451612903,-45.16129032258065,3.225806451612903,0.6794183236030289,0.6285442204001765,2.3279972618196133e-06,0.274074140789688,0.0,0.4988983607191644,0.0,0.34922885250341507
2509,Chalk,Minerals,5. Mineral products,0.18760593381466772,21.052631578947366,53.96458731271164,3213,Artists' colors,Chemicals,6. Products of the chemical or allied industries,0.3583138870614314,1,4,1065,1.6897592511771191,0.6230042633161772,5733.086849310824,31054946.0,2.1786307613400424e-05,0.06821241853624693,1.0450868984438055,32.25806451612903,-19.354838709677416,32.25806451612903,0.7463153414409537,0.7560137643197555,0.00012955870307295123,0.34262912783043986,0.3,0.5772289899962751,0.3,0.4940602929973926
2509,Chalk,Minerals,5. Mineral products,0.18760593381466772,21.052631578947366,53.96458731271164,3816,Refractory cements,Chemicals,6. Products of the chemical or allied industries,0.35626146865484004,1,5,1065,2.314354774509582,0.7007790720641441,3533.913103258798,55878366.0,3.920094630369588e-05,0.08001396690566076,1.1882531709887223,87.09677419354838,12.903225806451616,87.09677419354838,0.8039127469907645,0.8277620960714097,0.00023311998767589848,0.34834324051455684,0.8666666666666667,0.6233726491470959,0.8666666666666667,0.6963608544029671
2509,Chalk,Minerals,5. Mineral products,0.18760593381466772,21.052631578947366,53.96458731271164,2815,Sodium hydroxide,Chemicals,6. Products of the chemical or allied industries,0.35610244966565974,1,6,1065,0.9131193112673213,0.4988419721093298,4619.909773871369,892608243.0,0.0006262009845470308,0.07755644790925942,2.6692794782893885,100.0,19.354838709677423,100.0,0.6746970798394292,0.6414723414096382,0.0037238888232266026,0.34715335084675786,1.0,0.5132908833876711,1.0,0.6593036183713697
2509,Chalk,Minerals,5. Mineral products,0.18760593381466772,21.052631578947366,53.96458731271164,3212,"Pigments, nonaqueous",Chemicals,6. Products of the chemical or allied industries,0.35518371093614215,1,7,1065,2.4147436762545285,0.6778856725156647,4596.751209920645,66378284.0,4.656706580889419e-05,0.07479510121388167,1.0991900815316604,74.19354838709677,-3.225806451612911,74.19354838709677,0.8131701625028926,0.8066426198274979,0.0002769247896051093,0.3458163528797626,0.7333333333333333,0.6188484654660419,0.7333333333333333,0.6531939258262293
2509,Chalk,Minerals,5. Mineral products,0.18760593381466772,21.052631578947366,53.96458731271164,5704,Carpets of felt,Textiles,11. Textiles and textile articles,0.35414440100594097,1,8,1065,1.4159550316389657,0.5120293747406994,2929.800904963929,4471840.0,3.1371776282563346e-06,0.011132694916581531,0.6739772920899731,16.129032258064516,-45.16129032258064,16.129032258064516,0.7210663409520498,0.6536379018805648,1.865615192986477e-05,0.314992078645747,0.1333333333333333,0.5283980952110666,0.1333333333333333,0.4098786666477466
2509,Chalk,Minerals,5. Mineral products,0.18760593381466772,21.052631578947366,53.96458731271164,5809,Woven fabric incorporating metal threads,Textiles,11. Textiles and textile articles,0.3536102155086944,1,9,1065,1.480941833808945,0.5951380293389816,4811.750651948302,1155834.0,8.108645583871589e-07,0.3042965749823747,0.8555980667538072,22.58064516129032,-35.48387096774194,22.58064516129032,0.7270591331834108,0.7303067798571636,4.822045222929111e-06,0.4569371347665569,0.19999999999999996,0.578619363085968,0.19999999999999996,0.46503355416017755
2509,Chalk,Minerals,5. Mineral products,0.18760593381466772,21.052631578947366,53.96458731271164,7212,"Flat-rolled iron, width < 600mm, clad",Metals,15. Base metals and articles of base metal,0.35276441164581923,1,10,1065,2.3281747023173347,0.6808877925588117,3026.0915313158,81578921.0,5.7230930869282195e-05,0.10559874371976452,1.0110699119104936,41.935483870967744,-19.354838709677416,41.935483870967744,0.8051871589211691,0.8094121168957839,0.000340340607993675,0.36073096228949486,0.39999999999999997,0.6192704419705568,0.39999999999999997,0.5534893093793897
2509,Chalk,Minerals,5. Mineral products,0.18760593381466772,21.052631578947366,53.96458731271164,5703,"Carpets, tufted",Textiles,11. Textiles and textile articles,0.3520738339498544,1,11,1065,1.3870510473535838,0.3772356059507491,4578.927444163185,119296562.0,8.369138999478845e-05,0.06603607659256983,0.8949592428436033,22.58064516129032,-32.25806451612903,22.58064516129032,0.7184009447993394,0.5292887945425165,0.00049769553145518,0.34157537939709265,0.19999999999999996,0.4880023700089317,0.19999999999999996,0.40160165900625217
2512,Siliceous fossil meals and earths,Minerals,5. Mineral products,0.19402496655696166,38.81578947368421,51.84800432628519,8309,"Stoppers, caps and lids of metal",Metals,15. Base metals and articles of base metal,0.33406035974323967,1,1,1065,0.8891013031198322,0.40694032455444656,3115.4857717600053,190653619.0,0.0001337512675482367,0.020457209866526993,1.2128746317546997,51.61290322580645,-22.58064516129032,51.61290322580645,0.6724822465527788,0.5566918063824309,0.0007953913561403253,0.31950685310422494,0.49999999999999994,0.4782562551963781,0.49999999999999994,0.4847793786374646
2512,Siliceous fossil meals and earths,Minerals,5. Mineral products,0.19402496655696166,38.81578947368421,51.84800432628519,4006,Unvulcanized rubber rods,Chemicals,7. Plastics and articles thereof; rubber and articles thereof,0.315480804896032,1,2,1065,2.6176662552696475,0.6802702690422725,3475.7418881649046,17301739.0,1.2137873564512623e-05,0.1160128067930668,1.1512504092347655,48.38709677419355,-12.903225806451609,48.38709677419355,0.8318827751332046,0.8088424429506806,7.218144464803449e-05,0.36577327775841895,0.4666666666666667,0.6291306452098198,0.4666666666666667,0.5803914516468738
2512,Siliceous fossil meals and earths,Minerals,5. Mineral products,0.19402496655696166,38.81578947368421,51.84800432628519,2206,Other fermented beverages,Agriculture,"4. Prepared foodstuffs; beverages, spirits and tobacco",0.3142580212567145,1,3,1065,1.4008334717546598,0.5051767845155458,3373.229725654306,13835192.0,9.705949860690681e-06,0.10624578665908047,0.7014184974466166,3.225806451612903,-77.41935483870968,3.225806451612903,0.7196718983333208,0.6473162930621398,5.771929316139433e-05,0.36104424967780874,0.0,0.5326111623340567,0.0,0.37282781363383966
2512,Siliceous fossil meals and earths,Minerals,5. Mineral products,0.19402496655696166,38.81578947368421,51.84800432628519,7607,Aluminum foil < 0.2 mm,Metals,15. Base metals and articles of base metal,0.3103957539107619,1,4,1065,2.095245452267461,0.6398534122875316,4526.331051992017,349139683.0,0.0002449356870201323,0.03446739097558327,1.1148473690874103,83.87096774193549,25.806451612903224,83.87096774193549,0.7837074652980774,0.7715573361985019,0.001456582295161013,0.32629034888597475,0.8333333333333334,0.5935047202009731,0.8333333333333334,0.6654533041406812
2512,Siliceous fossil meals and earths,Minerals,5. Mineral products,0.19402496655696166,38.81578947368421,51.84800432628519,6805,Natural or artificial abrasive powder,Stone,"13. Articles of stone, plaster, cement, ceramics and glass",0.30910262566764696,1,5,1065,3.145148117516903,0.7895264638430308,4243.4248979260965,164299134.0,0.00011526252449253321,0.08600020497842364,1.1110491678173373,45.16129032258064,3.225806451612897,45.16129032258064,0.880524793215446,0.9096327867224109,0.0006854425931717616,0.3512416770443236,0.43333333333333324,0.6793442209238741,0.43333333333333324,0.6055409546467119
2512,Siliceous fossil meals and earths,Minerals,5. Mineral products,0.19402496655696166,38.81578947368421,51.84800432628519,1601,Sausages,Agriculture,"4. Prepared foodstuffs; beverages, spirits and tobacco",0.3081169888350382,1,6,1065,2.043368640464142,0.5947646928800601,1823.922517945249,24521414.0,1.7202769198811154e-05,0.07771939615915868,0.5520797388957102,12.903225806451612,-32.258064516129025,12.903225806451612,0.7789236177416221,0.7299623718342974,0.00010230134019086393,0.34723224766880684,0.09999999999999998,0.5802102787029214,0.09999999999999998,0.4361471950920449
2512,Siliceous fossil meals and earths,Minerals,5. Mineral products,0.19402496655696166,38.81578947368421,51.84800432628519,0209,Pig and poultry fat,Agriculture,1. Live animals; animal products,0.3066459601556296,1,7,1065,2.4933198710831794,0.7372737472438387,5112.10653971593,25418765.0,1.783229742028005e-05,0.04007812048781778,1.1267601472342774,61.29032258064516,-6.451612903225801,61.29032258064516,0.8204161077443185,0.8614289363261602,0.0001060450154096589,0.3290069704401514,0.6,0.6380127177430017,0.6,0.6266089024201011
2512,Siliceous fossil meals and earths,Minerals,5. Mineral products,0.19402496655696166,38.81578947368421,51.84800432628519,2006,"Vegetables, fruits and nuts, preserved by sugar",Agriculture,"4. Prepared foodstuffs; beverages, spirits and tobacco",0.3054921567938828,1,8,1065,-0.3271795429024701,0.25965548930458054,4558.893014684624,6417882.0,4.502405236141951e-06,0.06348687436385991,0.8912760746768192,58.06451612903226,-12.903225806451609,58.06451612903226,0.5603222669598342,0.4208195182776871,2.6774880510023696e-05,0.34034109823893527,0.5666666666666667,0.3944548058010493,0.5666666666666667,0.44611836406073446
2512,Siliceous fossil meals and earths,Minerals,5. Mineral products,0.19402496655696166,38.81578947368421,51.84800432628519,3506,Glues and adhesives,Chemicals,6. Products of the chemical or allied industries,0.30196014066068616,1,9,1065,2.0539780568184516,0.6247376100881319,3866.938424492777,411308107.0,0.00028854936482541026,0.0680334381283727,1.2476520425662636,100.0,22.58064516129032,100.0,0.7799019706653602,0.757612800578885,0.0017159438920393115,0.3425424685051692,1.0,0.5897689317950671,1.0,0.7128382522565468
2512,Siliceous fossil meals and earths,Minerals,5. Mineral products,0.19402496655696166,38.81578947368421,51.84800432628519,3816,Refractory cements,Chemicals,6. Products of the chemical or allied industries,0.301191093923491,1,10,1065,2.314354774509582,0.7007790720641441,3533.913103258798,55878366.0,3.920094630369588e-05,0.08001396690566076,1.1882531709887223,87.09677419354838,12.903225806451616,87.09677419354838,0.8039127469907645,0.8277620960714097,0.00023311998767589848,0.34834324051455684,0.8666666666666667,0.6233726491470959,0.8666666666666667,0.6963608544029671
2512,Siliceous fossil meals and earths,Minerals,5. Mineral products,0.19402496655696166,38.81578947368421,51.84800432628519,2807,"Sulfiric acid, oleum",Chemicals,6. Products of the chemical or allied industries,0.30046373253230885,1,11,1065,0.7300445219831626,0.47299397816948135,5782.6246967581155,592622238.0,0.00041574860170775363,0.24693426752479963,5.9023279310829295,100.0,35.483870967741936,100.0,0.6578147416054213,0.6176272111654642,0.0024723716656106834,0.4291632632055129,1.0,0.5111500287004784,1.0,0.6578050200903349
2518,Dolomite,Minerals,5. Mineral products,0.18904435688896606,25.657894736842106,53.91693888128089,1601,Sausages,Agriculture,"4. Prepared foodstuffs; beverages, spirits and tobacco",0.37333433767169866,1,1,1065,2.043368640464142,0.5947646928800601,1823.922517945249,24521414.0,1.7202769198811154e-05,0.07771939615915868,0.5520797388957102,12.903225806451612,-32.258064516129025,12.903225806451612,0.7789236177416221,0.7299623718342974,0.00010230134019086393,0.34723224766880684,0.09999999999999998,0.5802102787029214,0.09999999999999998,0.4361471950920449
2518,Dolomite,Minerals,5. Mineral products,0.18904435688896606,25.657894736842106,53.91693888128089,2515,Marble,Minerals,5. Mineral products,0.3682059545960095,1,2,1065,-2.0999230544263314,0.003293431930838555,6533.583465874665,22487113.0,1.577562431296115e-05,0.12352877581584498,1.0854477456484264,74.19354838709677,32.258064516129025,74.19354838709677,0.39684778923021,0.18432199115945241,9.381440225769194e-05,0.3694123844740931,0.7333333333333333,0.25883535296783444,0.7333333333333333,0.4011847470774841
2518,Dolomite,Minerals,5. Mineral products,0.18904435688896606,25.657894736842106,53.91693888128089,7325,Other cast articles of iron or steel,Metals,15. Base metals and articles of base metal,0.3621522497021212,1,3,1065,1.568606165802238,0.5648927514007727,4248.115237423845,116865543.0,8.198593129754836e-05,0.07752242703681955,0.8060350641832089,22.58064516129032,-29.032258064516128,22.58064516129032,0.7351431457858887,0.7024050945895888,0.00048755351836696843,0.34713687850832836,0.19999999999999996,0.5552855489354213,0.19999999999999996,0.44869988425479485
2518,Dolomite,Minerals,5. Mineral products,0.18904435688896606,25.657894736842106,53.91693888128089,4410,Particle board and similar board,Agriculture,9. Wood and articles of wood,0.36062182262787856,1,4,1065,1.818506514041664,0.5799729409975771,1792.4882540695237,36200408.0,2.5396058470641088e-05,0.06229959592418033,0.980012737183174,25.806451612903224,-35.483870967741936,25.806451612903224,0.7581878381778381,0.716316777093053,0.00015102515107228614,0.339766237841012,0.23333333333333328,0.5670642047936245,0.23333333333333328,0.46694494335553716
2518,Dolomite,Minerals,5. Mineral products,0.18904435688896606,25.657894736842106,53.91693888128089,7212,"Flat-rolled iron, width < 600mm, clad",Metals,15. Base metals and articles of base metal,0.3602170787998553,1,5,1065,2.3281747023173347,0.6808877925588117,3026.0915313158,81578921.0,5.7230930869282195e-05,0.10559874371976452,1.0110699119104936,41.935483870967744,-19.354838709677416,41.935483870967744,0.8051871589211691,0.8094121168957839,0.000340340607993675,0.36073096228949486,0.39999999999999997,0.6192704419705568,0.39999999999999997,0.5534893093793897
2518,Dolomite,Minerals,5. Mineral products,0.18904435688896606,25.657894736842106,53.91693888128089,2105,Ice cream,Agriculture,"4. Prepared foodstuffs; beverages, spirits and tobacco",0.3575441823064297,1,6,1065,1.3565923475001525,0.4561680896782379,2334.2196934998683,37529366.0,2.6328376555924167e-05,0.08532763978667668,0.6764392780821085,16.129032258064516,-48.38709677419355,16.129032258064516,0.7155921797306787,0.602105097399834,0.0001565694555099246,0.3509160322074972,0.1333333333333333,0.5138549372451304,0.1333333333333333,0.39969845607159127
2518,Dolomite,Minerals,5. Mineral products,0.18904435688896606,25.657894736842106,53.91693888128089,2517,Gravel,Minerals,5. Mineral products,0.3545654909385813,1,7,1065,0.5069055512718947,0.34461961223812065,1313.0996886864566,6158883.0,4.3207069042381345e-06,-0.055845954985181745,0.5594861745890315,3.225806451612903,-38.70967741935484,3.225806451612903,0.6372378637542119,0.499200091336741,2.5694357795954534e-05,0.2825621346258077,0.0,0.44014145862937404,0.0,0.3080990210405618
2518,Dolomite,Minerals,5. Mineral products,0.18904435688896606,25.657894736842106,53.91693888128089,9306,Munitions of war,Machinery,19. Arms and ammunition,0.3513277461356212,1,8,1065,2.0879139253454353,0.6290244109260417,5232.646155937064,175294253.0,0.00012297604763889268,0.11355365929093542,0.6985802479772993,19.35483870967742,-67.74193548387096,19.35483870967742,0.7830313846768552,0.7615674333658112,0.0007313133333035514,0.3645825995953347,0.16666666666666666,0.5954066732542289,0.16666666666666666,0.4667846712779602
2518,Dolomite,Minerals,5. Mineral products,0.18904435688896606,25.657894736842106,53.91693888128089,6806,Mineral wools and insulating materials,Stone,"13. Articles of stone, plaster, cement, ceramics and glass",0.3499122745090969,1,9,1065,2.7623105898925657,0.7359659511528415,2915.817068977038,77152139.0,5.4125363260519844e-05,0.09666503524409098,0.7737926165964616,22.58064516129032,-35.48387096774194,22.58064516129032,0.845221228725233,0.8602224764285287,0.0003218724343666242,0.3564054098010306,0.19999999999999996,0.650414389139126,0.19999999999999996,0.5152900723973881
2518,Dolomite,Minerals,5. Mineral products,0.18904435688896606,25.657894736842106,53.91693888128089,6810,"Articles of cement, of concrete or of artificial stone",Stone,"13. Articles of stone, plaster, cement, ceramics and glass",0.3446277900149371,1,10,1065,1.848370789740591,0.5391906240110411,4625.51863510521,110660359.0,7.763274235876385e-05,0.032883636035546226,0.7552673468228066,9.67741935483871,-29.032258064516128,9.67741935483871,0.7609417881096355,0.6786945282459597,0.00046166599657353083,0.32552352118607286,0.06666666666666667,0.5527704888018552,0.06666666666666667,0.4069393421612986
2518,Dolomite,Minerals,5. Mineral products,0.18904435688896606,25.657894736842106,53.91693888128089,4822,"Bobbins, spools, cops of paper",Agriculture,"10. Pulp, paper and paperboard",0.34393771434459014,1,11,1065,1.7030937152413415,0.5026580644898542,2123.406119574064,5244227.0,3.6790385214806058e-06,0.054505251812756894,1.009523393864413,38.70967741935484,-29.03225806451612,38.70967741935484,0.7475449860762508,0.64499273916465,2.1878487527885375e-05,0.33599234655511206,0.36666666666666664,0.5377903375907113,0.36666666666666664,0.48645323631349785
2522,Quicklime,Minerals,5. Mineral products,0.2037413112724268,68.42105263157895,55.76455027942146,2716,Electrical energy,Minerals,5. Mineral products,0.44774898345231523,1,1,1065,-0.6037057978446352,0.26734592743873575,658.0772433992051,1077835.0,7.561450876935817e-07,-0.4851455760158978,0.7217619604068098,9.67741935483871,-38.70967741935484,9.67741935483871,0.5348222525407483,0.4279140533263428,4.496639753507682e-06,0.07470242562560059,0.06666666666666667,0.34816374539328493,0.06666666666666667,0.2637146217752994
2522,Quicklime,Minerals,5. Mineral products,0.2037413112724268,68.42105263157895,55.76455027942146,7214,"Other bars of iron, not further worked than forged",Metals,15. Base metals and articles of base metal,0.44042691126736033,1,2,1065,-1.277351463933497,0.11882771373743042,2800.08117641749,363241860.0,0.0002548289377165148,0.046094331579550785,1.190622793765619,77.41935483870968,12.903225806451616,77.41935483870968,0.472701662211221,0.29090395662092505,0.0015154154279774473,0.3319199194052799,0.7666666666666667,0.3172772668162397,0.7666666666666667,0.45209408677136775
2522,Quicklime,Minerals,5. Mineral products,0.2037413112724268,68.42105263157895,55.76455027942146,0407,"Eggs, in shell",Agriculture,1. Live animals; animal products,0.4337163429919133,1,3,1065,0.06429642001430184,0.2928506722760923,2010.4260036827216,83321613.0,5.845350018199045e-05,0.07886678400198299,0.7406938928906011,22.58064516129032,-51.61290322580645,22.58064516129032,0.5964224293158139,0.45144253154815234,0.0003476109769511869,0.3477877937057384,0.19999999999999996,0.41897304700479154,0.19999999999999996,0.35328113290335406
2522,Quicklime,Minerals,5. Mineral products,0.2037413112724268,68.42105263157895,55.76455027942146,4819,Cardboard packing containers,Agriculture,"10. Pulp, paper and paperboard",0.42240472451777256,1,4,1065,0.07411195265183647,0.2635653655114051,3106.8368565212654,286248688.0,0.00020081509627163036,0.059467742931911705,0.8513132779541759,22.58064516129032,-45.16129032258064,22.58064516129032,0.5973275738339736,0.42442643290352966,0.0011942061909756294,0.3383951019022216,0.19999999999999996,0.40855229857210573,0.19999999999999996,0.345986609000474
2522,Quicklime,Minerals,5. Mineral products,0.2037413112724268,68.42105263157895,55.76455027942146,2103,Sauces and seasonings,Agriculture,"4. Prepared foodstuffs; beverages, spirits and tobacco",0.4179076181799485,1,5,1065,-0.14835450301310685,0.21801717854291036,3474.572954820255,285187222.0,0.00020007043470315862,0.07192389421268208,0.9467933002417038,35.483870967741936,-32.258064516129025,35.483870967741936,0.576812712312396,0.382407603389052,0.0011897778413556997,0.34442616238689466,0.3333333333333333,0.3875695015297443,0.3333333333333333,0.37129865107082094
2522,Quicklime,Minerals,5. Mineral products,0.2037413112724268,68.42105263157895,55.76455027942146,4818,Toilet paper,Agriculture,"10. Pulp, paper and paperboard",0.41733488251397627,1,6,1065,0.613180070247051,0.3235237717395007,2590.2961169650957,378324639.0,0.00026541012059665684,0.031507083373629285,0.9564213870885229,29.03225806451613,-9.677419354838708,29.03225806451613,0.6470380245628652,0.4797388880622998,0.0015783395523979486,0.3248570173698278,0.26666666666666666,0.44333722295714156,0.26666666666666666,0.3903360560699991
2522,Quicklime,Minerals,5. Mineral products,0.2037413112724268,68.42105263157895,55.76455027942146,3917,Plastic tubes and fittings,Chemicals,7. Plastics and articles thereof; rubber and articles thereof,0.4131795177596911,1,7,1065,0.6083791637161918,0.3412137652379738,3884.4895267230813,799872236.0,0.0005611429040937447,0.05090472821352465,1.0545747675823742,45.16129032258064,-22.58064516129032,45.16129032258064,0.6465953064354774,0.49605815059274266,0.0033370017619808955,0.33424903314200466,0.43333333333333324,0.45056661519547475,0.43333333333333324,0.4453966306368323
2522,Quicklime,Minerals,5. Mineral products,0.2037413112724268,68.42105263157895,55.76455027942146,0403,Fermented milk products,Agriculture,1. Live animals; animal products,0.4131413923152798,1,8,1065,0.5463082131645085,0.34246736450717385,1916.8935656210424,5272203.0,3.698664823255289e-06,0.04271967705299318,0.5706494231775714,12.903225806451612,-58.064516129032256,12.903225806451612,0.6408714009987031,0.49721461317616944,2.1995201119245954e-05,0.3302859680260954,0.09999999999999998,0.44787629944528756,0.09999999999999998,0.34351340961170124
2522,Quicklime,Minerals,5. Mineral products,0.2037413112724268,68.42105263157895,55.76455027942146,7306,"Other tubes, pipes and hollow profiles of iron or steel",Metals,15. Base metals and articles of base metal,0.4106731735946505,1,9,1065,-0.0803836640855127,0.2631924369301487,3775.507112979484,499442807.0,0.0003503794412845599,0.06681644677231136,0.9707560966713994,25.806451612903224,-41.93548387096774,25.806451612903224,0.5830806790669217,0.42408240115342455,0.00208363467558547,0.34195322160921493,0.23333333333333328,0.40411260651984127,0.23333333333333328,0.35287882456388886
2522,Quicklime,Minerals,5. Mineral products,0.2037413112724268,68.42105263157895,55.76455027942146,3402,Cleaning products,Chemicals,6. Products of the chemical or allied industries,0.41019386603839664,1,10,1065,0.728774185690104,0.3557484621059717,3078.035858220077,985847225.0,0.000691611922418644,0.07089945070080517,1.1171381545670882,48.38709677419355,-6.451612903225801,48.38709677419355,0.657697596874275,0.509466608544394,0.004112874255169143,0.3439301439423532,0.4666666666666667,0.4607139246261625,0.4666666666666667,0.4624997472383138
2522,Quicklime,Minerals,5. Mineral products,0.2037413112724268,68.42105263157895,55.76455027942146,1905,Bakery products,Agriculture,"4. Prepared foodstuffs; beverages, spirits and tobacco",0.41000809832058865,1,11,1065,0.3216044062986159,0.28054994718569515,2378.3324950854944,505799622.0,0.0003548390055366271,0.1257853221126477,0.7960227371146188,19.35483870967742,-38.70967741935485,19.35483870967742,0.6201502209563156,0.44009494331515936,0.0021101547895497536,0.37050496651614745,0.16666666666666666,0.42697807569087076,0.16666666666666666,0.3488846529836095
2528,Natural borates,Minerals,5. Mineral products,0.206014838614865,77.63157894736842,25.698340730308388,9302,Revolvers and pistols,Machinery,19. Arms and ammunition,0.19487618934472534,0,1,1065,2.586549408653248,0.6157717370149229,7027.449642076574,54680460.0,3.836056652625438e-05,0.00895170993058958,0.9370951548293522,66.66666666666666,13.333333333333321,66.66666666666666,0.8290133187137387,0.7493416592407633,0.00022812242149873282,0.3139360821288303,0.6555555555555554,0.5995488729666251,0.6555555555555554,0.6163508777433041
2528,Natural borates,Minerals,5. Mineral products,0.206014838614865,77.63157894736842,25.698340730308388,4703,"Chemical woodpulp, soda or sulfate",Agriculture,"10. Pulp, paper and paperboard",0.17900042908648378,0,2,1065,1.7239292449165957,0.4965747031522535,8556.58777508857,5508925420.0,0.003864735228307952,0.09038716064115482,0.8379680303193789,20.0,-40.0,20.0,0.7494663454323792,0.6393807545845303,0.022982787757570504,0.35336576773246064,0.1733333333333333,0.542548768329423,0.1733333333333333,0.43178413783059605
2528,Natural borates,Minerals,5. Mineral products,0.206014838614865,77.63157894736842,25.698340730308388,2825,"Metal base oxides, n.e.c.",Chemicals,6. Products of the chemical or allied industries,0.1745637546035082,0,3,1065,0.846073620551663,0.5108143025896753,5158.901821354807,63600380.0,4.461825317645569e-05,0.09184832197223747,0.6825085548988954,6.451612903225806,-77.41935483870968,6.451612903225806,0.6685144261151221,0.6525169810940363,0.00026533560057540804,0.35407323765370585,0.033333333333333326,0.5155117785113476,0.033333333333333326,0.3708582449579433
2528,Natural borates,Minerals,5. Mineral products,0.206014838614865,77.63157894736842,25.698340730308388,5108,"Yarn of animal hair, not for retail sale",Textiles,11. Textiles and textile articles,0.17249494402074292,0,4,1065,0.3513302781753663,0.3242497342239486,4789.862408970468,1325622.0,9.2997774560906e-07,0.0638827894130014,0.8179905934724221,41.935483870967744,25.806451612903228,41.935483870967744,0.6228914079066671,0.4804085984481165,5.530386917593473e-06,0.340532793695609,0.39999999999999997,0.4372357508365532,0.39999999999999997,0.42606502558558723
2528,Natural borates,Minerals,5. Mineral products,0.206014838614865,77.63157894736842,25.698340730308388,8110,Antimony,Metals,15. Base metals and articles of base metal,0.17172080525444258,0,5,1065,-0.8774175674706602,0.325309613381907,5664.923881205807,11096490.0,7.784639025584578e-06,0.13383537102565057,0.5991465020914225,6.451612903225806,-51.612903225806456,6.451612903225806,0.5095817773692427,0.4813863515620881,4.6293651679895775e-05,0.3744026657977746,0.033333333333333326,0.4030061890433839,0.033333333333333326,0.29210433233036875
2528,Natural borates,Minerals,5. Mineral products,0.206014838614865,77.63157894736842,25.698340730308388,8001,Unwrought tin,Metals,15. Base metals and articles of base metal,0.16900969389686704,0,6,1065,-1.3152774433999583,0.22072940218872247,6301.90463774935,14597057.0,1.0240429142988686e-05,0.04565747265436171,0.640385663019952,3.225806451612903,-77.41935483870968,3.225806451612903,0.4692042980153511,0.3849096670399574,6.0897731833181874e-05,0.33170839960741483,0.0,0.3487052823702451,0.0,0.24409369765917158
2528,Natural borates,Minerals,5. Mineral products,0.206014838614865,77.63157894736842,25.698340730308388,5516,Woven fabrics of artificial staple fibers,Textiles,11. Textiles and textile articles,0.1660712186727365,0,7,1065,1.3376071807220202,0.5333377353608745,6491.2557329636975,433040029.0,0.0003037951919385028,0.06567058306320162,2.3384545667667958,90.32258064516128,6.451612903225794,90.32258064516128,0.7138414525648537,0.6732951578927844,0.0018066076990091429,0.3413984135323813,0.8999999999999999,0.5369785668448819,0.8999999999999999,0.6458849967914173
2528,Natural borates,Minerals,5. Mineral products,0.206014838614865,77.63157894736842,25.698340730308388,5109,"Yarn of wool or animal hair, for retail sale",Textiles,11. Textiles and textile articles,0.16226066773854775,0,8,1065,0.579756789169875,0.20074727831505187,4180.925541608763,1088934.0,7.639314875862472e-07,-0.0402824497026717,0.44109946083942253,6.451612903225806,-41.935483870967744,6.451612903225806,0.643955879073355,0.3664758826839368,4.54294387670296e-06,0.29009772403834594,0.033333333333333326,0.3971664566623855,0.033333333333333326,0.2880165196636698
2528,Natural borates,Minerals,5. Mineral products,0.206014838614865,77.63157894736842,25.698340730308388,2502,Unroasted iron pyrites,Minerals,5. Mineral products,0.16191220109034174,0,9,1065,-0.17149043531666036,0.31606688823880713,6763.02564978162,853147.0,5.985173177068069e-07,0.06277374981303896,0.8137129543995474,54.83870967741935,32.25806451612903,54.83870967741935,0.574679220114836,0.4728598103782267,3.55925973436177e-06,0.33999581523761635,0.5333333333333332,0.4176385668471745,0.5333333333333332,0.45234699679302204
2528,Natural borates,Minerals,5. Mineral products,0.206014838614865,77.63157894736842,25.698340730308388,2519,Natural magnesia,Minerals,5. Mineral products,0.15981560702468015,0,10,1065,0.14553477107570018,0.46185638008937546,5898.43334731412,71290725.0,5.001334295774772e-05,0.052252740038147394,1.0443675326468662,61.29032258064516,32.258064516129025,61.29032258064516,0.6039138666980678,0.6073526236115744,0.0002974190929886151,0.33490171796134405,0.6,0.47422314216652467,0.6,0.5119561995165672
2528,Natural borates,Minerals,5. Mineral products,0.206014838614865,77.63157894736842,25.698340730308388,5507,"Artificial staple fibers, processed",Textiles,11. Textiles and textile articles,0.15975479979213836,0,11,1065,1.728757424448155,0.6003998408515304,3746.7797643325184,151725.0,1.0644125810565503e-07,-0.18310134496549457,0.7408747548586287,41.935483870967744,-25.806451612903217,41.935483870967744,0.7499115785539084,0.7351608734138628,6.329843311833008e-07,0.22094719942854807,0.39999999999999997,0.5529175330506517,0.39999999999999997,0.5070422731354561
2607,Lead ore,Minerals,5. Mineral products,0.2069726974411699,82.23684210526315,44.76408465198368,2608,Zinc ore,Minerals,5. Mineral products,0.5708029484135887,1,1,1065,-3.4105779088000374,0.0020641876199640084,8185.241447750074,222183620.0,0.00015587084556446714,-0.06191639044557462,0.7794077717875839,16.129032258064516,-35.483870967741936,16.129032258064516,0.2759850606912348,0.18318799636036182,0.0009269319499461833,0.27962293112669373,0.1333333333333333,0.20279304942955484,0.1333333333333333,0.18195513460068835
2607,Lead ore,Minerals,5. Mineral products,0.2069726974411699,82.23684210526315,44.76408465198368,7403,Refined copper and copper alloys,Metals,15. Base metals and articles of base metal,0.3919023799051276,1,2,1065,-2.9249720720856316,0.07269223875571432,6916.6339687742875,2608079377.0,0.0018296737526926543,0.16145247027079668,1.1589604326665677,54.83870967741935,-35.48387096774193,54.83870967741935,0.32076545899663067,0.24834334582938986,0.010880694546866403,0.3877744041625638,0.5333333333333332,0.2589863464955217,0.5333333333333332,0.34129044254686514
2607,Lead ore,Minerals,5. Mineral products,0.2069726974411699,82.23684210526315,44.76408465198368,2603,Copper ore,Minerals,5. Mineral products,0.38080073721503643,1,3,1065,-3.6465406675871908,-0.04999431984079284,12092.626969249728,10752918191.0,0.007543609428619042,0.016463932757700306,0.737192933713507,29.03225806451613,-48.38709677419355,29.03225806451613,0.2542256304602857,0.13516330656788475,0.04486029810116253,0.317573374999108,0.26666666666666666,0.19065117892490022,0.26666666666666666,0.21345582524743012
2607,Lead ore,Minerals,5. Mineral products,0.2069726974411699,82.23684210526315,44.76408465198368,2617,Other ores,Minerals,5. Mineral products,0.37939118265234933,1,4,1065,-5.253374782441364,-0.1623322521185723,7516.879385638975,131975934.0,9.258648511866134e-05,0.5391223774435829,1.1124050913717511,45.16129032258064,-22.58064516129032,45.16129032258064,0.10605057523296145,0.03153001754907158,0.0005505928378005039,0.5706358677124089,0.43333333333333324,0.13383117655624296,0.43333333333333324,0.22368182358937005
2607,Lead ore,Minerals,5. Mineral products,0.2069726974411699,82.23684210526315,44.76408465198368,2529,Feldspar,Minerals,5. Mineral products,0.3566727850592042,1,5,1065,-2.190100769818584,0.016439444860923243,4496.776156776808,13584033.0,9.529751607637076e-06,0.0600629104174748,0.9625342804335781,48.38709677419355,-16.129032258064512,48.38709677419355,0.38853200365222357,0.19644936906115515,5.6671478288198306e-05,0.33868327206193083,0.4666666666666667,0.2555544719807154,0.4666666666666667,0.31888813038650077
2607,Lead ore,Minerals,5. Mineral products,0.2069726974411699,82.23684210526315,44.76408465198368,2515,Marble,Minerals,5. Mineral products,0.3478638027382945,1,6,1065,-2.0999230544263314,0.003293431930838555,6533.583465874665,22487113.0,1.577562431296115e-05,0.12352877581584498,1.0854477456484264,74.19354838709677,32.258064516129025,74.19354838709677,0.39684778923021,0.18432199115945241,9.381440225769194e-05,0.3694123844740931,0.7333333333333333,0.25883535296783444,0.7333333333333333,0.4011847470774841
2607,Lead ore,Minerals,5. Mineral products,0.2069726974411699,82.23684210526315,44.76408465198368,7901,Unwrought zinc,Metals,15. Base metals and articles of base metal,0.32385469143976015,1,7,1065,0.06073370559123326,0.3996707806468309,3968.1614793386016,353251241.0,0.00024782011217283867,0.21511130112240529,1.1063711818465947,74.19354838709677,29.032258064516128,74.19354838709677,0.5960938917265772,0.54998555205197,0.0014737353799575287,0.413755114183523,0.7333333333333333,0.4634121327570136,0.7333333333333333,0.5443884929299094
2607,Lead ore,Minerals,5. Mineral products,0.2069726974411699,82.23684210526315,44.76408465198368,4110,Waste of leather,Agriculture,"8. Raw hides and skins, leather, furskins and articles thereof",0.3176568354110799,1,8,1065,0.06429673375097965,0.3850624975809978,4241.904811872493,741909.0,5.204793366940743e-07,0.27313567172124653,1.0865733867252334,51.61290322580645,-9.677419354838712,51.61290322580645,0.5964224582472071,0.5365092098197962,3.0951838666262747e-06,0.4418495456638908,0.49999999999999994,0.46280397995061473,0.49999999999999994,0.47396278596543023
2607,Lead ore,Minerals,5. Mineral products,0.2069726974411699,82.23684210526315,44.76408465198368,0707,Cucumbers,Agriculture,2. Vegetable products,0.31596460025201567,1,9,1065,0.30626258461275385,0.006996770897490231,1657.5737449455935,482.0,3.3814260278085826e-10,-0.6394309984549027,0.44506327177128735,6.451612903225806,-64.51612903225806,6.451612903225806,0.6187354667794063,0.18773837233795448,2.01086470674148e-09,0.0,0.033333333333333326,0.282265843992706,0.033333333333333326,0.20758609079489418
2607,Lead ore,Minerals,5. Mineral products,0.2069726974411699,82.23684210526315,44.76408465198368,7407,"Copper bars, rods and profiles",Metals,15. Base metals and articles of base metal,0.30847825597698675,1,10,1065,1.1385219835238305,0.5474993673284195,3039.468044241678,44307242.0,3.108333222390324e-05,0.19217853288142495,0.7480140304670432,3.225806451612903,-58.064516129032256,3.225806451612903,0.6954827061223425,0.6863594583379953,0.00018484620164077546,0.40265145068227265,0.0,0.5440702020937052,0.0,0.38084914146559357
2607,Lead ore,Minerals,5. Mineral products,0.2069726974411699,82.23684210526315,44.76408465198368,0704,"Cabbages, cauliflowers, broccoli",Agriculture,2. Vegetable products,0.307659698379988,1,11,1065,-0.787796445668185,0.07962843567036944,1826.9686623712926,1209376.0,8.484264489226209e-07,0.050583991948575546,0.6333801211375386,19.35483870967742,-48.38709677419354,19.35483870967742,0.5178462363758414,0.25474208296984585,5.045418082116564e-06,0.3340937379974665,0.16666666666666666,0.3205207292833228,0.16666666666666666,0.27436451049832594
2616,Precious metal ores,Minerals,5. Mineral products,0.21687287374845668,94.73684210526315,44.42616836732849,2603,Copper ore,Minerals,5. Mineral products,0.5110985259033359,1,1,1065,-3.6465406675871908,-0.04999431984079284,12092.626969249728,10752918191.0,0.007543609428619042,0.016463932757700306,0.737192933713507,29.03225806451613,-48.38709677419355,29.03225806451613,0.2542256304602857,0.13516330656788475,0.04486029810116253,0.317573374999108,0.26666666666666666,0.19065117892490022,0.26666666666666666,0.21345582524743012
2616,Precious metal ores,Minerals,5. Mineral products,0.21687287374845668,94.73684210526315,44.42616836732849,2608,Zinc ore,Minerals,5. Mineral products,0.4688095201323613,1,2,1065,-3.4105779088000374,0.0020641876199640084,8185.241447750074,222183620.0,0.00015587084556446714,-0.06191639044557462,0.7794077717875839,16.129032258064516,-35.483870967741936,16.129032258064516,0.2759850606912348,0.18318799636036182,0.0009269319499461833,0.27962293112669373,0.1333333333333333,0.20279304942955484,0.1333333333333333,0.18195513460068835
2616,Precious metal ores,Minerals,5. Mineral products,0.21687287374845668,94.73684210526315,44.42616836732849,2617,Other ores,Minerals,5. Mineral products,0.4298780093099891,1,3,1065,-5.253374782441364,-0.1623322521185723,7516.879385638975,131975934.0,9.258648511866134e-05,0.5391223774435829,1.1124050913717511,45.16129032258064,-22.58064516129032,45.16129032258064,0.10605057523296145,0.03153001754907158,0.0005505928378005039,0.5706358677124089,0.43333333333333324,0.13383117655624296,0.43333333333333324,0.22368182358937005
2616,Precious metal ores,Minerals,5. Mineral products,0.21687287374845668,94.73684210526315,44.42616836732849,7403,Refined copper and copper alloys,Metals,15. Base metals and articles of base metal,0.38517995403403393,1,4,1065,-2.9249720720856316,0.07269223875571432,6916.6339687742875,2608079377.0,0.0018296737526926543,0.16145247027079668,1.1589604326665677,54.83870967741935,-35.48387096774193,54.83870967741935,0.32076545899663067,0.24834334582938986,0.010880694546866403,0.3877744041625638,0.5333333333333332,0.2589863464955217,0.5333333333333332,0.34129044254686514
2616,Precious metal ores,Minerals,5. Mineral products,0.21687287374845668,94.73684210526315,44.42616836732849,3603,Detonators,Chemicals,6. Products of the chemical or allied industries,0.36106229188892847,1,5,1065,-0.47017149316798323,0.3510604068476319,5500.988719675706,161212061.0,0.00011309681723279355,0.09123905497519158,1.7765922417119522,96.7741935483871,54.83870967741936,96.7741935483871,0.5471361888626697,0.5051418130307793,0.000672563576277914,0.3537782407459394,0.9666666666666668,0.42146492131103974,0.9666666666666668,0.5850254449177279
2616,Precious metal ores,Minerals,5. Mineral products,0.21687287374845668,94.73684210526315,44.42616836732849,3602,"Prepared explosives, except gunpowder",Chemicals,6. Products of the chemical or allied industries,0.34756243638819073,1,6,1065,-1.7299352350876103,0.1475391130907135,5144.00663896078,157388287.0,0.00011041428426016748,0.30624612348848035,2.06626014931823,93.54838709677419,19.354838709677423,93.54838709677419,0.43096641109487444,0.31739061777786975,0.0006566111028688772,0.45788107360393104,0.9333333333333333,0.3307056128114805,0.9333333333333333,0.5114939289680362
2616,Precious metal ores,Minerals,5. Mineral products,0.21687287374845668,94.73684210526315,44.42616836732849,7401,Copper mattes,Metals,15. Base metals and articles of base metal,0.33334365097228763,1,7,1065,-1.6302824415535035,0.21887549522785432,6126.697783552504,218212.0,1.5308459260999305e-07,-0.4888192528227858,0.4980897066645868,16.666666666666664,3.3333333333333304,16.666666666666664,0.44015594600017083,0.3831994123468715,9.103626750777423e-07,0.07292369265069792,0.13888888888888884,0.29911306587347075,0.13888888888888884,0.2510458127780962
2616,Precious metal ores,Minerals,5. Mineral products,0.21687287374845668,94.73684210526315,44.42616836732849,7202,Ferroalloys,Metals,15. Base metals and articles of base metal,0.3117864973952905,1,8,1065,-0.7598598281733435,0.20132330984374325,6064.946315025443,340199798.0,0.00023866399411046104,0.12175614361662523,0.8793173207948873,51.61290322580645,-25.80645161290323,51.61290322580645,0.520422426289844,0.3670072796990538,0.00141928582373191,0.36855410555875284,0.49999999999999994,0.3660964058034869,0.49999999999999994,0.4062674840624408
2616,Precious metal ores,Minerals,5. Mineral products,0.21687287374845668,94.73684210526315,44.42616836732849,2402,Cigars and cigarettes,Agriculture,"4. Prepared foodstuffs; beverages, spirits and tobacco",0.3089004095299799,1,9,1065,-1.1480128633020525,0.12750430104851282,2492.6499900725457,65457773.0,4.592128990551575e-05,0.0013170196539540324,0.6268598205645416,9.67741935483871,-38.70967741935484,9.67741935483871,0.48462868947210813,0.2989082278610521,0.0002730844927543472,0.3102394925641853,0.06666666666666667,0.32081480762514697,0.06666666666666667,0.24457036533760285
2616,Precious metal ores,Minerals,5. Mineral products,0.21687287374845668,94.73684210526315,44.42616836732849,0104,Sheep,Agriculture,1. Live animals; animal products,0.3062145396790042,1,10,1065,-2.948541093220733,0.03903703975755957,2129.7976616827946,121882.0,8.550517990069828e-08,-0.06668399758370469,1.3420932777979477,64.51612903225806,-12.903225806451616,64.51612903225806,0.31859202928409025,0.2172959614415669,5.084817680229565e-07,0.2773145353494514,0.6333333333333333,0.2291580533286629,0.6333333333333333,0.350410637330064
2616,Precious metal ores,Minerals,5. Mineral products,0.21687287374845668,94.73684210526315,44.42616836732849,0810,Other fresh fruit,Agriculture,2. Vegetable products,0.30575403724043637,1,11,1065,-1.8575580436755599,0.006553499596134498,4099.922451280301,129041757.0,9.052804062115153e-05,0.14275631962904867,0.6979782016868505,9.67741935483871,-80.64516129032258,9.67741935483871,0.4191976065020606,0.18732944846018937,0.0005383516905543782,0.3787220401691194,0.06666666666666667,0.2691735280157386,0.06666666666666667,0.20842146961101699
2713,Petroleum coke,Minerals,5. Mineral products,0.19673676507801413,46.71052631578947,50.91662402223218,2715,Bituminous mixtures,Minerals,5. Mineral products,0.45983845908600557,1,1,1065,-0.8290764315886537,0.22985320494314185,9303.999106590965,451341338.0,0.0003166343045101973,0.10922788387620908,1.8826052739858095,87.09677419354838,16.129032258064512,87.09677419354838,0.5140395807061591,0.393326500683124,0.0018829592682109483,0.36248813136182806,0.8666666666666667,0.3722337920807549,0.8666666666666667,0.5205636544565284
2713,Petroleum coke,Minerals,5. Mineral products,0.19673676507801413,46.71052631578947,50.91662402223218,2707,Oils etc. from high temperature coal tar,Minerals,5. Mineral products,0.3905431794241895,1,2,1065,0.8530705761660112,0.49185118077870116,3382.1344837117663,281952222.0,0.0001978009506367767,0.0679426259055611,1.2145335254900618,64.51612903225806,6.451612903225801,64.51612903225806,0.6691596540667787,0.6350232401688763,0.001176281685077051,0.342498498743067,0.6333333333333333,0.5080152300467008,0.6333333333333333,0.5456106610326905
2713,Petroleum coke,Minerals,5. Mineral products,0.19673676507801413,46.71052631578947,50.91662402223218,2710,"Petroleum oils, refined",Minerals,5. Mineral products,0.3754001606043238,1,3,1065,-1.7521877676275674,0.12849725305142337,4091.764084843213,140359904917.0,0.09846818169026592,0.23310563659242622,1.4143011835060606,93.54838709677419,19.354838709677423,93.54838709677419,0.4289143820723545,0.29982423975314376,0.5855700809941602,0.42246767098818655,0.9333333333333333,0.4062641804362764,0.9333333333333333,0.5643849263053935
2713,Petroleum coke,Minerals,5. Mineral products,0.19673676507801413,46.71052631578947,50.91662402223218,2105,Ice cream,Agriculture,"4. Prepared foodstuffs; beverages, spirits and tobacco",0.360780839036036,1,4,1065,1.3565923475001525,0.4561680896782379,2334.2196934998683,37529366.0,2.6328376555924167e-05,0.08532763978667668,0.6764392780821085,16.129032258064516,-48.38709677419355,16.129032258064516,0.7155921797306787,0.602105097399834,0.0001565694555099246,0.3509160322074972,0.1333333333333333,0.5138549372451304,0.1333333333333333,0.39969845607159127
2713,Petroleum coke,Minerals,5. Mineral products,0.19673676507801413,46.71052631578947,50.91662402223218,3102,Nitrogenous fertilizers,Chemicals,6. Products of the chemical or allied industries,0.35958913348520355,1,5,1065,-1.7708555215245738,0.09108108852094296,5576.270697422956,6061236817.0,0.004252204135625611,0.09825162036350554,3.1350433511218254,100.0,54.83870967741936,100.0,0.42719292530274255,0.26530731288667225,0.025286985880720675,0.35717360782653496,1.0,0.2997441724223835,1.0,0.5098209206956684
2713,Petroleum coke,Minerals,5. Mineral products,0.19673676507801413,46.71052631578947,50.91662402223218,4004,Scrap of rubber,Chemicals,7. Plastics and articles thereof; rubber and articles thereof,0.35768507969551255,1,6,1065,0.23962495414833354,0.044022889683451305,4098.3838308762315,5128786.0,3.598051965033251e-06,0.07694707960346792,1.1719635889150781,77.41935483870968,29.032258064516128,77.41935483870968,0.6125904425463481,0.22189547663556847,2.1396877086783833e-05,0.34685830488698816,0.7666666666666667,0.344102026978282,0.7666666666666667,0.47087141888479744
2713,Petroleum coke,Minerals,5. Mineral products,0.19673676507801413,46.71052631578947,50.91662402223218,7213,Hot rolled bars of iron,Metals,15. Base metals and articles of base metal,0.35589610817783746,1,7,1065,0.13606392120618802,0.34586734598307295,3592.303975805599,382533191.0,0.00026836259098507714,0.2622619311508634,1.274150433647772,74.19354838709677,9.677419354838705,74.19354838709677,0.6030405072831215,0.5003511428933017,0.001595897288255389,0.4365846620255661,0.7333333333333333,0.4519141614588213,0.7333333333333333,0.5363399130211748
2713,Petroleum coke,Minerals,5. Mineral products,0.19673676507801413,46.71052631578947,50.91662402223218,4822,"Bobbins, spools, cops of paper",Agriculture,"10. Pulp, paper and paperboard",0.35564548998470147,1,8,1065,1.7030937152413415,0.5026580644898542,2123.406119574064,5244227.0,3.6790385214806058e-06,0.054505251812756894,1.009523393864413,38.70967741935484,-29.03225806451612,38.70967741935484,0.7475449860762508,0.64499273916465,2.1878487527885375e-05,0.33599234655511206,0.36666666666666664,0.5377903375907113,0.36666666666666664,0.48645323631349785
2713,Petroleum coke,Minerals,5. Mineral products,0.19673676507801413,46.71052631578947,50.91662402223218,3814,Organic composite solvents and thinners,Chemicals,6. Products of the chemical or allied industries,0.3534266304927857,1,9,1065,1.1190293573169268,0.4150160340176585,3178.022744222604,31685049.0,2.222835049398139e-05,0.13905300425632805,1.015865625653003,41.935483870967744,-25.806451612903217,41.935483870967744,0.6936851833176966,0.5641417595359531,0.0001321874414221461,0.3769289566954803,0.39999999999999997,0.4967986016193127,0.39999999999999997,0.46775902113351886
2713,Petroleum coke,Minerals,5. Mineral products,0.19673676507801413,46.71052631578947,50.91662402223218,2503,"Sulphur, crude",Minerals,5. Mineral products,0.351057723534685,1,10,1065,-1.3323226812897109,0.0837343966534342,5774.102639586536,353426955.0,0.000247943382690069,0.09569740283721218,1.943671616878417,83.87096774193549,19.354838709677423,83.87096774193549,0.46763246241494366,0.25852988850115777,0.001474468444441098,0.3559368983450221,0.8333333333333334,0.30776852783905495,0.8333333333333334,0.46543796948733845
2713,Petroleum coke,Minerals,5. Mineral products,0.19673676507801413,46.71052631578947,50.91662402223218,3214,Glaziers' putty,Chemicals,6. Products of the chemical or allied industries,0.349758837117269,1,11,1065,1.8268962172189904,0.527186113954221,3067.749766534051,216734699.0,0.00015204820587714913,0.0887946127042678,1.0302268177113385,35.483870967741936,-9.677419354838705,35.483870967741936,0.7589614990804471,0.6676202024592657,0.0009041994957372156,0.35259468261029014,0.3333333333333333,0.5523284278548035,0.3333333333333333,0.48662989949836244
2714,"Bitumen and asphalt, natural",Minerals,5. Mineral products,0.19270321619754296,35.526315789473685,49.71168316483717,2715,Bituminous mixtures,Minerals,5. Mineral products,0.39623955467151556,1,1,1065,-0.8290764315886537,0.22985320494314185,9303.999106590965,451341338.0,0.0003166343045101973,0.10922788387620908,1.8826052739858095,87.09677419354838,16.129032258064512,87.09677419354838,0.5140395807061591,0.393326500683124,0.0018829592682109483,0.36248813136182806,0.8666666666666667,0.3722337920807549,0.8666666666666667,0.5205636544565284
2714,"Bitumen and asphalt, natural",Minerals,5. Mineral products,0.19270321619754296,35.526315789473685,49.71168316483717,2503,"Sulphur, crude",Minerals,5. Mineral products,0.3331839115268034,1,2,1065,-1.3323226812897109,0.0837343966534342,5774.102639586536,353426955.0,0.000247943382690069,0.09569740283721218,1.943671616878417,83.87096774193549,19.354838709677423,83.87096774193549,0.46763246241494366,0.25852988850115777,0.001474468444441098,0.3559368983450221,0.8333333333333334,0.30776852783905495,0.8333333333333334,0.46543796948733845
2714,"Bitumen and asphalt, natural",Minerals,5. Mineral products,0.19270321619754296,35.526315789473685,49.71168316483717,2515,Marble,Minerals,5. Mineral products,0.32981106673077387,1,3,1065,-2.0999230544263314,0.003293431930838555,6533.583465874665,22487113.0,1.577562431296115e-05,0.12352877581584498,1.0854477456484264,74.19354838709677,32.258064516129025,74.19354838709677,0.39684778923021,0.18432199115945241,9.381440225769194e-05,0.3694123844740931,0.7333333333333333,0.25883535296783444,0.7333333333333333,0.4011847470774841
2714,"Bitumen and asphalt, natural",Minerals,5. Mineral products,0.19270321619754296,35.526315789473685,49.71168316483717,2712,Petroleum jelly,Minerals,5. Mineral products,0.32570916436387787,1,4,1065,0.4343841125478083,0.4701633147325713,5575.198682442953,198067142.0,0.0001389521554382694,0.07138550746979577,1.2882315857624667,90.32258064516128,25.806451612903217,90.32258064516128,0.6305502610398012,0.6150158851767775,0.0008263199697364171,0.34416548451478934,0.8999999999999999,0.48769692184848135,0.8999999999999999,0.6113878452939369
2714,"Bitumen and asphalt, natural",Minerals,5. Mineral products,0.19270321619754296,35.526315789473685,49.71168316483717,6901,"Bricks, blocks, and other ceramic goods",Stone,"13. Articles of stone, plaster, cement, ceramics and glass",0.3226726396950898,1,5,1065,0.41705991660582103,0.3942063795808691,3825.2379416626245,3062238.0,2.148284497208402e-06,0.06814692315094772,1.2278791346831066,80.64516129032258,6.451612903225808,80.64516129032258,0.628952701175505,0.5449445668433118,1.2775407298428663e-05,0.3425974160583762,0.7999999999999999,0.462255572526437,0.7999999999999999,0.5635789007685058
2714,"Bitumen and asphalt, natural",Minerals,5. Mineral products,0.19270321619754296,35.526315789473685,49.71168316483717,3820,Antifreezing preparation,Chemicals,6. Products of the chemical or allied industries,0.32063384695929104,1,6,1065,1.6686378989783257,0.5431546939248599,2521.31758106721,33288694.0,2.3353372681194066e-05,0.09421941987773419,1.1910021082975875,48.38709677419355,-9.677419354838712,48.38709677419355,0.7443676248100953,0.6823514373125584,0.00013887771763094784,0.3552212836721585,0.4666666666666667,0.5526556959513973,0.4666666666666667,0.5268589871659781
2714,"Bitumen and asphalt, natural",Minerals,5. Mineral products,0.19270321619754296,35.526315789473685,49.71168316483717,3606,Ferrocerium and other pyrophoric alloys,Chemicals,6. Products of the chemical or allied industries,0.3204575342923055,1,7,1065,2.0891080280416308,0.6309835713963291,3800.328967534288,5776878.0,4.052714860720911e-06,-0.020068477586557054,0.8321444589876807,29.03225806451613,-22.580645161290317,29.03225806451613,0.7831414994866667,0.7633747858703017,2.4100664077492337e-05,0.29988499184842693,0.26666666666666666,0.5862670637518146,0.26666666666666666,0.4903869446262702
2714,"Bitumen and asphalt, natural",Minerals,5. Mineral products,0.19270321619754296,35.526315789473685,49.71168316483717,7217,Wire of iron or nonalloy steel,Metals,15. Base metals and articles of base metal,0.32044360145461204,1,8,1065,0.016555987850805098,0.32789717411836405,3681.4615378511144,342687895.0,0.00024040949534604453,0.11466837455881707,1.4356117991092305,93.54838709677419,29.032258064516128,93.54838709677419,0.5920200201890669,0.48377341196294993,0.0014296659615830498,0.365122326116974,0.9333333333333333,0.4315105000649895,0.9333333333333333,0.5820573500454926
2714,"Bitumen and asphalt, natural",Minerals,5. Mineral products,0.19270321619754296,35.526315789473685,49.71168316483717,7610,"Aluminum structures (bridges, towers etc)",Metals,15. Base metals and articles of base metal,0.32039648850585956,1,9,1065,2.0101935184977786,0.5186246253602724,3671.7819455676195,123775241.0,8.683336545968465e-05,0.058877450137900134,0.7190202403407263,3.225806451612903,-61.29032258064516,3.225806451612903,0.7758643563753763,0.6597221113701933,0.0005163802151355207,0.3381092919867747,0.0,0.5532491145412359,0.0,0.3872743801788651
2714,"Bitumen and asphalt, natural",Minerals,5. Mineral products,0.19270321619754296,35.526315789473685,49.71168316483717,7604,Aluminum bars,Metals,15. Base metals and articles of base metal,0.31984789117696133,1,10,1065,1.1198636321313398,0.4174631813119118,3141.986175342134,279089746.0,0.0001957928073068229,0.09971179165294286,0.8172785622668081,29.03225806451613,-19.35483870967742,29.03225806451613,0.6937621164096428,0.5663992866033898,0.0011643396685577679,0.35788059838614505,0.26666666666666666,0.4949132317627668,0.26666666666666666,0.42643926223393674
2714,"Bitumen and asphalt, natural",Minerals,5. Mineral products,0.19270321619754296,35.526315789473685,49.71168316483717,4822,"Bobbins, spools, cops of paper",Agriculture,"10. Pulp, paper and paperboard",0.3180365647026509,1,11,1065,1.7030937152413415,0.5026580644898542,2123.406119574064,5244227.0,3.6790385214806058e-06,0.054505251812756894,1.009523393864413,38.70967741935484,-29.03225806451612,38.70967741935484,0.7475449860762508,0.64499273916465,2.1878487527885375e-05,0.33599234655511206,0.36666666666666664,0.5377903375907113,0.36666666666666664,0.48645323631349785
2803,Carbon,Chemicals,6. Products of the chemical or allied industries,0.17916658815276487,7.894736842105263,48.91765343581902,7229,Wire of other alloy steel,Metals,15. Base metals and articles of base metal,0.3685814173473259,1,1,1065,2.577583459419438,0.7395041054108578,4564.670365107861,108540398.0,7.614550349914992e-05,0.16425027033479145,1.2499039842911555,90.0,23.333333333333343,90.0,0.8281865189771611,0.8634864724393105,0.000452821692103472,0.3891290522420251,0.8966666666666667,0.6505228280858844,0.8966666666666667,0.724365979660119
2803,Carbon,Chemicals,6. Products of the chemical or allied industries,0.17916658815276487,7.894736842105263,48.91765343581902,3904,Polymers of vinyl chloride,Chemicals,7. Plastics and articles thereof; rubber and articles thereof,0.3539495857116952,1,2,1065,1.6960875514208351,0.5726042953330112,4140.09085024053,948087509.0,0.0006651219459694614,0.053701122974622706,1.627540996848876,96.66666666666667,30.000000000000014,96.66666666666667,0.7468989089850077,0.7095191000275277,0.003955343798237645,0.335603000797266,0.9655555555555556,0.5606800548437129,0.9655555555555556,0.6821427050572657
2803,Carbon,Chemicals,6. Products of the chemical or allied industries,0.17916658815276487,7.894736842105263,48.91765343581902,3903,Polymers of styrene,Chemicals,7. Plastics and articles thereof; rubber and articles thereof,0.3499424909128049,1,3,1065,2.665771608195043,0.7234273374335739,3438.309135442682,516037748.0,0.0003620214673068312,0.10618787377968908,1.185169507020701,80.64516129032258,16.129032258064512,80.64516129032258,0.8363188356204425,0.848655432660525,0.002152867416596584,0.36101620922850963,0.7999999999999999,0.6442163553951046,0.7999999999999999,0.6909514487765731
2803,Carbon,Chemicals,6. Products of the chemical or allied industries,0.17916658815276487,7.894736842105263,48.91765343581902,7208,"Flat-rolled iron, width > 600mm, hot-rolled, not clad",Metals,15. Base metals and articles of base metal,0.3497051196854582,1,4,1065,1.6988259328096256,0.6144404302752187,3797.880089092552,1136379231.0,0.0007972162467146269,0.20928845935324958,1.2364230706726795,80.64516129032258,35.483870967741936,80.64516129032258,0.7471514302687957,0.7481135104460418,0.004740881512638845,0.41093579141592995,0.7999999999999999,0.5856942301894784,0.7999999999999999,0.6499859611326348
2803,Carbon,Chemicals,6. Products of the chemical or allied industries,0.17916658815276487,7.894736842105263,48.91765343581902,3909,Amino-resins,Chemicals,7. Plastics and articles thereof; rubber and articles thereof,0.34709328194577216,1,5,1065,3.016712161352646,0.7918107563696848,3748.20020088382,574919742.0,0.00040332958080908617,0.12490750003667306,1.1389411445086104,77.41935483870968,25.80645161290323,77.41935483870968,0.8686810037900888,0.911740078024808,0.0023985182954288737,0.370079939722907,0.7666666666666667,0.6790191473379642,0.7666666666666667,0.7053134031365749
2803,Carbon,Chemicals,6. Products of the chemical or allied industries,0.17916658815276487,7.894736842105263,48.91765343581902,3404,Artificial and prepared waxes,Chemicals,6. Products of the chemical or allied industries,0.34150648149338503,1,6,1065,2.638525233812897,0.7060301106168551,4867.892811493888,131114095.0,9.198187000945377e-05,0.0888118814764498,1.109537739963664,90.32258064516128,45.16129032258064,90.32258064516128,0.8338062968390604,0.8326062514243533,0.0005469973157507252,0.3526030438614646,0.8999999999999999,0.636216898068777,0.8999999999999999,0.7153518286481438
2803,Carbon,Chemicals,6. Products of the chemical or allied industries,0.17916658815276487,7.894736842105263,48.91765343581902,8450,Household- or laundry-type washing machines,Machinery,"16. Machinery, mechanical appliances and electrical equipment",0.338211984650987,1,7,1065,2.141230176104473,0.649887299057302,5505.881318311439,1041721337.0,0.0007308098843683312,0.09410763757982576,1.2873188045578439,90.0,26.66666666666667,90.0,0.7879479708556664,0.7808137348744401,0.004345976495503832,0.35516716054980674,0.8966666666666667,0.6029935675623339,0.8966666666666667,0.6910954972936337
2803,Carbon,Chemicals,6. Products of the chemical or allied industries,0.17916658815276487,7.894736842105263,48.91765343581902,7322,Radiators for central heating of iron or steel,Metals,15. Base metals and articles of base metal,0.338180309160655,1,8,1065,2.952321666609917,0.7850765526931913,2753.2534763546914,7185237.0,5.040735976716443e-06,-0.0030818997550012828,0.5376574055279797,6.451612903225806,-67.74193548387096,6.451612903225806,0.8627432003625802,0.9055276824272824,2.99762230142594e-05,0.3081096092298709,0.033333333333333326,0.6651157467943847,0.033333333333333326,0.4755810227560692
2803,Carbon,Chemicals,6. Products of the chemical or allied industries,0.17916658815276487,7.894736842105263,48.91765343581902,8707,Vehicle Bodies,Vehicles,"17. Vehicles, aircraft, vessels and associated transport equipment",0.33621902950603816,1,9,1065,2.5793551289279524,0.765254635387894,3254.6904026085826,159845308.0,0.0001121379844179003,0.058786768418323865,0.8614927461346698,25.806451612903224,-45.16129032258065,25.806451612903224,0.8283498944151368,0.8872416908360591,0.0006668615941813724,0.3380653854121602,0.23333333333333328,0.6512668918888698,0.23333333333333328,0.5258868243222088
2803,Carbon,Chemicals,6. Products of the chemical or allied industries,0.17916658815276487,7.894736842105263,48.91765343581902,2712,Petroleum jelly,Minerals,5. Mineral products,0.33328044895579245,1,10,1065,0.4343841125478083,0.4701633147325713,5575.198682442953,198067142.0,0.0001389521554382694,0.07138550746979577,1.2882315857624667,90.32258064516128,25.806451612903217,90.32258064516128,0.6305502610398012,0.6150158851767775,0.0008263199697364171,0.34416548451478934,0.8999999999999999,0.48769692184848135,0.8999999999999999,0.6113878452939369
2803,Carbon,Chemicals,6. Products of the chemical or allied industries,0.17916658815276487,7.894736842105263,48.91765343581902,4814,Wallpaper,Agriculture,"10. Pulp, paper and paperboard",0.33298657629299283,1,11,1065,2.3894629083908354,0.7092421183107583,3729.4156142375177,13796482.0,9.678793221367762e-06,-0.03235671797322959,0.7537814104059172,19.35483870967742,-54.838709677419345,19.35483870967742,0.8108388831631259,0.8355693727398661,5.75577981970832e-05,0.2939352310152684,0.16666666666666666,0.620341807888067,0.16666666666666666,0.48423926552164687
2810,Oxides of boron; boric acids,Chemicals,6. Products of the chemical or allied industries,0.1970052974327273,48.026315789473685,34.724802293738776,4703,"Chemical woodpulp, soda or sulfate",Agriculture,"10. Pulp, paper and paperboard",0.2654808965694549,1,1,1065,1.7239292449165957,0.4965747031522535,8556.58777508857,5508925420.0,0.003864735228307952,0.09038716064115482,0.8379680303193789,20.0,-40.0,20.0,0.7494663454323792,0.6393807545845303,0.022982787757570504,0.35336576773246064,0.1733333333333333,0.542548768329423,0.1733333333333333,0.43178413783059605
2810,Oxides of boron; boric acids,Chemicals,6. Products of the chemical or allied industries,0.1970052974327273,48.026315789473685,34.724802293738776,3803,Tall oil,Chemicals,6. Products of the chemical or allied industries,0.2598006901832476,1,2,1065,2.853029842633321,0.5511749484628053,4941.011501470435,1944228.0,1.363955013110835e-06,0.11447763335861683,0.36017206591631556,3.3333333333333335,-83.33333333333334,3.3333333333333335,0.8535869524553786,0.6897502325341057,8.111160720038534e-06,0.36502997241241497,0.0011111111111111146,0.5949237272822897,0.0011111111111111146,0.41677994243093613
2810,Oxides of boron; boric acids,Chemicals,6. Products of the chemical or allied industries,0.1970052974327273,48.026315789473685,34.724802293738776,2825,"Metal base oxides, n.e.c.",Chemicals,6. Products of the chemical or allied industries,0.24941351774989548,1,3,1065,0.846073620551663,0.5108143025896753,5158.901821354807,63600380.0,4.461825317645569e-05,0.09184832197223747,0.6825085548988954,6.451612903225806,-77.41935483870968,6.451612903225806,0.6685144261151221,0.6525169810940363,0.00026533560057540804,0.35407323765370585,0.033333333333333326,0.5155117785113476,0.033333333333333326,0.3708582449579433
2810,Oxides of boron; boric acids,Chemicals,6. Products of the chemical or allied industries,0.1970052974327273,48.026315789473685,34.724802293738776,2613,Molybdenum ore,Minerals,5. Mineral products,0.2341759183865861,1,4,1065,-0.6865441351276647,0.2568276374717038,7934.674291489629,1250252963.0,0.0008771033009197098,0.2068345332319368,3.6513167327869653,100.0,32.25806451612904,100.0,0.5271832715853517,0.41821078603242695,0.005215953439410085,0.4097476413582629,1.0,0.3931324593858734,1.0,0.5751927215701114
2810,Oxides of boron; boric acids,Chemicals,6. Products of the chemical or allied industries,0.1970052974327273,48.026315789473685,34.724802293738776,2816,Hydroxides or peroxides of magnesium,Chemicals,6. Products of the chemical or allied industries,0.23319698162018263,1,5,1065,3.326542892458229,0.7324894229486314,4731.619186800604,5317133.0,3.7301850455435548e-06,0.12728557895586112,0.8637604007104219,12.903225806451612,-38.70967741935483,12.903225806451612,0.8972522080409137,0.857015331300754,2.21826454164947e-05,0.3712313658316353,0.09999999999999998,0.6696816710411415,0.09999999999999998,0.498777169728799
2810,Oxides of boron; boric acids,Chemicals,6. Products of the chemical or allied industries,0.1970052974327273,48.026315789473685,34.724802293738776,3205,Color lakes,Chemicals,6. Products of the chemical or allied industries,0.2230584643547969,1,6,1065,1.7181035466288916,0.6308723895913348,4677.929965645103,28595913.0,2.006119595584021e-05,0.18539687080443246,1.8151437022360406,96.7741935483871,16.129032258064527,96.7741935483871,0.7489291255927341,0.7632722191246177,0.0001192998178604769,0.3993678831299022,0.9666666666666668,0.5891935480932375,0.9666666666666668,0.7024354836652663
2810,Oxides of boron; boric acids,Chemicals,6. Products of the chemical or allied industries,0.1970052974327273,48.026315789473685,34.724802293738776,2502,Unroasted iron pyrites,Minerals,5. Mineral products,0.21930336621036056,1,7,1065,-0.17149043531666036,0.31606688823880713,6763.02564978162,853147.0,5.985173177068069e-07,0.06277374981303896,0.8137129543995474,54.83870967741935,32.25806451612903,54.83870967741935,0.574679220114836,0.4728598103782267,3.55925973436177e-06,0.33999581523761635,0.5333333333333332,0.4176385668471745,0.5333333333333332,0.45234699679302204
2810,Oxides of boron; boric acids,Chemicals,6. Products of the chemical or allied industries,0.1970052974327273,48.026315789473685,34.724802293738776,0203,Pork,Agriculture,1. Live animals; animal products,0.2174677438121741,1,8,1065,2.801076233937259,0.6966820985594492,5854.33638103792,1110462635.0,0.0007790347006012246,0.1256471772855341,0.8750767546162774,19.35483870967742,-48.38709677419354,19.35483870967742,0.848796023032962,0.8239825816126194,0.004632759586881008,0.3704380790972982,0.16666666666666666,0.6417331374285802,0.16666666666666666,0.4992131962000061
2810,Oxides of boron; boric acids,Chemicals,6. Products of the chemical or allied industries,0.1970052974327273,48.026315789473685,34.724802293738776,1204,Linseed,Agriculture,2. Vegetable products,0.21588195407676916,1,9,1065,0.36431767957742767,0.0876611091473719,3948.431174688562,4427685.0,3.1062010999870635e-06,-0.08158846227865257,0.5777276034341652,6.666666666666667,-56.666666666666664,6.666666666666667,0.6240890479755578,0.26215233483363776,1.847194086943703e-05,0.2700980423861975,0.035555555555555556,0.3507019611322785,0.035555555555555556,0.2561580394592616
2810,Oxides of boron; boric acids,Chemicals,6. Products of the chemical or allied industries,0.1970052974327273,48.026315789473685,34.724802293738776,2526,Natural steatite,Minerals,5. Mineral products,0.21482313166319722,1,10,1065,1.027819503525352,0.002065168327076001,3758.4392087071483,18864301.0,1.3234074356393253e-05,0.06833022561193114,0.9403524018580104,35.483870967741936,-25.806451612903224,35.483870967741936,0.6852742185529428,0.18318890107617347,7.870032592997511e-05,0.34268616804960217,0.3333333333333333,0.3553768221265205,0.3333333333333333,0.3487637754885643
2810,Oxides of boron; boric acids,Chemicals,6. Products of the chemical or allied industries,0.1970052974327273,48.026315789473685,34.724802293738776,2819,Chromium oxides and hydroxides,Chemicals,6. Products of the chemical or allied industries,0.2147195117895948,1,11,1065,1.9296127121036923,0.4770113127407463,6051.738951456683,33377028.0,2.341534257470868e-05,0.025518610850393086,1.2529137222817848,93.54838709677419,22.58064516129032,93.54838709677419,0.7684335548213593,0.6213332576118213,0.0001392462398778468,0.3219574989564478,0.9333333333333333,0.5347328961310621,0.9333333333333333,0.6543130272917435
2813,Sulfides of nonmetals,Chemicals,6. Products of the chemical or allied industries,0.17021255345787367,0.0,31.537771769778836,2920,Esters of other inorganic acids of nonmetals,Chemicals,6. Products of the chemical or allied industries,0.3223331976772373,1,1,1065,3.476352552097084,0.7695761947387166,5734.595285180579,89854273.0,6.303642685311577e-05,0.0547475209746513,1.3080509283173045,100.0,41.93548387096774,100.0,0.911066984803099,0.891228388829648,0.00037486470192036074,0.3361096492384226,1.0,0.6812760578625129,1.0,0.776893240503759
2813,Sulfides of nonmetals,Chemicals,6. Products of the chemical or allied industries,0.17021255345787367,0.0,31.537771769778836,2926,Nitrile-function compounds,Chemicals,6. Products of the chemical or allied industries,0.3091331301678541,1,2,1065,4.044936287265621,0.7512971873896059,5804.604421117215,349317446.0,0.00024506039499419487,-0.025735573314359272,1.8787837496764832,100.0,45.16129032258065,100.0,0.963499233770879,0.8743657529133727,0.001457323907905545,0.29714107871375167,1.0,0.6880425057327366,1.0,0.7816297540129156
2813,Sulfides of nonmetals,Chemicals,6. Products of the chemical or allied industries,0.17021255345787367,0.0,31.537771769778836,7014,Signaling glassware,Stone,"13. Articles of stone, plaster, cement, ceramics and glass",0.3057285447785641,1,3,1065,4.440756462971237,0.7845645561110393,5148.478918213745,1818707.0,1.2758969267132083e-06,0.20419398426705349,0.5496295273672509,6.451612903225806,-29.032258064516128,6.451612903225806,1.0,0.9050553585318808,7.587497340671528e-06,0.4084691316355577,0.033333333333333326,0.728040883356093,0.033333333333333326,0.5196286183492651
2813,Sulfides of nonmetals,Chemicals,6. Products of the chemical or allied industries,0.17021255345787367,0.0,31.537771769778836,2812,Halides of nonmetals,Chemicals,6. Products of the chemical or allied industries,0.3050787804328557,1,4,1065,4.284307561653714,0.7153316606002548,4432.3881805044,4577806.0,3.211517086858568e-06,0.002735483553891971,0.6859352348970058,19.35483870967742,-58.064516129032256,19.35483870967742,0.9855729820653688,0.8411870593331995,1.909823344338047e-05,0.31092628910213826,0.16666666666666666,0.6860078225898361,0.16666666666666666,0.5302054758128852
2813,Sulfides of nonmetals,Chemicals,6. Products of the chemical or allied industries,0.17021255345787367,0.0,31.537771769778836,7002,Glass balls,Stone,"13. Articles of stone, plaster, cement, ceramics and glass",0.3015608101316433,1,5,1065,3.5177262940034555,0.6596552111673846,5349.6929723758,17917531.0,1.2569876696569947e-05,-0.06117294477082735,0.8144991452861594,12.903225806451612,-48.38709677419355,12.903225806451612,0.9148822862304613,0.7898247682652939,7.475047867188044e-05,0.27998289510998214,0.09999999999999998,0.6386561159118124,0.09999999999999998,0.4770592811382686
2813,Sulfides of nonmetals,Chemicals,6. Products of the chemical or allied industries,0.17021255345787367,0.0,31.537771769778836,2910,Epoxides,Chemicals,6. Products of the chemical or allied industries,0.2987498949989056,1,6,1065,4.245111599630271,0.6727722051550143,3245.572540856476,43505769.0,3.052106631876095e-05,0.05325885522423057,0.7990192112262607,25.806451612903224,-41.93548387096774,25.806451612903224,0.9819585057583117,0.8019253757930946,0.00018150252162188292,0.33538886213654234,0.23333333333333328,0.6746949132417168,0.23333333333333328,0.5422864392692017
2813,Sulfides of nonmetals,Chemicals,6. Products of the chemical or allied industries,0.17021255345787367,0.0,31.537771769778836,2843,Compounds of precious metals,Chemicals,6. Products of the chemical or allied industries,0.2970242237562214,1,7,1065,3.578227748742069,0.6699880914205292,4694.3807194393985,33148795.0,2.3255227843047926e-05,0.14549072319831513,0.86125956234319,20.0,-43.33333333333333,20.0,0.9204614597831967,0.7993569925457183,0.00013829407040769385,0.3800459927242888,0.1733333333333333,0.6589641013343247,0.1733333333333333,0.5132748709340272
2813,Sulfides of nonmetals,Chemicals,6. Products of the chemical or allied industries,0.17021255345787367,0.0,31.537771769778836,7506,Nickel plates,Metals,15. Base metals and articles of base metal,0.2950307000748378,1,8,1065,4.081253222121073,0.7439678815614847,5449.163602292335,30062381.0,2.1089982898609587e-05,0.3916307244866082,0.8340070894145207,12.903225806451612,-35.483870967741936,12.903225806451612,0.9668482190694528,0.867604367388537,0.00012541780280812373,0.49922287184255515,0.09999999999999998,0.716960648707101,0.09999999999999998,0.5318724540949706
2813,Sulfides of nonmetals,Chemicals,6. Products of the chemical or allied industries,0.17021255345787367,0.0,31.537771769778836,2903,Halogenated derivatives of hydrocarbons,Chemicals,6. Products of the chemical or allied industries,0.2930999011427783,1,9,1065,3.156418595472656,0.7029937084161563,4703.335512699138,532817596.0,0.00037379321310970916,0.0038307308953677843,1.063849408738397,74.19354838709677,12.903225806451609,74.19354838709677,0.8815641062833562,0.8298051285937827,0.002222871574537843,0.31145658957884453,0.7333333333333333,0.646031151380006,0.7333333333333333,0.6722218059660041
2813,Sulfides of nonmetals,Chemicals,6. Products of the chemical or allied industries,0.17021255345787367,0.0,31.537771769778836,2931,Other organo-inorganic compounds,Chemicals,6. Products of the chemical or allied industries,0.2928540092067724,1,10,1065,3.8169478508297114,0.6717318987131131,8055.65448795035,902062018.0,0.0006328331921914386,0.010468344736083823,1.89311215553318,100.0,30.0,100.0,0.9424751598806204,0.8009656787791324,0.0037633292018427332,0.31467041138021123,1.0,0.6579693546182214,1.0,0.760578548232755
2813,Sulfides of nonmetals,Chemicals,6. Products of the chemical or allied industries,0.17021255345787367,0.0,31.537771769778836,2934,Nucleic acids and their salts,Chemicals,6. Products of the chemical or allied industries,0.2877982490372163,1,11,1065,4.439625824298642,0.8310454291963137,6165.676600957619,1264108449.0,0.0008868234878467508,0.08225318355211386,1.0889110294269224,41.935483870967744,16.12903225806452,41.935483870967744,0.999895737558591,0.9479346038288483,0.005273757397485087,0.3494274318292444,0.39999999999999997,0.7349457978696131,0.39999999999999997,0.6344620585087292
2827,"Chlorides, bromides, iodides etc.",Chemicals,6. Products of the chemical or allied industries,0.18611971657553752,16.447368421052634,52.17691529087009,3003,"Medicaments, not packaged",Chemicals,6. Products of the chemical or allied industries,0.35393155424738093,1,1,1065,2.0990808688581817,0.6434252192445683,4423.525690124199,210423704.0,0.0001476207862185662,0.024358753467155658,0.7827430722516634,25.806451612903224,-45.16129032258065,25.806451612903224,0.7840611502615072,0.7748523772874076,0.0008778705390776264,0.32139591537623724,0.23333333333333328,0.5939608025294173,0.23333333333333328,0.485772561770592
2827,"Chlorides, bromides, iodides etc.",Chemicals,6. Products of the chemical or allied industries,0.18611971657553752,16.447368421052634,52.17691529087009,2835,Phosphates,Chemicals,6. Products of the chemical or allied industries,0.3449487960610539,1,2,1065,1.6776147403016608,0.5606455533053706,5177.497684405811,373195476.0,0.0002618118041507911,0.08232368298572346,1.7949193000686914,100.0,25.80645161290323,100.0,0.7451954289664521,0.6984869958778145,0.0015569411024978982,0.34946156647795334,1.0,0.5579416248325608,1.0,0.6905591373827926
2827,"Chlorides, bromides, iodides etc.",Chemicals,6. Products of the chemical or allied industries,0.18611971657553752,16.447368421052634,52.17691529087009,3902,Polymers of propylene,Chemicals,7. Plastics and articles thereof; rubber and articles thereof,0.3447558575016693,1,3,1065,1.4931095242618497,0.5740437959503514,3527.28184743743,1550710928.0,0.0010878867828934442,0.11866226904981891,1.2822036697258419,93.54838709677419,45.16129032258064,93.54838709677419,0.7281811831748698,0.7108470591638122,0.0064694395756712195,0.36705610314823245,0.9333333333333333,0.5596887162271242,0.9333333333333333,0.6717821013589869
2827,"Chlorides, bromides, iodides etc.",Chemicals,6. Products of the chemical or allied industries,0.18611971657553752,16.447368421052634,52.17691529087009,3004,"Medicaments, packaged",Chemicals,6. Products of the chemical or allied industries,0.3363040914962435,1,4,1065,2.202918605724686,0.625793670100223,4440.930452338378,8973767838.0,0.006295463098532106,0.07624906321179936,0.927091925848173,19.35483870967742,-48.38709677419354,19.35483870967742,0.7936366019230318,0.758587030478218,0.03743782786706638,0.346520337004088,0.16666666666666666,0.6008719960711105,0.16666666666666666,0.4706103972497773
2827,"Chlorides, bromides, iodides etc.",Chemicals,6. Products of the chemical or allied industries,0.18611971657553752,16.447368421052634,52.17691529087009,7228,Other bars and rods of other alloy steel,Metals,15. Base metals and articles of base metal,0.33615973711762553,1,5,1065,1.4844750855095101,0.6088511439755228,4018.1597052210273,530601235.0,0.00037223834572953907,0.10281023711764736,1.3975199575291681,93.54838709677419,41.935483870967744,93.54838709677419,0.7273849538521553,0.7429573168900397,0.0022136250971264357,0.3593808139491129,0.9333333333333333,0.5688589606167042,0.9333333333333333,0.6782012724316928
2827,"Chlorides, bromides, iodides etc.",Chemicals,6. Products of the chemical or allied industries,0.18611971657553752,16.447368421052634,52.17691529087009,2815,Sodium hydroxide,Chemicals,6. Products of the chemical or allied industries,0.3353395641514662,1,6,1065,0.9131193112673213,0.4988419721093298,4619.909773871369,892608243.0,0.0006262009845470308,0.07755644790925942,2.6692794782893885,100.0,19.354838709677423,100.0,0.6746970798394292,0.6414723414096382,0.0037238888232266026,0.34715335084675786,1.0,0.5132908833876711,1.0,0.6593036183713697
2827,"Chlorides, bromides, iodides etc.",Chemicals,6. Products of the chemical or allied industries,0.18611971657553752,16.447368421052634,52.17691529087009,8434,Dairy machinery,Machinery,"16. Machinery, mechanical appliances and electrical equipment",0.33436313984861654,1,7,1065,2.0866518740386026,0.6732184111414641,3318.5170190084855,54776543.0,3.842797265841826e-05,0.07544673267015645,0.9484853578862411,29.03225806451613,-35.483870967741936,29.03225806451613,0.7829150039500826,0.8023370069582592,0.00022852327194192336,0.34613186195137896,0.26666666666666666,0.6067922616014177,0.26666666666666666,0.5047545831209924
2827,"Chlorides, bromides, iodides etc.",Chemicals,6. Products of the chemical or allied industries,0.18611971657553752,16.447368421052634,52.17691529087009,5603,Nonwoven textiles,Textiles,11. Textiles and textile articles,0.3320868318736901,1,8,1065,2.0563392481886384,0.636501615184745,4272.222391010428,424275405.0,0.00029764645174813856,0.022376439638634338,1.0997791872937175,67.74193548387096,16.129032258064512,67.74193548387096,0.7801197091726804,0.7684652572288927,0.0017700424021845386,0.32043611211679285,0.6666666666666666,0.5903356614183972,0.6666666666666666,0.613234962992878
2827,"Chlorides, bromides, iodides etc.",Chemicals,6. Products of the chemical or allied industries,0.18611971657553752,16.447368421052634,52.17691529087009,2806,Hydrochloric acid,Chemicals,6. Products of the chemical or allied industries,0.3301244986610732,1,9,1065,1.1996621534696088,0.5132480370136248,2208.5007803375615,9168390.0,6.431998460394177e-06,0.3499624693577008,1.0352669259693004,38.70967741935484,-6.451612903225801,38.70967741935484,0.701120779134718,0.6547621346039704,3.824977566108198e-05,0.4790477983942108,0.36666666666666664,0.5464219270340217,0.36666666666666664,0.49249534892381513
2827,"Chlorides, bromides, iodides etc.",Chemicals,6. Products of the chemical or allied industries,0.18611971657553752,16.447368421052634,52.17691529087009,8424,Sprays and powder dispersers,Machinery,"16. Machinery, mechanical appliances and electrical equipment",0.3279088702503429,1,10,1065,2.391759955916591,0.6839129747807093,5546.448041776656,1114712454.0,0.00078201612146846,0.07143760817798994,1.266952939542663,96.7741935483871,32.25806451612904,96.7741935483871,0.8110507066120074,0.8122028891414513,0.00465048948529831,0.3441907108078337,0.9666666666666668,0.6204649385576804,0.9666666666666668,0.7243254569903763
2827,"Chlorides, bromides, iodides etc.",Chemicals,6. Products of the chemical or allied industries,0.18611971657553752,16.447368421052634,52.17691529087009,8524,"Tapes, cassettes, records and compact disks",Electronics,"16. Machinery, mechanical appliances and electrical equipment",0.3271768818868563,1,11,1065,2.5272509941724377,0.7024813664270368,4140.401759940319,0.0,0.0,0.0,0.4926944799537171,25.806451612903224,-58.06451612903226,25.806451612903224,0.8235450841527715,0.8293324860556986,0.0,0.30960181363644446,0.23333333333333328,0.6249474216184312,0.23333333333333328,0.5074631951329018
2830,Sulfides; polysulfides,Chemicals,6. Products of the chemical or allied industries,0.17772274896503257,5.263157894736842,39.331694237132965,7409,"Copper plates, sheets and strip > 0.15 mm",Metals,15. Base metals and articles of base metal,0.3051424544100927,1,1,1065,1.597989586914008,0.6351297249674902,3431.1160040345612,33638609.0,2.3598852284621587e-05,0.08396296842482087,0.6993866905745718,3.225806451612903,-58.064516129032256,3.225806451612903,0.7378527534583643,0.7671996696174411,0.000140337534485428,0.3502552811183739,0.0,0.5793276908744607,0.0,0.40552938361212243
2830,Sulfides; polysulfides,Chemicals,6. Products of the chemical or allied industries,0.17772274896503257,5.263157894736842,39.331694237132965,6902,"Bricks, tiles and similar refractory ceramic constructional goods",Stone,"13. Articles of stone, plaster, cement, ceramics and glass",0.2729322649074819,1,2,1065,2.196034121726983,0.6932460494288273,5186.653549399349,202073668.0,0.00014176289637135898,0.10980597473772113,1.4531394969231606,96.7741935483871,35.48387096774194,96.7741935483871,0.7930017456008134,0.8208127789874823,0.0008430348695912763,0.3627680333052798,0.9666666666666668,0.6193767438321341,0.9666666666666668,0.7235637206824939
2830,Sulfides; polysulfides,Chemicals,6. Products of the chemical or allied industries,0.17772274896503257,5.263157894736842,39.331694237132965,8455,Metal-rolling mills,Machinery,"16. Machinery, mechanical appliances and electrical equipment",0.2707118667951473,1,3,1065,2.485701684062061,0.731886366994894,5559.314478300956,157956161.0,0.00011081267096641556,0.14616253993943396,1.1696197598902842,86.66666666666667,23.333333333333343,86.66666666666667,0.819713592610895,0.8564590038815022,0.0006589802269030601,0.380371275173817,0.8622222222222223,0.6438149470824471,0.8622222222222223,0.7093371296243797
2830,Sulfides; polysulfides,Chemicals,6. Products of the chemical or allied industries,0.17772274896503257,5.263157894736842,39.331694237132965,2807,"Sulfiric acid, oleum",Chemicals,6. Products of the chemical or allied industries,0.2672075723673015,1,4,1065,0.7300445219831626,0.47299397816948135,5782.6246967581155,592622238.0,0.00041574860170775363,0.24693426752479963,5.9023279310829295,100.0,35.483870967741936,100.0,0.6578147416054213,0.6176272111654642,0.0024723716656106834,0.4291632632055129,1.0,0.5111500287004784,1.0,0.6578050200903349
2830,Sulfides; polysulfides,Chemicals,6. Products of the chemical or allied industries,0.17772274896503257,5.263157894736842,39.331694237132965,8482,Ball or roller bearings,Machinery,"16. Machinery, mechanical appliances and electrical equipment",0.2650943354447234,1,5,1065,3.2662019555696666,0.8490651132894873,5272.346914755865,1349782922.0,0.0009469276150087805,0.08111200779746985,1.1387063118016394,77.41935483870968,32.25806451612904,77.41935483870968,0.8916878367263661,0.9645580104715654,0.005631184314548107,0.34887489358169393,0.7666666666666667,0.7028619582037122,0.7666666666666667,0.7220033707425986
2830,Sulfides; polysulfides,Chemicals,6. Products of the chemical or allied industries,0.17772274896503257,5.263157894736842,39.331694237132965,7318,Screws and similar articles of iron or steel,Metals,15. Base metals and articles of base metal,0.26266759445763543,1,6,1065,3.0223608335288747,0.8038271294439806,5229.045359779349,1632906038.0,0.0011455499954064296,0.10282425382167348,1.1039777887740618,67.74193548387096,-3.225806451612911,67.74193548387096,0.8692018990735136,0.9228253476084347,0.006812350873940377,0.3593876006031822,0.6666666666666666,0.6821395290602502,0.6666666666666666,0.6774976703421751
2830,Sulfides; polysulfides,Chemicals,6. Products of the chemical or allied industries,0.17772274896503257,5.263157894736842,39.331694237132965,5311,Woven fabrics of vegetable textile fibers,Textiles,11. Textiles and textile articles,0.2613289741236692,1,7,1065,0.6092852371042855,0.43196449737710924,5992.258865925305,3518451.0,2.4683364707404848e-06,0.3769153914653254,1.1755186470990608,70.96774193548387,3.225806451612911,70.96774193548387,0.6466788604707568,0.5797769503049232,1.4678690743359474e-05,0.4920979532779843,0.7000000000000001,0.5030764285667971,0.7000000000000001,0.562153499996758
2830,Sulfides; polysulfides,Chemicals,6. Products of the chemical or allied industries,0.17772274896503257,5.263157894736842,39.331694237132965,2842,Other salts of acids,Chemicals,6. Products of the chemical or allied industries,0.25950443193058315,1,8,1065,2.8863592659375477,0.7438680218924604,5152.261721066878,39818853.0,2.793454479910454e-05,0.0831076008840288,1.0270170788588617,70.96774193548387,16.12903225806452,70.96774193548387,0.8566604428008626,0.8675122454691506,0.0001661210086320064,0.3498411264361722,0.7000000000000001,0.6559615280112252,0.7000000000000001,0.6691730696078576
2830,Sulfides; polysulfides,Chemicals,6. Products of the chemical or allied industries,0.17772274896503257,5.263157894736842,39.331694237132965,9302,Revolvers and pistols,Machinery,19. Arms and ammunition,0.2587330985395501,1,9,1065,2.586549408653248,0.6157717370149229,7027.449642076574,54680460.0,3.836056652625438e-05,0.00895170993058958,0.9370951548293522,66.66666666666666,13.333333333333321,66.66666666666666,0.8290133187137387,0.7493416592407633,0.00022812242149873282,0.3139360821288303,0.6555555555555554,0.5995488729666251,0.6555555555555554,0.6163508777433041
2830,Sulfides; polysulfides,Chemicals,6. Products of the chemical or allied industries,0.17772274896503257,5.263157894736842,39.331694237132965,6804,Grindstones,Stone,"13. Articles of stone, plaster, cement, ceramics and glass",0.2584178797291805,1,10,1065,2.744287281086388,0.7285923384235506,5401.5883485016975,352553234.0,0.0002473304318746244,0.050166207355115455,1.6108624829223877,100.0,32.25806451612904,100.0,0.8435591997995048,0.853420217177416,0.001470823351655955,0.33389145367256334,1.0,0.6442471374955553,1.0,0.7509729962468887
2830,Sulfides; polysulfides,Chemicals,6. Products of the chemical or allied industries,0.17772274896503257,5.263157894736842,39.331694237132965,2525,Mica,Minerals,5. Mineral products,0.256452333002126,1,11,1065,-1.8439313153131467,0.24378516614736095,5216.27808010926,3785396.0,2.6556092448054975e-06,0.06915313258659839,0.8255422653590091,67.74193548387096,22.58064516129032,67.74193548387096,0.42045420244373416,0.40617892668741956,1.579236352166052e-05,0.34308460586764145,0.6666666666666666,0.34078665493057825,0.6666666666666666,0.43855065845140473
2832,Sulfites,Chemicals,6. Products of the chemical or allied industries,0.17757941802928384,4.605263157894736,47.36324777589937,8701,Tractors,Vehicles,"17. Vehicles, aircraft, vessels and associated transport equipment",0.3200431766563115,1,1,1065,2.340626545148909,0.7505062890565553,3749.161861609585,1585806592.0,0.0011125078185185116,0.14993242502753357,1.0172390575690526,19.35483870967742,-25.80645161290322,19.35483870967742,0.8063354121740681,0.8736361383132849,0.006615855824835654,0.3821965905922076,0.16666666666666666,0.64631190963313,0.16666666666666666,0.502418336743191
2832,Sulfites,Chemicals,6. Products of the chemical or allied industries,0.17757941802928384,4.605263157894736,47.36324777589937,2824,Lead oxides,Chemicals,6. Products of the chemical or allied industries,0.31319219083007055,1,2,1065,-0.6495491772210851,0.3642421685523869,4538.093978344157,7370384.0,5.170624127083804e-06,0.17764836772902903,1.4507623669572214,96.7741935483871,16.129032258064527,96.7741935483871,0.5305947811371249,0.5173021696692485,3.074864120483837e-05,0.3956161873082901,0.9666666666666668,0.42611097317465485,0.9666666666666668,0.5882776812222584
2832,Sulfites,Chemicals,6. Products of the chemical or allied industries,0.17757941802928384,4.605263157894736,47.36324777589937,3906,Acrylic polymers,Chemicals,7. Plastics and articles thereof; rubber and articles thereof,0.3111135420353069,1,3,1065,2.4049821793133646,0.7215373122764224,4181.462674071502,587779785.0,0.00041235142398728895,0.054011124955622325,1.2457476648713257,100.0,64.51612903225806,100.0,0.8122700009149683,0.846911858434149,0.002452169346457666,0.3357530985807333,1.0,0.6314444409612697,1.0,0.7420111086728888
2832,Sulfites,Chemicals,6. Products of the chemical or allied industries,0.17757941802928384,4.605263157894736,47.36324777589937,4006,Unvulcanized rubber rods,Chemicals,7. Plastics and articles thereof; rubber and articles thereof,0.3078717057319608,1,4,1065,2.6176662552696475,0.6802702690422725,3475.7418881649046,17301739.0,1.2137873564512623e-05,0.1160128067930668,1.1512504092347655,48.38709677419355,-12.903225806451609,48.38709677419355,0.8318827751332046,0.8088424429506806,7.218144464803449e-05,0.36577327775841895,0.4666666666666667,0.6291306452098198,0.4666666666666667,0.5803914516468738
2832,Sulfites,Chemicals,6. Products of the chemical or allied industries,0.17757941802928384,4.605263157894736,47.36324777589937,7318,Screws and similar articles of iron or steel,Metals,15. Base metals and articles of base metal,0.30541399457049223,1,5,1065,3.0223608335288747,0.8038271294439806,5229.045359779349,1632906038.0,0.0011455499954064296,0.10282425382167348,1.1039777887740618,67.74193548387096,-3.225806451612911,67.74193548387096,0.8692018990735136,0.9228253476084347,0.006812350873940377,0.3593876006031822,0.6666666666666666,0.6821395290602502,0.6666666666666666,0.6774976703421751
2832,Sulfites,Chemicals,6. Products of the chemical or allied industries,0.17757941802928384,4.605263157894736,47.36324777589937,7409,"Copper plates, sheets and strip > 0.15 mm",Metals,15. Base metals and articles of base metal,0.3051184799079933,1,6,1065,1.597989586914008,0.6351297249674902,3431.1160040345612,33638609.0,2.3598852284621587e-05,0.08396296842482087,0.6993866905745718,3.225806451612903,-58.064516129032256,3.225806451612903,0.7378527534583643,0.7671996696174411,0.000140337534485428,0.3502552811183739,0.0,0.5793276908744607,0.0,0.40552938361212243
2832,Sulfites,Chemicals,6. Products of the chemical or allied industries,0.17757941802928384,4.605263157894736,47.36324777589937,9606,Buttons,Machinery,20. Miscellaneous manufactured articles,0.3036792198678504,1,7,1065,0.8264141123944766,0.526438730290403,3801.0217316802314,12515854.0,8.780380596649827e-06,0.13183998572899758,1.2404154547694228,67.74193548387096,-16.129032258064527,67.74193548387096,0.6667015142034296,0.6669307307405868,5.221512257952111e-05,0.3734365335516995,0.6666666666666666,0.5227945980315476,0.6666666666666666,0.5659562186220832
2832,Sulfites,Chemicals,6. Products of the chemical or allied industries,0.17757941802928384,4.605263157894736,47.36324777589937,4010,Conveyor belts of vulcanized rubber,Chemicals,7. Plastics and articles thereof; rubber and articles thereof,0.3033191192812401,1,8,1065,2.527412827749111,0.7277983543450347,5193.5768039208915,424677041.0,0.00029792821573654206,0.06914610355313267,1.575586932562645,100.0,41.93548387096774,100.0,0.8235600077213835,0.8526877559346568,0.0017717179948346564,0.3430812025269927,1.0,0.6384146553578882,1.0,0.7468902587505217
2832,Sulfites,Chemicals,6. Products of the chemical or allied industries,0.17757941802928384,4.605263157894736,47.36324777589937,7611,"Aluminum containers, >300 liters",Metals,15. Base metals and articles of base metal,0.30290501836249506,1,9,1065,2.54842456254331,0.7221751476327519,4143.158606777386,1286511.0,9.025397884776033e-07,-0.05910785475785796,0.6758556963926072,3.225806451612903,-74.19354838709678,3.225806451612903,0.8254976159254729,0.8475002703310803,5.367219013972381e-06,0.28098277721592124,0.0,0.6276974818550338,0.0,0.43938823729852367
2832,Sulfites,Chemicals,6. Products of the chemical or allied industries,0.17757941802928384,4.605263157894736,47.36324777589937,7228,Other bars and rods of other alloy steel,Metals,15. Base metals and articles of base metal,0.3024913393608846,1,10,1065,1.4844750855095101,0.6088511439755228,4018.1597052210273,530601235.0,0.00037223834572953907,0.10281023711764736,1.3975199575291681,93.54838709677419,41.935483870967744,93.54838709677419,0.7273849538521553,0.7429573168900397,0.0022136250971264357,0.3593808139491129,0.9333333333333333,0.5688589606167042,0.9333333333333333,0.6782012724316928
2832,Sulfites,Chemicals,6. Products of the chemical or allied industries,0.17757941802928384,4.605263157894736,47.36324777589937,3912,Cellulose n.e.c.,Chemicals,7. Plastics and articles thereof; rubber and articles thereof,0.30186582111175636,1,11,1065,2.3441235245772334,0.6801428872657881,6045.0837768499005,427431617.0,0.00029986066282823847,0.06091791282615877,1.4750968416448413,100.0,38.70967741935484,100.0,0.8066578879761007,0.8087249315082812,0.001783209861350086,0.3390972499532619,1.0,0.6165160557917254,1.0,0.7315612390542078
2836,Carbonates,Chemicals,6. Products of the chemical or allied industries,0.19221711437616404,33.55263157894737,50.49135501799465,4110,Waste of leather,Agriculture,"8. Raw hides and skins, leather, furskins and articles thereof",0.332970277658244,1,1,1065,0.06429673375097965,0.3850624975809978,4241.904811872493,741909.0,5.204793366940743e-07,0.27313567172124653,1.0865733867252334,51.61290322580645,-9.677419354838712,51.61290322580645,0.5964224582472071,0.5365092098197962,3.0951838666262747e-06,0.4418495456638908,0.49999999999999994,0.46280397995061473,0.49999999999999994,0.47396278596543023
2836,Carbonates,Chemicals,6. Products of the chemical or allied industries,0.19221711437616404,33.55263157894737,50.49135501799465,7408,Copper wire,Metals,15. Base metals and articles of base metal,0.3295822886444596,1,2,1065,0.72897815572604,0.47649804259051093,2295.7354801668644,163273284.0,0.00011454284899655241,0.04300681124977146,0.9706223066318189,45.16129032258064,-25.80645161290323,45.16129032258064,0.6577164060786975,0.6208597588323302,0.00068116283060037,0.3304249936102388,0.43333333333333324,0.49716758118498555,0.43333333333333324,0.47801730682948984
2836,Carbonates,Chemicals,6. Products of the chemical or allied industries,0.19221711437616404,33.55263157894737,50.49135501799465,5802,Terry cloth,Textiles,11. Textiles and textile articles,0.3291585579052182,1,3,1065,0.13045191781029902,0.3022420653505323,4455.107965733766,17151974.0,1.2032807326119521e-05,0.4417262605687178,2.392560965499382,100.0,20.0,100.0,0.6025229934306121,0.460106220945302,7.155663727706947e-05,0.5234782940281983,1.0,0.45045270263139126,1.0,0.6153168918419738
2836,Carbonates,Chemicals,6. Products of the chemical or allied industries,0.19221711437616404,33.55263157894737,50.49135501799465,3922,"Baths, sinks etc.",Chemicals,7. Plastics and articles thereof; rubber and articles thereof,0.3283171618018114,1,4,1065,2.114758026065546,0.6129304372231633,4194.777885698726,59292495.0,4.1596096648695076e-05,0.022769775658747493,0.7766025807035498,19.35483870967742,-38.70967741935485,19.35483870967742,0.7855068275803632,0.7467205210683033,0.0002473634555397213,0.32062655885067004,0.16666666666666666,0.5844106603729647,0.16666666666666666,0.4590874622610753
2836,Carbonates,Chemicals,6. Products of the chemical or allied industries,0.19221711437616404,33.55263157894737,50.49135501799465,7413,"Copper wire, uninsulated",Metals,15. Base metals and articles of base metal,0.32354056715632046,1,5,1065,0.944550170341048,0.5156119083746225,2203.996410538448,9463296.0,6.638887013123828e-06,0.037210453424213474,0.707060403782552,25.806451612903224,-51.612903225806456,25.806451612903224,0.6775954930832346,0.6569428384765662,3.9480099451966425e-05,0.32761849392596504,0.23333333333333328,0.5162371121497428,0.23333333333333328,0.43136597850481995
2836,Carbonates,Chemicals,6. Products of the chemical or allied industries,0.19221711437616404,33.55263157894737,50.49135501799465,7325,Other cast articles of iron or steel,Metals,15. Base metals and articles of base metal,0.32179182423106845,1,6,1065,1.568606165802238,0.5648927514007727,4248.115237423845,116865543.0,8.198593129754836e-05,0.07752242703681955,0.8060350641832089,22.58064516129032,-29.032258064516128,22.58064516129032,0.7351431457858887,0.7024050945895888,0.00048755351836696843,0.34713687850832836,0.19999999999999996,0.5552855489354213,0.19999999999999996,0.44869988425479485
2836,Carbonates,Chemicals,6. Products of the chemical or allied industries,0.19221711437616404,33.55263157894737,50.49135501799465,2002,"Tomatoes, prepared or preserved",Agriculture,"4. Prepared foodstuffs; beverages, spirits and tobacco",0.3194364810666217,1,7,1065,-0.902354716549072,0.22554013001632,4072.111463405702,110127328.0,7.725879943406907e-05,0.1051967637435558,0.8226790000457852,33.33333333333333,-26.66666666666667,33.33333333333333,0.50728218501696,0.38934762968747605,0.000459442234694902,0.36053633029639404,0.31111111111111106,0.3679698010262159,0.31111111111111106,0.35091219405168445
2836,Carbonates,Chemicals,6. Products of the chemical or allied industries,0.19221711437616404,33.55263157894737,50.49135501799465,6801,"Flagstones, of natural stone",Stone,"13. Articles of stone, plaster, cement, ceramics and glass",0.3160426951378818,1,8,1065,0.9643172374786935,0.48482795792344224,4783.420839251781,558016.0,3.914709183264801e-07,-0.0733764930326184,0.475270479102092,3.225806451612903,-45.16129032258065,3.225806451612903,0.6794183236030289,0.6285442204001765,2.3279972618196133e-06,0.274074140789688,0.0,0.4988983607191644,0.0,0.34922885250341507
2836,Carbonates,Chemicals,6. Products of the chemical or allied industries,0.19221711437616404,33.55263157894737,50.49135501799465,2833,Sulfates,Chemicals,6. Products of the chemical or allied industries,0.31483013704086543,1,9,1065,0.6646059010828448,0.40411324826914513,6332.51027125347,455614027.0,0.00031963176961254824,0.04519002639141556,1.7074422514826024,100.0,32.25806451612904,100.0,0.6517802846715861,0.5540837895904854,0.0019007845784038582,0.3314820699312881,1.0,0.4720598541681788,1.0,0.6304418979177251
2836,Carbonates,Chemicals,6. Products of the chemical or allied industries,0.19221711437616404,33.55263157894737,50.49135501799465,7228,Other bars and rods of other alloy steel,Metals,15. Base metals and articles of base metal,0.31115764670556273,1,10,1065,1.4844750855095101,0.6088511439755228,4018.1597052210273,530601235.0,0.00037223834572953907,0.10281023711764736,1.3975199575291681,93.54838709677419,41.935483870967744,93.54838709677419,0.7273849538521553,0.7429573168900397,0.0022136250971264357,0.3593808139491129,0.9333333333333333,0.5688589606167042,0.9333333333333333,0.6782012724316928
2836,Carbonates,Chemicals,6. Products of the chemical or allied industries,0.19221711437616404,33.55263157894737,50.49135501799465,7611,"Aluminum containers, >300 liters",Metals,15. Base metals and articles of base metal,0.3078537415303471,1,11,1065,2.54842456254331,0.7221751476327519,4143.158606777386,1286511.0,9.025397884776033e-07,-0.05910785475785796,0.6758556963926072,3.225806451612903,-74.19354838709678,3.225806451612903,0.8254976159254729,0.8475002703310803,5.367219013972381e-06,0.28098277721592124,0.0,0.6276974818550338,0.0,0.43938823729852367
2840,Borates,Chemicals,6. Products of the chemical or allied industries,0.18727809046382998,19.736842105263158,28.785992539899468,7219,Flat-rolled products of stainless steel of a width > 600 mm,Metals,15. Base metals and articles of base metal,0.22291458485431376,1,1,1065,3.496700773621345,0.7755190675977544,3592.2183923497055,336402090.0,0.00023599974749693057,0.02385681676782392,0.9007661321048669,32.25806451612903,-22.58064516129032,32.25806451612903,0.912943406781113,0.8967107708542684,0.0014034420955499397,0.3211528860066582,0.3,0.6817624113877148,0.3,0.5672336879714003
2840,Borates,Chemicals,6. Products of the chemical or allied industries,0.18727809046382998,19.736842105263158,28.785992539899468,3803,Tall oil,Chemicals,6. Products of the chemical or allied industries,0.21302979154530594,1,2,1065,2.853029842633321,0.5511749484628053,4941.011501470435,1944228.0,1.363955013110835e-06,0.11447763335861683,0.36017206591631556,3.3333333333333335,-83.33333333333334,3.3333333333333335,0.8535869524553786,0.6897502325341057,8.111160720038534e-06,0.36502997241241497,0.0011111111111111146,0.5949237272822897,0.0011111111111111146,0.41677994243093613
2840,Borates,Chemicals,6. Products of the chemical or allied industries,0.18727809046382998,19.736842105263158,28.785992539899468,7220,Flat-rolled products of stainless steel of a width < 600 mm,Metals,15. Base metals and articles of base metal,0.20599433765566708,0,3,1065,3.870520147542761,0.8874840408091211,3736.0413576021824,83879210.0,5.884467715477634e-05,0.06512800223199844,0.8375864897443386,35.483870967741936,-12.903225806451616,35.483870967741936,0.9474153574721005,1.0,0.0003499372261791639,0.34113570495273665,0.3333333333333333,0.7328182214420724,0.3333333333333333,0.6129727550094507
2840,Borates,Chemicals,6. Products of the chemical or allied industries,0.18727809046382998,19.736842105263158,28.785992539899468,2526,Natural steatite,Minerals,5. Mineral products,0.20483902801212706,0,4,1065,1.027819503525352,0.002065168327076001,3758.4392087071483,18864301.0,1.3234074356393253e-05,0.06833022561193114,0.9403524018580104,35.483870967741936,-25.806451612903224,35.483870967741936,0.6852742185529428,0.18318890107617347,7.870032592997511e-05,0.34268616804960217,0.3333333333333333,0.3553768221265205,0.3333333333333333,0.3487637754885643
2840,Borates,Chemicals,6. Products of the chemical or allied industries,0.18727809046382998,19.736842105263158,28.785992539899468,2819,Chromium oxides and hydroxides,Chemicals,6. Products of the chemical or allied industries,0.20366009006345073,0,5,1065,1.9296127121036923,0.4770113127407463,6051.738951456683,33377028.0,2.341534257470868e-05,0.025518610850393086,1.2529137222817848,93.54838709677419,22.58064516129032,93.54838709677419,0.7684335548213593,0.6213332576118213,0.0001392462398778468,0.3219574989564478,0.9333333333333333,0.5347328961310621,0.9333333333333333,0.6543130272917435
2840,Borates,Chemicals,6. Products of the chemical or allied industries,0.18727809046382998,19.736842105263158,28.785992539899468,3205,Color lakes,Chemicals,6. Products of the chemical or allied industries,0.20019554192529568,0,6,1065,1.7181035466288916,0.6308723895913348,4677.929965645103,28595913.0,2.006119595584021e-05,0.18539687080443246,1.8151437022360406,96.7741935483871,16.129032258064527,96.7741935483871,0.7489291255927341,0.7632722191246177,0.0001192998178604769,0.3993678831299022,0.9666666666666668,0.5891935480932375,0.9666666666666668,0.7024354836652663
2840,Borates,Chemicals,6. Products of the chemical or allied industries,0.18727809046382998,19.736842105263158,28.785992539899468,4807,Uncoated composite paper,Agriculture,"10. Pulp, paper and paperboard",0.19698766932508788,0,7,1065,2.606996413681065,0.6811090842358443,2634.9674530515085,13170047.0,9.239323591963142e-06,0.08087676926914322,0.9147177604388799,35.483870967741936,-6.451612903225808,35.483870967741936,0.8308988500646243,0.8096162615142434,5.494436244486827e-05,0.34876099501377483,0.3333333333333333,0.6265026799590365,0.3333333333333333,0.5385518759713256
2840,Borates,Chemicals,6. Products of the chemical or allied industries,0.18727809046382998,19.736842105263158,28.785992539899468,3807,Wood tar and oils,Chemicals,6. Products of the chemical or allied industries,0.19643226466982086,0,8,1065,2.424444684793578,0.6807713360114651,3525.1702413750263,1392314.0,9.767648959506803e-07,0.07485824971991772,0.42212638747434905,9.67741935483871,-74.19354838709678,9.67741935483871,0.8140647461209191,0.8093046841276654,5.808620504776051e-06,0.3458469283320701,0.06666666666666667,0.6200572111298908,0.06666666666666667,0.45404004779092355
2840,Borates,Chemicals,6. Products of the chemical or allied industries,0.18727809046382998,19.736842105263158,28.785992539899468,7225,"Flat-rolled products of other alloy steel, width > 600 mm",Metals,15. Base metals and articles of base metal,0.1950998317102597,0,9,1065,3.8456244003591467,0.8573443314117445,4079.8678883095267,539193668.0,0.00037826628693045226,0.03704398107594442,0.9530834142944402,41.935483870967744,-9.677419354838705,41.935483870967744,0.9451195830173789,0.9721957031646452,0.0022494720271362713,0.3275378907943231,0.39999999999999997,0.7205284545869273,0.39999999999999997,0.6243699182108491
2840,Borates,Chemicals,6. Products of the chemical or allied industries,0.18727809046382998,19.736842105263158,28.785992539899468,5605,Metallised yarn,Textiles,11. Textiles and textile articles,0.19372635527659116,0,10,1065,2.3420132070740025,0.716476821706345,5793.600134877512,3322718.0,2.3310218108439996e-06,0.03078359000939912,1.1207412214880539,64.51612903225806,-3.225806451612897,64.51612903225806,0.8064632839347141,0.8422434862183508,1.3862108623764806e-05,0.32450671396217184,0.6333333333333333,0.625725455964192,0.6333333333333333,0.6280078191749344
2840,Borates,Chemicals,6. Products of the chemical or allied industries,0.18727809046382998,19.736842105263158,28.785992539899468,9302,Revolvers and pistols,Machinery,19. Arms and ammunition,0.19334795814153627,0,11,1065,2.586549408653248,0.6157717370149229,7027.449642076574,54680460.0,3.836056652625438e-05,0.00895170993058958,0.9370951548293522,66.66666666666666,13.333333333333321,66.66666666666666,0.8290133187137387,0.7493416592407633,0.00022812242149873282,0.3139360821288303,0.6555555555555554,0.5995488729666251,0.6555555555555554,0.6163508777433041
2923,Quaternary ammonium salts and hydroxides,Chemicals,6. Products of the chemical or allied industries,0.18316758056296562,12.5,51.866732714832814,1501,"Pig and poultry fat, rendered",Agriculture,3. Animal or vegetable fats and oils,0.35169485843642556,1,1,1065,2.287690973627274,0.7289828794144371,3656.1984120010625,9851465.0,6.911203353328897e-06,-0.06659900901480242,0.8312062525781795,16.129032258064516,-64.51612903225806,16.129032258064516,0.8014539305318763,0.8537804966178649,4.109950887593144e-05,0.27735568539556127,0.1333333333333333,0.620941567238075,0.1333333333333333,0.4746590970666525
2923,Quaternary ammonium salts and hydroxides,Chemicals,6. Products of the chemical or allied industries,0.18316758056296562,12.5,51.866732714832814,8436,Other agricultural machinery,Machinery,"16. Machinery, mechanical appliances and electrical equipment",0.3509189265623163,1,2,1065,2.6623534880730624,0.7077341842668049,4243.2764687727795,435193219.0,0.0003053057422930292,0.10877312112659299,1.452826281754256,83.87096774193549,25.806451612903224,83.87096774193549,0.8360036318709292,0.8341782828254468,0.001815590632158331,0.36226794283109426,0.8333333333333334,0.6391762001632195,0.8333333333333334,0.6974233401142536
2923,Quaternary ammonium salts and hydroxides,Chemicals,6. Products of the chemical or allied industries,0.18316758056296562,12.5,51.866732714832814,8433,Harvesting or agricultural machinery,Machinery,"16. Machinery, mechanical appliances and electrical equipment",0.3492061915236905,1,3,1065,3.1027657454804705,0.8237845052740358,4460.732914157222,1070361592.0,0.0007509021880405458,0.13824643799774727,1.2380079339198609,70.96774193548387,16.12903225806452,70.96774193548387,0.8766164804287627,0.9412363015535277,0.004465461304573493,0.3765384307793487,0.7000000000000001,0.69339905750639,0.7000000000000001,0.695379340254473
2923,Quaternary ammonium salts and hydroxides,Chemicals,6. Products of the chemical or allied industries,0.18316758056296562,12.5,51.866732714832814,3822,Diagnostic or laboratory reagents,Chemicals,6. Products of the chemical or allied industries,0.34339426937383455,1,4,1065,2.8435557489649033,0.7936378185728911,5862.295388349084,21754245.0,1.526148760546156e-05,-0.5658051519912364,1.0601529083521284,74.19354838709677,19.354838709677416,74.19354838709677,0.8527132939118058,0.9134255680593943,9.075693670603175e-05,0.03564840561491349,0.7333333333333333,0.6235094760726629,0.7333333333333333,0.656456633250864
2923,Quaternary ammonium salts and hydroxides,Chemicals,6. Products of the chemical or allied industries,0.18316758056296562,12.5,51.866732714832814,8701,Tractors,Vehicles,"17. Vehicles, aircraft, vessels and associated transport equipment",0.3416534230760815,1,5,1065,2.340626545148909,0.7505062890565553,3749.161861609585,1585806592.0,0.0011125078185185116,0.14993242502753357,1.0172390575690526,19.35483870967742,-25.80645161290322,19.35483870967742,0.8063354121740681,0.8736361383132849,0.006615855824835654,0.3821965905922076,0.16666666666666666,0.64631190963313,0.16666666666666666,0.502418336743191
2923,Quaternary ammonium salts and hydroxides,Chemicals,6. Products of the chemical or allied industries,0.18316758056296562,12.5,51.866732714832814,8307,Flexible tubing of base metal,Metals,15. Base metals and articles of base metal,0.33934364686521196,1,6,1065,2.6427781356734243,0.7566105840157628,5610.442215074273,520354971.0,0.0003650501748213652,-0.012736693425482337,1.8835300371591368,96.7741935483871,35.48387096774194,96.7741935483871,0.8341984804267965,0.8792674344475183,0.0021708785190070255,0.3034349193291788,0.9666666666666668,0.645553939883238,0.9666666666666668,0.7418877579182666
2923,Quaternary ammonium salts and hydroxides,Chemicals,6. Products of the chemical or allied industries,0.18316758056296562,12.5,51.866732714832814,8432,Machinery for soil preparation or cultivation,Machinery,"16. Machinery, mechanical appliances and electrical equipment",0.3384815877103079,1,7,1065,2.2376026442910835,0.6556662564677201,3436.404250766662,270216840.0,0.00018956810288966544,0.12363283506856493,1.104858734204967,45.16129032258064,9.677419354838705,45.16129032258064,0.7968350088292413,0.7861449026411779,0.0011273226280564509,0.36946276822690705,0.43333333333333324,0.6096314826428911,0.43333333333333324,0.5567420378500237
2923,Quaternary ammonium salts and hydroxides,Chemicals,6. Products of the chemical or allied industries,0.18316758056296562,12.5,51.866732714832814,4006,Unvulcanized rubber rods,Chemicals,7. Plastics and articles thereof; rubber and articles thereof,0.33635373320052014,1,8,1065,2.6176662552696475,0.6802702690422725,3475.7418881649046,17301739.0,1.2137873564512623e-05,0.1160128067930668,1.1512504092347655,48.38709677419355,-12.903225806451609,48.38709677419355,0.8318827751332046,0.8088424429506806,7.218144464803449e-05,0.36577327775841895,0.4666666666666667,0.6291306452098198,0.4666666666666667,0.5803914516468738
2923,Quaternary ammonium salts and hydroxides,Chemicals,6. Products of the chemical or allied industries,0.18316758056296562,12.5,51.866732714832814,3006,Pharmaceutical goods,Chemicals,6. Products of the chemical or allied industries,0.3353461763947498,1,9,1065,2.383968518203385,0.6570804495242271,5477.976902089622,624724061.0,0.000438269336112796,0.07354683795477857,1.0611903899944106,41.935483870967744,-9.677419354838705,41.935483870967744,0.8103322150746531,0.7874495152041987,0.0026062978541848783,0.34521196465046516,0.39999999999999997,0.6113963449732955,0.39999999999999997,0.5479774414813068
2923,Quaternary ammonium salts and hydroxides,Chemicals,6. Products of the chemical or allied industries,0.18316758056296562,12.5,51.866732714832814,3505,Dextrins and other modified starches,Chemicals,6. Products of the chemical or allied industries,0.33308521613239295,1,10,1065,1.8977605685295178,0.6590251299910985,4040.552793700428,68814327.0,4.82760490464587e-05,0.0856545883772517,0.9457822764128804,12.903225806451612,-38.70967741935483,12.903225806451612,0.7654962926051906,0.7892435097062,0.00028708776241175786,0.3510743352563836,0.09999999999999998,0.596863144261806,0.09999999999999998,0.4478042009832641
2923,Quaternary ammonium salts and hydroxides,Chemicals,6. Products of the chemical or allied industries,0.18316758056296562,12.5,51.866732714832814,6805,Natural or artificial abrasive powder,Stone,"13. Articles of stone, plaster, cement, ceramics and glass",0.3311816974333288,1,11,1065,3.145148117516903,0.7895264638430308,4243.4248979260965,164299134.0,0.00011526252449253321,0.08600020497842364,1.1110491678173373,45.16129032258064,3.225806451612897,45.16129032258064,0.880524793215446,0.9096327867224109,0.0006854425931717616,0.3512416770443236,0.43333333333333324,0.6793442209238741,0.43333333333333324,0.6055409546467119
2937,Hormones,Chemicals,6. Products of the chemical or allied industries,0.17821580854302355,6.578947368421052,32.47272189254462,2934,Nucleic acids and their salts,Chemicals,6. Products of the chemical or allied industries,0.3529858344203006,1,1,1065,4.439625824298642,0.8310454291963137,6165.676600957619,1264108449.0,0.0008868234878467508,0.08225318355211386,1.0889110294269224,41.935483870967744,16.12903225806452,41.935483870967744,0.999895737558591,0.9479346038288483,0.005273757397485087,0.3494274318292444,0.39999999999999997,0.7349457978696131,0.39999999999999997,0.6344620585087292
2937,Hormones,Chemicals,6. Products of the chemical or allied industries,0.17821580854302355,6.578947368421052,32.47272189254462,2935,Sulfonamides,Chemicals,6. Products of the chemical or allied industries,0.34441835991468744,1,2,1065,3.660232872794292,0.6689034655996148,5520.45475319225,242017713.0,0.00016978526844998082,-0.03138964210188033,0.8389509627807014,25.806451612903224,-38.70967741935484,25.806451612903224,0.9280236055411393,0.7983564102944967,0.0010096781690414702,0.2944034730060653,0.23333333333333328,0.6485449782187386,0.23333333333333328,0.5239814847531169
2937,Hormones,Chemicals,6. Products of the chemical or allied industries,0.17821580854302355,6.578947368421052,32.47272189254462,3002,Serums and vaccines,Chemicals,6. Products of the chemical or allied industries,0.3382744831879536,1,3,1065,3.224425244547994,0.8078963650563413,5194.732761647607,8917261673.0,0.006255821725697532,0.09932298366082404,0.8886946420936201,25.806451612903224,-25.806451612903224,25.806451612903224,0.8878353752895398,0.9265792734796947,0.03720208875314146,0.35769234404782363,0.23333333333333328,0.6942792919893769,0.23333333333333328,0.5559955043925637
2937,Hormones,Chemicals,6. Products of the chemical or allied industries,0.17821580854302355,6.578947368421052,32.47272189254462,2933,Heterocyclic compounds with nitrogen hetero-atom(s) only,Chemicals,6. Products of the chemical or allied industries,0.3304739278199935,1,4,1065,3.6964727996158153,0.7683857865358933,4903.598652547145,4298878016.0,0.003015837762173552,0.07423239526012426,1.0942738358804471,54.83870967741935,6.451612903225801,54.83870967741935,0.9313654895032561,0.8901302208748694,0.017934568632699658,0.34554390005178226,0.5333333333333332,0.6920452689350162,0.5333333333333332,0.6444316882545112
2937,Hormones,Chemicals,6. Products of the chemical or allied industries,0.17821580854302355,6.578947368421052,32.47272189254462,2941,Antibiotics,Chemicals,6. Products of the chemical or allied industries,0.3115983992674624,1,5,1065,3.5238892871033487,0.8069384908467407,5767.61722820324,613078367.0,0.0004300994081452661,-0.04725922862070786,1.5291125033271686,100.0,51.61290322580645,100.0,0.9154506098890769,0.9256956213348275,0.002557712968188797,0.28671968416917487,1.0,0.6877927904989711,1.0,0.7814549533492797
2937,Hormones,Chemicals,6. Products of the chemical or allied industries,0.17821580854302355,6.578947368421052,32.47272189254462,2940,"Other sugars, chemically pure",Chemicals,6. Products of the chemical or allied industries,0.3093888990835448,1,6,1065,3.5743319448612247,0.8622459367782976,5387.2593005354165,57284637.0,4.018750260277315e-05,0.08886554857973916,1.0886455579131282,61.29032258064516,-22.580645161290327,61.29032258064516,0.9201022061739645,0.9767175015929099,0.000238986835646882,0.35262902857686185,0.6,0.7168171000302823,0.6,0.6817719700211975
2937,Hormones,Chemicals,6. Products of the chemical or allied industries,0.17821580854302355,6.578947368421052,32.47272189254462,2843,Compounds of precious metals,Chemicals,6. Products of the chemical or allied industries,0.3093227812424754,1,7,1065,3.578227748742069,0.6699880914205292,4694.3807194393985,33148795.0,2.3255227843047926e-05,0.14549072319831513,0.86125956234319,20.0,-43.33333333333333,20.0,0.9204614597831967,0.7993569925457183,0.00013829407040769385,0.3800459927242888,0.1733333333333333,0.6589641013343247,0.1733333333333333,0.5132748709340272
2937,Hormones,Chemicals,6. Products of the chemical or allied industries,0.17821580854302355,6.578947368421052,32.47272189254462,2924,Carboxyamide-function compounds,Chemicals,6. Products of the chemical or allied industries,0.305309474329929,1,8,1065,3.4712229511436616,0.7138644581447564,6319.921837719412,482725539.0,0.00033865159789678984,0.04751032699240709,1.3860868043538712,93.54838709677419,41.935483870967744,93.54838709677419,0.9105939559462052,0.8398335448698586,0.0020138915963026096,0.33260552074300126,0.9333333333333333,0.6628425371365179,0.9333333333333333,0.7439897759955625
2937,Hormones,Chemicals,6. Products of the chemical or allied industries,0.17821580854302355,6.578947368421052,32.47272189254462,7505,"Nickel bars, wire etc.",Metals,15. Base metals and articles of base metal,0.3001129524234483,1,9,1065,3.9080470636231985,0.7740118293025104,5123.613110560107,33615697.0,2.358277858479811e-05,0.00016350382285712506,0.6470250855391099,3.225806451612903,-64.51612903225806,3.225806451612903,0.9508759218273916,0.8953203227776118,0.00014024194748924365,0.3096809794576439,0.0,0.6926418688225211,0.0,0.4848493081757647
2937,Hormones,Chemicals,6. Products of the chemical or allied industries,0.17821580854302355,6.578947368421052,32.47272189254462,2911,Acetals and hemiacetals,Chemicals,6. Products of the chemical or allied industries,0.2967491828594691,1,10,1065,4.239093947280704,0.7274658713825821,5369.111509475289,3964162.0,2.7810208641596945e-06,0.0817681562164474,1.2388111436317997,100.0,77.41935483870968,100.0,0.9814035847736294,0.85238103582469,1.6538160700426802e-05,0.3491925896912366,1.0,0.6942059863872023,1.0,0.7859441904710416
2937,Hormones,Chemicals,6. Products of the chemical or allied industries,0.17821580854302355,6.578947368421052,32.47272189254462,2928,Organix derivatives of hydrazine,Chemicals,6. Products of the chemical or allied industries,0.29514987963072914,1,11,1065,3.6134983077862435,0.6843512724573644,5757.357821275158,333352453.0,0.00023386030311370068,0.07638177229620857,3.5209068914771153,96.7741935483871,58.06451612903226,96.7741935483871,0.9237139529845522,0.812607224781961,0.0013907192585962613,0.3465845925270739,0.9666666666666668,0.6599087089861301,0.9666666666666668,0.751936096290291
3001,Heparin for therapeutic use,Chemicals,6. Products of the chemical or allied industries,0.1793905233670953,9.210526315789473,44.95921176700033,3504,Peptones,Chemicals,6. Products of the chemical or allied industries,0.37774100525330623,1,1,1065,3.0839619645010554,0.7737805502478704,5888.957221166063,182736489.0,0.0001281970788661736,0.1059561875870938,1.0102200512127164,48.38709677419355,-12.903225806451609,48.38709677419355,0.8748824798500158,0.8951069646658187,0.0007623617351949225,0.3609040306422425,0.4666666666666667,0.6737462644371577,0.4666666666666667,0.6116223851060103
3001,Heparin for therapeutic use,Chemicals,6. Products of the chemical or allied industries,0.1793905233670953,9.210526315789473,44.95921176700033,3821,Prepared culture media for micro-organisms,Chemicals,6. Products of the chemical or allied industries,0.3626982962198097,1,2,1065,3.5733285513659023,0.8637236177370349,5463.870574033396,106686902.0,7.484520067407957e-05,0.05059916307338308,0.9985569279661456,43.333333333333336,-36.666666666666664,43.333333333333336,0.9200096777136774,0.9780806826197401,0.0004450890578908444,0.33410108360280416,0.41444444444444445,0.7145135520158002,0.41444444444444445,0.6244928197443934
3001,Heparin for therapeutic use,Chemicals,6. Products of the chemical or allied industries,0.1793905233670953,9.210526315789473,44.95921176700033,3002,Serums and vaccines,Chemicals,6. Products of the chemical or allied industries,0.3518782901698369,1,3,1065,3.224425244547994,0.8078963650563413,5194.732761647607,8917261673.0,0.006255821725697532,0.09932298366082404,0.8886946420936201,25.806451612903224,-25.806451612903224,25.806451612903224,0.8878353752895398,0.9265792734796947,0.03720208875314146,0.35769234404782363,0.23333333333333328,0.6942792919893769,0.23333333333333328,0.5559955043925637
3001,Heparin for therapeutic use,Chemicals,6. Products of the chemical or allied industries,0.1793905233670953,9.210526315789473,44.95921176700033,1506,Other animal fats and oils,Agriculture,3. Animal or vegetable fats and oils,0.3509036729304368,1,4,1065,3.0006592237216574,0.7977079984737959,3253.9107208963305,3689364.0,2.5882388912157645e-06,0.03959777786811092,0.7142998926912812,12.903225806451612,-58.064516129032256,12.903225806451612,0.8672006736813095,0.9171803650498359,1.5391725846312392e-05,0.32877439656339624,0.09999999999999998,0.6738518317992873,0.09999999999999998,0.5016962822595011
3001,Heparin for therapeutic use,Chemicals,6. Products of the chemical or allied industries,0.1793905233670953,9.210526315789473,44.95921176700033,2918,Carboxylic acids with additional oxygen function,Chemicals,6. Products of the chemical or allied industries,0.33213550661787883,1,5,1065,2.6754231375338047,0.7104830826217965,6352.107183839703,535639999.0,0.0003757732436004073,0.05602572295411257,1.2714556549636062,100.0,43.333333333333336,100.0,0.8372088564879225,0.8367141794004502,0.0022346464097679286,0.33672853329626645,1.0,0.6367175395168356,1.0,0.7457022776617849
3001,Heparin for therapeutic use,Chemicals,6. Products of the chemical or allied industries,0.1793905233670953,9.210526315789473,44.95921176700033,9019,Therapy applicances,Machinery,"18. Optical, photographic, medical and musical instruments",0.3309619320603085,1,6,1065,2.674585537081067,0.6863486531122506,7504.580484916327,706019501.0,0.0004953013935314996,-0.09596946151891073,0.8225320023505662,12.903225806451612,-16.12903225806452,12.903225806451612,0.8371316167204845,0.8144498359328994,0.002945455802556288,0.2631350026564271,0.09999999999999998,0.617965577197532,0.09999999999999998,0.4625759040382723
3001,Heparin for therapeutic use,Chemicals,6. Products of the chemical or allied industries,0.1793905233670953,9.210526315789473,44.95921176700033,9021,Orthopedic appliances,Machinery,"18. Optical, photographic, medical and musical instruments",0.3274331623924938,1,7,1065,2.6624984888666923,0.6828440937325893,5794.145085790602,1931934549.0,0.001355330657263742,0.1421827625300498,0.8479981039782732,19.35483870967742,-54.838709677419345,19.35483870967742,0.8360170031955765,0.8112168316598818,0.008059873444644436,0.3784443333977818,0.16666666666666666,0.6345074732257743,0.16666666666666666,0.49415523125804195
3001,Heparin for therapeutic use,Chemicals,6. Products of the chemical or allied industries,0.1793905233670953,9.210526315789473,44.95921176700033,2941,Antibiotics,Chemicals,6. Products of the chemical or allied industries,0.320251070936783,1,8,1065,3.5238892871033487,0.8069384908467407,5767.61722820324,613078367.0,0.0004300994081452661,-0.04725922862070786,1.5291125033271686,100.0,51.61290322580645,100.0,0.9154506098890769,0.9256956213348275,0.002557712968188797,0.28671968416917487,1.0,0.6877927904989711,1.0,0.7814549533492797
3001,Heparin for therapeutic use,Chemicals,6. Products of the chemical or allied industries,0.1793905233670953,9.210526315789473,44.95921176700033,3822,Diagnostic or laboratory reagents,Chemicals,6. Products of the chemical or allied industries,0.3198977511672488,1,9,1065,2.8435557489649033,0.7936378185728911,5862.295388349084,21754245.0,1.526148760546156e-05,-0.5658051519912364,1.0601529083521284,74.19354838709677,19.354838709677416,74.19354838709677,0.8527132939118058,0.9134255680593943,9.075693670603175e-05,0.03564840561491349,0.7333333333333333,0.6235094760726629,0.7333333333333333,0.656456633250864
3001,Heparin for therapeutic use,Chemicals,6. Products of the chemical or allied industries,0.1793905233670953,9.210526315789473,44.95921176700033,2936,Vitamins,Chemicals,6. Products of the chemical or allied industries,0.31730169254979107,1,10,1065,2.596847730812728,0.7225642832062317,6330.738618120286,536453422.0,0.0003763438929165522,0.018842818223554714,1.343539895521081,96.66666666666667,46.66666666666667,96.66666666666667,0.8299629839222522,0.8478592532546241,0.0022380399442126415,0.31872519162426627,0.9655555555555556,0.6353822677471785,0.9655555555555556,0.7344342540896917
3001,Heparin for therapeutic use,Chemicals,6. Products of the chemical or allied industries,0.1793905233670953,9.210526315789473,44.95921176700033,2922,Oxygen-function amino-compounds,Chemicals,6. Products of the chemical or allied industries,0.3166690208972994,1,11,1065,2.6177238819131934,0.7103361942558071,6458.59595940118,893409642.0,0.0006267631985381635,0.11353049949559191,1.2578996563378377,100.0,32.25806451612904,100.0,0.8318880892045273,0.8365786728606962,0.003727232194523528,0.36457138600910083,1.0,0.6392081594533718,1.0,0.7474457116173603
3101,Animal or vegetable fertilizers,Chemicals,6. Products of the chemical or allied industries,0.1950721732458863,42.76315789473684,57.53707764253068,7612,"Aluminum containers, <300 liters",Metals,15. Base metals and articles of base metal,0.39681870799439845,1,1,1065,0.9118111031036,0.3840292636103308,2280.212593391148,103642636.0,7.270952426578648e-05,0.006497154131585026,1.0964438058211003,38.70967741935484,-22.58064516129032,38.70967741935484,0.6745764427337589,0.5355560372579101,0.0004323886283113152,0.3127476271917379,0.36666666666666664,0.4705233703700915,0.36666666666666664,0.43936635925906403
3101,Animal or vegetable fertilizers,Chemicals,6. Products of the chemical or allied industries,0.1950721732458863,42.76315789473684,57.53707764253068,7310,"Tanks etc. < 300 liters, iron or steel",Metals,15. Base metals and articles of base metal,0.3930435587817483,1,2,1065,1.0130338047013907,0.42170436662605726,2938.3398286654406,91382545.0,6.410857181543341e-05,0.08107849843893522,0.9123705449349343,35.483870967741936,-29.032258064516128,35.483870967741936,0.6839107475390019,0.5703118384416803,0.00038124052811766616,0.34885866890975714,0.3333333333333333,0.49136389150892,0.3333333333333333,0.443954724056244
3101,Animal or vegetable fertilizers,Chemicals,6. Products of the chemical or allied industries,0.1950721732458863,42.76315789473684,57.53707764253068,3305,Hair products,Chemicals,6. Products of the chemical or allied industries,0.38993271838763005,1,3,1065,1.2001934649273744,0.43799161430508554,3351.6176626010606,517502750.0,0.00036304922579097885,0.06160865832961959,1.218183731788308,77.41935483870968,29.032258064516128,77.41935483870968,0.7011697743009705,0.5853370486428796,0.0021589792855117415,0.3394316973934852,0.7666666666666667,0.501515989532197,0.7666666666666667,0.5810611926725379
3101,Animal or vegetable fertilizers,Chemicals,6. Products of the chemical or allied industries,0.1950721732458863,42.76315789473684,57.53707764253068,3402,Cleaning products,Chemicals,6. Products of the chemical or allied industries,0.3895061926214851,1,4,1065,0.728774185690104,0.3557484621059717,3078.035858220077,985847225.0,0.000691611922418644,0.07089945070080517,1.1171381545670882,48.38709677419355,-6.451612903225801,48.38709677419355,0.657697596874275,0.509466608544394,0.004112874255169143,0.3439301439423532,0.4666666666666667,0.4607139246261625,0.4666666666666667,0.4624997472383138
3101,Animal or vegetable fertilizers,Chemicals,6. Products of the chemical or allied industries,0.1950721732458863,42.76315789473684,57.53707764253068,2501,Salt,Minerals,5. Mineral products,0.38762951734018714,1,5,1065,-1.105404775255871,0.1256148643409572,3891.3188568750343,112934318.0,7.922801707842558e-05,0.08458408634597991,0.9604025186087396,38.70967741935484,-29.03225806451612,38.70967741935484,0.4885578167796563,0.2971651964875291,0.00047115276814547514,0.3505560160457352,0.36666666666666664,0.327657129965597,0.36666666666666664,0.33935999097591785
3101,Animal or vegetable fertilizers,Chemicals,6. Products of the chemical or allied industries,0.1950721732458863,42.76315789473684,57.53707764253068,1806,Chocolates,Agriculture,"4. Prepared foodstuffs; beverages, spirits and tobacco",0.3822718364520638,1,6,1065,0.8268517024895008,0.39823862352447764,2417.426501664777,420552981.0,0.0002950350199223835,0.09115543548753124,0.731655129770771,19.35483870967742,-38.70967741935485,19.35483870967742,0.6667418668047951,0.5486643673909047,0.0017545127527133198,0.3537377535861089,0.16666666666666666,0.4787160219193183,0.16666666666666666,0.38510121534352276
3101,Animal or vegetable fertilizers,Chemicals,6. Products of the chemical or allied industries,0.1950721732458863,42.76315789473684,57.53707764253068,9406,Prefabricated buildings,Textiles,20. Miscellaneous manufactured articles,0.38166425281832084,1,7,1065,0.7344973448057325,0.29776061814474286,3478.179143714745,154865269.0,0.00010864428452285844,0.08077487033654274,1.013317038722537,22.58064516129032,-19.354838709677423,22.58064516129032,0.6582253610100955,0.4559720242044209,0.0006460852774525423,0.3487116572518944,0.19999999999999996,0.4423727462044828,0.19999999999999996,0.36966092234313797
3101,Animal or vegetable fertilizers,Chemicals,6. Products of the chemical or allied industries,0.1950721732458863,42.76315789473684,57.53707764253068,3210,Other paints and varnishes,Chemicals,6. Products of the chemical or allied industries,0.38116167868136513,1,8,1065,1.3271149496773726,0.5008456106226968,2966.5289991340574,13930978.0,9.773147635275676e-06,0.0861053158342846,1.0044318433372061,41.935483870967744,-22.58064516129032,41.935483870967744,0.712873905946241,0.6433207255211736,5.811890454479669e-05,0.3512925699658211,0.39999999999999997,0.52737072434415,0.39999999999999997,0.489159507040905
3101,Animal or vegetable fertilizers,Chemicals,6. Products of the chemical or allied industries,0.1950721732458863,42.76315789473684,57.53707764253068,0710,Frozen vegetables,Agriculture,2. Vegetable products,0.37959158943268795,1,9,1065,-0.49747542056783495,0.23095670071351132,3262.6414188055155,106951619.0,7.503091041553256e-05,0.10512609626736302,0.7370649816646185,6.451612903225806,-80.64516129032258,6.451612903225806,0.5446183427994107,0.39434449072248984,0.00044619343563477484,0.36050211428427187,0.033333333333333326,0.38277923789065116,0.033333333333333326,0.2779454665234558
3101,Animal or vegetable fertilizers,Chemicals,6. Products of the chemical or allied industries,0.1950721732458863,42.76315789473684,57.53707764253068,1605,Prepared aquatic invertibrates,Agriculture,"4. Prepared foodstuffs; beverages, spirits and tobacco",0.37922439358748694,1,10,1065,-2.4119185323664483,0.03470497192204782,6458.418981590122,119077156.0,8.353746776261886e-05,0.03952897041060077,0.6670422570477285,3.225806451612903,-45.16129032258065,3.225806451612903,0.36807696170851045,0.2132995692261879,0.0004967801875094387,0.3287410811412657,0.0,0.2528674650264607,0.0,0.17700722551852247
3101,Animal or vegetable fertilizers,Chemicals,6. Products of the chemical or allied industries,0.1950721732458863,42.76315789473684,57.53707764253068,2105,Ice cream,Agriculture,"4. Prepared foodstuffs; beverages, spirits and tobacco",0.378948145846131,1,11,1065,1.3565923475001525,0.4561680896782379,2334.2196934998683,37529366.0,2.6328376555924167e-05,0.08532763978667668,0.6764392780821085,16.129032258064516,-48.38709677419355,16.129032258064516,0.7155921797306787,0.602105097399834,0.0001565694555099246,0.3509160322074972,0.1333333333333333,0.5138549372451304,0.1333333333333333,0.39969845607159127
3103,Phosphatic fertilizers,Chemicals,6. Products of the chemical or allied industries,0.190503978049825,29.605263157894733,41.16225864820093,2510,Natural calcium phosphates,Minerals,5. Mineral products,0.4216980492761887,1,1,1065,-2.222249467010917,0.09880901432735939,5891.36722257417,243533017.0,0.0001708483158328942,0.04895534142599667,1.6694348857498476,87.09677419354838,16.129032258064512,87.09677419354838,0.38556739458777584,0.2724364308290604,0.0010159998937999436,0.33330517260606574,0.8666666666666667,0.2804495147708725,0.8666666666666667,0.45631466033961077
3103,Phosphatic fertilizers,Chemicals,6. Products of the chemical or allied industries,0.190503978049825,29.605263157894733,41.16225864820093,2809,Phosphoric acid etc.,Chemicals,6. Products of the chemical or allied industries,0.393250001299091,1,2,1065,0.8670144915852526,0.3959984753430401,5287.772362621497,195905121.0,0.00013743540977808916,0.06274114616690407,1.4996530337781584,87.09677419354838,-6.451612903225808,87.09677419354838,0.6704454995801588,0.5465977998546799,0.0008173001943751433,0.339980029096502,0.8666666666666667,0.47708475419582513,0.8666666666666667,0.5939593279370776
3103,Phosphatic fertilizers,Chemicals,6. Products of the chemical or allied industries,0.190503978049825,29.605263157894733,41.16225864820093,2835,Phosphates,Chemicals,6. Products of the chemical or allied industries,0.32069135258122566,1,3,1065,1.6776147403016608,0.5606455533053706,5177.497684405811,373195476.0,0.0002618118041507911,0.08232368298572346,1.7949193000686914,100.0,25.80645161290323,100.0,0.7451954289664521,0.6984869958778145,0.0015569411024978982,0.34946156647795334,1.0,0.5579416248325608,1.0,0.6905591373827926
3103,Phosphatic fertilizers,Chemicals,6. Products of the chemical or allied industries,0.190503978049825,29.605263157894733,41.16225864820093,0705,Lettuce,Agriculture,2. Vegetable products,0.3141458647284757,1,4,1065,1.129803748315539,0.20260591221206226,1710.5094343973824,1094185.0,7.676152776426834e-07,0.10089486902303757,0.5232333035864385,12.903225806451612,-61.29032258064515,12.903225806451612,0.6946787494652544,0.368190498040687,4.564850620634701e-06,0.3584534246963155,0.09999999999999998,0.4257729350591199,0.09999999999999998,0.3280410545413839
3103,Phosphatic fertilizers,Chemicals,6. Products of the chemical or allied industries,0.190503978049825,29.605263157894733,41.16225864820093,2511,Natural barium sulfate,Minerals,5. Mineral products,0.294910707203221,1,5,1065,-1.6844498012566507,0.22848392223674072,5761.4812641527,26376598.0,1.8504256224531912e-05,0.13148432844750335,1.042678528505473,70.96774193548387,-6.451612903225808,70.96774193548387,0.43516087436126644,0.39206331853633103,0.00011004101660188362,0.3732643302339847,0.7000000000000001,0.34553462320174705,0.7000000000000001,0.4518742362412229
3103,Phosphatic fertilizers,Chemicals,6. Products of the chemical or allied industries,0.190503978049825,29.605263157894733,41.16225864820093,3105,Mixed fertilizers,Chemicals,6. Products of the chemical or allied industries,0.2909178877611749,1,6,1065,-0.8968209828352968,0.17489377259598007,5946.345482408048,6413258938.0,0.004499161970130546,0.11678006044079559,3.2472249590744875,100.0,16.129032258064512,100.0,0.5077924811894596,0.34262566774755177,0.026755593472237642,0.36614476916473176,1.0,0.3565814065234994,1.0,0.5496069845664495
3103,Phosphatic fertilizers,Chemicals,6. Products of the chemical or allied industries,0.190503978049825,29.605263157894733,41.16225864820093,5506,"Synthetic staple fibers, processed",Textiles,11. Textiles and textile articles,0.2811237251660195,1,7,1065,0.7240371713138313,0.5321343576312481,5271.60993792137,28718220.0,2.0146999290525517e-05,0.05584300682680987,2.455359047268046,96.7741935483871,25.80645161290323,96.7741935483871,0.6572607705956143,0.6721850253709857,0.00011981007269385332,0.33664006519801937,0.9666666666666668,0.515820009878917,0.9666666666666668,0.6510740069152419
3103,Phosphatic fertilizers,Chemicals,6. Products of the chemical or allied industries,0.190503978049825,29.605263157894733,41.16225864820093,5701,"Carpets, knotted",Textiles,11. Textiles and textile articles,0.27927770664811125,1,8,1065,-0.43279167072359137,0.0019289550015454237,7639.820111657824,12489811.0,8.762110372989614e-06,-0.06645057363227602,0.7447642661997119,29.03225806451613,-45.16129032258064,29.03225806451613,0.5505831889007464,0.18306324240819993,5.2106473306579895e-05,0.27742755532953234,0.26666666666666666,0.298398200228557,0.26666666666666666,0.2888787401599899
3103,Phosphatic fertilizers,Chemicals,6. Products of the chemical or allied industries,0.190503978049825,29.605263157894733,41.16225864820093,6907,Unglazed ceramic flags and pavers,Stone,"13. Articles of stone, plaster, cement, ceramics and glass",0.2773995497305897,1,9,1065,-1.244221769913689,0.18620751059590748,4064.6174875765314,465599800.0,0.0003266371954901391,0.03052316999506366,1.2788306385013266,80.64516129032258,3.225806451612897,80.64516129032258,0.4757567344154198,0.35306274680229527,0.001942444409306829,0.3243806229391525,0.7999999999999999,0.33903527852846915,0.7999999999999999,0.47732469496992835
3103,Phosphatic fertilizers,Chemicals,6. Products of the chemical or allied industries,0.190503978049825,29.605263157894733,41.16225864820093,0702,Tomatoes,Agriculture,2. Vegetable products,0.2710161535341534,1,10,1065,-1.5107077162892113,0.004552434773690789,1897.1385992085882,6255534.0,4.388511511502393e-06,0.05240360233403951,0.48726853116246027,6.451612903225806,-61.29032258064515,6.451612903225806,0.4511825923453267,0.18548343861396124,2.609757788884099e-05,0.3349747629662475,0.033333333333333326,0.2730832399173712,0.033333333333333326,0.20115826794215985
3103,Phosphatic fertilizers,Chemicals,6. Products of the chemical or allied industries,0.190503978049825,29.605263157894733,41.16225864820093,2002,"Tomatoes, prepared or preserved",Agriculture,"4. Prepared foodstuffs; beverages, spirits and tobacco",0.2704390408948336,1,11,1065,-0.902354716549072,0.22554013001632,4072.111463405702,110127328.0,7.725879943406907e-05,0.1051967637435558,0.8226790000457852,33.33333333333333,-26.66666666666667,33.33333333333333,0.50728218501696,0.38934762968747605,0.000459442234694902,0.36053633029639404,0.31111111111111106,0.3679698010262159,0.31111111111111106,0.35091219405168445
3201,Vegetable tanning extracts,Chemicals,6. Products of the chemical or allied industries,0.1925600797653809,34.868421052631575,45.95598050474704,7401,Copper mattes,Metals,15. Base metals and articles of base metal,0.32582294409183776,1,1,1065,-1.6302824415535035,0.21887549522785432,6126.697783552504,218212.0,1.5308459260999305e-07,-0.4888192528227858,0.4980897066645868,16.666666666666664,3.3333333333333304,16.666666666666664,0.44015594600017083,0.3831994123468715,9.103626750777423e-07,0.07292369265069792,0.13888888888888884,0.29911306587347075,0.13888888888888884,0.2510458127780962
3201,Vegetable tanning extracts,Chemicals,6. Products of the chemical or allied industries,0.1925600797653809,34.868421052631575,45.95598050474704,5308,Yarn of other vegetable textile fibers,Textiles,11. Textiles and textile articles,0.3141009304018982,1,2,1065,-0.9253923866992485,0.30681518529080576,4690.31781004778,4581798.0,3.2143176372118897e-06,0.18579631621903525,1.2919307677488583,90.32258064516128,6.451612903225794,90.32258064516128,0.5051577541156899,0.4643249870457513,1.911488774194751e-05,0.39956128793059,0.8999999999999999,0.3992560198292541,0.8999999999999999,0.5494792138804778
3201,Vegetable tanning extracts,Chemicals,6. Products of the chemical or allied industries,0.1925600797653809,34.868421052631575,45.95598050474704,7113,Jewelry of precious metal,Stone,"14. Pearls, precious stones and metals",0.3061692620118817,1,3,1065,0.6163222960942778,0.42498959330675545,5221.8624270705195,323139505.0,0.00022669550473447753,0.2349905589504666,0.5567213189974858,3.225806451612903,-70.96774193548387,3.225806451612903,0.6473277865763459,0.5733425052804758,0.0013481116721128878,0.42338031892365313,0.0,0.4909438667392525,0.0,0.3436607067174767
3201,Vegetable tanning extracts,Chemicals,6. Products of the chemical or allied industries,0.1925600797653809,34.868421052631575,45.95598050474704,4110,Waste of leather,Agriculture,"8. Raw hides and skins, leather, furskins and articles thereof",0.3025331944913178,1,4,1065,0.06429673375097965,0.3850624975809978,4241.904811872493,741909.0,5.204793366940743e-07,0.27313567172124653,1.0865733867252334,51.61290322580645,-9.677419354838712,51.61290322580645,0.5964224582472071,0.5365092098197962,3.0951838666262747e-06,0.4418495456638908,0.49999999999999994,0.46280397995061473,0.49999999999999994,0.47396278596543023
3201,Vegetable tanning extracts,Chemicals,6. Products of the chemical or allied industries,0.1925600797653809,34.868421052631575,45.95598050474704,5302,Hemp fiber,Textiles,11. Textiles and textile articles,0.3006497555432233,1,5,1065,1.011058205286824,0.6043222807779148,3041.5093019568717,291533.0,2.0452225605085468e-07,0.4421270383903355,0.593655149536196,9.67741935483871,-61.29032258064516,9.67741935483871,0.6837285665972019,0.738779378243957,1.2162519098557341e-06,0.5236723439581172,0.06666666666666667,0.5764288147259097,0.06666666666666667,0.42350017030813675
3201,Vegetable tanning extracts,Chemicals,6. Products of the chemical or allied industries,0.1925600797653809,34.868421052631575,45.95598050474704,7116,Articles of precious stones,Stone,"14. Pearls, precious stones and metals",0.2935111211413806,1,6,1065,-0.3351603905911143,0.27271097319412424,6949.154990913529,17381438.0,1.2193785654344638e-05,0.2609344959926214,0.6548024600031839,3.225806451612903,-51.61290322580645,3.225806451612903,0.5595863088817141,0.43286338189322887,7.251394237886974e-05,0.4359419400845443,0.0,0.4127595598752685,0.0,0.28893169191268797
3201,Vegetable tanning extracts,Chemicals,6. Products of the chemical or allied industries,0.1925600797653809,34.868421052631575,45.95598050474704,3203,Coloring matter of animal or vegetable origin,Chemicals,6. Products of the chemical or allied industries,0.2885708130574353,1,7,1065,1.0886266599950978,0.5640353859486764,5462.759600499749,85833835.0,6.0215926086229735e-05,0.05470062715579771,1.077320860267872,54.83870967741935,-32.25806451612903,54.83870967741935,0.6908815825520191,0.7016141631571663,0.00035809176233562567,0.33608694403426376,0.5333333333333332,0.5378402663677049,0.5333333333333332,0.5364881864573934
3201,Vegetable tanning extracts,Chemicals,6. Products of the chemical or allied industries,0.1925600797653809,34.868421052631575,45.95598050474704,2516,Granite,Minerals,5. Mineral products,0.2885452067374426,1,8,1065,-2.178875738013085,0.08838437550035848,5697.461395500355,1413032.0,9.912994155449e-07,-0.0043677002223988515,0.8180100943483187,16.129032258064516,-48.38709677419355,16.129032258064516,0.38956712587942327,0.2628195580010653,5.895054311818105e-06,0.3074870461110312,0.1333333333333333,0.27445928053297247,0.1333333333333333,0.2321214963730807
3201,Vegetable tanning extracts,Chemicals,6. Products of the chemical or allied industries,0.1925600797653809,34.868421052631575,45.95598050474704,4802,Paper used for graphic purposes,Agriculture,"10. Pulp, paper and paperboard",0.2872637466611168,1,9,1065,1.898113669399099,0.545099387738008,3718.6196856691563,395318085.0,0.00027733171408349494,0.10335056146513222,1.3336823620042246,100.0,50.0,100.0,0.7655288539880785,0.6841454441266837,0.001649234823782424,0.359642429977015,1.0,0.5615797540602863,1.0,0.6931058278422004
3201,Vegetable tanning extracts,Chemicals,6. Products of the chemical or allied industries,0.1925600797653809,34.868421052631575,45.95598050474704,1805,Cocoa powder,Agriculture,"4. Prepared foodstuffs; beverages, spirits and tobacco",0.2849587759484523,1,10,1065,-0.2902468348908837,0.3666465668275303,4014.197495836707,143719963.0,0.00010082539908794326,0.09175646639459778,1.3051723246416205,83.87096774193549,25.806451612903224,83.87096774193549,0.5637280361047146,0.5195202601780549,0.0005995879694001895,0.35402876271661554,0.8333333333333334,0.4323311563018716,0.8333333333333334,0.5526318094113101
3201,Vegetable tanning extracts,Chemicals,6. Products of the chemical or allied industries,0.1925600797653809,34.868421052631575,45.95598050474704,8703,Cars,Vehicles,"17. Vehicles, aircraft, vessels and associated transport equipment",0.28006793015526527,1,11,1065,2.912222202365909,0.7986264676164173,4981.366582000081,18727791402.0,0.013138307321595974,0.20002019435555152,0.8450845830018515,16.666666666666664,-10.000000000000004,16.666666666666664,0.859045407121813,0.9180276654779476,0.07813081901555671,0.40644825224519193,0.13888888888888884,0.6946624360990284,0.13888888888888884,0.5279303719359866
3202,Synthetic tanning substances,Chemicals,6. Products of the chemical or allied industries,0.18621006154392059,17.105263157894736,50.76528448681291,3203,Coloring matter of animal or vegetable origin,Chemicals,6. Products of the chemical or allied industries,0.3311495985448259,1,1,1065,1.0886266599950978,0.5640353859486764,5462.759600499749,85833835.0,6.0215926086229735e-05,0.05470062715579771,1.077320860267872,54.83870967741935,-32.25806451612903,54.83870967741935,0.6908815825520191,0.7016141631571663,0.00035809176233562567,0.33608694403426376,0.5333333333333332,0.5378402663677049,0.5333333333333332,0.5364881864573934
3202,Synthetic tanning substances,Chemicals,6. Products of the chemical or allied industries,0.18621006154392059,17.105263157894736,50.76528448681291,3204,Synthetic organic coloring matter,Chemicals,6. Products of the chemical or allied industries,0.32763068845933707,1,2,1065,1.8505383469572054,0.6456904294264075,5332.226452929679,654439847.0,0.0004591161685230014,0.023005369678460452,1.4489329244406852,100.0,22.58064516129032,100.0,0.7611416705413757,0.7769420648640174,0.0027302696909078713,0.32074062954158317,1.0,0.5868499422767612,1.0,0.7107949595937328
3202,Synthetic tanning substances,Chemicals,6. Products of the chemical or allied industries,0.18621006154392059,17.105263157894736,50.76528448681291,2918,Carboxylic acids with additional oxygen function,Chemicals,6. Products of the chemical or allied industries,0.3223429567404191,1,3,1065,2.6754231375338047,0.7104830826217965,6352.107183839703,535639999.0,0.0003757732436004073,0.05602572295411257,1.2714556549636062,100.0,43.333333333333336,100.0,0.8372088564879225,0.8367141794004502,0.0022346464097679286,0.33672853329626645,1.0,0.6367175395168356,1.0,0.7457022776617849
3202,Synthetic tanning substances,Chemicals,6. Products of the chemical or allied industries,0.18621006154392059,17.105263157894736,50.76528448681291,8706,Vehicle chassis fitted with engines,Vehicles,"17. Vehicles, aircraft, vessels and associated transport equipment",0.3191394538984267,1,4,1065,2.64859874664397,0.7708432775726239,4972.286871539745,198951018.0,0.0001395722303992145,0.036882236486253106,1.0671081864977625,66.66666666666666,-16.666666666666686,66.66666666666666,0.8347352311368071,0.8923972901871379,0.0008300074283537113,0.3274595767644507,0.6555555555555554,0.6537398200923014,0.6555555555555554,0.6542845407312775
3202,Synthetic tanning substances,Chemicals,6. Products of the chemical or allied industries,0.18621006154392059,17.105263157894736,50.76528448681291,4005,Compounded rubber,Chemicals,7. Plastics and articles thereof; rubber and articles thereof,0.31753009870235505,1,5,1065,2.873902883864615,0.8069171593807197,2896.2037796499003,102668193.0,7.20259128710114e-05,0.08216411572608395,0.9292945708690981,35.483870967741936,-19.354838709677416,35.483870967741936,0.8555117709594281,0.9256759427637651,0.000428323331553159,0.3493843066749398,0.3333333333333333,0.6758875943040915,0.3333333333333333,0.573121316012864
3202,Synthetic tanning substances,Chemicals,6. Products of the chemical or allied industries,0.18621006154392059,17.105263157894736,50.76528448681291,1805,Cocoa powder,Agriculture,"4. Prepared foodstuffs; beverages, spirits and tobacco",0.3174673612166913,1,6,1065,-0.2902468348908837,0.3666465668275303,4014.197495836707,143719963.0,0.00010082539908794326,0.09175646639459778,1.3051723246416205,83.87096774193549,25.806451612903224,83.87096774193549,0.5637280361047146,0.5195202601780549,0.0005995879694001895,0.35402876271661554,0.8333333333333334,0.4323311563018716,0.8333333333333334,0.5526318094113101
3202,Synthetic tanning substances,Chemicals,6. Products of the chemical or allied industries,0.18621006154392059,17.105263157894736,50.76528448681291,5109,"Yarn of wool or animal hair, for retail sale",Textiles,11. Textiles and textile articles,0.31563120202524275,1,7,1065,0.579756789169875,0.20074727831505187,4180.925541608763,1088934.0,7.639314875862472e-07,-0.0402824497026717,0.44109946083942253,6.451612903225806,-41.935483870967744,6.451612903225806,0.643955879073355,0.3664758826839368,4.54294387670296e-06,0.29009772403834594,0.033333333333333326,0.3971664566623855,0.033333333333333326,0.2880165196636698
3202,Synthetic tanning substances,Chemicals,6. Products of the chemical or allied industries,0.18621006154392059,17.105263157894736,50.76528448681291,3302,Mixtures of odoriferous subtances,Chemicals,6. Products of the chemical or allied industries,0.31525876325717656,1,8,1065,0.4887353390545464,0.41364756810800124,3621.5455173671344,558762781.0,0.00039199481556931683,0.06732283802385775,1.0065138477090603,61.29032258064516,9.677419354838712,61.29032258064516,0.6355622880529566,0.5628793308954007,0.0023311127712730677,0.342198407798604,0.6,0.4711339947174065,0.6,0.5097937963021846
3202,Synthetic tanning substances,Chemicals,6. Products of the chemical or allied industries,0.18621006154392059,17.105263157894736,50.76528448681291,5506,"Synthetic staple fibers, processed",Textiles,11. Textiles and textile articles,0.31260233259728776,1,9,1065,0.7240371713138313,0.5321343576312481,5271.60993792137,28718220.0,2.0146999290525517e-05,0.05584300682680987,2.455359047268046,96.7741935483871,25.80645161290323,96.7741935483871,0.6572607705956143,0.6721850253709857,0.00011981007269385332,0.33664006519801937,0.9666666666666668,0.515820009878917,0.9666666666666668,0.6510740069152419
3202,Synthetic tanning substances,Chemicals,6. Products of the chemical or allied industries,0.18621006154392059,17.105263157894736,50.76528448681291,7412,Copper tube or pipe fittings,Metals,15. Base metals and articles of base metal,0.30864490530373334,1,10,1065,2.945317938959128,0.8004561399498662,4975.003104115679,108175185.0,7.58892917265578e-05,0.10982606636890324,0.7676511542535586,12.903225806451612,-51.61290322580645,12.903225806451612,0.8620973479240124,0.9197155633936148,0.0004512980532401044,0.36277776133765216,0.09999999999999998,0.6781188778698034,0.09999999999999998,0.5046832145088623
3202,Synthetic tanning substances,Chemicals,6. Products of the chemical or allied industries,0.18621006154392059,17.105263157894736,50.76528448681291,3906,Acrylic polymers,Chemicals,7. Plastics and articles thereof; rubber and articles thereof,0.30835445902088127,1,11,1065,2.4049821793133646,0.7215373122764224,4181.462674071502,587779785.0,0.00041235142398728895,0.054011124955622325,1.2457476648713257,100.0,64.51612903225806,100.0,0.8122700009149683,0.846911858434149,0.002452169346457666,0.3357530985807333,1.0,0.6314444409612697,1.0,0.7420111086728888
3211,Prepared driers,Chemicals,6. Products of the chemical or allied industries,0.18094616207330463,10.526315789473683,53.86704980309973,5703,"Carpets, tufted",Textiles,11. Textiles and textile articles,0.37272265557263207,1,1,1065,1.3870510473535838,0.3772356059507491,4578.927444163185,119296562.0,8.369138999478845e-05,0.06603607659256983,0.8949592428436033,22.58064516129032,-32.25806451612903,22.58064516129032,0.7184009447993394,0.5292887945425165,0.00049769553145518,0.34157537939709265,0.19999999999999996,0.4880023700089317,0.19999999999999996,0.40160165900625217
3211,Prepared driers,Chemicals,6. Products of the chemical or allied industries,0.18094616207330463,10.526315789473683,53.86704980309973,3903,Polymers of styrene,Chemicals,7. Plastics and articles thereof; rubber and articles thereof,0.3655386427071869,1,2,1065,2.665771608195043,0.7234273374335739,3438.309135442682,516037748.0,0.0003620214673068312,0.10618787377968908,1.185169507020701,80.64516129032258,16.129032258064512,80.64516129032258,0.8363188356204425,0.848655432660525,0.002152867416596584,0.36101620922850963,0.7999999999999999,0.6442163553951046,0.7999999999999999,0.6909514487765731
3211,Prepared driers,Chemicals,6. Products of the chemical or allied industries,0.18094616207330463,10.526315789473683,53.86704980309973,2712,Petroleum jelly,Minerals,5. Mineral products,0.3626731441071995,1,3,1065,0.4343841125478083,0.4701633147325713,5575.198682442953,198067142.0,0.0001389521554382694,0.07138550746979577,1.2882315857624667,90.32258064516128,25.806451612903217,90.32258064516128,0.6305502610398012,0.6150158851767775,0.0008263199697364171,0.34416548451478934,0.8999999999999999,0.48769692184848135,0.8999999999999999,0.6113878452939369
3211,Prepared driers,Chemicals,6. Products of the chemical or allied industries,0.18094616207330463,10.526315789473683,53.86704980309973,3212,"Pigments, nonaqueous",Chemicals,6. Products of the chemical or allied industries,0.3607628199533001,1,4,1065,2.4147436762545285,0.6778856725156647,4596.751209920645,66378284.0,4.656706580889419e-05,0.07479510121388167,1.0991900815316604,74.19354838709677,-3.225806451612911,74.19354838709677,0.8131701625028926,0.8066426198274979,0.0002769247896051093,0.3458163528797626,0.7333333333333333,0.6188484654660419,0.7333333333333333,0.6531939258262293
3211,Prepared driers,Chemicals,6. Products of the chemical or allied industries,0.18094616207330463,10.526315789473683,53.86704980309973,4811,"Cellulose wadding, coated",Agriculture,"10. Pulp, paper and paperboard",0.35969356779240086,1,5,1065,2.2972316478986814,0.658424273573726,3775.9272523499512,479752523.0,0.00033656590626121076,0.05002826785876735,1.1094847394408276,58.06451612903226,-16.129032258064505,58.06451612903226,0.8023337288408635,0.7886892113895246,0.002001488415914689,0.33382466567144253,0.5666666666666667,0.6072319521937395,0.5666666666666667,0.5950623665356176
3211,Prepared driers,Chemicals,6. Products of the chemical or allied industries,0.18094616207330463,10.526315789473683,53.86704980309973,3904,Polymers of vinyl chloride,Chemicals,7. Plastics and articles thereof; rubber and articles thereof,0.35769289572578367,1,6,1065,1.6960875514208351,0.5726042953330112,4140.09085024053,948087509.0,0.0006651219459694614,0.053701122974622706,1.627540996848876,96.66666666666667,30.000000000000014,96.66666666666667,0.7468989089850077,0.7095191000275277,0.003955343798237645,0.335603000797266,0.9655555555555556,0.5606800548437129,0.9655555555555556,0.6821427050572657
3211,Prepared driers,Chemicals,6. Products of the chemical or allied industries,0.18094616207330463,10.526315789473683,53.86704980309973,4822,"Bobbins, spools, cops of paper",Agriculture,"10. Pulp, paper and paperboard",0.3576035537121882,1,7,1065,1.7030937152413415,0.5026580644898542,2123.406119574064,5244227.0,3.6790385214806058e-06,0.054505251812756894,1.009523393864413,38.70967741935484,-29.03225806451612,38.70967741935484,0.7475449860762508,0.64499273916465,2.1878487527885375e-05,0.33599234655511206,0.36666666666666664,0.5377903375907113,0.36666666666666664,0.48645323631349785
3211,Prepared driers,Chemicals,6. Products of the chemical or allied industries,0.18094616207330463,10.526315789473683,53.86704980309973,3215,Ink,Chemicals,6. Products of the chemical or allied industries,0.3562334023908953,1,8,1065,2.2679728451327805,0.6618916798432755,4748.3021180389005,371292406.0,0.00026047672314856256,0.054632183125371325,0.9331778785669395,38.70967741935484,-25.806451612903224,38.70967741935484,0.799635612914867,0.7918879414069983,0.0015490016495986068,0.33605380457745954,0.36666666666666664,0.6076736649467116,0.36666666666666664,0.535371565462698
3211,Prepared driers,Chemicals,6. Products of the chemical or allied industries,0.18094616207330463,10.526315789473683,53.86704980309973,3902,Polymers of propylene,Chemicals,7. Plastics and articles thereof; rubber and articles thereof,0.35348586446074454,1,9,1065,1.4931095242618497,0.5740437959503514,3527.28184743743,1550710928.0,0.0010878867828934442,0.11866226904981891,1.2822036697258419,93.54838709677419,45.16129032258064,93.54838709677419,0.7281811831748698,0.7108470591638122,0.0064694395756712195,0.36705610314823245,0.9333333333333333,0.5596887162271242,0.9333333333333333,0.6717821013589869
3211,Prepared driers,Chemicals,6. Products of the chemical or allied industries,0.18094616207330463,10.526315789473683,53.86704980309973,3905,Polymers of vinyl acetate,Chemicals,7. Plastics and articles thereof; rubber and articles thereof,0.35207111334898605,1,10,1065,2.3154659567385076,0.7004464277302856,4459.103315834466,251600639.0,0.00017650808077341725,0.09352531570045297,1.2638898406451362,100.0,32.25806451612904,100.0,0.8040152152459605,0.8274552270940995,0.0010496573551010454,0.3548852100181471,1.0,0.6244048849250081,1.0,0.7370834194475057
3211,Prepared driers,Chemicals,6. Products of the chemical or allied industries,0.18094616207330463,10.526315789473683,53.86704980309973,7607,Aluminum foil < 0.2 mm,Metals,15. Base metals and articles of base metal,0.35195334968702596,1,11,1065,2.095245452267461,0.6398534122875316,4526.331051992017,349139683.0,0.0002449356870201323,0.03446739097558327,1.1148473690874103,83.87096774193549,25.806451612903224,83.87096774193549,0.7837074652980774,0.7715573361985019,0.001456582295161013,0.32629034888597475,0.8333333333333334,0.5935047202009731,0.8333333333333334,0.6654533041406812
3301,Essential oils,Chemicals,6. Products of the chemical or allied industries,0.20496992721372903,73.68421052631578,53.25553762191903,6106,"Women's shirts, knit",Textiles,11. Textiles and textile articles,0.44637913435009313,1,1,1065,-1.482624028662491,0.04412587299270238,6282.5030373967975,197847717.0,0.0001387982198768271,0.1383203809945781,0.9230735547209182,25.806451612903224,-35.483870967741936,25.806451612903224,0.45377234440909453,0.22199048015606537,0.0008254045465242246,0.3765742327438763,0.23333333333333328,0.29312693419136604,0.23333333333333328,0.2751888539339562
3301,Essential oils,Chemicals,6. Products of the chemical or allied industries,0.20496992721372903,73.68421052631578,53.25553762191903,6203,Men's suits and pants,Textiles,11. Textiles and textile articles,0.4317537128793829,1,2,1065,-1.3216465066411607,0.08099072585777965,6099.610669128956,837794869.0,0.0005877471734442079,0.07592317104389368,0.7881266068307489,9.67741935483871,-25.806451612903224,9.67741935483871,0.4686169714899885,0.25599881442160766,0.00349521189535519,0.34636254545742023,0.06666666666666667,0.306094188671975,0.06666666666666667,0.2342659320703825
3301,Essential oils,Chemicals,6. Products of the chemical or allied industries,0.20496992721372903,73.68421052631578,53.25553762191903,6211,Activewear,Textiles,11. Textiles and textile articles,0.43131911803029865,1,3,1065,-1.0912108097201325,0.10412265481897923,6168.958135232431,214434467.0,0.00015043449957947316,0.060911594845077355,0.7936459758826593,9.67741935483871,-38.70967741935484,9.67741935483871,0.48986672079638727,0.27733833733245283,0.0008946031153510799,0.339094190892306,0.06666666666666667,0.31952008944624266,0.06666666666666667,0.24366406261236984
3301,Essential oils,Chemicals,6. Products of the chemical or allied industries,0.20496992721372903,73.68421052631578,53.25553762191903,0910,Spices,Agriculture,2. Vegetable products,0.4292543592031019,1,4,1065,-2.517802589486876,-3.3678450423499834e-05,4868.147605236873,27148494.0,1.9045772661287373e-05,0.09060098119626359,0.8686165177827612,16.129032258064516,-45.16129032258064,16.129032258064516,0.3583128075456917,0.18125268603029768,0.00011326130378793117,0.35346929607533795,0.1333333333333333,0.24188530635846517,0.1333333333333333,0.2093197144509256
3301,Essential oils,Chemicals,6. Products of the chemical or allied industries,0.20496992721372903,73.68421052631578,53.25553762191903,6204,Women's suits and pants,Textiles,11. Textiles and textile articles,0.42197549672809137,1,5,1065,-0.9060564258321328,0.13111463580012922,6255.501033702723,1340143605.0,0.0009401652421054407,0.09706599686099882,0.8358066747126038,19.35483870967742,-54.838709677419345,19.35483870967742,0.5069408299434135,0.30223881137084785,0.005590969869833599,0.3565995487215603,0.16666666666666666,0.3375414522487005,0.16666666666666666,0.28627901657409033
3301,Essential oils,Chemicals,6. Products of the chemical or allied industries,0.20496992721372903,73.68421052631578,53.25553762191903,6109,"T-shirts, knit",Textiles,11. Textiles and textile articles,0.4217456714896995,1,6,1065,-1.2110008138068797,0.08180679198238267,5458.6799416056665,900823876.0,0.0006319645852236124,0.10737494017791271,0.8784544209561908,19.35483870967742,-9.677419354838712,19.35483870967742,0.47882022240109634,0.25675164665587313,0.003758163774353658,0.3615909669595001,0.16666666666666666,0.3122525237800174,0.16666666666666666,0.26857676664601215
3301,Essential oils,Chemicals,6. Products of the chemical or allied industries,0.20496992721372903,73.68421052631578,53.25553762191903,2106,Food preparations n.e.c.,Agriculture,"4. Prepared foodstuffs; beverages, spirits and tobacco",0.41952659614327753,1,7,1065,0.6998019731540277,0.315353789889144,4910.754358528246,1782543466.0,0.0012505267368532207,0.04978126955503104,1.0914301642499133,87.09677419354838,16.129032258064512,87.09677419354838,0.6550259090174482,0.4722019673338421,0.007436626024921226,0.33370507321660897,0.8666666666666667,0.4457010116091811,0.8666666666666667,0.5719907081264267
3301,Essential oils,Chemicals,6. Products of the chemical or allied industries,0.20496992721372903,73.68421052631578,53.25553762191903,6105,"Men's shirts, knit",Textiles,11. Textiles and textile articles,0.4160001729795905,1,8,1065,-1.6464172531571526,0.034429651692284145,6819.224040626706,227771421.0,0.0001597909152199889,0.13029496889202274,0.785671791843339,9.67741935483871,-25.806451612903224,9.67741935483871,0.4386680658398282,0.21304558252405353,0.0009502438001934754,0.3726884621945365,0.06666666666666667,0.2841455828265681,0.06666666666666667,0.21890190797859765
3301,Essential oils,Chemicals,6. Products of the chemical or allied industries,0.20496992721372903,73.68421052631578,53.25553762191903,1211,"Plants used in perfumery, pharmacy or insecticide",Agriculture,2. Vegetable products,0.4096909636891154,1,9,1065,-2.9773737947343117,-0.0002935463540088177,5090.524335164819,63844266.0,4.478934912421879e-05,0.055912798736486025,0.8164486682946729,6.451612903225806,-38.70967741935483,6.451612903225806,0.3159332065097709,0.18101295431178627,0.00026635307308550834,0.3366738572754524,0.033333333333333326,0.2244721878398257,0.033333333333333326,0.167130531487878
3301,Essential oils,Chemicals,6. Products of the chemical or allied industries,0.20496992721372903,73.68421052631578,53.25553762191903,1404,Vegetable products n.e.c.,Agriculture,2. Vegetable products,0.4068562534004585,1,10,1065,-2.8479106802548557,-0.0025888373232695206,5660.783847333838,66456542.0,4.662196697862121e-05,0.3051324668178983,0.9803935035239804,64.51612903225806,6.451612903225801,64.51612903225806,0.3278717158808119,0.17889551679467508,0.0002772512756014167,0.45734185963743007,0.6333333333333333,0.24601139807337513,0.6333333333333333,0.36220797865136256
3301,Essential oils,Chemicals,6. Products of the chemical or allied industries,0.20496992721372903,73.68421052631578,53.25553762191903,1703,Molasses,Agriculture,"4. Prepared foodstuffs; beverages, spirits and tobacco",0.4054396123559466,1,11,1065,-2.138165062926581,0.00282567239546942,4289.775828470995,11862365.0,8.321931485967958e-06,0.10081775214775335,0.7431385137355827,16.129032258064516,-38.70967741935483,16.129032258064516,0.3933212822503389,0.1838904765486943,4.948881974478298e-05,0.35841608599283126,0.1333333333333333,0.255793951801548,0.1333333333333333,0.21905576626108358
3307,Toiletries,Chemicals,6. Products of the chemical or allied industries,0.18919686119689255,26.973684210526315,60.16857797093874,3305,Hair products,Chemicals,6. Products of the chemical or allied industries,0.43972433277838946,1,1,1065,1.2001934649273744,0.43799161430508554,3351.6176626010606,517502750.0,0.00036304922579097885,0.06160865832961959,1.218183731788308,77.41935483870968,29.032258064516128,77.41935483870968,0.7011697743009705,0.5853370486428796,0.0021589792855117415,0.3394316973934852,0.7666666666666667,0.501515989532197,0.7666666666666667,0.5810611926725379
3307,Toiletries,Chemicals,6. Products of the chemical or allied industries,0.18919686119689255,26.973684210526315,60.16857797093874,7308,"Structures and their parts, of iron or steel",Metals,15. Base metals and articles of base metal,0.4373324351942518,1,2,1065,1.4834414912554827,0.4650225736002816,3799.9719506635356,744293319.0,0.0005221520334420407,0.0424332690821001,0.8418043940612941,19.35483870967742,-48.38709677419354,19.35483870967742,0.7272896404129786,0.6102734807125745,0.0031051310511215303,0.3301472940684007,0.16666666666666666,0.5181349561618719,0.16666666666666666,0.4126944693133103
3307,Toiletries,Chemicals,6. Products of the chemical or allied industries,0.18919686119689255,26.973684210526315,60.16857797093874,4822,"Bobbins, spools, cops of paper",Agriculture,"10. Pulp, paper and paperboard",0.43013619800418534,1,3,1065,1.7030937152413415,0.5026580644898542,2123.406119574064,5244227.0,3.6790385214806058e-06,0.054505251812756894,1.009523393864413,38.70967741935484,-29.03225806451612,38.70967741935484,0.7475449860762508,0.64499273916465,2.1878487527885375e-05,0.33599234655511206,0.36666666666666664,0.5377903375907113,0.36666666666666664,0.48645323631349785
3307,Toiletries,Chemicals,6. Products of the chemical or allied industries,0.18919686119689255,26.973684210526315,60.16857797093874,7610,"Aluminum structures (bridges, towers etc)",Metals,15. Base metals and articles of base metal,0.4245741043157576,1,4,1065,2.0101935184977786,0.5186246253602724,3671.7819455676195,123775241.0,8.683336545968465e-05,0.058877450137900134,0.7190202403407263,3.225806451612903,-61.29032258064516,3.225806451612903,0.7758643563753763,0.6597221113701933,0.0005163802151355207,0.3381092919867747,0.0,0.5532491145412359,0.0,0.3872743801788651
3307,Toiletries,Chemicals,6. Products of the chemical or allied industries,0.18919686119689255,26.973684210526315,60.16857797093874,3208,"Paints and varnishes, nonaqueous",Chemicals,6. Products of the chemical or allied industries,0.4224615369740411,1,5,1065,1.1687181581370518,0.4606246698579965,2843.8209257443305,257108973.0,0.00018037240109654236,0.07521843101890702,0.9819142737897281,38.70967741935484,-25.806451612903224,38.70967741935484,0.6982672622875408,0.6062163539668715,0.0010726376755025894,0.3460213221035239,0.36666666666666664,0.5086333596558982,0.36666666666666664,0.4660433517591287
3307,Toiletries,Chemicals,6. Products of the chemical or allied industries,0.18919686119689255,26.973684210526315,60.16857797093874,3920,"Other plates of plastics, noncellular and not reinforced",Chemicals,7. Plastics and articles thereof; rubber and articles thereof,0.42027919970966465,1,6,1065,1.1559010113042298,0.4248406227029411,3752.1118547437627,1468110479.0,0.0010299392085869555,0.07434008770629497,1.1122272251343734,90.32258064516128,41.93548387096773,90.32258064516128,0.6970853223335322,0.5732050778476633,0.006124837236137819,0.34559604293620605,0.8999999999999999,0.49735977208926996,0.8999999999999999,0.6181518404624888
3307,Toiletries,Chemicals,6. Products of the chemical or allied industries,0.18919686119689255,26.973684210526315,60.16857797093874,7310,"Tanks etc. < 300 liters, iron or steel",Metals,15. Base metals and articles of base metal,0.4192714783541152,1,7,1065,1.0130338047013907,0.42170436662605726,2938.3398286654406,91382545.0,6.410857181543341e-05,0.08107849843893522,0.9123705449349343,35.483870967741936,-29.032258064516128,35.483870967741936,0.6839107475390019,0.5703118384416803,0.00038124052811766616,0.34885866890975714,0.3333333333333333,0.49136389150892,0.3333333333333333,0.443954724056244
3307,Toiletries,Chemicals,6. Products of the chemical or allied industries,0.18919686119689255,26.973684210526315,60.16857797093874,3214,Glaziers' putty,Chemicals,6. Products of the chemical or allied industries,0.4191080956684379,1,8,1065,1.8268962172189904,0.527186113954221,3067.749766534051,216734699.0,0.00015204820587714913,0.0887946127042678,1.0302268177113385,35.483870967741936,-9.677419354838705,35.483870967741936,0.7589614990804471,0.6676202024592657,0.0009041994957372156,0.35259468261029014,0.3333333333333333,0.5523284278548035,0.3333333333333333,0.48662989949836244
3307,Toiletries,Chemicals,6. Products of the chemical or allied industries,0.18919686119689255,26.973684210526315,60.16857797093874,4818,Toilet paper,Agriculture,"10. Pulp, paper and paperboard",0.41895802282603173,1,9,1065,0.613180070247051,0.3235237717395007,2590.2961169650957,378324639.0,0.00026541012059665684,0.031507083373629285,0.9564213870885229,29.03225806451613,-9.677419354838708,29.03225806451613,0.6470380245628652,0.4797388880622998,0.0015783395523979486,0.3248570173698278,0.26666666666666666,0.44333722295714156,0.26666666666666666,0.3903360560699991
3307,Toiletries,Chemicals,6. Products of the chemical or allied industries,0.18919686119689255,26.973684210526315,60.16857797093874,2105,Ice cream,Agriculture,"4. Prepared foodstuffs; beverages, spirits and tobacco",0.41790628329460655,1,10,1065,1.3565923475001525,0.4561680896782379,2334.2196934998683,37529366.0,2.6328376555924167e-05,0.08532763978667668,0.6764392780821085,16.129032258064516,-48.38709677419355,16.129032258064516,0.7155921797306787,0.602105097399834,0.0001565694555099246,0.3509160322074972,0.1333333333333333,0.5138549372451304,0.1333333333333333,0.39969845607159127
3307,Toiletries,Chemicals,6. Products of the chemical or allied industries,0.18919686119689255,26.973684210526315,60.16857797093874,3402,Cleaning products,Chemicals,6. Products of the chemical or allied industries,0.41539504386745685,1,11,1065,0.728774185690104,0.3557484621059717,3078.035858220077,985847225.0,0.000691611922418644,0.07089945070080517,1.1171381545670882,48.38709677419355,-6.451612903225801,48.38709677419355,0.657697596874275,0.509466608544394,0.004112874255169143,0.3439301439423532,0.4666666666666667,0.4607139246261625,0.4666666666666667,0.4624997472383138
3405,Polishes and creams,Chemicals,6. Products of the chemical or allied industries,0.1849926414227461,13.815789473684212,56.995091847476544,1601,Sausages,Agriculture,"4. Prepared foodstuffs; beverages, spirits and tobacco",0.409632672515352,1,1,1065,2.043368640464142,0.5947646928800601,1823.922517945249,24521414.0,1.7202769198811154e-05,0.07771939615915868,0.5520797388957102,12.903225806451612,-32.258064516129025,12.903225806451612,0.7789236177416221,0.7299623718342974,0.00010230134019086393,0.34723224766880684,0.09999999999999998,0.5802102787029214,0.09999999999999998,0.4361471950920449
3405,Polishes and creams,Chemicals,6. Products of the chemical or allied industries,0.1849926414227461,13.815789473684212,56.995091847476544,3809,Finishing agents,Chemicals,6. Products of the chemical or allied industries,0.39536167079733797,1,2,1065,2.025812582317821,0.5975455878170444,3256.6172778250225,141407814.0,9.920333253010682e-05,0.08245842348667942,1.3017220766406483,100.0,38.70967741935484,100.0,0.7773046765818861,0.7325277856966678,0.000589941872261543,0.3495268055789151,1.0,0.5809588739151703,1.0,0.7066712117406192
3405,Polishes and creams,Chemicals,6. Products of the chemical or allied industries,0.1849926414227461,13.815789473684212,56.995091847476544,3004,"Medicaments, packaged",Chemicals,6. Products of the chemical or allied industries,0.3883003963753165,1,3,1065,2.202918605724686,0.625793670100223,4440.930452338378,8973767838.0,0.006295463098532106,0.07624906321179936,0.927091925848173,19.35483870967742,-48.38709677419354,19.35483870967742,0.7936366019230318,0.758587030478218,0.03743782786706638,0.346520337004088,0.16666666666666666,0.6008719960711105,0.16666666666666666,0.4706103972497773
3405,Polishes and creams,Chemicals,6. Products of the chemical or allied industries,0.1849926414227461,13.815789473684212,56.995091847476544,4822,"Bobbins, spools, cops of paper",Agriculture,"10. Pulp, paper and paperboard",0.38214911886675845,1,4,1065,1.7030937152413415,0.5026580644898542,2123.406119574064,5244227.0,3.6790385214806058e-06,0.054505251812756894,1.009523393864413,38.70967741935484,-29.03225806451612,38.70967741935484,0.7475449860762508,0.64499273916465,2.1878487527885375e-05,0.33599234655511206,0.36666666666666664,0.5377903375907113,0.36666666666666664,0.48645323631349785
3405,Polishes and creams,Chemicals,6. Products of the chemical or allied industries,0.1849926414227461,13.815789473684212,56.995091847476544,3210,Other paints and varnishes,Chemicals,6. Products of the chemical or allied industries,0.3815811071445638,1,5,1065,1.3271149496773726,0.5008456106226968,2966.5289991340574,13930978.0,9.773147635275676e-06,0.0861053158342846,1.0044318433372061,41.935483870967744,-22.58064516129032,41.935483870967744,0.712873905946241,0.6433207255211736,5.811890454479669e-05,0.3512925699658211,0.39999999999999997,0.52737072434415,0.39999999999999997,0.489159507040905
3405,Polishes and creams,Chemicals,6. Products of the chemical or allied industries,0.1849926414227461,13.815789473684212,56.995091847476544,3306,Dental hygiene products,Chemicals,6. Products of the chemical or allied industries,0.38078713053454566,1,6,1065,1.3358323666627192,0.4874415097188003,3440.893965439912,226716894.0,0.00015905112164222397,0.041937060230283096,1.3364207597451987,93.54838709677419,35.48387096774193,93.54838709677419,0.7136777871504688,0.6309552579106787,0.0009458443995158697,0.32990703802695726,0.9333333333333333,0.5202494981353726,0.9333333333333333,0.6441746486947608
3405,Polishes and creams,Chemicals,6. Products of the chemical or allied industries,0.1849926414227461,13.815789473684212,56.995091847476544,8442,Machinery for making printing components,Machinery,"16. Machinery, mechanical appliances and electrical equipment",0.38069130968508974,1,7,1065,2.1794192131316734,0.6521005252161567,4276.195917394688,24687095.0,1.731900115850272e-05,0.04018213613603061,0.9966136084827208,41.935483870967744,-3.225806451612897,41.935483870967744,0.7914695930432171,0.782855466474212,0.0001029925478163362,0.3290573330803911,0.39999999999999997,0.6003878196753312,0.39999999999999997,0.5402714737727318
3405,Polishes and creams,Chemicals,6. Products of the chemical or allied industries,0.1849926414227461,13.815789473684212,56.995091847476544,3506,Glues and adhesives,Chemicals,6. Products of the chemical or allied industries,0.3792491170751067,1,8,1065,2.0539780568184516,0.6247376100881319,3866.938424492777,411308107.0,0.00028854936482541026,0.0680334381283727,1.2476520425662636,100.0,22.58064516129032,100.0,0.7799019706653602,0.757612800578885,0.0017159438920393115,0.3425424685051692,1.0,0.5897689317950671,1.0,0.7128382522565468
3405,Polishes and creams,Chemicals,6. Products of the chemical or allied industries,0.1849926414227461,13.815789473684212,56.995091847476544,2105,Ice cream,Agriculture,"4. Prepared foodstuffs; beverages, spirits and tobacco",0.37843806206267533,1,9,1065,1.3565923475001525,0.4561680896782379,2334.2196934998683,37529366.0,2.6328376555924167e-05,0.08532763978667668,0.6764392780821085,16.129032258064516,-48.38709677419355,16.129032258064516,0.7155921797306787,0.602105097399834,0.0001565694555099246,0.3509160322074972,0.1333333333333333,0.5138549372451304,0.1333333333333333,0.39969845607159127
3405,Polishes and creams,Chemicals,6. Products of the chemical or allied industries,0.1849926414227461,13.815789473684212,56.995091847476544,3814,Organic composite solvents and thinners,Chemicals,6. Products of the chemical or allied industries,0.3778843448666902,1,10,1065,1.1190293573169268,0.4150160340176585,3178.022744222604,31685049.0,2.222835049398139e-05,0.13905300425632805,1.015865625653003,41.935483870967744,-25.806451612903217,41.935483870967744,0.6936851833176966,0.5641417595359531,0.0001321874414221461,0.3769289566954803,0.39999999999999997,0.4967986016193127,0.39999999999999997,0.46775902113351886
3405,Polishes and creams,Chemicals,6. Products of the chemical or allied industries,0.1849926414227461,13.815789473684212,56.995091847476544,8310,Sign plates and similar plates of base metal,Metals,15. Base metals and articles of base metal,0.377819398844593,1,11,1065,1.8577097199244716,0.5891784468238787,4828.005318054987,17888037.0,1.2549185456058704e-05,0.15235158976176022,0.9503490080359855,29.03225806451613,-32.258064516129025,29.03225806451613,0.7618029824812065,0.7248089829447907,7.462743210826917e-05,0.38336790976661694,0.26666666666666666,0.5778305684789077,0.26666666666666666,0.48448139793523537
3501,Casein,Chemicals,6. Products of the chemical or allied industries,0.19390053976702878,38.15789473684211,38.23554140890071,1002,Rye,Agriculture,2. Vegetable products,0.323253233380873,1,1,1065,2.2944111228205486,0.665272838752234,2366.217688305153,61396.0,4.3071790955048914e-08,-0.08836902092303656,0.4757489660559138,9.67741935483871,-35.48387096774193,9.67741935483871,0.8020736326334463,0.7950071070470084,2.561391069192944e-07,0.2668150090974734,0.06666666666666667,0.5990005486736462,0.06666666666666667,0.4393003840715523
3501,Casein,Chemicals,6. Products of the chemical or allied industries,0.19390053976702878,38.15789473684211,38.23554140890071,2703,Peat,Minerals,5. Mineral products,0.30762100022864586,1,2,1065,2.49745584551957,0.6250982304702958,2511.2409348266365,24513920.0,1.719751185303265e-05,0.03884306425561368,1.0321985620207985,19.35483870967742,-58.064516129032256,19.35483870967742,0.8207975088079789,0.7579454778458874,0.00010227007583378444,0.32840897683277653,0.16666666666666666,0.6018367323651447,0.16666666666666666,0.47128571265560126
3501,Casein,Chemicals,6. Products of the chemical or allied industries,0.19390053976702878,38.15789473684211,38.23554140890071,0103,Swine,Agriculture,1. Live animals; animal products,0.3059741479022984,1,3,1065,2.65480890513582,0.6746688956579244,929.48535126946,164128.0,1.1514246703156994e-07,0.18477756584255434,0.4430418582277367,6.451612903225806,-41.935483870967744,6.451612903225806,0.8353079041769136,0.803675098892691,6.847286360748249e-07,0.3990680260071558,0.033333333333333326,0.6335043576847303,0.033333333333333326,0.4534530503793112
3501,Casein,Chemicals,6. Products of the chemical or allied industries,0.19390053976702878,38.15789473684211,38.23554140890071,4301,Other raw furskins,Agriculture,"8. Raw hides and skins, leather, furskins and articles thereof",0.30509484036222867,1,4,1065,1.6092476732499474,0.06264265259871156,5680.408640795981,99136.0,6.954793582838831e-08,0.6241515605516135,0.5127689294301497,30.0,-36.66666666666666,30.0,0.738890923826519,0.23907246425260537,4.13587310306065e-07,0.6118055785426357,0.2766666666666666,0.43405808464718537,0.2766666666666666,0.3868406592530297
3501,Casein,Chemicals,6. Products of the chemical or allied industries,0.19390053976702878,38.15789473684211,38.23554140890071,3504,Peptones,Chemicals,6. Products of the chemical or allied industries,0.30342450855814584,1,5,1065,3.0839619645010554,0.7737805502478704,5888.957221166063,182736489.0,0.0001281970788661736,0.1059561875870938,1.0102200512127164,48.38709677419355,-12.903225806451609,48.38709677419355,0.8748824798500158,0.8951069646658187,0.0007623617351949225,0.3609040306422425,0.4666666666666667,0.6737462644371577,0.4666666666666667,0.6116223851060103
3501,Casein,Chemicals,6. Products of the chemical or allied industries,0.19390053976702878,38.15789473684211,38.23554140890071,1109,Wheat gluten,Agriculture,2. Vegetable products,0.2951926830560126,1,6,1065,2.168232295848387,0.6549597813363734,5474.027699991071,79374190.0,5.568422240710036e-05,0.003105068741414252,1.2820043913597192,70.0,16.666666666666664,70.0,0.7904379855667819,0.7854931696068683,0.0003311426499941753,0.3111052360794142,0.6900000000000001,0.5982913611201888,0.6900000000000001,0.6258039527841321
3501,Casein,Chemicals,6. Products of the chemical or allied industries,0.19390053976702878,38.15789473684211,38.23554140890071,0203,Pork,Agriculture,1. Live animals; animal products,0.2899621494471758,1,7,1065,2.801076233937259,0.6966820985594492,5854.33638103792,1110462635.0,0.0007790347006012246,0.1256471772855341,0.8750767546162774,19.35483870967742,-48.38709677419354,19.35483870967742,0.848796023032962,0.8239825816126194,0.004632759586881008,0.3704380790972982,0.16666666666666666,0.6417331374285802,0.16666666666666666,0.4992131962000061
3501,Casein,Chemicals,6. Products of the chemical or allied industries,0.19390053976702878,38.15789473684211,38.23554140890071,1506,Other animal fats and oils,Agriculture,3. Animal or vegetable fats and oils,0.28960191128541746,1,8,1065,3.0006592237216574,0.7977079984737959,3253.9107208963305,3689364.0,2.5882388912157645e-06,0.03959777786811092,0.7142998926912812,12.903225806451612,-58.064516129032256,12.903225806451612,0.8672006736813095,0.9171803650498359,1.5391725846312392e-05,0.32877439656339624,0.09999999999999998,0.6738518317992873,0.09999999999999998,0.5016962822595011
3501,Casein,Chemicals,6. Products of the chemical or allied industries,0.19390053976702878,38.15789473684211,38.23554140890071,1210,Hop cones,Agriculture,2. Vegetable products,0.2852826027485242,1,9,1065,2.177560126680591,0.5569098361318532,6198.07328879932,55811351.0,3.915393255571796e-05,0.04618749533114386,1.4355237532672545,93.54838709677419,58.064516129032256,93.54838709677419,0.791298156405785,0.6950407453577463,0.00023284040655904728,0.33196502773835734,0.9333333333333333,0.5700482958389734,0.9333333333333333,0.6790338070872813
3501,Casein,Chemicals,6. Products of the chemical or allied industries,0.19390053976702878,38.15789473684211,38.23554140890071,1205,Rape or colza seeds,Agriculture,2. Vegetable products,0.27881346728872763,1,10,1065,1.5691069667597983,0.5536794532034081,6649.318147038165,21012246.0,1.4740945130107216e-05,-0.031981971453120095,0.4919058346956197,6.666666666666667,-56.666666666666664,6.666666666666667,0.7351893274102758,0.6920606726354072,8.766137736674239e-05,0.2941166770236105,0.035555555555555556,0.5436681507761356,0.035555555555555556,0.39123437220996155
3501,Casein,Chemicals,6. Products of the chemical or allied industries,0.19390053976702878,38.15789473684211,38.23554140890071,0401,Milk,Agriculture,1. Live animals; animal products,0.2730015918084413,1,11,1065,1.122868685927484,0.47019076745366956,2395.1577594812147,12302107.0,8.630428383129908e-06,-0.005651590582289701,0.5508169358116639,6.451612903225806,-58.064516129032256,6.451612903225806,0.6940392290300984,0.6150412106899167,5.1323387520450845e-05,0.30686540783435545,0.033333333333333326,0.5042156635852866,0.033333333333333326,0.3629509645097006
3502,Albumins,Chemicals,6. Products of the chemical or allied industries,0.18930321690276958,28.289473684210524,44.702815964077196,1506,Other animal fats and oils,Agriculture,3. Animal or vegetable fats and oils,0.39732047734110476,1,1,1065,3.0006592237216574,0.7977079984737959,3253.9107208963305,3689364.0,2.5882388912157645e-06,0.03959777786811092,0.7142998926912812,12.903225806451612,-58.064516129032256,12.903225806451612,0.8672006736813095,0.9171803650498359,1.5391725846312392e-05,0.32877439656339624,0.09999999999999998,0.6738518317992873,0.09999999999999998,0.5016962822595011
3502,Albumins,Chemicals,6. Products of the chemical or allied industries,0.18930321690276958,28.289473684210524,44.702815964077196,3504,Peptones,Chemicals,6. Products of the chemical or allied industries,0.39394032365245707,1,2,1065,3.0839619645010554,0.7737805502478704,5888.957221166063,182736489.0,0.0001281970788661736,0.1059561875870938,1.0102200512127164,48.38709677419355,-12.903225806451609,48.38709677419355,0.8748824798500158,0.8951069646658187,0.0007623617351949225,0.3609040306422425,0.4666666666666667,0.6737462644371577,0.4666666666666667,0.6116223851060103
3502,Albumins,Chemicals,6. Products of the chemical or allied industries,0.18930321690276958,28.289473684210524,44.702815964077196,3821,Prepared culture media for micro-organisms,Chemicals,6. Products of the chemical or allied industries,0.3566452888331887,1,3,1065,3.5733285513659023,0.8637236177370349,5463.870574033396,106686902.0,7.484520067407957e-05,0.05059916307338308,0.9985569279661456,43.333333333333336,-36.666666666666664,43.333333333333336,0.9200096777136774,0.9780806826197401,0.0004450890578908444,0.33410108360280416,0.41444444444444445,0.7145135520158002,0.41444444444444445,0.6244928197443934
3502,Albumins,Chemicals,6. Products of the chemical or allied industries,0.18930321690276958,28.289473684210524,44.702815964077196,3002,Serums and vaccines,Chemicals,6. Products of the chemical or allied industries,0.34973179947201016,1,4,1065,3.224425244547994,0.8078963650563413,5194.732761647607,8917261673.0,0.006255821725697532,0.09932298366082404,0.8886946420936201,25.806451612903224,-25.806451612903224,25.806451612903224,0.8878353752895398,0.9265792734796947,0.03720208875314146,0.35769234404782363,0.23333333333333328,0.6942792919893769,0.23333333333333328,0.5559955043925637
3502,Albumins,Chemicals,6. Products of the chemical or allied industries,0.18930321690276958,28.289473684210524,44.702815964077196,1109,Wheat gluten,Agriculture,2. Vegetable products,0.3494144486148869,1,5,1065,2.168232295848387,0.6549597813363734,5474.027699991071,79374190.0,5.568422240710036e-05,0.003105068741414252,1.2820043913597192,70.0,16.666666666666664,70.0,0.7904379855667819,0.7854931696068683,0.0003311426499941753,0.3111052360794142,0.6900000000000001,0.5982913611201888,0.6900000000000001,0.6258039527841321
3502,Albumins,Chemicals,6. Products of the chemical or allied industries,0.18930321690276958,28.289473684210524,44.702815964077196,2936,Vitamins,Chemicals,6. Products of the chemical or allied industries,0.34802301773470057,1,6,1065,2.596847730812728,0.7225642832062317,6330.738618120286,536453422.0,0.0003763438929165522,0.018842818223554714,1.343539895521081,96.66666666666667,46.66666666666667,96.66666666666667,0.8299629839222522,0.8478592532546241,0.0022380399442126415,0.31872519162426627,0.9655555555555556,0.6353822677471785,0.9655555555555556,0.7344342540896917
3502,Albumins,Chemicals,6. Products of the chemical or allied industries,0.18930321690276958,28.289473684210524,44.702815964077196,0203,Pork,Agriculture,1. Live animals; animal products,0.3393012461226404,1,7,1065,2.801076233937259,0.6966820985594492,5854.33638103792,1110462635.0,0.0007790347006012246,0.1256471772855341,0.8750767546162774,19.35483870967742,-48.38709677419354,19.35483870967742,0.848796023032962,0.8239825816126194,0.004632759586881008,0.3704380790972982,0.16666666666666666,0.6417331374285802,0.16666666666666666,0.4992131962000061
3502,Albumins,Chemicals,6. Products of the chemical or allied industries,0.18930321690276958,28.289473684210524,44.702815964077196,2940,"Other sugars, chemically pure",Chemicals,6. Products of the chemical or allied industries,0.33661446945403256,1,8,1065,3.5743319448612247,0.8622459367782976,5387.2593005354165,57284637.0,4.018750260277315e-05,0.08886554857973916,1.0886455579131282,61.29032258064516,-22.580645161290327,61.29032258064516,0.9201022061739645,0.9767175015929099,0.000238986835646882,0.35262902857686185,0.6,0.7168171000302823,0.6,0.6817719700211975
3502,Albumins,Chemicals,6. Products of the chemical or allied industries,0.18930321690276958,28.289473684210524,44.702815964077196,0209,Pig and poultry fat,Agriculture,1. Live animals; animal products,0.33568215103478655,1,9,1065,2.4933198710831794,0.7372737472438387,5112.10653971593,25418765.0,1.783229742028005e-05,0.04007812048781778,1.1267601472342774,61.29032258064516,-6.451612903225801,61.29032258064516,0.8204161077443185,0.8614289363261602,0.0001060450154096589,0.3290069704401514,0.6,0.6380127177430017,0.6,0.6266089024201011
3502,Albumins,Chemicals,6. Products of the chemical or allied industries,0.18930321690276958,28.289473684210524,44.702815964077196,5905,Textile wall coverings,Textiles,11. Textiles and textile articles,0.3276721783512437,1,10,1065,2.8011692338127676,0.8010732903339659,5129.123455131751,866245.0,6.077060973981422e-07,-0.10938636371969124,0.6315649510499831,6.451612903225806,-64.51612903225806,6.451612903225806,0.8488045990655232,0.9202848931189059,3.6139035225960026e-06,0.25663876261679536,0.033333333333333326,0.6576776787425977,0.033333333333333326,0.4703743751198184
3502,Albumins,Chemicals,6. Products of the chemical or allied industries,0.18930321690276958,28.289473684210524,44.702815964077196,4301,Other raw furskins,Agriculture,"8. Raw hides and skins, leather, furskins and articles thereof",0.31750465331702077,1,11,1065,1.6092476732499474,0.06264265259871156,5680.408640795981,99136.0,6.954793582838831e-08,0.6241515605516135,0.5127689294301497,30.0,-36.66666666666666,30.0,0.738890923826519,0.23907246425260537,4.13587310306065e-07,0.6118055785426357,0.2766666666666666,0.43405808464718537,0.2766666666666666,0.3868406592530297
3503,Gelatin,Chemicals,6. Products of the chemical or allied industries,0.19296273773365152,36.18421052631579,54.095174864871474,5809,Woven fabric incorporating metal threads,Textiles,11. Textiles and textile articles,0.34684821012618544,1,1,1065,1.480941833808945,0.5951380293389816,4811.750651948302,1155834.0,8.108645583871589e-07,0.3042965749823747,0.8555980667538072,22.58064516129032,-35.48387096774194,22.58064516129032,0.7270591331834108,0.7303067798571636,4.822045222929111e-06,0.4569371347665569,0.19999999999999996,0.578619363085968,0.19999999999999996,0.46503355416017755
3503,Gelatin,Chemicals,6. Products of the chemical or allied industries,0.19296273773365152,36.18421052631579,54.095174864871474,3505,Dextrins and other modified starches,Chemicals,6. Products of the chemical or allied industries,0.34658116519580673,1,2,1065,1.8977605685295178,0.6590251299910985,4040.552793700428,68814327.0,4.82760490464587e-05,0.0856545883772517,0.9457822764128804,12.903225806451612,-38.70967741935483,12.903225806451612,0.7654962926051906,0.7892435097062,0.00028708776241175786,0.3510743352563836,0.09999999999999998,0.596863144261806,0.09999999999999998,0.4478042009832641
3503,Gelatin,Chemicals,6. Products of the chemical or allied industries,0.19296273773365152,36.18421052631579,54.095174864871474,2847,Hydrogen peroxide,Chemicals,6. Products of the chemical or allied industries,0.34490441415723627,1,3,1065,1.2359930059092088,0.5577324613587124,2601.2331790495887,25385943.0,1.7809271452420145e-05,-0.03324086475532351,1.6390006905967602,96.7741935483871,29.032258064516142,96.7741935483871,0.7044710478506534,0.6957996284541386,0.00010590808470135046,0.293507141904921,0.9666666666666668,0.5341366942051204,0.9666666666666668,0.6638956859435843
3503,Gelatin,Chemicals,6. Products of the chemical or allied industries,0.19296273773365152,36.18421052631579,54.095174864871474,8436,Other agricultural machinery,Machinery,"16. Machinery, mechanical appliances and electrical equipment",0.3430195300222198,1,4,1065,2.6623534880730624,0.7077341842668049,4243.2764687727795,435193219.0,0.0003053057422930292,0.10877312112659299,1.452826281754256,83.87096774193549,25.806451612903224,83.87096774193549,0.8360036318709292,0.8341782828254468,0.001815590632158331,0.36226794283109426,0.8333333333333334,0.6391762001632195,0.8333333333333334,0.6974233401142536
3503,Gelatin,Chemicals,6. Products of the chemical or allied industries,0.19296273773365152,36.18421052631579,54.095174864871474,0506,"Bones, simply prepared",Agriculture,1. Live animals; animal products,0.34131914065377467,1,5,1065,-0.9125515058275415,0.05821980779387901,5051.020336278767,4067423.0,2.8534626552504706e-06,0.4063768989584402,0.5731945243340715,6.451612903225806,-77.41935483870968,6.451612903225806,0.5063418827166097,0.23499232903335288,1.696895717445757e-05,0.506362723322559,0.033333333333333326,0.3354239279544469,0.033333333333333326,0.24479674956811284
3503,Gelatin,Chemicals,6. Products of the chemical or allied industries,0.19296273773365152,36.18421052631579,54.095174864871474,8706,Vehicle chassis fitted with engines,Vehicles,"17. Vehicles, aircraft, vessels and associated transport equipment",0.3403663189315223,1,6,1065,2.64859874664397,0.7708432775726239,4972.286871539745,198951018.0,0.0001395722303992145,0.036882236486253106,1.0671081864977625,66.66666666666666,-16.666666666666686,66.66666666666666,0.8347352311368071,0.8923972901871379,0.0008300074283537113,0.3274595767644507,0.6555555555555554,0.6537398200923014,0.6555555555555554,0.6542845407312775
3503,Gelatin,Chemicals,6. Products of the chemical or allied industries,0.19296273773365152,36.18421052631579,54.095174864871474,2839,Silicates,Chemicals,6. Products of the chemical or allied industries,0.33984917147097193,1,7,1065,0.5219218177599746,0.37430992317051326,3756.8672939917988,13957792.0,9.791958746792202e-06,0.05312857325745224,1.0577583928889749,61.29032258064516,-6.451612903225801,61.29032258064516,0.6386225966868839,0.5265898119015344,5.8230770366885006e-05,0.3353257817833906,0.6,0.45813194488901,0.6,0.5006923614223069
3503,Gelatin,Chemicals,6. Products of the chemical or allied industries,0.19296273773365152,36.18421052631579,54.095174864871474,5603,Nonwoven textiles,Textiles,11. Textiles and textile articles,0.33763145526836236,1,8,1065,2.0563392481886384,0.636501615184745,4272.222391010428,424275405.0,0.00029764645174813856,0.022376439638634338,1.0997791872937175,67.74193548387096,16.129032258064512,67.74193548387096,0.7801197091726804,0.7684652572288927,0.0017700424021845386,0.32043611211679285,0.6666666666666666,0.5903356614183972,0.6666666666666666,0.613234962992878
3503,Gelatin,Chemicals,6. Products of the chemical or allied industries,0.19296273773365152,36.18421052631579,54.095174864871474,3816,Refractory cements,Chemicals,6. Products of the chemical or allied industries,0.3326461368441964,1,9,1065,2.314354774509582,0.7007790720641441,3533.913103258798,55878366.0,3.920094630369588e-05,0.08001396690566076,1.1882531709887223,87.09677419354838,12.903225806451616,87.09677419354838,0.8039127469907645,0.8277620960714097,0.00023311998767589848,0.34834324051455684,0.8666666666666667,0.6233726491470959,0.8666666666666667,0.6963608544029671
3503,Gelatin,Chemicals,6. Products of the chemical or allied industries,0.19296273773365152,36.18421052631579,54.095174864871474,8433,Harvesting or agricultural machinery,Machinery,"16. Machinery, mechanical appliances and electrical equipment",0.3320749541757821,1,10,1065,3.1027657454804705,0.8237845052740358,4460.732914157222,1070361592.0,0.0007509021880405458,0.13824643799774727,1.2380079339198609,70.96774193548387,16.12903225806452,70.96774193548387,0.8766164804287627,0.9412363015535277,0.004465461304573493,0.3765384307793487,0.7000000000000001,0.69339905750639,0.7000000000000001,0.695379340254473
3503,Gelatin,Chemicals,6. Products of the chemical or allied industries,0.19296273773365152,36.18421052631579,54.095174864871474,5703,"Carpets, tufted",Textiles,11. Textiles and textile articles,0.3303324622755083,1,11,1065,1.3870510473535838,0.3772356059507491,4578.927444163185,119296562.0,8.369138999478845e-05,0.06603607659256983,0.8949592428436033,22.58064516129032,-32.25806451612903,22.58064516129032,0.7184009447993394,0.5292887945425165,0.00049769553145518,0.34157537939709265,0.19999999999999996,0.4880023700089317,0.19999999999999996,0.40160165900625217
3507,Enzymes,Chemicals,6. Products of the chemical or allied industries,0.1764126864524595,3.9473684210526314,47.83403294151443,3504,Peptones,Chemicals,6. Products of the chemical or allied industries,0.364725409852636,1,1,1065,3.0839619645010554,0.7737805502478704,5888.957221166063,182736489.0,0.0001281970788661736,0.1059561875870938,1.0102200512127164,48.38709677419355,-12.903225806451609,48.38709677419355,0.8748824798500158,0.8951069646658187,0.0007623617351949225,0.3609040306422425,0.4666666666666667,0.6737462644371577,0.4666666666666667,0.6116223851060103
3507,Enzymes,Chemicals,6. Products of the chemical or allied industries,0.1764126864524595,3.9473684210526314,47.83403294151443,2940,"Other sugars, chemically pure",Chemicals,6. Products of the chemical or allied industries,0.36007261644897526,1,2,1065,3.5743319448612247,0.8622459367782976,5387.2593005354165,57284637.0,4.018750260277315e-05,0.08886554857973916,1.0886455579131282,61.29032258064516,-22.580645161290327,61.29032258064516,0.9201022061739645,0.9767175015929099,0.000238986835646882,0.35262902857686185,0.6,0.7168171000302823,0.6,0.6817719700211975
3507,Enzymes,Chemicals,6. Products of the chemical or allied industries,0.1764126864524595,3.9473684210526314,47.83403294151443,3821,Prepared culture media for micro-organisms,Chemicals,6. Products of the chemical or allied industries,0.3556626783371989,1,3,1065,3.5733285513659023,0.8637236177370349,5463.870574033396,106686902.0,7.484520067407957e-05,0.05059916307338308,0.9985569279661456,43.333333333333336,-36.666666666666664,43.333333333333336,0.9200096777136774,0.9780806826197401,0.0004450890578908444,0.33410108360280416,0.41444444444444445,0.7145135520158002,0.41444444444444445,0.6244928197443934
3507,Enzymes,Chemicals,6. Products of the chemical or allied industries,0.1764126864524595,3.9473684210526314,47.83403294151443,9022,X-ray machines,Machinery,"18. Optical, photographic, medical and musical instruments",0.3542419642713936,1,4,1065,3.3299844701411496,0.8447637820868195,6299.930490441897,889392989.0,0.0006239453531027122,0.06716867265474002,1.0107028278664327,70.96774193548387,32.25806451612903,70.96774193548387,0.897569574941779,0.9605899732231188,0.003710475045650235,0.34212376350079216,0.7000000000000001,0.7022309776396806,0.7000000000000001,0.7015616843477763
3507,Enzymes,Chemicals,6. Products of the chemical or allied industries,0.1764126864524595,3.9473684210526314,47.83403294151443,3822,Diagnostic or laboratory reagents,Chemicals,6. Products of the chemical or allied industries,0.3495693874494139,1,5,1065,2.8435557489649033,0.7936378185728911,5862.295388349084,21754245.0,1.526148760546156e-05,-0.5658051519912364,1.0601529083521284,74.19354838709677,19.354838709677416,74.19354838709677,0.8527132939118058,0.9134255680593943,9.075693670603175e-05,0.03564840561491349,0.7333333333333333,0.6235094760726629,0.7333333333333333,0.656456633250864
3507,Enzymes,Chemicals,6. Products of the chemical or allied industries,0.1764126864524595,3.9473684210526314,47.83403294151443,1506,Other animal fats and oils,Agriculture,3. Animal or vegetable fats and oils,0.34880561919366326,1,6,1065,3.0006592237216574,0.7977079984737959,3253.9107208963305,3689364.0,2.5882388912157645e-06,0.03959777786811092,0.7142998926912812,12.903225806451612,-58.064516129032256,12.903225806451612,0.8672006736813095,0.9171803650498359,1.5391725846312392e-05,0.32877439656339624,0.09999999999999998,0.6738518317992873,0.09999999999999998,0.5016962822595011
3507,Enzymes,Chemicals,6. Products of the chemical or allied industries,0.1764126864524595,3.9473684210526314,47.83403294151443,5910,"Transmission belts or belting, of textile material",Textiles,11. Textiles and textile articles,0.34365344615695176,1,7,1065,3.1300303771491094,0.8316015365628404,4769.869735012393,25280677.0,1.7735423072286682e-05,0.08260957651322642,1.1384866776670342,70.96774193548387,22.58064516129032,70.96774193548387,0.8791307028154463,0.9484476205300836,0.00010546892353076986,0.3495999913507476,0.7000000000000001,0.6921082322120772,0.7000000000000001,0.694475762548454
3507,Enzymes,Chemicals,6. Products of the chemical or allied industries,0.1764126864524595,3.9473684210526314,47.83403294151443,0209,Pig and poultry fat,Agriculture,1. Live animals; animal products,0.34028883416624006,1,8,1065,2.4933198710831794,0.7372737472438387,5112.10653971593,25418765.0,1.783229742028005e-05,0.04007812048781778,1.1267601472342774,61.29032258064516,-6.451612903225801,61.29032258064516,0.8204161077443185,0.8614289363261602,0.0001060450154096589,0.3290069704401514,0.6,0.6380127177430017,0.6,0.6266089024201011
3507,Enzymes,Chemicals,6. Products of the chemical or allied industries,0.1764126864524595,3.9473684210526314,47.83403294151443,9027,Instruments for physical or chemical analysis,Machinery,"18. Optical, photographic, medical and musical instruments",0.3360058003635172,1,9,1065,3.429925165558704,0.8343220171753296,6370.972813523296,1578819323.0,0.0011076059651450884,0.08489866288182535,0.9697090112687236,16.129032258064516,-12.903225806451616,16.129032258064516,0.9067856588710758,0.9509573013464175,0.00658670550817879,0.350708328752283,0.1333333333333333,0.703804291215192,0.1333333333333333,0.5326630038506344
3507,Enzymes,Chemicals,6. Products of the chemical or allied industries,0.1764126864524595,3.9473684210526314,47.83403294151443,3505,Dextrins and other modified starches,Chemicals,6. Products of the chemical or allied industries,0.33558711905243455,1,10,1065,1.8977605685295178,0.6590251299910985,4040.552793700428,68814327.0,4.82760490464587e-05,0.0856545883772517,0.9457822764128804,12.903225806451612,-38.70967741935483,12.903225806451612,0.7654962926051906,0.7892435097062,0.00028708776241175786,0.3510743352563836,0.09999999999999998,0.596863144261806,0.09999999999999998,0.4478042009832641
3507,Enzymes,Chemicals,6. Products of the chemical or allied industries,0.1764126864524595,3.9473684210526314,47.83403294151443,8701,Tractors,Vehicles,"17. Vehicles, aircraft, vessels and associated transport equipment",0.3354870560017607,1,11,1065,2.340626545148909,0.7505062890565553,3749.161861609585,1585806592.0,0.0011125078185185116,0.14993242502753357,1.0172390575690526,19.35483870967742,-25.80645161290322,19.35483870967742,0.8063354121740681,0.8736361383132849,0.006615855824835654,0.3821965905922076,0.16666666666666666,0.64631190963313,0.16666666666666666,0.502418336743191
3805,Turpentines,Chemicals,6. Products of the chemical or allied industries,0.19105977155358503,30.263157894736842,49.725151675376125,4802,Paper used for graphic purposes,Agriculture,"10. Pulp, paper and paperboard",0.371524544313836,1,1,1065,1.898113669399099,0.545099387738008,3718.6196856691563,395318085.0,0.00027733171408349494,0.10335056146513222,1.3336823620042246,100.0,50.0,100.0,0.7655288539880785,0.6841454441266837,0.001649234823782424,0.359642429977015,1.0,0.5615797540602863,1.0,0.6931058278422004
3805,Turpentines,Chemicals,6. Products of the chemical or allied industries,0.19105977155358503,30.263157894736842,49.725151675376125,4703,"Chemical woodpulp, soda or sulfate",Agriculture,"10. Pulp, paper and paperboard",0.36464215134561073,1,2,1065,1.7239292449165957,0.4965747031522535,8556.58777508857,5508925420.0,0.003864735228307952,0.09038716064115482,0.8379680303193789,20.0,-40.0,20.0,0.7494663454323792,0.6393807545845303,0.022982787757570504,0.35336576773246064,0.1733333333333333,0.542548768329423,0.1733333333333333,0.43178413783059605
3805,Turpentines,Chemicals,6. Products of the chemical or allied industries,0.19105977155358503,30.263157894736842,49.725151675376125,4804,Uncoated kraft paper and paperboard,Agriculture,"10. Pulp, paper and paperboard",0.3527366440250729,1,3,1065,1.2487856916353992,0.5047349047833989,3774.4124808604665,322927865.0,0.0002265470306671486,0.005734611770429776,1.2742465263876717,83.87096774193549,32.25806451612904,83.87096774193549,0.705650732110815,0.6469086529261268,0.0013472287272860521,0.31237841691172524,0.8333333333333334,0.5204546316087812,0.8333333333333334,0.6143182421261468
3805,Turpentines,Chemicals,6. Products of the chemical or allied industries,0.19105977155358503,30.263157894736842,49.725151675376125,4810,"Paper and paperboard, coated with kaolin",Agriculture,"10. Pulp, paper and paperboard",0.3262848593471739,1,4,1065,2.5705362864261643,0.7279683064912975,3904.097919896276,487643898.0,0.0003421020267633265,0.06859663291713147,1.0206152273203062,41.935483870967744,-12.903225806451609,41.935483870967744,0.8275366602034261,0.8528445391292191,0.002034410589099672,0.34281515801889567,0.39999999999999997,0.6398608550576251,0.39999999999999997,0.5679025985403375
3805,Turpentines,Chemicals,6. Products of the chemical or allied industries,0.19105977155358503,30.263157894736842,49.725151675376125,4108,Chamois leather,Agriculture,"8. Raw hides and skins, leather, furskins and articles thereof",0.32602323552872137,1,5,1065,0.232716966783771,0.46214582054526765,3440.095098024612,499341.0,3.5030801953360284e-07,-0.10658572217535889,0.6418883847666862,16.129032258064516,-64.51612903225806,16.129032258064516,0.6119534188487609,0.6076196364166975,2.083209945080907e-06,0.25799478649359525,0.1333333333333333,0.4655500997984415,0.1333333333333333,0.365885069858909
3805,Turpentines,Chemicals,6. Products of the chemical or allied industries,0.19105977155358503,30.263157894736842,49.725151675376125,5302,Hemp fiber,Textiles,11. Textiles and textile articles,0.31630650827346724,1,6,1065,1.011058205286824,0.6043222807779148,3041.5093019568717,291533.0,2.0452225605085468e-07,0.4421270383903355,0.593655149536196,9.67741935483871,-61.29032258064516,9.67741935483871,0.6837285665972019,0.738779378243957,1.2162519098557341e-06,0.5236723439581172,0.06666666666666667,0.5764288147259097,0.06666666666666667,0.42350017030813675
3805,Turpentines,Chemicals,6. Products of the chemical or allied industries,0.19105977155358503,30.263157894736842,49.725151675376125,8701,Tractors,Vehicles,"17. Vehicles, aircraft, vessels and associated transport equipment",0.3161936487229288,1,7,1065,2.340626545148909,0.7505062890565553,3749.161861609585,1585806592.0,0.0011125078185185116,0.14993242502753357,1.0172390575690526,19.35483870967742,-25.80645161290322,19.35483870967742,0.8063354121740681,0.8736361383132849,0.006615855824835654,0.3821965905922076,0.16666666666666666,0.64631190963313,0.16666666666666666,0.502418336743191
3805,Turpentines,Chemicals,6. Products of the chemical or allied industries,0.19105977155358503,30.263157894736842,49.725151675376125,8706,Vehicle chassis fitted with engines,Vehicles,"17. Vehicles, aircraft, vessels and associated transport equipment",0.310084336657536,1,8,1065,2.64859874664397,0.7708432775726239,4972.286871539745,198951018.0,0.0001395722303992145,0.036882236486253106,1.0671081864977625,66.66666666666666,-16.666666666666686,66.66666666666666,0.8347352311368071,0.8923972901871379,0.0008300074283537113,0.3274595767644507,0.6555555555555554,0.6537398200923014,0.6555555555555554,0.6542845407312775
3805,Turpentines,Chemicals,6. Products of the chemical or allied industries,0.19105977155358503,30.263157894736842,49.725151675376125,8201,Handtools for gardening,Metals,15. Base metals and articles of base metal,0.3078752217896794,1,9,1065,1.1882724407545924,0.5504075044860383,6321.082083841302,104610069.0,7.338821786046717e-05,0.053837630687200155,1.1624369154987668,64.51612903225806,9.677419354838712,64.51612903225806,0.7000704707706067,0.6890422549005724,0.0004364246799209356,0.3356690955525898,0.6333333333333333,0.5366052820197892,0.6333333333333333,0.5656236974138524
3805,Turpentines,Chemicals,6. Products of the chemical or allied industries,0.19105977155358503,30.263157894736842,49.725151675376125,5703,"Carpets, tufted",Textiles,11. Textiles and textile articles,0.3072617795771569,1,10,1065,1.3870510473535838,0.3772356059507491,4578.927444163185,119296562.0,8.369138999478845e-05,0.06603607659256983,0.8949592428436033,22.58064516129032,-32.25806451612903,22.58064516129032,0.7184009447993394,0.5292887945425165,0.00049769553145518,0.34157537939709265,0.19999999999999996,0.4880023700089317,0.19999999999999996,0.40160165900625217
3805,Turpentines,Chemicals,6. Products of the chemical or allied industries,0.19105977155358503,30.263157894736842,49.725151675376125,4006,Unvulcanized rubber rods,Chemicals,7. Plastics and articles thereof; rubber and articles thereof,0.30292275195370966,1,11,1065,2.6176662552696475,0.6802702690422725,3475.7418881649046,17301739.0,1.2137873564512623e-05,0.1160128067930668,1.1512504092347655,48.38709677419355,-12.903225806451609,48.38709677419355,0.8318827751332046,0.8088424429506806,7.218144464803449e-05,0.36577327775841895,0.4666666666666667,0.6291306452098198,0.4666666666666667,0.5803914516468738
3806,Rosin and resin acids,Chemicals,6. Products of the chemical or allied industries,0.18364567812245927,13.157894736842104,47.52609504388156,4810,"Paper and paperboard, coated with kaolin",Agriculture,"10. Pulp, paper and paperboard",0.37482812934577175,1,1,1065,2.5705362864261643,0.7279683064912975,3904.097919896276,487643898.0,0.0003421020267633265,0.06859663291713147,1.0206152273203062,41.935483870967744,-12.903225806451609,41.935483870967744,0.8275366602034261,0.8528445391292191,0.002034410589099672,0.34281515801889567,0.39999999999999997,0.6398608550576251,0.39999999999999997,0.5679025985403375
3806,Rosin and resin acids,Chemicals,6. Products of the chemical or allied industries,0.18364567812245927,13.157894736842104,47.52609504388156,4703,"Chemical woodpulp, soda or sulfate",Agriculture,"10. Pulp, paper and paperboard",0.3647062090339342,1,2,1065,1.7239292449165957,0.4965747031522535,8556.58777508857,5508925420.0,0.003864735228307952,0.09038716064115482,0.8379680303193789,20.0,-40.0,20.0,0.7494663454323792,0.6393807545845303,0.022982787757570504,0.35336576773246064,0.1733333333333333,0.542548768329423,0.1733333333333333,0.43178413783059605
3806,Rosin and resin acids,Chemicals,6. Products of the chemical or allied industries,0.18364567812245927,13.157894736842104,47.52609504388156,4802,Paper used for graphic purposes,Agriculture,"10. Pulp, paper and paperboard",0.35140167017953794,1,3,1065,1.898113669399099,0.545099387738008,3718.6196856691563,395318085.0,0.00027733171408349494,0.10335056146513222,1.3336823620042246,100.0,50.0,100.0,0.7655288539880785,0.6841454441266837,0.001649234823782424,0.359642429977015,1.0,0.5615797540602863,1.0,0.6931058278422004
3806,Rosin and resin acids,Chemicals,6. Products of the chemical or allied industries,0.18364567812245927,13.157894736842104,47.52609504388156,5905,Textile wall coverings,Textiles,11. Textiles and textile articles,0.3260012021254737,1,4,1065,2.8011692338127676,0.8010732903339659,5129.123455131751,866245.0,6.077060973981422e-07,-0.10938636371969124,0.6315649510499831,6.451612903225806,-64.51612903225806,6.451612903225806,0.8488045990655232,0.9202848931189059,3.6139035225960026e-06,0.25663876261679536,0.033333333333333326,0.6576776787425977,0.033333333333333326,0.4703743751198184
3806,Rosin and resin acids,Chemicals,6. Products of the chemical or allied industries,0.18364567812245927,13.157894736842104,47.52609504388156,7219,Flat-rolled products of stainless steel of a width > 600 mm,Metals,15. Base metals and articles of base metal,0.31617666786604504,1,5,1065,3.496700773621345,0.7755190675977544,3592.2183923497055,336402090.0,0.00023599974749693057,0.02385681676782392,0.9007661321048669,32.25806451612903,-22.58064516129032,32.25806451612903,0.912943406781113,0.8967107708542684,0.0014034420955499397,0.3211528860066582,0.3,0.6817624113877148,0.3,0.5672336879714003
3806,Rosin and resin acids,Chemicals,6. Products of the chemical or allied industries,0.18364567812245927,13.157894736842104,47.52609504388156,3504,Peptones,Chemicals,6. Products of the chemical or allied industries,0.31513437014606116,1,6,1065,3.0839619645010554,0.7737805502478704,5888.957221166063,182736489.0,0.0001281970788661736,0.1059561875870938,1.0102200512127164,48.38709677419355,-12.903225806451609,48.38709677419355,0.8748824798500158,0.8951069646658187,0.0007623617351949225,0.3609040306422425,0.4666666666666667,0.6737462644371577,0.4666666666666667,0.6116223851060103
3806,Rosin and resin acids,Chemicals,6. Products of the chemical or allied industries,0.18364567812245927,13.157894736842104,47.52609504388156,1506,Other animal fats and oils,Agriculture,3. Animal or vegetable fats and oils,0.31395134332799823,1,7,1065,3.0006592237216574,0.7977079984737959,3253.9107208963305,3689364.0,2.5882388912157645e-06,0.03959777786811092,0.7142998926912812,12.903225806451612,-58.064516129032256,12.903225806451612,0.8672006736813095,0.9171803650498359,1.5391725846312392e-05,0.32877439656339624,0.09999999999999998,0.6738518317992873,0.09999999999999998,0.5016962822595011
3806,Rosin and resin acids,Chemicals,6. Products of the chemical or allied industries,0.18364567812245927,13.157894736842104,47.52609504388156,5703,"Carpets, tufted",Textiles,11. Textiles and textile articles,0.31391602507928795,1,8,1065,1.3870510473535838,0.3772356059507491,4578.927444163185,119296562.0,8.369138999478845e-05,0.06603607659256983,0.8949592428436033,22.58064516129032,-32.25806451612903,22.58064516129032,0.7184009447993394,0.5292887945425165,0.00049769553145518,0.34157537939709265,0.19999999999999996,0.4880023700089317,0.19999999999999996,0.40160165900625217
3806,Rosin and resin acids,Chemicals,6. Products of the chemical or allied industries,0.18364567812245927,13.157894736842104,47.52609504388156,8701,Tractors,Vehicles,"17. Vehicles, aircraft, vessels and associated transport equipment",0.31318566354412464,1,9,1065,2.340626545148909,0.7505062890565553,3749.161861609585,1585806592.0,0.0011125078185185116,0.14993242502753357,1.0172390575690526,19.35483870967742,-25.80645161290322,19.35483870967742,0.8063354121740681,0.8736361383132849,0.006615855824835654,0.3821965905922076,0.16666666666666666,0.64631190963313,0.16666666666666666,0.502418336743191
3806,Rosin and resin acids,Chemicals,6. Products of the chemical or allied industries,0.18364567812245927,13.157894736842104,47.52609504388156,8202,Handsaws,Metals,15. Base metals and articles of base metal,0.31216452749575396,1,10,1065,3.0902789433097966,0.7982339306774466,5803.815151502967,209699162.0,0.00014711249053868226,0.06344549551925605,1.2320931991991568,93.54838709677419,38.70967741935484,93.54838709677419,0.8754650033819736,0.9176655447479138,0.00087484780891922,0.3403210632932312,0.9333333333333333,0.6787750785107831,0.9333333333333333,0.7551425549575481
3806,Rosin and resin acids,Chemicals,6. Products of the chemical or allied industries,0.18364567812245927,13.157894736842104,47.52609504388156,4801,Newsprint,Agriculture,"10. Pulp, paper and paperboard",0.3102941129335833,1,11,1065,2.6493342439280068,0.6866172367690415,2831.1800985042955,58934411.0,4.134488615953702e-05,0.09820518722629967,0.8383888080016199,32.25806451612903,-38.70967741935484,32.25806451612903,0.8348030554067016,0.8146976080537278,0.00024586955828318846,0.3571511256767385,0.3,0.6309347814964036,0.3,0.5316543470474825
3808,"Insecticides, rodenticides, fungicides, etc.",Chemicals,6. Products of the chemical or allied industries,0.192433999411785,34.21052631578947,57.06085559899415,4822,"Bobbins, spools, cops of paper",Agriculture,"10. Pulp, paper and paperboard",0.39707777102715675,1,1,1065,1.7030937152413415,0.5026580644898542,2123.406119574064,5244227.0,3.6790385214806058e-06,0.054505251812756894,1.009523393864413,38.70967741935484,-29.03225806451612,38.70967741935484,0.7475449860762508,0.64499273916465,2.1878487527885375e-05,0.33599234655511206,0.36666666666666664,0.5377903375907113,0.36666666666666664,0.48645323631349785
3808,"Insecticides, rodenticides, fungicides, etc.",Chemicals,6. Products of the chemical or allied industries,0.192433999411785,34.21052631578947,57.06085559899415,3004,"Medicaments, packaged",Chemicals,6. Products of the chemical or allied industries,0.3950221299889523,1,2,1065,2.202918605724686,0.625793670100223,4440.930452338378,8973767838.0,0.006295463098532106,0.07624906321179936,0.927091925848173,19.35483870967742,-48.38709677419354,19.35483870967742,0.7936366019230318,0.758587030478218,0.03743782786706638,0.346520337004088,0.16666666666666666,0.6008719960711105,0.16666666666666666,0.4706103972497773
3808,"Insecticides, rodenticides, fungicides, etc.",Chemicals,6. Products of the chemical or allied industries,0.192433999411785,34.21052631578947,57.06085559899415,4901,"Books, brochures etc.",Agriculture,"10. Pulp, paper and paperboard",0.3946398035189878,1,3,1065,1.7073575744591154,0.5153783578966796,4213.477170410011,263551271.0,0.00018489193514967497,0.07421783495634382,0.9369422030383878,29.03225806451613,-32.258064516129025,29.03225806451613,0.7479381801024634,0.6567273849455071,0.0010995144175741894,0.3455368501957878,0.26666666666666666,0.5436284024587938,0.26666666666666666,0.4605398817211557
3808,"Insecticides, rodenticides, fungicides, etc.",Chemicals,6. Products of the chemical or allied industries,0.192433999411785,34.21052631578947,57.06085559899415,3402,Cleaning products,Chemicals,6. Products of the chemical or allied industries,0.3901604429990453,1,4,1065,0.728774185690104,0.3557484621059717,3078.035858220077,985847225.0,0.000691611922418644,0.07089945070080517,1.1171381545670882,48.38709677419355,-6.451612903225801,48.38709677419355,0.657697596874275,0.509466608544394,0.004112874255169143,0.3439301439423532,0.4666666666666667,0.4607139246261625,0.4666666666666667,0.4624997472383138
3808,"Insecticides, rodenticides, fungicides, etc.",Chemicals,6. Products of the chemical or allied industries,0.192433999411785,34.21052631578947,57.06085559899415,3305,Hair products,Chemicals,6. Products of the chemical or allied industries,0.3849336651930562,1,5,1065,1.2001934649273744,0.43799161430508554,3351.6176626010606,517502750.0,0.00036304922579097885,0.06160865832961959,1.218183731788308,77.41935483870968,29.032258064516128,77.41935483870968,0.7011697743009705,0.5853370486428796,0.0021589792855117415,0.3394316973934852,0.7666666666666667,0.501515989532197,0.7666666666666667,0.5810611926725379
3808,"Insecticides, rodenticides, fungicides, etc.",Chemicals,6. Products of the chemical or allied industries,0.192433999411785,34.21052631578947,57.06085559899415,3921,"Other plastic plates, sheets etc.",Chemicals,7. Plastics and articles thereof; rubber and articles thereof,0.38437267254163926,1,6,1065,2.0148007186307155,0.5640465228319025,3759.2867799929377,488737953.0,0.00034286955084068214,0.0808534947214763,0.8758972812072614,16.129032258064516,-48.38709677419355,16.129032258064516,0.7762892117651334,0.7016244370852576,0.002038974897370905,0.3487497258663818,0.1333333333333333,0.5698880822121997,0.1333333333333333,0.43892165754853973
3808,"Insecticides, rodenticides, fungicides, etc.",Chemicals,6. Products of the chemical or allied industries,0.192433999411785,34.21052631578947,57.06085559899415,2105,Ice cream,Agriculture,"4. Prepared foodstuffs; beverages, spirits and tobacco",0.38204503727685546,1,7,1065,1.3565923475001525,0.4561680896782379,2334.2196934998683,37529366.0,2.6328376555924167e-05,0.08532763978667668,0.6764392780821085,16.129032258064516,-48.38709677419355,16.129032258064516,0.7155921797306787,0.602105097399834,0.0001565694555099246,0.3509160322074972,0.1333333333333333,0.5138549372451304,0.1333333333333333,0.39969845607159127
3808,"Insecticides, rodenticides, fungicides, etc.",Chemicals,6. Products of the chemical or allied industries,0.192433999411785,34.21052631578947,57.06085559899415,4911,Other printed matter,Agriculture,"10. Pulp, paper and paperboard",0.37991101185844095,1,8,1065,1.739139302377358,0.5435417534925204,3863.5596352397356,79465102.0,5.574800087246139e-05,0.04492807315880576,0.7568804568993485,9.67741935483871,-41.93548387096774,9.67741935483871,0.7508689489017881,0.6827085050921546,0.0003315219274469124,0.3313552365495786,0.06666666666666667,0.5515051226694337,0.06666666666666667,0.40605358586860363
3808,"Insecticides, rodenticides, fungicides, etc.",Chemicals,6. Products of the chemical or allied industries,0.192433999411785,34.21052631578947,57.06085559899415,3208,"Paints and varnishes, nonaqueous",Chemicals,6. Products of the chemical or allied industries,0.3797899473573124,1,9,1065,1.1687181581370518,0.4606246698579965,2843.8209257443305,257108973.0,0.00018037240109654236,0.07521843101890702,0.9819142737897281,38.70967741935484,-25.806451612903224,38.70967741935484,0.6982672622875408,0.6062163539668715,0.0010726376755025894,0.3460213221035239,0.36666666666666664,0.5086333596558982,0.36666666666666664,0.4660433517591287
3808,"Insecticides, rodenticides, fungicides, etc.",Chemicals,6. Products of the chemical or allied industries,0.192433999411785,34.21052631578947,57.06085559899415,0105,Fowl,Agriculture,1. Live animals; animal products,0.37751986605837706,1,10,1065,-0.0869339492704999,0.35079495916825115,1791.9838514347532,26123495.0,1.8326694176416467e-05,0.03838718634055205,1.0472345910202134,29.03225806451613,-22.580645161290317,29.03225806451613,0.58247664106445,0.504896933892283,0.00010898509151916497,0.3281882483575526,0.26666666666666666,0.4298253362522173,0.26666666666666666,0.3808777353765521
3808,"Insecticides, rodenticides, fungicides, etc.",Chemicals,6. Products of the chemical or allied industries,0.192433999411785,34.21052631578947,57.06085559899415,8309,"Stoppers, caps and lids of metal",Metals,15. Base metals and articles of base metal,0.37666850144196196,1,11,1065,0.8891013031198322,0.40694032455444656,3115.4857717600053,190653619.0,0.0001337512675482367,0.020457209866526993,1.2128746317546997,51.61290322580645,-22.58064516129032,51.61290322580645,0.6724822465527788,0.5566918063824309,0.0007953913561403253,0.31950685310422494,0.49999999999999994,0.4782562551963781,0.49999999999999994,0.4847793786374646
3812,Stabilizers for rubber or plastic,Chemicals,6. Products of the chemical or allied industries,0.17199033650079426,1.9736842105263157,48.8683456760718,8101,Tungsten (wolfram),Metals,15. Base metals and articles of base metal,0.347042324612522,1,1,1065,2.4682060348365296,0.7500375366444912,4623.208962844187,14528655.0,1.019244235810193e-05,0.04170969925839896,0.6811622823656467,3.225806451612903,-45.16129032258065,3.225806451612903,0.8181002220916449,0.8732037077601075,6.0612364265400695e-05,0.32979695364034545,0.0,0.6414350103488048,0.0,0.4490045072441633
3812,Stabilizers for rubber or plastic,Chemicals,6. Products of the chemical or allied industries,0.17199033650079426,1.9736842105263157,48.8683456760718,8703,Cars,Vehicles,"17. Vehicles, aircraft, vessels and associated transport equipment",0.3423888978701495,1,2,1065,2.912222202365909,0.7986264676164173,4981.366582000081,18727791402.0,0.013138307321595974,0.20002019435555152,0.8450845830018515,16.666666666666664,-10.000000000000004,16.666666666666664,0.859045407121813,0.9180276654779476,0.07813081901555671,0.40644825224519193,0.13888888888888884,0.6946624360990284,0.13888888888888884,0.5279303719359866
3812,Stabilizers for rubber or plastic,Chemicals,6. Products of the chemical or allied industries,0.17199033650079426,1.9736842105263157,48.8683456760718,7412,Copper tube or pipe fittings,Metals,15. Base metals and articles of base metal,0.3362238492240774,1,3,1065,2.945317938959128,0.8004561399498662,4975.003104115679,108175185.0,7.58892917265578e-05,0.10982606636890324,0.7676511542535586,12.903225806451612,-51.61290322580645,12.903225806451612,0.8620973479240124,0.9197155633936148,0.0004512980532401044,0.36277776133765216,0.09999999999999998,0.6781188778698034,0.09999999999999998,0.5046832145088623
3812,Stabilizers for rubber or plastic,Chemicals,6. Products of the chemical or allied industries,0.17199033650079426,1.9736842105263157,48.8683456760718,3906,Acrylic polymers,Chemicals,7. Plastics and articles thereof; rubber and articles thereof,0.3329285023514724,1,4,1065,2.4049821793133646,0.7215373122764224,4181.462674071502,587779785.0,0.00041235142398728895,0.054011124955622325,1.2457476648713257,100.0,64.51612903225806,100.0,0.8122700009149683,0.846911858434149,0.002452169346457666,0.3357530985807333,1.0,0.6314444409612697,1.0,0.7420111086728888
3812,Stabilizers for rubber or plastic,Chemicals,6. Products of the chemical or allied industries,0.17199033650079426,1.9736842105263157,48.8683456760718,3903,Polymers of styrene,Chemicals,7. Plastics and articles thereof; rubber and articles thereof,0.33280968385879983,1,5,1065,2.665771608195043,0.7234273374335739,3438.309135442682,516037748.0,0.0003620214673068312,0.10618787377968908,1.185169507020701,80.64516129032258,16.129032258064512,80.64516129032258,0.8363188356204425,0.848655432660525,0.002152867416596584,0.36101620922850963,0.7999999999999999,0.6442163553951046,0.7999999999999999,0.6909514487765731
3812,Stabilizers for rubber or plastic,Chemicals,6. Products of the chemical or allied industries,0.17199033650079426,1.9736842105263157,48.8683456760718,3404,Artificial and prepared waxes,Chemicals,6. Products of the chemical or allied industries,0.33242501217832604,1,6,1065,2.638525233812897,0.7060301106168551,4867.892811493888,131114095.0,9.198187000945377e-05,0.0888118814764498,1.109537739963664,90.32258064516128,45.16129032258064,90.32258064516128,0.8338062968390604,0.8326062514243533,0.0005469973157507252,0.3526030438614646,0.8999999999999999,0.636216898068777,0.8999999999999999,0.7153518286481438
3812,Stabilizers for rubber or plastic,Chemicals,6. Products of the chemical or allied industries,0.17199033650079426,1.9736842105263157,48.8683456760718,2918,Carboxylic acids with additional oxygen function,Chemicals,6. Products of the chemical or allied industries,0.3322085072646472,1,7,1065,2.6754231375338047,0.7104830826217965,6352.107183839703,535639999.0,0.0003757732436004073,0.05602572295411257,1.2714556549636062,100.0,43.333333333333336,100.0,0.8372088564879225,0.8367141794004502,0.0022346464097679286,0.33672853329626645,1.0,0.6367175395168356,1.0,0.7457022776617849
3812,Stabilizers for rubber or plastic,Chemicals,6. Products of the chemical or allied industries,0.17199033650079426,1.9736842105263157,48.8683456760718,4005,Compounded rubber,Chemicals,7. Plastics and articles thereof; rubber and articles thereof,0.331915016619329,1,8,1065,2.873902883864615,0.8069171593807197,2896.2037796499003,102668193.0,7.20259128710114e-05,0.08216411572608395,0.9292945708690981,35.483870967741936,-19.354838709677416,35.483870967741936,0.8555117709594281,0.9256759427637651,0.000428323331553159,0.3493843066749398,0.3333333333333333,0.6758875943040915,0.3333333333333333,0.573121316012864
3812,Stabilizers for rubber or plastic,Chemicals,6. Products of the chemical or allied industries,0.17199033650079426,1.9736842105263157,48.8683456760718,7411,Copper tubes and pipes,Metals,15. Base metals and articles of base metal,0.3316725458392085,1,9,1065,2.7242267411117282,0.7071468018230715,4622.10840841343,170646062.0,0.00011971515261199941,0.11661373673808573,1.0237675732686655,77.41935483870968,6.451612903225808,77.41935483870968,0.8417093065272894,0.8336364144349421,0.0007119214593780465,0.36606423800478777,0.7666666666666667,0.6413874262564059,0.7666666666666667,0.678971198379484
3812,Stabilizers for rubber or plastic,Chemicals,6. Products of the chemical or allied industries,0.17199033650079426,1.9736842105263157,48.8683456760718,7114,Goldsmith and silversmith wares,Stone,"14. Pearls, precious stones and metals",0.3312264290257763,1,10,1065,2.010746932123994,0.6084806981434714,3582.458736821304,666414.0,4.675165238373504e-07,0.06839394840231261,0.3688718646687775,3.225806451612903,-70.96774193548387,3.225806451612903,0.7759153897047474,0.7426155755102548,2.780224881075553e-06,0.3427170215608016,0.0,0.5828938080931032,0.0,0.40802566566517223
3812,Stabilizers for rubber or plastic,Chemicals,6. Products of the chemical or allied industries,0.17199033650079426,1.9736842105263157,48.8683456760718,3909,Amino-resins,Chemicals,7. Plastics and articles thereof; rubber and articles thereof,0.3286506175370013,1,11,1065,3.016712161352646,0.7918107563696848,3748.20020088382,574919742.0,0.00040332958080908617,0.12490750003667306,1.1389411445086104,77.41935483870968,25.80645161290323,77.41935483870968,0.8686810037900888,0.911740078024808,0.0023985182954288737,0.370079939722907,0.7666666666666667,0.6790191473379642,0.7666666666666667,0.7053134031365749
3815,Catalytic preparations,Chemicals,6. Products of the chemical or allied industries,0.17214596745652352,2.631578947368421,45.2791004247016,3404,Artificial and prepared waxes,Chemicals,6. Products of the chemical or allied industries,0.3434377760958612,1,1,1065,2.638525233812897,0.7060301106168551,4867.892811493888,131114095.0,9.198187000945377e-05,0.0888118814764498,1.109537739963664,90.32258064516128,45.16129032258064,90.32258064516128,0.8338062968390604,0.8326062514243533,0.0005469973157507252,0.3526030438614646,0.8999999999999999,0.636216898068777,0.8999999999999999,0.7153518286481438
3815,Catalytic preparations,Chemicals,6. Products of the chemical or allied industries,0.17214596745652352,2.631578947368421,45.2791004247016,6909,Ceramic wares for technical ware,Stone,"13. Articles of stone, plaster, cement, ceramics and glass",0.3394600881645684,1,2,1065,3.3333013542246785,0.785224621217913,5409.994606127201,113592970.0,7.969008824358496e-05,0.12738174000242708,0.9086113398621429,25.806451612903224,-32.25806451612904,25.806451612903224,0.897875443156622,0.9056642776797136,0.0004739006105953189,0.37127792540489646,0.23333333333333328,0.6870016761950412,0.23333333333333328,0.5509011733365288
3815,Catalytic preparations,Chemicals,6. Products of the chemical or allied industries,0.17214596745652352,2.631578947368421,45.2791004247016,3821,Prepared culture media for micro-organisms,Chemicals,6. Products of the chemical or allied industries,0.3364095928426542,1,3,1065,3.5733285513659023,0.8637236177370349,5463.870574033396,106686902.0,7.484520067407957e-05,0.05059916307338308,0.9985569279661456,43.333333333333336,-36.666666666666664,43.333333333333336,0.9200096777136774,0.9780806826197401,0.0004450890578908444,0.33410108360280416,0.41444444444444445,0.7145135520158002,0.41444444444444445,0.6244928197443934
3815,Catalytic preparations,Chemicals,6. Products of the chemical or allied industries,0.17214596745652352,2.631578947368421,45.2791004247016,3813,Preparations for fire extinguishers,Chemicals,6. Products of the chemical or allied industries,0.32904419050148687,1,4,1065,2.189453369677328,0.7474946922986103,4681.741123909742,10675666.0,7.489413874811441e-06,0.06168854209423791,1.1457227320824717,74.19354838709677,12.903225806451609,74.19354838709677,0.7923948980803502,0.8708578988451372,4.453800825800827e-05,0.33947037577858963,0.7333333333333333,0.6330657159919477,0.7333333333333333,0.6631460011943633
3815,Catalytic preparations,Chemicals,6. Products of the chemical or allied industries,0.17214596745652352,2.631578947368421,45.2791004247016,2940,"Other sugars, chemically pure",Chemicals,6. Products of the chemical or allied industries,0.32579531542042983,1,5,1065,3.5743319448612247,0.8622459367782976,5387.2593005354165,57284637.0,4.018750260277315e-05,0.08886554857973916,1.0886455579131282,61.29032258064516,-22.580645161290327,61.29032258064516,0.9201022061739645,0.9767175015929099,0.000238986835646882,0.35262902857686185,0.6,0.7168171000302823,0.6,0.6817719700211975
3815,Catalytic preparations,Chemicals,6. Products of the chemical or allied industries,0.17214596745652352,2.631578947368421,45.2791004247016,2916,Unsaturated acyclic monocarboxylic acids,Chemicals,6. Products of the chemical or allied industries,0.32456275995511313,1,6,1065,2.8667250263113138,0.7353805105570572,4983.97763556074,509454848.0,0.0003574032952324617,0.05045421899080904,1.3734576594292942,100.0,16.129032258064512,100.0,0.8548498610400767,0.8596823994194893,0.0021254040944430398,0.33403090409798,1.0,0.6505097373897115,1.0,0.755356816172798
3815,Catalytic preparations,Chemicals,6. Products of the chemical or allied industries,0.17214596745652352,2.631578947368421,45.2791004247016,3810,Pickling preparations for metal surfaces,Chemicals,6. Products of the chemical or allied industries,0.3242176868692995,1,7,1065,3.6390075057876294,0.8435184011010137,4112.086495888107,35844284.0,2.514622300119559e-05,0.0995944545475902,1.09250362339721,70.96774193548387,-6.451612903225808,70.96774193548387,0.9260662971299235,0.9594410921192597,0.0001495394307759716,0.35782378571877077,0.7000000000000001,0.7136235850096461,0.7000000000000001,0.7095365095067523
3815,Catalytic preparations,Chemicals,6. Products of the chemical or allied industries,0.17214596745652352,2.631578947368421,45.2791004247016,8427,Fork-lift trucks,Machinery,"16. Machinery, mechanical appliances and electrical equipment",0.32375457550316755,1,8,1065,3.0027887896455243,0.8299077016598477,4947.554599394525,1158856930.0,0.0008129852667237238,0.22164336132182227,1.1150995802334522,64.51612903225806,6.451612903225801,64.51612903225806,0.8673970527259551,0.946885034514009,0.004834656640455979,0.41691782867407573,0.6333333333333333,0.6982616033311673,0.6333333333333333,0.678783122331817
3815,Catalytic preparations,Chemicals,6. Products of the chemical or allied industries,0.17214596745652352,2.631578947368421,45.2791004247016,4005,Compounded rubber,Chemicals,7. Plastics and articles thereof; rubber and articles thereof,0.3211342933352976,1,9,1065,2.873902883864615,0.8069171593807197,2896.2037796499003,102668193.0,7.20259128710114e-05,0.08216411572608395,0.9292945708690981,35.483870967741936,-19.354838709677416,35.483870967741936,0.8555117709594281,0.9256759427637651,0.000428323331553159,0.3493843066749398,0.3333333333333333,0.6758875943040915,0.3333333333333333,0.573121316012864
3815,Catalytic preparations,Chemicals,6. Products of the chemical or allied industries,0.17214596745652352,2.631578947368421,45.2791004247016,5905,Textile wall coverings,Textiles,11. Textiles and textile articles,0.32081947546591144,1,10,1065,2.8011692338127676,0.8010732903339659,5129.123455131751,866245.0,6.077060973981422e-07,-0.10938636371969124,0.6315649510499831,6.451612903225806,-64.51612903225806,6.451612903225806,0.8488045990655232,0.9202848931189059,3.6139035225960026e-06,0.25663876261679536,0.033333333333333326,0.6576776787425977,0.033333333333333326,0.4703743751198184
3815,Catalytic preparations,Chemicals,6. Products of the chemical or allied industries,0.17214596745652352,2.631578947368421,45.2791004247016,8703,Cars,Vehicles,"17. Vehicles, aircraft, vessels and associated transport equipment",0.32069933512236926,1,11,1065,2.912222202365909,0.7986264676164173,4981.366582000081,18727791402.0,0.013138307321595974,0.20002019435555152,0.8450845830018515,16.666666666666664,-10.000000000000004,16.666666666666664,0.859045407121813,0.9180276654779476,0.07813081901555671,0.40644825224519193,0.13888888888888884,0.6946624360990284,0.13888888888888884,0.5279303719359866
3817,Mixed alkylbenzenes,Chemicals,6. Products of the chemical or allied industries,0.17940541046211636,9.868421052631579,31.190199769788986,2909,Ethers,Chemicals,6. Products of the chemical or allied industries,0.32553140722266527,1,1,1065,1.9836807585271412,0.6143771185774085,4892.5357739109195,558028619.0,0.00039147977106819066,0.14400498748454615,1.1942569003046184,80.64516129032258,19.354838709677416,80.64516129032258,0.7734194682338057,0.7480551045332358,0.002328049907258896,0.37932662429723596,0.7999999999999999,0.5897643015991386,0.7999999999999999,0.652835011119397
3817,Mixed alkylbenzenes,Chemicals,6. Products of the chemical or allied industries,0.17940541046211636,9.868421052631579,31.190199769788986,2802,"Sulfur, sublimed or precipitated",Chemicals,6. Products of the chemical or allied industries,0.3186907783452141,1,2,1065,-0.8080359512645701,0.25266740929191195,6650.142174140363,56352527.0,3.9533589529167205e-05,0.39664205424503485,2.575059991493953,100.0,38.70967741935484,100.0,0.515979839694445,0.41437291826506856,0.00023509814871368532,0.5016492740433997,1.0,0.40090612111464674,1.0,0.5806342847802527
3817,Mixed alkylbenzenes,Chemicals,6. Products of the chemical or allied industries,0.17940541046211636,9.868421052631579,31.190199769788986,2814,Ammonia,Chemicals,6. Products of the chemical or allied industries,0.2998028645475895,1,3,1065,-0.3806301726163907,0.30705960172199015,4088.838335777622,393616096.0,0.00027613769958066426,-0.01822083993544321,1.6122275085654902,86.66666666666667,33.333333333333336,86.66666666666667,0.555393288954837,0.46455046456826116,0.0016421342644227514,0.3007795871512978,0.8622222222222223,0.40234357194544246,0.8622222222222223,0.5403071670284765
3817,Mixed alkylbenzenes,Chemicals,6. Products of the chemical or allied industries,0.17940541046211636,9.868421052631579,31.190199769788986,2903,Halogenated derivatives of hydrocarbons,Chemicals,6. Products of the chemical or allied industries,0.29659824898204545,1,4,1065,3.156418595472656,0.7029937084161563,4703.335512699138,532817596.0,0.00037379321310970916,0.0038307308953677843,1.063849408738397,74.19354838709677,12.903225806451609,74.19354838709677,0.8815641062833562,0.8298051285937827,0.002222871574537843,0.31145658957884453,0.7333333333333333,0.646031151380006,0.7333333333333333,0.6722218059660041
3817,Mixed alkylbenzenes,Chemicals,6. Products of the chemical or allied industries,0.17940541046211636,9.868421052631579,31.190199769788986,7003,"Glass, cast or rolled",Stone,"13. Articles of stone, plaster, cement, ceramics and glass",0.28571331196829786,1,5,1065,2.4965202982850485,0.6026239788724155,3319.269785108341,20160684.0,1.4143539754361837e-05,0.10607179896101049,0.7768649313877064,60.0,-6.666666666666657,60.0,0.8207112368264088,0.7372126713565753,8.410873012316939e-05,0.360960007739268,0.5866666666666667,0.5994299853344531,0.5866666666666667,0.5956009897341172
3817,Mixed alkylbenzenes,Chemicals,6. Products of the chemical or allied industries,0.17940541046211636,9.868421052631579,31.190199769788986,3901,Polymers of ethylene,Chemicals,7. Plastics and articles thereof; rubber and articles thereof,0.2832757019064977,1,6,1065,1.4326703667571186,0.5226328447237604,4190.68946436961,3378885893.0,0.002370425872113163,0.11167760240308633,1.4842423567477694,90.32258064516128,25.806451612903217,90.32258064516128,0.7226077543944077,0.6634197489118923,0.014096436494482091,0.3636742441725186,0.8999999999999999,0.541775228257255,0.8999999999999999,0.6492426597800784
3817,Mixed alkylbenzenes,Chemicals,6. Products of the chemical or allied industries,0.17940541046211636,9.868421052631579,31.190199769788986,2929,Isocyanates,Chemicals,6. Products of the chemical or allied industries,0.2775270592457421,1,7,1065,2.7430082735031256,0.6523812917195674,5014.064465851453,440688490.0,0.0003091608983903864,0.0622139354862874,1.7771879094777931,100.0,58.064516129032256,100.0,0.84344125544076,0.7831144774387615,0.0018385164547887875,0.3397247624871542,1.0,0.6205289983491239,1.0,0.7343702988443868
3817,Mixed alkylbenzenes,Chemicals,6. Products of the chemical or allied industries,0.17940541046211636,9.868421052631579,31.190199769788986,2902,Cyclic hydrocarbons,Chemicals,6. Products of the chemical or allied industries,0.2738727357550431,1,8,1065,2.2518813152746313,0.6302313459676919,3321.059613282299,528235859.0,0.0003705789382664781,0.03099629267494053,1.0176182188188383,53.333333333333336,-19.999999999999993,53.333333333333336,0.7981517240035092,0.7626808475569233,0.0022037569412829226,0.32460970104158476,0.5177777777777778,0.5953134187435816,0.5177777777777778,0.5720527264538404
3817,Mixed alkylbenzenes,Chemicals,6. Products of the chemical or allied industries,0.17940541046211636,9.868421052631579,31.190199769788986,2910,Epoxides,Chemicals,6. Products of the chemical or allied industries,0.26019306582444496,1,9,1065,4.245111599630271,0.6727722051550143,3245.572540856476,43505769.0,3.052106631876095e-05,0.05325885522423057,0.7990192112262607,25.806451612903224,-41.93548387096774,25.806451612903224,0.9819585057583117,0.8019253757930946,0.00018150252162188292,0.33538886213654234,0.23333333333333328,0.6746949132417168,0.23333333333333328,0.5422864392692017
3817,Mixed alkylbenzenes,Chemicals,6. Products of the chemical or allied industries,0.17940541046211636,9.868421052631579,31.190199769788986,6908,Glazed ceramic flags and pavers,Stone,"13. Articles of stone, plaster, cement, ceramics and glass",0.25786272471052046,1,10,1065,-2.035716176545074,0.10805087148874806,3817.1100484265203,0.0,0.0,0.0,0.49847910029179027,38.88888888888889,-22.22222222222222,38.88888888888889,0.40276866033201186,0.2809621712878442,0.0,0.30960181363644446,0.3685185185185185,0.2857460631124163,0.3685185185185185,0.31057779973424693
3817,Mixed alkylbenzenes,Chemicals,6. Products of the chemical or allied industries,0.17940541046211636,9.868421052631579,31.190199769788986,3404,Artificial and prepared waxes,Chemicals,6. Products of the chemical or allied industries,0.25678343582875895,1,11,1065,2.638525233812897,0.7060301106168551,4867.892811493888,131114095.0,9.198187000945377e-05,0.0888118814764498,1.109537739963664,90.32258064516128,45.16129032258064,90.32258064516128,0.8338062968390604,0.8326062514243533,0.0005469973157507252,0.3526030438614646,0.8999999999999999,0.636216898068777,0.8999999999999999,0.7153518286481438
3823,Industrial monocarboxylic fatty acids,Chemicals,6. Products of the chemical or allied industries,0.1892148444324425,27.631578947368425,54.761693537662474,2206,Other fermented beverages,Agriculture,"4. Prepared foodstuffs; beverages, spirits and tobacco",0.37978563553813033,1,1,1065,1.4008334717546598,0.5051767845155458,3373.229725654306,13835192.0,9.705949860690681e-06,0.10624578665908047,0.7014184974466166,3.225806451612903,-77.41935483870968,3.225806451612903,0.7196718983333208,0.6473162930621398,5.771929316139433e-05,0.36104424967780874,0.0,0.5326111623340567,0.0,0.37282781363383966
3823,Industrial monocarboxylic fatty acids,Chemicals,6. Products of the chemical or allied industries,0.1892148444324425,27.631578947368425,54.761693537662474,4901,"Books, brochures etc.",Agriculture,"10. Pulp, paper and paperboard",0.37475032262362057,1,2,1065,1.7073575744591154,0.5153783578966796,4213.477170410011,263551271.0,0.00018489193514967497,0.07421783495634382,0.9369422030383878,29.03225806451613,-32.258064516129025,29.03225806451613,0.7479381801024634,0.6567273849455071,0.0010995144175741894,0.3455368501957878,0.26666666666666666,0.5436284024587938,0.26666666666666666,0.4605398817211557
3823,Industrial monocarboxylic fatty acids,Chemicals,6. Products of the chemical or allied industries,0.1892148444324425,27.631578947368425,54.761693537662474,4415,Packing boxes,Agriculture,9. Wood and articles of wood,0.36964003895655023,1,3,1065,1.2943562328459752,0.4265870025515598,1420.2302711694051,5276749.0,3.7018540271396083e-06,0.07658027324716454,0.4863176066629946,3.225806451612903,-77.41935483870968,3.225806451612903,0.7098530435990975,0.5748161372994344,2.2014166660650202e-05,0.3466807033733936,0.0,0.5016396209454943,0.0,0.351147734661846
3823,Industrial monocarboxylic fatty acids,Chemicals,6. Products of the chemical or allied industries,0.1892148444324425,27.631578947368425,54.761693537662474,3214,Glaziers' putty,Chemicals,6. Products of the chemical or allied industries,0.3691222250175663,1,4,1065,1.8268962172189904,0.527186113954221,3067.749766534051,216734699.0,0.00015204820587714913,0.0887946127042678,1.0302268177113385,35.483870967741936,-9.677419354838705,35.483870967741936,0.7589614990804471,0.6676202024592657,0.0009041994957372156,0.35259468261029014,0.3333333333333333,0.5523284278548035,0.3333333333333333,0.48662989949836244
3823,Industrial monocarboxylic fatty acids,Chemicals,6. Products of the chemical or allied industries,0.1892148444324425,27.631578947368425,54.761693537662474,3208,"Paints and varnishes, nonaqueous",Chemicals,6. Products of the chemical or allied industries,0.36742785456887855,1,5,1065,1.1687181581370518,0.4606246698579965,2843.8209257443305,257108973.0,0.00018037240109654236,0.07521843101890702,0.9819142737897281,38.70967741935484,-25.806451612903224,38.70967741935484,0.6982672622875408,0.6062163539668715,0.0010726376755025894,0.3460213221035239,0.36666666666666664,0.5086333596558982,0.36666666666666664,0.4660433517591287
3823,Industrial monocarboxylic fatty acids,Chemicals,6. Products of the chemical or allied industries,0.1892148444324425,27.631578947368425,54.761693537662474,3210,Other paints and varnishes,Chemicals,6. Products of the chemical or allied industries,0.36678815590160546,1,6,1065,1.3271149496773726,0.5008456106226968,2966.5289991340574,13930978.0,9.773147635275676e-06,0.0861053158342846,1.0044318433372061,41.935483870967744,-22.58064516129032,41.935483870967744,0.712873905946241,0.6433207255211736,5.811890454479669e-05,0.3512925699658211,0.39999999999999997,0.52737072434415,0.39999999999999997,0.489159507040905
3823,Industrial monocarboxylic fatty acids,Chemicals,6. Products of the chemical or allied industries,0.1892148444324425,27.631578947368425,54.761693537662474,3921,"Other plastic plates, sheets etc.",Chemicals,7. Plastics and articles thereof; rubber and articles thereof,0.36670897931186347,1,7,1065,2.0148007186307155,0.5640465228319025,3759.2867799929377,488737953.0,0.00034286955084068214,0.0808534947214763,0.8758972812072614,16.129032258064516,-48.38709677419355,16.129032258064516,0.7762892117651334,0.7016244370852576,0.002038974897370905,0.3487497258663818,0.1333333333333333,0.5698880822121997,0.1333333333333333,0.43892165754853973
3823,Industrial monocarboxylic fatty acids,Chemicals,6. Products of the chemical or allied industries,0.1892148444324425,27.631578947368425,54.761693537662474,2105,Ice cream,Agriculture,"4. Prepared foodstuffs; beverages, spirits and tobacco",0.36154060886896683,1,8,1065,1.3565923475001525,0.4561680896782379,2334.2196934998683,37529366.0,2.6328376555924167e-05,0.08532763978667668,0.6764392780821085,16.129032258064516,-48.38709677419355,16.129032258064516,0.7155921797306787,0.602105097399834,0.0001565694555099246,0.3509160322074972,0.1333333333333333,0.5138549372451304,0.1333333333333333,0.39969845607159127
3823,Industrial monocarboxylic fatty acids,Chemicals,6. Products of the chemical or allied industries,0.1892148444324425,27.631578947368425,54.761693537662474,2208,Spirits < 80% alcohol,Agriculture,"4. Prepared foodstuffs; beverages, spirits and tobacco",0.3602152767216069,1,9,1065,-0.23928116664505047,0.269054777437111,4772.982156965686,840227345.0,0.0005894536542862036,0.13808522807898282,0.8859670238239307,12.903225806451612,-32.258064516129025,12.903225806451612,0.5684278620775463,0.42949049097461206,0.0035053599869286248,0.37646037562821233,0.09999999999999998,0.40626628391052655,0.09999999999999998,0.3143863987373685
3823,Industrial monocarboxylic fatty acids,Chemicals,6. Products of the chemical or allied industries,0.1892148444324425,27.631578947368425,54.761693537662474,1806,Chocolates,Agriculture,"4. Prepared foodstuffs; beverages, spirits and tobacco",0.35959237946375794,1,10,1065,0.8268517024895008,0.39823862352447764,2417.426501664777,420552981.0,0.0002950350199223835,0.09115543548753124,0.731655129770771,19.35483870967742,-38.70967741935485,19.35483870967742,0.6667418668047951,0.5486643673909047,0.0017545127527133198,0.3537377535861089,0.16666666666666666,0.4787160219193183,0.16666666666666666,0.38510121534352276
3823,Industrial monocarboxylic fatty acids,Chemicals,6. Products of the chemical or allied industries,0.1892148444324425,27.631578947368425,54.761693537662474,7310,"Tanks etc. < 300 liters, iron or steel",Metals,15. Base metals and articles of base metal,0.35907373169037105,1,11,1065,1.0130338047013907,0.42170436662605726,2938.3398286654406,91382545.0,6.410857181543341e-05,0.08107849843893522,0.9123705449349343,35.483870967741936,-29.032258064516128,35.483870967741936,0.6839107475390019,0.5703118384416803,0.00038124052811766616,0.34885866890975714,0.3333333333333333,0.49136389150892,0.3333333333333333,0.443954724056244
3913,Natural polymers,Chemicals,7. Plastics and articles thereof; rubber and articles thereof,0.1737518139293615,3.289473684210526,45.19877621638857,3821,Prepared culture media for micro-organisms,Chemicals,6. Products of the chemical or allied industries,0.3412934750309583,1,1,1065,3.5733285513659023,0.8637236177370349,5463.870574033396,106686902.0,7.484520067407957e-05,0.05059916307338308,0.9985569279661456,43.333333333333336,-36.666666666666664,43.333333333333336,0.9200096777136774,0.9780806826197401,0.0004450890578908444,0.33410108360280416,0.41444444444444445,0.7145135520158002,0.41444444444444445,0.6244928197443934
3913,Natural polymers,Chemicals,7. Plastics and articles thereof; rubber and articles thereof,0.1737518139293615,3.289473684210526,45.19877621638857,2940,"Other sugars, chemically pure",Chemicals,6. Products of the chemical or allied industries,0.3392949272489354,1,2,1065,3.5743319448612247,0.8622459367782976,5387.2593005354165,57284637.0,4.018750260277315e-05,0.08886554857973916,1.0886455579131282,61.29032258064516,-22.580645161290327,61.29032258064516,0.9201022061739645,0.9767175015929099,0.000238986835646882,0.35262902857686185,0.6,0.7168171000302823,0.6,0.6817719700211975
3913,Natural polymers,Chemicals,7. Plastics and articles thereof; rubber and articles thereof,0.1737518139293615,3.289473684210526,45.19877621638857,3504,Peptones,Chemicals,6. Products of the chemical or allied industries,0.3390391894939917,1,3,1065,3.0839619645010554,0.7737805502478704,5888.957221166063,182736489.0,0.0001281970788661736,0.1059561875870938,1.0102200512127164,48.38709677419355,-12.903225806451609,48.38709677419355,0.8748824798500158,0.8951069646658187,0.0007623617351949225,0.3609040306422425,0.4666666666666667,0.6737462644371577,0.4666666666666667,0.6116223851060103
3913,Natural polymers,Chemicals,7. Plastics and articles thereof; rubber and articles thereof,0.1737518139293615,3.289473684210526,45.19877621638857,2918,Carboxylic acids with additional oxygen function,Chemicals,6. Products of the chemical or allied industries,0.32945643793060136,1,4,1065,2.6754231375338047,0.7104830826217965,6352.107183839703,535639999.0,0.0003757732436004073,0.05602572295411257,1.2714556549636062,100.0,43.333333333333336,100.0,0.8372088564879225,0.8367141794004502,0.0022346464097679286,0.33672853329626645,1.0,0.6367175395168356,1.0,0.7457022776617849
3913,Natural polymers,Chemicals,7. Plastics and articles thereof; rubber and articles thereof,0.1737518139293615,3.289473684210526,45.19877621638857,5909,Textile hosepiping and similar tubing,Textiles,11. Textiles and textile articles,0.32808237401917895,1,5,1065,2.819425408141641,0.7662075311975796,5213.4763063105875,24209363.0,1.6983852731300017e-05,0.1368679934985566,1.6289418454136149,100.0,41.93548387096774,100.0,0.850488101808223,0.8881207503384699,0.00010099948885766188,0.3758710109670815,1.0,0.6649088998197333,1.0,0.7654362298738133
3913,Natural polymers,Chemicals,7. Plastics and articles thereof; rubber and articles thereof,0.1737518139293615,3.289473684210526,45.19877621638857,3822,Diagnostic or laboratory reagents,Chemicals,6. Products of the chemical or allied industries,0.3274460398856941,1,6,1065,2.8435557489649033,0.7936378185728911,5862.295388349084,21754245.0,1.526148760546156e-05,-0.5658051519912364,1.0601529083521284,74.19354838709677,19.354838709677416,74.19354838709677,0.8527132939118058,0.9134255680593943,9.075693670603175e-05,0.03564840561491349,0.7333333333333333,0.6235094760726629,0.7333333333333333,0.656456633250864
3913,Natural polymers,Chemicals,7. Plastics and articles thereof; rubber and articles thereof,0.1737518139293615,3.289473684210526,45.19877621638857,0209,Pig and poultry fat,Agriculture,1. Live animals; animal products,0.32433329599042415,1,7,1065,2.4933198710831794,0.7372737472438387,5112.10653971593,25418765.0,1.783229742028005e-05,0.04007812048781778,1.1267601472342774,61.29032258064516,-6.451612903225801,61.29032258064516,0.8204161077443185,0.8614289363261602,0.0001060450154096589,0.3290069704401514,0.6,0.6380127177430017,0.6,0.6266089024201011
3913,Natural polymers,Chemicals,7. Plastics and articles thereof; rubber and articles thereof,0.1737518139293615,3.289473684210526,45.19877621638857,3813,Preparations for fire extinguishers,Chemicals,6. Products of the chemical or allied industries,0.3241305551626607,1,8,1065,2.189453369677328,0.7474946922986103,4681.741123909742,10675666.0,7.489413874811441e-06,0.06168854209423791,1.1457227320824717,74.19354838709677,12.903225806451609,74.19354838709677,0.7923948980803502,0.8708578988451372,4.453800825800827e-05,0.33947037577858963,0.7333333333333333,0.6330657159919477,0.7333333333333333,0.6631460011943633
3913,Natural polymers,Chemicals,7. Plastics and articles thereof; rubber and articles thereof,0.1737518139293615,3.289473684210526,45.19877621638857,7613,Aluminum containers for compressed or liquefied gas,Metals,15. Base metals and articles of base metal,0.321357983129285,1,9,1065,2.4961377909454736,0.74365272611202,4804.982368421019,14709967.0,1.0319640100001108e-05,-0.08031069955955727,0.8423937168520242,20.0,-30.0,20.0,0.8206759637103834,0.8673136321478395,6.136878314861379e-05,0.27071671376150597,0.1733333333333333,0.6314130709320761,0.1733333333333333,0.4939891496524532
3913,Natural polymers,Chemicals,7. Plastics and articles thereof; rubber and articles thereof,0.1737518139293615,3.289473684210526,45.19877621638857,5910,"Transmission belts or belting, of textile material",Textiles,11. Textiles and textile articles,0.32013210191441416,1,10,1065,3.1300303771491094,0.8316015365628404,4769.869735012393,25280677.0,1.7735423072286682e-05,0.08260957651322642,1.1384866776670342,70.96774193548387,22.58064516129032,70.96774193548387,0.8791307028154463,0.9484476205300836,0.00010546892353076986,0.3495999913507476,0.7000000000000001,0.6921082322120772,0.7000000000000001,0.694475762548454
3913,Natural polymers,Chemicals,7. Plastics and articles thereof; rubber and articles thereof,0.1737518139293615,3.289473684210526,45.19877621638857,2912,Aldehydes,Chemicals,6. Products of the chemical or allied industries,0.31965853952101725,1,11,1065,2.722012185133689,0.7430081479491982,5902.5142736687485,104585010.0,7.337063795282591e-05,0.03298563444745306,1.1561621041365668,87.09677419354838,41.935483870967744,87.09677419354838,0.8415050900799808,0.8667189999190946,0.00043632013581577743,0.3255729071141725,0.8666666666666667,0.6467798155871746,0.8666666666666667,0.7127458709110222
4104,Tanned hides of bovines or equines,Agriculture,"8. Raw hides and skins, leather, furskins and articles thereof",0.20737800687715197,84.86842105263158,52.7886382729725,4101,Raw hides of bovines or equines,Agriculture,"8. Raw hides and skins, leather, furskins and articles thereof",0.4708881421893091,1,1,1065,-2.6839926562093694,0.0039639327848624145,4066.4860507155186,60607.0,4.2518275366679414e-08,-0.274048946024243,0.5271443401213451,16.129032258064516,-54.83870967741936,16.129032258064516,0.3429875029064676,0.18494053742769417,2.5284746323958687e-07,0.17691188943933708,0.1333333333333333,0.21131163545997667,0.1333333333333333,0.18791814482198363
4104,Tanned hides of bovines or equines,Agriculture,"8. Raw hides and skins, leather, furskins and articles thereof",0.20737800687715197,84.86842105263158,52.7886382729725,6305,Bags for packing goods,Textiles,11. Textiles and textile articles,0.42016943838780346,1,2,1065,-2.4549150605641286,-0.032798963894818824,5263.1238664386565,134095596.0,9.407351421761504e-05,0.055610393311787965,1.0138164127687836,51.61290322580645,-19.354838709677423,51.61290322580645,0.364112014187557,0.15102625914675266,0.0005594358948669377,0.3365274376177157,0.49999999999999994,0.2308614266938958,0.49999999999999994,0.31160299868572705
4104,Tanned hides of bovines or equines,Agriculture,"8. Raw hides and skins, leather, furskins and articles thereof",0.20737800687715197,84.86842105263158,52.7886382729725,1211,"Plants used in perfumery, pharmacy or insecticide",Agriculture,2. Vegetable products,0.4173001594046966,1,3,1065,-2.9773737947343117,-0.0002935463540088177,5090.524335164819,63844266.0,4.478934912421879e-05,0.055912798736486025,0.8164486682946729,6.451612903225806,-38.70967741935483,6.451612903225806,0.3159332065097709,0.18101295431178627,0.00026635307308550834,0.3366738572754524,0.033333333333333326,0.2244721878398257,0.033333333333333326,0.167130531487878
4104,Tanned hides of bovines or equines,Agriculture,"8. Raw hides and skins, leather, furskins and articles thereof",0.20737800687715197,84.86842105263158,52.7886382729725,0106,Other live animals,Agriculture,1. Live animals; animal products,0.40827105191031837,1,4,1065,-2.125948637340982,0.013533207013535707,4239.912722296348,2122258.0,1.488850298532155e-06,0.02979615465575658,0.6167629335481775,3.225806451612903,-67.74193548387098,3.225806451612903,0.3944478263777586,0.193768324638413,8.85388736680448e-06,0.3240286142499665,0.0,0.25448127307626006,0.0,0.17813689115338202
4104,Tanned hides of bovines or equines,Agriculture,"8. Raw hides and skins, leather, furskins and articles thereof",0.20737800687715197,84.86842105263158,52.7886382729725,1102,Cereal flours,Agriculture,2. Vegetable products,0.40400994323538003,1,5,1065,-1.9432107424888434,0.05787950957856266,3104.479621170969,24621950.0,1.7273299291577082e-05,0.11152845554091395,1.310772979187565,67.74193548387096,9.677419354838698,67.74193548387096,0.41129909771406453,0.23467839924503114,0.0001027207681870402,0.3636020297519817,0.6666666666666666,0.2806478365137087,0.6666666666666666,0.3964534855595961
4104,Tanned hides of bovines or equines,Agriculture,"8. Raw hides and skins, leather, furskins and articles thereof",0.20737800687715197,84.86842105263158,52.7886382729725,1207,Other oil seeds,Agriculture,2. Vegetable products,0.4021963153961783,1,6,1065,-5.179657069141335,-0.0083886596557211,6277.462999120389,143080371.0,0.0001003766992879478,0.14696457892968495,1.0032404260757406,54.83870967741935,3.225806451612904,54.83870967741935,0.1128484930382199,0.17354510085012587,0.00059691964371655,0.3807596090622098,0.5333333333333332,0.15744123716680997,0.5333333333333332,0.2702088660167669
4104,Tanned hides of bovines or equines,Agriculture,"8. Raw hides and skins, leather, furskins and articles thereof",0.20737800687715197,84.86842105263158,52.7886382729725,2523,Cements,Minerals,5. Mineral products,0.3992213160998907,1,7,1065,-2.4475386311528395,0.00018130962798397,3325.7202123725765,274831828.0,0.00019280570466170366,-0.019117358249943317,1.0531364561829253,54.83870967741935,-9.677419354838712,54.83870967741935,0.364792235515505,0.18145101549224743,0.0011465759817727071,0.30034550795151205,0.5333333333333332,0.23640895044270605,0.5333333333333332,0.32548626530989416
4104,Tanned hides of bovines or equines,Agriculture,"8. Raw hides and skins, leather, furskins and articles thereof",0.20737800687715197,84.86842105263158,52.7886382729725,3923,Packing lids,Chemicals,7. Plastics and articles thereof; rubber and articles thereof,0.39904781962730046,1,8,1065,0.13134109788973256,0.26857641814684186,3784.4849413864363,1144171694.0,0.0008026829764260243,0.05362786835584554,0.9510639747679929,25.806451612903224,-19.354838709677416,25.806451612903224,0.6026049896405252,0.42904919794403795,0.004773391033023261,0.33556753213389895,0.23333333333333328,0.41213010412963536,0.23333333333333328,0.35849107289074467
4104,Tanned hides of bovines or equines,Agriculture,"8. Raw hides and skins, leather, furskins and articles thereof",0.20737800687715197,84.86842105263158,52.7886382729725,1703,Molasses,Agriculture,"4. Prepared foodstuffs; beverages, spirits and tobacco",0.39437736068973683,1,9,1065,-2.138165062926581,0.00282567239546942,4289.775828470995,11862365.0,8.321931485967958e-06,0.10081775214775335,0.7431385137355827,16.129032258064516,-38.70967741935483,16.129032258064516,0.3933212822503389,0.1838904765486943,4.948881974478298e-05,0.35841608599283126,0.1333333333333333,0.255793951801548,0.1333333333333333,0.21905576626108358
4104,Tanned hides of bovines or equines,Agriculture,"8. Raw hides and skins, leather, furskins and articles thereof",0.20737800687715197,84.86842105263158,52.7886382729725,2202,"Waters, flavored or sweetened",Agriculture,"4. Prepared foodstuffs; beverages, spirits and tobacco",0.3914907049749607,1,10,1065,-0.8718666553184242,0.028322996570806825,2690.796230936914,549719543.0,0.0003856506163268132,0.126605395272126,0.9877170473358525,29.03225806451613,-22.580645161290317,29.03225806451613,0.5100936576605037,0.2074121091076352,0.002293385119553434,0.3709020322481851,0.26666666666666666,0.3071063309740094,0.26666666666666666,0.2949744316818066
4104,Tanned hides of bovines or equines,Agriculture,"8. Raw hides and skins, leather, furskins and articles thereof",0.20737800687715197,84.86842105263158,52.7886382729725,3915,Plastic waste,Chemicals,7. Plastics and articles thereof; rubber and articles thereof,0.387260167359568,1,11,1065,-1.6085417230355448,0.12339685068146489,3755.4622816346514,18823638.0,1.3205547608142467e-05,0.07651206747635353,0.9153931565381412,19.35483870967742,-19.35483870967742,19.35483870967742,0.44216077782275914,0.2951190483525122,7.853068320887505e-05,0.3466476792779171,0.16666666666666666,0.31005687065551385,0.16666666666666666,0.2670398094588597
4206,Articles of gut,Agriculture,"8. Raw hides and skins, leather, furskins and articles thereof",0.19661609962242224,46.05263157894737,40.05746169826137,7905,Zinc plates and foil,Metals,15. Base metals and articles of base metal,0.2988037575168954,1,1,1065,0.8769344603891083,0.5885610898205903,2629.705985027276,4394082.0,3.082627228864148e-06,-0.043329403094680585,0.4840643965633398,16.129032258064516,-41.935483870967744,16.129032258064516,0.6713602747344677,0.7242394626104537,1.833175189279671e-05,0.28862244007727567,0.1333333333333333,0.5317560238450977,0.1333333333333333,0.4122292166915683
4206,Articles of gut,Agriculture,"8. Raw hides and skins, leather, furskins and articles thereof",0.19661609962242224,46.05263157894737,40.05746169826137,3504,Peptones,Chemicals,6. Products of the chemical or allied industries,0.2933433635033679,1,2,1065,3.0839619645010554,0.7737805502478704,5888.957221166063,182736489.0,0.0001281970788661736,0.1059561875870938,1.0102200512127164,48.38709677419355,-12.903225806451609,48.38709677419355,0.8748824798500158,0.8951069646658187,0.0007623617351949225,0.3609040306422425,0.4666666666666667,0.6737462644371577,0.4666666666666667,0.6116223851060103
4206,Articles of gut,Agriculture,"8. Raw hides and skins, leather, furskins and articles thereof",0.19661609962242224,46.05263157894737,40.05746169826137,3203,Coloring matter of animal or vegetable origin,Chemicals,6. Products of the chemical or allied industries,0.28787082771139655,1,3,1065,1.0886266599950978,0.5640353859486764,5462.759600499749,85833835.0,6.0215926086229735e-05,0.05470062715579771,1.077320860267872,54.83870967741935,-32.25806451612903,54.83870967741935,0.6908815825520191,0.7016141631571663,0.00035809176233562567,0.33608694403426376,0.5333333333333332,0.5378402663677049,0.5333333333333332,0.5364881864573934
4206,Articles of gut,Agriculture,"8. Raw hides and skins, leather, furskins and articles thereof",0.19661609962242224,46.05263157894737,40.05746169826137,1506,Other animal fats and oils,Agriculture,3. Animal or vegetable fats and oils,0.28283974064945583,1,4,1065,3.0006592237216574,0.7977079984737959,3253.9107208963305,3689364.0,2.5882388912157645e-06,0.03959777786811092,0.7142998926912812,12.903225806451612,-58.064516129032256,12.903225806451612,0.8672006736813095,0.9171803650498359,1.5391725846312392e-05,0.32877439656339624,0.09999999999999998,0.6738518317992873,0.09999999999999998,0.5016962822595011
4206,Articles of gut,Agriculture,"8. Raw hides and skins, leather, furskins and articles thereof",0.19661609962242224,46.05263157894737,40.05746169826137,4110,Waste of leather,Agriculture,"8. Raw hides and skins, leather, furskins and articles thereof",0.2792583140948953,1,5,1065,0.06429673375097965,0.3850624975809978,4241.904811872493,741909.0,5.204793366940743e-07,0.27313567172124653,1.0865733867252334,51.61290322580645,-9.677419354838712,51.61290322580645,0.5964224582472071,0.5365092098197962,3.0951838666262747e-06,0.4418495456638908,0.49999999999999994,0.46280397995061473,0.49999999999999994,0.47396278596543023
4206,Articles of gut,Agriculture,"8. Raw hides and skins, leather, furskins and articles thereof",0.19661609962242224,46.05263157894737,40.05746169826137,2526,Natural steatite,Minerals,5. Mineral products,0.2750892606377947,1,6,1065,1.027819503525352,0.002065168327076001,3758.4392087071483,18864301.0,1.3234074356393253e-05,0.06833022561193114,0.9403524018580104,35.483870967741936,-25.806451612903224,35.483870967741936,0.6852742185529428,0.18318890107617347,7.870032592997511e-05,0.34268616804960217,0.3333333333333333,0.3553768221265205,0.3333333333333333,0.3487637754885643
4206,Articles of gut,Agriculture,"8. Raw hides and skins, leather, furskins and articles thereof",0.19661609962242224,46.05263157894737,40.05746169826137,5605,Metallised yarn,Textiles,11. Textiles and textile articles,0.27044239732729863,1,7,1065,2.3420132070740025,0.716476821706345,5793.600134877512,3322718.0,2.3310218108439996e-06,0.03078359000939912,1.1207412214880539,64.51612903225806,-3.225806451612897,64.51612903225806,0.8064632839347141,0.8422434862183508,1.3862108623764806e-05,0.32450671396217184,0.6333333333333333,0.625725455964192,0.6333333333333333,0.6280078191749344
4206,Articles of gut,Agriculture,"8. Raw hides and skins, leather, furskins and articles thereof",0.19661609962242224,46.05263157894737,40.05746169826137,2941,Antibiotics,Chemicals,6. Products of the chemical or allied industries,0.26721827512271035,1,8,1065,3.5238892871033487,0.8069384908467407,5767.61722820324,613078367.0,0.0004300994081452661,-0.04725922862070786,1.5291125033271686,100.0,51.61290322580645,100.0,0.9154506098890769,0.9256956213348275,0.002557712968188797,0.28671968416917487,1.0,0.6877927904989711,1.0,0.7814549533492797
4206,Articles of gut,Agriculture,"8. Raw hides and skins, leather, furskins and articles thereof",0.19661609962242224,46.05263157894737,40.05746169826137,0203,Pork,Agriculture,1. Live animals; animal products,0.2650244963714958,1,9,1065,2.801076233937259,0.6966820985594492,5854.33638103792,1110462635.0,0.0007790347006012246,0.1256471772855341,0.8750767546162774,19.35483870967742,-48.38709677419354,19.35483870967742,0.848796023032962,0.8239825816126194,0.004632759586881008,0.3704380790972982,0.16666666666666666,0.6417331374285802,0.16666666666666666,0.4992131962000061
4206,Articles of gut,Agriculture,"8. Raw hides and skins, leather, furskins and articles thereof",0.19661609962242224,46.05263157894737,40.05746169826137,4109,Patent leather,Agriculture,"8. Raw hides and skins, leather, furskins and articles thereof",0.26165199629950314,1,10,1065,1.3857707899481657,0.5382721968623245,4066.5534275788996,1731089.0,1.214429336318077e-06,0.1550103757054202,1.0906240834015037,56.666666666666664,-6.666666666666664,56.666666666666664,0.7182828851875852,0.6778472665578033,7.221962187403322e-06,0.38465524952996477,0.5522222222222222,0.5463449238347088,0.5522222222222222,0.5481081133509628
4206,Articles of gut,Agriculture,"8. Raw hides and skins, leather, furskins and articles thereof",0.19661609962242224,46.05263157894737,40.05746169826137,8545,Carbon articles for eletrical purposes,Electronics,"16. Machinery, mechanical appliances and electrical equipment",0.2608350843293963,1,11,1065,2.9336016688387834,0.7679851080136009,5976.442047917145,168968778.0,0.00011853846967141292,0.06453724836555552,1.0595782841441095,77.41935483870968,29.032258064516128,77.41935483870968,0.8610169258965663,0.8897605894221409,0.0007049239672643904,0.3408496717937165,0.7666666666666667,0.6640053197256945,0.7666666666666667,0.6948037238079862
4302,Other tanned furskins,Agriculture,"8. Raw hides and skins, leather, furskins and articles thereof",0.18683371147225514,18.421052631578945,49.53956152849605,4301,Other raw furskins,Agriculture,"8. Raw hides and skins, leather, furskins and articles thereof",0.3567887994678258,1,1,1065,1.6092476732499474,0.06264265259871156,5680.408640795981,99136.0,6.954793582838831e-08,0.6241515605516135,0.5127689294301497,30.0,-36.66666666666666,30.0,0.738890923826519,0.23907246425260537,4.13587310306065e-07,0.6118055785426357,0.2766666666666666,0.43405808464718537,0.2766666666666666,0.3868406592530297
4302,Other tanned furskins,Agriculture,"8. Raw hides and skins, leather, furskins and articles thereof",0.18683371147225514,18.421052631578945,49.53956152849605,7324,Sanitary ware and parts of iron or steel,Metals,15. Base metals and articles of base metal,0.34542781761822816,1,2,1065,2.1023277957031037,0.15796964315880968,6109.667709763715,131121555.0,9.19871035028495e-05,0.07915558012193502,1.120560814571559,83.87096774193549,9.677419354838719,83.87096774193549,0.7843605673327019,0.32701292535687665,0.0005470284382625764,0.3479276239653354,0.8333333333333334,0.4412519203018921,0.8333333333333334,0.5588763442113245
4302,Other tanned furskins,Agriculture,"8. Raw hides and skins, leather, furskins and articles thereof",0.18683371147225514,18.421052631578945,49.53956152849605,3916,Monofilament,Chemicals,7. Plastics and articles thereof; rubber and articles thereof,0.3289865491356695,1,3,1065,2.3969401456826973,0.6850563378689453,2726.880924338556,112856548.0,7.917345826054536e-05,0.07907568655917108,0.9036198062811707,32.25806451612903,-6.451612903225808,32.25806451612903,0.8115284005429396,0.8132576573303797,0.00047082831804538534,0.3478889408361325,0.3,0.6209290856287883,0.3,0.5246503599401519
4302,Other tanned furskins,Agriculture,"8. Raw hides and skins, leather, furskins and articles thereof",0.18683371147225514,18.421052631578945,49.53956152849605,0210,Preserved meat,Agriculture,1. Live animals; animal products,0.32504579700730235,1,4,1065,1.2637275288498118,0.602062769952719,3044.150915236552,59557309.0,4.178187443959302e-05,0.15552173562768035,0.6921537402921525,19.35483870967742,-45.16129032258064,19.35483870967742,0.7070286015087672,0.7366949484023105,0.0002484682379597442,0.38490284146675746,0.16666666666666666,0.5630759389245847,0.16666666666666666,0.4441531572472093
4302,Other tanned furskins,Agriculture,"8. Raw hides and skins, leather, furskins and articles thereof",0.18683371147225514,18.421052631578945,49.53956152849605,4108,Chamois leather,Agriculture,"8. Raw hides and skins, leather, furskins and articles thereof",0.3215503736675778,1,5,1065,0.232716966783771,0.46214582054526765,3440.095098024612,499341.0,3.5030801953360284e-07,-0.10658572217535889,0.6418883847666862,16.129032258064516,-64.51612903225806,16.129032258064516,0.6119534188487609,0.6076196364166975,2.083209945080907e-06,0.25799478649359525,0.1333333333333333,0.4655500997984415,0.1333333333333333,0.365885069858909
4302,Other tanned furskins,Agriculture,"8. Raw hides and skins, leather, furskins and articles thereof",0.18683371147225514,18.421052631578945,49.53956152849605,8433,Harvesting or agricultural machinery,Machinery,"16. Machinery, mechanical appliances and electrical equipment",0.32078131577439545,1,6,1065,3.1027657454804705,0.8237845052740358,4460.732914157222,1070361592.0,0.0007509021880405458,0.13824643799774727,1.2380079339198609,70.96774193548387,16.12903225806452,70.96774193548387,0.8766164804287627,0.9412363015535277,0.004465461304573493,0.3765384307793487,0.7000000000000001,0.69339905750639,0.7000000000000001,0.695379340254473
4302,Other tanned furskins,Agriculture,"8. Raw hides and skins, leather, furskins and articles thereof",0.18683371147225514,18.421052631578945,49.53956152849605,5106,"Yarn of carded wool, not for retail sale",Textiles,11. Textiles and textile articles,0.32010021115481896,1,7,1065,1.572925425662979,0.032300220327838663,3145.708254969287,459622.0,3.2244352567498684e-07,0.08941330827199767,0.7893469110119211,16.129032258064516,-61.29032258064517,16.129032258064516,0.7355414486116068,0.21108115277567943,1.917505515024756e-06,0.35289424467456426,0.1333333333333333,0.38425233481256205,0.1333333333333333,0.3089766343687934
4302,Other tanned furskins,Agriculture,"8. Raw hides and skins, leather, furskins and articles thereof",0.18683371147225514,18.421052631578945,49.53956152849605,9405,Lamps,Textiles,20. Miscellaneous manufactured articles,0.3185849471189415,1,8,1065,2.1706422251236477,0.6593965001334166,6746.143655776441,1674471811.0,0.0011747100756321937,0.06610520201106662,0.9943689815321399,25.806451612903224,-38.70967741935484,25.806451612903224,0.7906602184657194,0.7895861037749304,0.0069857598904012235,0.34160884877062425,0.23333333333333328,0.6053754040833812,0.23333333333333328,0.49376278285836683
4302,Other tanned furskins,Agriculture,"8. Raw hides and skins, leather, furskins and articles thereof",0.18683371147225514,18.421052631578945,49.53956152849605,9401,Seats,Textiles,20. Miscellaneous manufactured articles,0.3181842438862139,1,9,1065,1.7327242522071387,0.5620130214672596,5825.708776182534,1503578285.0,0.0010548213169599152,0.08529438463323458,0.7619467910694531,9.67741935483871,-45.16129032258064,9.67741935483871,0.7502773816675161,0.6997485040823153,0.006272806031388759,0.3508999306174221,0.06666666666666667,0.5610849705097625,0.06666666666666667,0.4127594793568337
4302,Other tanned furskins,Agriculture,"8. Raw hides and skins, leather, furskins and articles thereof",0.18683371147225514,18.421052631578945,49.53956152849605,9028,"Gas, liquid or electricity meters",Machinery,"18. Optical, photographic, medical and musical instruments",0.31701750237852266,1,10,1065,2.5384394635827876,0.6937368782625448,4700.258141051806,228268344.0,0.00016013952691418322,0.0914099581614698,0.9369622113843287,22.58064516129032,-25.80645161290323,22.58064516129032,0.8245768347594221,0.8212655753435487,0.0009523169224396747,0.35386098921536896,0.19999999999999996,0.6292668394567109,0.19999999999999996,0.5004867876196976
4302,Other tanned furskins,Agriculture,"8. Raw hides and skins, leather, furskins and articles thereof",0.18683371147225514,18.421052631578945,49.53956152849605,4111,Composition leather,Agriculture,"8. Raw hides and skins, leather, furskins and articles thereof",0.31506623280152607,1,11,1065,0.6824698093876053,0.5391376668334548,3864.775403360165,1258048.0,8.825718363967908e-07,0.22157753918667145,0.9219678287134104,70.0,-6.666666666666671,70.0,0.65342761439602,0.6786456745206048,5.248473698312666e-06,0.41688595869518924,0.6900000000000001,0.5287593321961518,0.6900000000000001,0.5771315325373063
4303,Furskin apparel,Agriculture,"8. Raw hides and skins, leather, furskins and articles thereof",0.17795974519191723,5.921052631578947,44.53239188506292,2514,Slate,Minerals,5. Mineral products,0.31115487002998987,1,1,1065,1.0691036390048634,0.505546673069446,3626.3965102222605,297775.0,2.0890127291093375e-07,0.1232934696389103,0.6256414753189493,16.129032258064516,-54.83870967741936,16.129032258064516,0.6890812568764004,0.6476575203451586,1.2422930249998841e-06,0.3692984531518474,0.1333333333333333,0.5232535263442765,0.1333333333333333,0.4062774684409935
4303,Furskin apparel,Agriculture,"8. Raw hides and skins, leather, furskins and articles thereof",0.17795974519191723,5.921052631578947,44.53239188506292,8453,Machinery for preparing leather,Machinery,"16. Machinery, mechanical appliances and electrical equipment",0.3090270019162598,1,2,1065,1.3675562321239565,0.5966073207651916,4945.495921569536,26817949.0,1.881388190063136e-05,0.13468805964504105,1.7278848294766285,87.09677419354838,35.483870967741936,87.09677419354838,0.7166032201328086,0.7316622214247436,0.00011188229699438374,0.3748155233909603,0.8666666666666667,0.5631320153983365,0.8666666666666667,0.6541924107788355
4303,Furskin apparel,Agriculture,"8. Raw hides and skins, leather, furskins and articles thereof",0.17795974519191723,5.921052631578947,44.53239188506292,4304,Artificial fur,Agriculture,"8. Raw hides and skins, leather, furskins and articles thereof",0.3040506125157589,1,3,1065,1.227955483349707,0.5423555712829595,5730.537734400663,183516.0,1.2874393753512862e-07,-0.18959872858309967,0.6177180443587064,6.451612903225806,-48.387096774193544,6.451612903225806,0.7037298634694311,0.6816142356743373,7.656137915401855e-07,0.21780127475995517,0.033333333333333326,0.5175407407563809,0.033333333333333326,0.37227851852946664
4303,Furskin apparel,Agriculture,"8. Raw hides and skins, leather, furskins and articles thereof",0.17795974519191723,5.921052631578947,44.53239188506292,5107,"Yarn of combed wool, not for retail sale",Textiles,11. Textiles and textile articles,0.3024563265052965,1,4,1065,1.8710729367418062,0.1785188776841222,3129.073200147835,3093174.0,2.1699873593653083e-06,0.22153313320129064,0.6613535616625102,16.129032258064516,-38.70967741935483,16.129032258064516,0.7630352785667941,0.34596987709612737,1.2904469768486246e-05,0.41686445805846156,0.1333333333333333,0.45068340886125696,0.1333333333333333,0.35547838620287986
4303,Furskin apparel,Agriculture,"8. Raw hides and skins, leather, furskins and articles thereof",0.17795974519191723,5.921052631578947,44.53239188506292,9112,Clock cases,Machinery,"18. Optical, photographic, medical and musical instruments",0.3003925654953219,1,5,1065,2.5273233012964575,0.6913532308219104,5484.828707101941,91003.0,6.384230556196358e-08,0.05852144248865376,0.7804125240240793,6.451612903225806,-54.83870967741935,6.451612903225806,0.8235517519923424,0.8190666277652418,3.796570973186616e-07,0.337936919026844,0.033333333333333326,0.6256070277177456,0.033333333333333326,0.44792491940242185
4303,Furskin apparel,Agriculture,"8. Raw hides and skins, leather, furskins and articles thereof",0.17795974519191723,5.921052631578947,44.53239188506292,7418,Household articles of copper,Metals,15. Base metals and articles of base metal,0.3000966492141726,1,6,1065,1.7819189048195667,0.5810464203374806,5810.490246433081,14697020.0,1.0310557252950892e-05,0.0774300419539895,0.8828453852308218,25.806451612903224,-41.93548387096774,25.806451612903224,0.7548138924998101,0.7173070765620948,6.131476932006984e-05,0.3470921471936654,0.23333333333333328,0.5673153584661146,0.23333333333333328,0.46712075092628014
4303,Furskin apparel,Agriculture,"8. Raw hides and skins, leather, furskins and articles thereof",0.17795974519191723,5.921052631578947,44.53239188506292,9005,Binoculars and telescopes,Machinery,"18. Optical, photographic, medical and musical instruments",0.2970938884391612,1,7,1065,2.6188985289844435,0.7471096396778569,6315.262509966879,23024282.0,1.6152470212947023e-05,0.1971305288110503,0.7689826847153891,6.451612903225806,-58.064516129032256,6.451612903225806,0.8319964099036249,0.8705026825016914,9.605542753498575e-05,0.4050491244338376,0.033333333333333326,0.6566464593210665,0.033333333333333326,0.4696525215247465
4303,Furskin apparel,Agriculture,"8. Raw hides and skins, leather, furskins and articles thereof",0.17795974519191723,5.921052631578947,44.53239188506292,5408,Woven fabrics of artificial filament yarn,Textiles,11. Textiles and textile articles,0.29702846241727715,1,8,1065,1.3274960294586833,0.5502349019477711,4185.7453708404055,14417865.0,1.011471866730921e-05,0.18680616217471258,0.9928930765617761,41.935483870967744,-12.903225806451609,41.935483870967744,0.7129090474192281,0.6888830266828998,6.015015741714366e-05,0.40005023848213755,0.39999999999999997,0.5506437842316779,0.39999999999999997,0.5054506489621745
4303,Furskin apparel,Agriculture,"8. Raw hides and skins, leather, furskins and articles thereof",0.17795974519191723,5.921052631578947,44.53239188506292,4202,Trunks or cases,Agriculture,"8. Raw hides and skins, leather, furskins and articles thereof",0.29378906781219327,1,9,1065,0.37388493619558644,0.4179650151798552,7191.115978844057,2245453313.0,0.0015752768209143595,0.15869439516154227,0.8441320362588525,3.225806451612903,-67.74193548387098,3.225806451612903,0.6249712975896683,0.5668622352550297,0.009367848169600476,0.3864389902429477,0.0,0.4765127622575265,0.0,0.3335589335802685
4303,Furskin apparel,Agriculture,"8. Raw hides and skins, leather, furskins and articles thereof",0.17795974519191723,5.921052631578947,44.53239188506292,4203,Leather apparel,Agriculture,"8. Raw hides and skins, leather, furskins and articles thereof",0.2928418969302245,1,10,1065,0.2435870222337618,0.33732673461907586,6218.18346521691,125438735.0,8.80003741544364e-05,0.13308145234219326,0.7471694950508506,6.451612903225806,-29.032258064516128,6.451612903225806,0.612955806744149,0.4924723113362646,0.0005233201764933552,0.37403763095852405,0.033333333333333326,0.4430839839983973,0.033333333333333326,0.3201587887988781
4303,Furskin apparel,Agriculture,"8. Raw hides and skins, leather, furskins and articles thereof",0.17795974519191723,5.921052631578947,44.53239188506292,5804,Lace and net fabrics,Textiles,11. Textiles and textile articles,0.29269713194272473,1,11,1065,0.28440794256729124,0.38592307801163445,4837.65180786279,32055181.0,2.2488013145127624e-05,0.025288054633089585,1.4298918163378296,74.19354838709677,-9.677419354838719,74.19354838709677,0.6167201294386543,0.5373031071141808,0.00013373160195251049,0.32184586748535116,0.7333333333333333,0.4522050726565878,0.7333333333333333,0.5365435508596115
4402,Wood charcoal,Agriculture,9. Wood and articles of wood,0.20291000755993766,65.78947368421053,49.489635759160855,1703,Molasses,Agriculture,"4. Prepared foodstuffs; beverages, spirits and tobacco",0.39126172000890036,1,1,1065,-2.138165062926581,0.00282567239546942,4289.775828470995,11862365.0,8.321931485967958e-06,0.10081775214775335,0.7431385137355827,16.129032258064516,-38.70967741935483,16.129032258064516,0.3933212822503389,0.1838904765486943,4.948881974478298e-05,0.35841608599283126,0.1333333333333333,0.255793951801548,0.1333333333333333,0.21905576626108358
4402,Wood charcoal,Agriculture,9. Wood and articles of wood,0.20291000755993766,65.78947368421053,49.489635759160855,2402,Cigars and cigarettes,Agriculture,"4. Prepared foodstuffs; beverages, spirits and tobacco",0.37761549035605374,1,2,1065,-1.1480128633020525,0.12750430104851282,2492.6499900725457,65457773.0,4.592128990551575e-05,0.0013170196539540324,0.6268598205645416,9.67741935483871,-38.70967741935484,9.67741935483871,0.48462868947210813,0.2989082278610521,0.0002730844927543472,0.3102394925641853,0.06666666666666667,0.32081480762514697,0.06666666666666667,0.24457036533760285
4402,Wood charcoal,Agriculture,9. Wood and articles of wood,0.20291000755993766,65.78947368421053,49.489635759160855,9404,Mattresses and bedding,Textiles,20. Miscellaneous manufactured articles,0.3732025711942269,1,3,1065,0.2093517816057177,0.2896297015198871,6058.061685864153,471351327.0,0.00033067212559334324,0.07974038174407871,0.8694834388949816,9.67741935483871,-19.354838709677423,9.67741935483871,0.6097987859764877,0.4484711416842766,0.0019664393110789677,0.3482107751470434,0.06666666666666667,0.4229210568499859,0.06666666666666667,0.3160447397949901
4402,Wood charcoal,Agriculture,9. Wood and articles of wood,0.20291000755993766,65.78947368421053,49.489635759160855,8544,Insulated electrical wire,Electronics,"16. Machinery, mechanical appliances and electrical equipment",0.3689415186573111,1,4,1065,0.5465431173998692,0.3217058457627673,4137.976506190835,2491007134.0,0.001747542812938685,0.08808528710786123,0.8154285927744125,6.451612903225806,-35.483870967741936,6.451612903225806,0.640893062816638,0.47806182632240807,0.010392278692949885,0.35225123899927213,0.033333333333333326,0.44603073885249944,0.033333333333333326,0.3222215171967496
4402,Wood charcoal,Agriculture,9. Wood and articles of wood,0.20291000755993766,65.78947368421053,49.489635759160855,6107,"Men's undergarments, knit",Textiles,11. Textiles and textile articles,0.35679624428534856,1,5,1065,-1.0479307438799927,0.126120341690119,7293.180520650118,236334700.0,0.00016579840370421848,0.010493301777469322,0.8555722655463718,12.903225806451612,-22.580645161290324,12.903225806451612,0.49385781489055697,0.2976315063007507,0.0009859691020919826,0.3146824951629722,0.09999999999999998,0.3243715320567173,0.09999999999999998,0.2570600724397021
4402,Wood charcoal,Agriculture,9. Wood and articles of wood,0.20291000755993766,65.78947368421053,49.489635759160855,6115,"Socks, stockings, etc., knit",Textiles,11. Textiles and textile articles,0.35664914067247044,1,6,1065,-0.18375906879365705,0.26106749526631673,5717.6951155252855,417436515.0,0.00029284869227774025,0.09761683078011174,0.9649037600152683,29.03225806451613,-25.80645161290322,29.03225806451613,0.5735478616091804,0.4221221132156735,0.0017415111106196272,0.35686625330857896,0.26666666666666666,0.40227565585157865,0.26666666666666666,0.36159295909610506
4402,Wood charcoal,Agriculture,9. Wood and articles of wood,0.20291000755993766,65.78947368421053,49.489635759160855,6205,Men's shirts,Textiles,11. Textiles and textile articles,0.3562939960035207,1,7,1065,-1.2196986054347456,0.09294072291764689,7003.352848764278,390001825.0,0.000273602141482956,0.09269863708516723,0.9079125115270171,9.67741935483871,-19.354838709677423,9.67741935483871,0.4780181509595576,0.26702285121816305,0.0016270558204507612,0.35448494603469094,0.06666666666666667,0.31418115104047345,0.06666666666666667,0.2399268057283314
4402,Wood charcoal,Agriculture,9. Wood and articles of wood,0.20291000755993766,65.78947368421053,49.489635759160855,6106,"Women's shirts, knit",Textiles,11. Textiles and textile articles,0.355504761922957,1,8,1065,-1.482624028662491,0.04412587299270238,6282.5030373967975,197847717.0,0.0001387982198768271,0.1383203809945781,0.9230735547209182,25.806451612903224,-35.483870967741936,25.806451612903224,0.45377234440909453,0.22199048015606537,0.0008254045465242246,0.3765742327438763,0.23333333333333328,0.29312693419136604,0.23333333333333328,0.2751888539339562
4402,Wood charcoal,Agriculture,9. Wood and articles of wood,0.20291000755993766,65.78947368421053,49.489635759160855,6108,"Women's undergarments, knit",Textiles,11. Textiles and textile articles,0.3553089710853937,1,9,1065,-0.9719213459382168,0.1335148263012299,7677.811693681972,604400744.0,0.00042401170269470377,0.1189910267715466,0.8786779512673136,12.903225806451612,-45.161290322580655,12.903225806451612,0.5008670616035199,0.3044530201501738,0.00252151063244376,0.36721528214821814,0.09999999999999998,0.3373225475308921,0.09999999999999998,0.26612578327162445
4402,Wood charcoal,Agriculture,9. Wood and articles of wood,0.20291000755993766,65.78947368421053,49.489635759160855,6212,Brassieres,Textiles,11. Textiles and textile articles,0.35514769361127135,1,10,1065,-0.39145673622960514,0.2395747509048046,7037.462657800171,337877436.0,0.00023703476271776528,0.06848901395423423,0.9780031358961515,22.58064516129032,-12.903225806451616,22.58064516129032,0.5543949116821115,0.40229476066376413,0.0014095971187898404,0.34276305071384605,0.19999999999999996,0.38646728249595186,0.19999999999999996,0.33052709774716627
4402,Wood charcoal,Agriculture,9. Wood and articles of wood,0.20291000755993766,65.78947368421053,49.489635759160855,6103,"Men's suits, knit",Textiles,11. Textiles and textile articles,0.3545003496487649,1,11,1065,-1.0371063500420774,0.0883587749224479,6975.117796605378,341065449.0,0.00023927128349270142,0.0673850049483069,0.9107887054073042,22.58064516129032,-29.032258064516128,22.58064516129032,0.49485599207630887,0.2627959411155142,0.0014228972491349297,0.3422285079854954,0.19999999999999996,0.3167258874023326,0.19999999999999996,0.2817081211816328
4403,Wood in the rough,Agriculture,9. Wood and articles of wood,0.20551073329824696,76.31578947368422,47.63908659162523,4407,Wood sawn lengthwise,Agriculture,9. Wood and articles of wood,0.5304629706511305,1,1,1065,-2.132157812136246,0.12778516559593844,4082.9111362209105,78957189.0,5.539167924630737e-05,0.005533815408224285,0.7367960433291072,3.225806451612903,-61.29032258064516,3.225806451612903,0.3938752440497515,0.29916732927255507,0.0003294029558166319,0.3122811946656023,0.0,0.2894564903060201,0.0,0.20261954321421408
4403,Wood in the rough,Agriculture,9. Wood and articles of wood,0.20551073329824696,76.31578947368422,47.63908659162523,4408,Sheets for veneering for plywood,Agriculture,9. Wood and articles of wood,0.4469501134584923,1,2,1065,-1.6468928059682173,0.21356831843817362,3723.4340878795288,16695095.0,1.1712288126501438e-05,0.07507542026115255,0.829973012553726,6.451612903225806,-16.129032258064512,6.451612903225806,0.43862421248658434,0.37830346869750003,6.965057533443184e-05,0.34595207868229894,0.033333333333333326,0.3378279478030745,0.033333333333333326,0.24647956346215216
4403,Wood in the rough,Agriculture,9. Wood and articles of wood,0.20551073329824696,76.31578947368422,47.63908659162523,2716,Electrical energy,Minerals,5. Mineral products,0.41759958623177595,1,3,1065,-0.6037057978446352,0.26734592743873575,658.0772433992051,1077835.0,7.561450876935817e-07,-0.4851455760158978,0.7217619604068098,9.67741935483871,-38.70967741935484,9.67741935483871,0.5348222525407483,0.4279140533263428,4.496639753507682e-06,0.07470242562560059,0.06666666666666667,0.34816374539328493,0.06666666666666667,0.2637146217752994
4403,Wood in the rough,Agriculture,9. Wood and articles of wood,0.20551073329824696,76.31578947368422,47.63908659162523,7001,Cullet and other scraps of glass,Stone,"13. Articles of stone, plaster, cement, ceramics and glass",0.40216165342580873,1,4,1065,-1.1141108472090302,0.17558511969581259,3493.42473992566,3097118.0,2.172754235766486e-06,-0.0700049095048757,0.7669059174101617,9.67741935483871,-22.58064516129032,9.67741935483871,0.4877549817635542,0.3432634449645305,1.2920923814966304e-05,0.2757066052425191,0.06666666666666667,0.33221437827977973,0.06666666666666667,0.2525500647958458
4403,Wood in the rough,Agriculture,9. Wood and articles of wood,0.20551073329824696,76.31578947368422,47.63908659162523,1102,Cereal flours,Agriculture,2. Vegetable products,0.38318249578589825,1,5,1065,-1.9432107424888434,0.05787950957856266,3104.479621170969,24621950.0,1.7273299291577082e-05,0.11152845554091395,1.310772979187565,67.74193548387096,9.677419354838698,67.74193548387096,0.41129909771406453,0.23467839924503114,0.0001027207681870402,0.3636020297519817,0.6666666666666666,0.2806478365137087,0.6666666666666666,0.3964534855595961
4403,Wood in the rough,Agriculture,9. Wood and articles of wood,0.20551073329824696,76.31578947368422,47.63908659162523,7802,Lead waste or scrap,Metals,15. Base metals and articles of base metal,0.3811598076896167,1,6,1065,-1.9514399624296301,0.16392098177719858,4424.564015384756,3978372.0,2.7909897570757028e-06,-0.19666484270811513,1.0361621761247914,74.19354838709677,-6.451612903225808,74.19354838709677,0.41054023585773997,0.3325031171610417,1.6597443662009366e-05,0.21437998027508798,0.7333333333333333,0.29222466021438603,0.7333333333333333,0.42455726215007017
4403,Wood in the rough,Agriculture,9. Wood and articles of wood,0.20551073329824696,76.31578947368422,47.63908659162523,4404,Strips and other pieces of wood,Agriculture,9. Wood and articles of wood,0.3794407858298079,1,7,1065,0.09346111784139328,0.308289960905173,2108.4185739547916,89640.0,6.28861056292036e-08,-0.06793535867636646,0.5884607433460304,9.67741935483871,-32.25806451612903,9.67741935483871,0.5991118673052541,0.46568548785240405,3.739707724321706e-07,0.2767086472008657,0.06666666666666667,0.41418542748092607,0.06666666666666667,0.30992979923664826
4403,Wood in the rough,Agriculture,9. Wood and articles of wood,0.20551073329824696,76.31578947368422,47.63908659162523,1207,Other oil seeds,Agriculture,2. Vegetable products,0.37209694548698574,1,8,1065,-5.179657069141335,-0.0083886596557211,6277.462999120389,143080371.0,0.0001003766992879478,0.14696457892968495,1.0032404260757406,54.83870967741935,3.225806451612904,54.83870967741935,0.1128484930382199,0.17354510085012587,0.00059691964371655,0.3807596090622098,0.5333333333333332,0.15744123716680997,0.5333333333333332,0.2702088660167669
4403,Wood in the rough,Agriculture,9. Wood and articles of wood,0.20551073329824696,76.31578947368422,47.63908659162523,0102,Bovine,Agriculture,1. Live animals; animal products,0.3700298331651418,1,9,1065,-1.8721905890311101,0.1673800717057985,3185.4166205729575,2410793.0,1.6912693356553395e-06,-0.004298670155194362,0.7385398157420425,12.903225806451612,-61.29032258064515,12.903225806451612,0.41784825861597114,0.3356941752395032,1.0057631865061022e-05,0.30752046931705906,0.09999999999999998,0.3098694308917546,0.09999999999999998,0.24690860162422823
4403,Wood in the rough,Agriculture,9. Wood and articles of wood,0.20551073329824696,76.31578947368422,47.63908659162523,4415,Packing boxes,Agriculture,9. Wood and articles of wood,0.36856130058913655,1,10,1065,1.2943562328459752,0.4265870025515598,1420.2302711694051,5276749.0,3.7018540271396083e-06,0.07658027324716454,0.4863176066629946,3.225806451612903,-77.41935483870968,3.225806451612903,0.7098530435990975,0.5748161372994344,2.2014166660650202e-05,0.3466807033733936,0.0,0.5016396209454943,0.0,0.351147734661846
4403,Wood in the rough,Agriculture,9. Wood and articles of wood,0.20551073329824696,76.31578947368422,47.63908659162523,7602,"Waste or scrap, aluminium",Metals,15. Base metals and articles of base metal,0.3668967105151314,1,11,1065,-1.8939988453863623,0.10741782831366421,4876.940691855307,320716979.0,0.00022499600422214494,0.10651899071901338,0.9247757180037153,51.61290322580645,19.354838709677416,51.61290322580645,0.41583719875610226,0.28037818024408323,0.001338005091128316,0.3611765305222665,0.49999999999999994,0.2980525629920741,0.49999999999999994,0.3586367940944518
4409,Wood shaped along its edges,Agriculture,9. Wood and articles of wood,0.20162362489431015,62.5,54.05382562073681,4407,Wood sawn lengthwise,Agriculture,9. Wood and articles of wood,0.5044815772608124,1,1,1065,-2.132157812136246,0.12778516559593844,4082.9111362209105,78957189.0,5.539167924630737e-05,0.005533815408224285,0.7367960433291072,3.225806451612903,-61.29032258064516,3.225806451612903,0.3938752440497515,0.29916732927255507,0.0003294029558166319,0.3122811946656023,0.0,0.2894564903060201,0.0,0.20261954321421408
4409,Wood shaped along its edges,Agriculture,9. Wood and articles of wood,0.20162362489431015,62.5,54.05382562073681,4418,Wood carpentry for construction,Agriculture,9. Wood and articles of wood,0.4861777804163921,1,2,1065,0.8932118073917645,0.42128126895715523,3269.0905833452566,34307967.0,2.4068434144190444e-05,0.020527599736889446,0.5603860616816045,6.451612903225806,-58.064516129032256,6.451612903225806,0.6728612988717924,0.5699215250175728,0.0001431300414945049,0.3195409347042389,0.033333333333333326,0.48292659807313776,0.033333333333333326,0.3480486186511964
4409,Wood shaped along its edges,Agriculture,9. Wood and articles of wood,0.20162362489431015,62.5,54.05382562073681,4408,Sheets for veneering for plywood,Agriculture,9. Wood and articles of wood,0.4810968998912825,1,3,1065,-1.6468928059682173,0.21356831843817362,3723.4340878795288,16695095.0,1.1712288126501438e-05,0.07507542026115255,0.829973012553726,6.451612903225806,-16.129032258064512,6.451612903225806,0.43862421248658434,0.37830346869750003,6.965057533443184e-05,0.34595207868229894,0.033333333333333326,0.3378279478030745,0.033333333333333326,0.24647956346215216
4409,Wood shaped along its edges,Agriculture,9. Wood and articles of wood,0.20162362489431015,62.5,54.05382562073681,4412,Plywood,Agriculture,9. Wood and articles of wood,0.4587979053433424,1,4,1065,-0.5316568748550216,0.23368155892200915,5790.01749775928,150697800.0,0.00010572063552977018,0.012312284902605386,0.7713151785567778,12.903225806451612,-54.838709677419345,12.903225806451612,0.5414662819675347,0.39685820993140575,0.000628698936521963,0.3155632164227751,0.09999999999999998,0.3758423594685236,0.09999999999999998,0.29308965162796646
4409,Wood shaped along its edges,Agriculture,9. Wood and articles of wood,0.20162362489431015,62.5,54.05382562073681,4401,Fuel wood,Agriculture,9. Wood and articles of wood,0.43163192096461617,1,5,1065,0.6375054209655169,0.36597378583225554,4442.505697208532,6731915.0,4.722712157260377e-06,-0.0005103945436372159,0.48116246373889654,3.225806451612903,-58.064516129032256,3.225806451612903,0.6492811996067681,0.5188996104481197,2.8085000585650556e-05,0.3093546891198632,0.0,0.45527069963727806,0.0,0.3186894897460946
4409,Wood shaped along its edges,Agriculture,9. Wood and articles of wood,0.20162362489431015,62.5,54.05382562073681,4404,Strips and other pieces of wood,Agriculture,9. Wood and articles of wood,0.4269177779933776,1,6,1065,0.09346111784139328,0.308289960905173,2108.4185739547916,89640.0,6.28861056292036e-08,-0.06793535867636646,0.5884607433460304,9.67741935483871,-32.25806451612903,9.67741935483871,0.5991118673052541,0.46568548785240405,3.739707724321706e-07,0.2767086472008657,0.06666666666666667,0.41418542748092607,0.06666666666666667,0.30992979923664826
4409,Wood shaped along its edges,Agriculture,9. Wood and articles of wood,0.20162362489431015,62.5,54.05382562073681,4413,Densified wood,Agriculture,9. Wood and articles of wood,0.42035649109560497,1,7,1065,0.21467125786239122,0.44244540760870443,4514.979528712201,5009169.0,3.514135774749355e-06,0.007602578593266296,0.7207604796971684,12.903225806451612,-25.806451612903228,12.903225806451612,0.610289324284597,0.589445734278313,2.089784471411517e-05,0.3132828552601324,0.09999999999999998,0.4669028334627454,0.09999999999999998,0.35683198342392175
4409,Wood shaped along its edges,Agriculture,9. Wood and articles of wood,0.20162362489431015,62.5,54.05382562073681,4421,Other articles of wood,Agriculture,9. Wood and articles of wood,0.4151280053870308,1,8,1065,0.3634930748014515,0.35630791930913613,5157.206882852176,74950549.0,5.258085833758144e-05,0.10504768302642242,0.6922524284065408,6.451612903225806,-38.70967741935483,6.451612903225806,0.6240130066113052,0.509982715516043,0.0003126875803630662,0.3604641479021807,0.033333333333333326,0.45101502806695337,0.033333333333333326,0.32571051964686737
4409,Wood shaped along its edges,Agriculture,9. Wood and articles of wood,0.20162362489431015,62.5,54.05382562073681,4415,Packing boxes,Agriculture,9. Wood and articles of wood,0.41294127957958443,1,9,1065,1.2943562328459752,0.4265870025515598,1420.2302711694051,5276749.0,3.7018540271396083e-06,0.07658027324716454,0.4863176066629946,3.225806451612903,-77.41935483870968,3.225806451612903,0.7098530435990975,0.5748161372994344,2.2014166660650202e-05,0.3466807033733936,0.0,0.5016396209454943,0.0,0.351147734661846
4409,Wood shaped along its edges,Agriculture,9. Wood and articles of wood,0.20162362489431015,62.5,54.05382562073681,0811,"Fruits and nuts, frozen",Agriculture,2. Vegetable products,0.3971000662133051,1,10,1065,0.18305505907610722,0.20597367826290533,3997.4051620172486,103660419.0,7.272199976351522e-05,0.17088701997715972,0.788163945626781,6.451612903225806,-64.51612903225806,6.451612903225806,0.6073738198414637,0.3712973085847137,0.00043246281753762223,0.3923424556129803,0.033333333333333326,0.4014511327137397,0.033333333333333326,0.2910157928996178
4409,Wood shaped along its edges,Agriculture,9. Wood and articles of wood,0.20162362489431015,62.5,54.05382562073681,9406,Prefabricated buildings,Textiles,20. Miscellaneous manufactured articles,0.39294047717702796,1,11,1065,0.7344973448057325,0.29776061814474286,3478.179143714745,154865269.0,0.00010864428452285844,0.08077487033654274,1.013317038722537,22.58064516129032,-19.354838709677423,22.58064516129032,0.6582253610100955,0.4559720242044209,0.0006460852774525423,0.3487116572518944,0.19999999999999996,0.4423727462044828,0.19999999999999996,0.36966092234313797
4411,Fiberboard of wood,Agriculture,9. Wood and articles of wood,0.19491491120323523,42.10526315789473,59.575684419010294,4410,Particle board and similar board,Agriculture,9. Wood and articles of wood,0.468282588174078,1,1,1065,1.818506514041664,0.5799729409975771,1792.4882540695237,36200408.0,2.5396058470641088e-05,0.06229959592418033,0.980012737183174,25.806451612903224,-35.483870967741936,25.806451612903224,0.7581878381778381,0.716316777093053,0.00015102515107228614,0.339766237841012,0.23333333333333328,0.5670642047936245,0.23333333333333328,0.46694494335553716
4411,Fiberboard of wood,Agriculture,9. Wood and articles of wood,0.19491491120323523,42.10526315789473,59.575684419010294,0401,Milk,Agriculture,1. Live animals; animal products,0.4182078341937148,1,2,1065,1.122868685927484,0.47019076745366956,2395.1577594812147,12302107.0,8.630428383129908e-06,-0.005651590582289701,0.5508169358116639,6.451612903225806,-58.064516129032256,6.451612903225806,0.6940392290300984,0.6150412106899167,5.1323387520450845e-05,0.30686540783435545,0.033333333333333326,0.5042156635852866,0.033333333333333326,0.3629509645097006
4411,Fiberboard of wood,Agriculture,9. Wood and articles of wood,0.19491491120323523,42.10526315789473,59.575684419010294,4404,Strips and other pieces of wood,Agriculture,9. Wood and articles of wood,0.41380147664329087,1,3,1065,0.09346111784139328,0.308289960905173,2108.4185739547916,89640.0,6.28861056292036e-08,-0.06793535867636646,0.5884607433460304,9.67741935483871,-32.25806451612903,9.67741935483871,0.5991118673052541,0.46568548785240405,3.739707724321706e-07,0.2767086472008657,0.06666666666666667,0.41418542748092607,0.06666666666666667,0.30992979923664826
4411,Fiberboard of wood,Agriculture,9. Wood and articles of wood,0.19491491120323523,42.10526315789473,59.575684419010294,4413,Densified wood,Agriculture,9. Wood and articles of wood,0.412722753966364,1,4,1065,0.21467125786239122,0.44244540760870443,4514.979528712201,5009169.0,3.514135774749355e-06,0.007602578593266296,0.7207604796971684,12.903225806451612,-25.806451612903228,12.903225806451612,0.610289324284597,0.589445734278313,2.089784471411517e-05,0.3132828552601324,0.09999999999999998,0.4669028334627454,0.09999999999999998,0.35683198342392175
4411,Fiberboard of wood,Agriculture,9. Wood and articles of wood,0.19491491120323523,42.10526315789473,59.575684419010294,4418,Wood carpentry for construction,Agriculture,9. Wood and articles of wood,0.4086026197000225,1,5,1065,0.8932118073917645,0.42128126895715523,3269.0905833452566,34307967.0,2.4068434144190444e-05,0.020527599736889446,0.5603860616816045,6.451612903225806,-58.064516129032256,6.451612903225806,0.6728612988717924,0.5699215250175728,0.0001431300414945049,0.3195409347042389,0.033333333333333326,0.48292659807313776,0.033333333333333326,0.3480486186511964
4411,Fiberboard of wood,Agriculture,9. Wood and articles of wood,0.19491491120323523,42.10526315789473,59.575684419010294,0710,Frozen vegetables,Agriculture,2. Vegetable products,0.4042744853157736,1,6,1065,-0.49747542056783495,0.23095670071351132,3262.6414188055155,106951619.0,7.503091041553256e-05,0.10512609626736302,0.7370649816646185,6.451612903225806,-80.64516129032258,6.451612903225806,0.5446183427994107,0.39434449072248984,0.00044619343563477484,0.36050211428427187,0.033333333333333326,0.38277923789065116,0.033333333333333326,0.2779454665234558
4411,Fiberboard of wood,Agriculture,9. Wood and articles of wood,0.19491491120323523,42.10526315789473,59.575684419010294,2105,Ice cream,Agriculture,"4. Prepared foodstuffs; beverages, spirits and tobacco",0.4040484186908995,1,7,1065,1.3565923475001525,0.4561680896782379,2334.2196934998683,37529366.0,2.6328376555924167e-05,0.08532763978667668,0.6764392780821085,16.129032258064516,-48.38709677419355,16.129032258064516,0.7155921797306787,0.602105097399834,0.0001565694555099246,0.3509160322074972,0.1333333333333333,0.5138549372451304,0.1333333333333333,0.39969845607159127
4411,Fiberboard of wood,Agriculture,9. Wood and articles of wood,0.19491491120323523,42.10526315789473,59.575684419010294,0105,Fowl,Agriculture,1. Live animals; animal products,0.403487707701039,1,8,1065,-0.0869339492704999,0.35079495916825115,1791.9838514347532,26123495.0,1.8326694176416467e-05,0.03838718634055205,1.0472345910202134,29.03225806451613,-22.580645161290317,29.03225806451613,0.58247664106445,0.504896933892283,0.00010898509151916497,0.3281882483575526,0.26666666666666666,0.4298253362522173,0.26666666666666666,0.3808777353765521
4411,Fiberboard of wood,Agriculture,9. Wood and articles of wood,0.19491491120323523,42.10526315789473,59.575684419010294,1601,Sausages,Agriculture,"4. Prepared foodstuffs; beverages, spirits and tobacco",0.4032926974639845,1,9,1065,2.043368640464142,0.5947646928800601,1823.922517945249,24521414.0,1.7202769198811154e-05,0.07771939615915868,0.5520797388957102,12.903225806451612,-32.258064516129025,12.903225806451612,0.7789236177416221,0.7299623718342974,0.00010230134019086393,0.34723224766880684,0.09999999999999998,0.5802102787029214,0.09999999999999998,0.4361471950920449
4411,Fiberboard of wood,Agriculture,9. Wood and articles of wood,0.19491491120323523,42.10526315789473,59.575684419010294,4412,Plywood,Agriculture,9. Wood and articles of wood,0.40147938846371783,1,10,1065,-0.5316568748550216,0.23368155892200915,5790.01749775928,150697800.0,0.00010572063552977018,0.012312284902605386,0.7713151785567778,12.903225806451612,-54.838709677419345,12.903225806451612,0.5414662819675347,0.39685820993140575,0.000628698936521963,0.3155632164227751,0.09999999999999998,0.3758423594685236,0.09999999999999998,0.29308965162796646
4411,Fiberboard of wood,Agriculture,9. Wood and articles of wood,0.19491491120323523,42.10526315789473,59.575684419010294,7610,"Aluminum structures (bridges, towers etc)",Metals,15. Base metals and articles of base metal,0.3994528689651278,1,11,1065,2.0101935184977786,0.5186246253602724,3671.7819455676195,123775241.0,8.683336545968465e-05,0.058877450137900134,0.7190202403407263,3.225806451612903,-61.29032258064516,3.225806451612903,0.7758643563753763,0.6597221113701933,0.0005163802151355207,0.3381092919867747,0.0,0.5532491145412359,0.0,0.3872743801788651
5101,Wool,Textiles,11. Textiles and textile articles,0.2127009675761247,93.42105263157895,35.07066895200985,0204,Lamb,Agriculture,1. Live animals; animal products,0.33266067087575396,1,1,1065,-1.8642437122654596,0.18164513226569992,9070.491862317158,1873563013.0,0.0013143806508086452,0.08152166993689058,0.648952826484111,6.666666666666667,-59.99999999999999,6.666666666666667,0.4185810840475135,0.3488538899850055,0.007816352154974955,0.34907324514996213,0.035555555555555556,0.32213568050712216,0.035555555555555556,0.23616164302165216
5101,Wool,Textiles,11. Textiles and textile articles,0.2127009675761247,93.42105263157895,35.07066895200985,5102,Animal hair,Textiles,11. Textiles and textile articles,0.27552060877504647,1,2,1065,-3.207712580420017,0.0036990138572594766,6074.374604683822,7760920.0,5.4446010140539806e-06,0.3827060047348294,0.8948222783223388,33.33333333333333,-40.0,33.33333333333333,0.2946923939240414,0.18469614606999193,3.23779255598425e-05,0.49490167154412673,0.31111111111111106,0.24202609641836464,0.31111111111111106,0.26275160082618854
5101,Wool,Textiles,11. Textiles and textile articles,0.2127009675761247,93.42105263157895,35.07066895200985,1205,Rape or colza seeds,Agriculture,2. Vegetable products,0.2593169259326076,1,3,1065,1.5691069667597983,0.5536794532034081,6649.318147038165,21012246.0,1.4740945130107216e-05,-0.031981971453120095,0.4919058346956197,6.666666666666667,-56.666666666666664,6.666666666666667,0.7351893274102758,0.6920606726354072,8.766137736674239e-05,0.2941166770236105,0.035555555555555556,0.5436681507761356,0.035555555555555556,0.39123437220996155
5101,Wool,Textiles,11. Textiles and textile articles,0.2127009675761247,93.42105263157895,35.07066895200985,5109,"Yarn of wool or animal hair, for retail sale",Textiles,11. Textiles and textile articles,0.24680052456319346,1,4,1065,0.579756789169875,0.20074727831505187,4180.925541608763,1088934.0,7.639314875862472e-07,-0.0402824497026717,0.44109946083942253,6.451612903225806,-41.935483870967744,6.451612903225806,0.643955879073355,0.3664758826839368,4.54294387670296e-06,0.29009772403834594,0.033333333333333326,0.3971664566623855,0.033333333333333326,0.2880165196636698
5101,Wool,Textiles,11. Textiles and textile articles,0.2127009675761247,93.42105263157895,35.07066895200985,1603,Extracts and juices of meat or fish,Agriculture,"4. Prepared foodstuffs; beverages, spirits and tobacco",0.2454881137406483,1,5,1065,1.6495566590155604,0.6326379307882379,5269.097329463604,1126167.0,7.90051951340064e-07,0.007783219281380038,0.48968250145832587,6.451612903225806,-64.51612903225806,6.451612903225806,0.7426080382048873,0.7649009551839645,4.698276917421021e-06,0.31337031846537533,0.033333333333333326,0.5746344001974418,0.033333333333333326,0.4122440801382093
5101,Wool,Textiles,11. Textiles and textile articles,0.2127009675761247,93.42105263157895,35.07066895200985,4703,"Chemical woodpulp, soda or sulfate",Agriculture,"10. Pulp, paper and paperboard",0.24291943387823883,1,6,1065,1.7239292449165957,0.4965747031522535,8556.58777508857,5508925420.0,0.003864735228307952,0.09038716064115482,0.8379680303193789,20.0,-40.0,20.0,0.7494663454323792,0.6393807545845303,0.022982787757570504,0.35336576773246064,0.1733333333333333,0.542548768329423,0.1733333333333333,0.43178413783059605
5101,Wool,Textiles,11. Textiles and textile articles,0.2127009675761247,93.42105263157895,35.07066895200985,2701,Coal,Minerals,5. Mineral products,0.24111831064552808,1,7,1065,-3.208584806929332,0.0044038434810362926,7059.151377336497,4937847932.0,0.0034641011449430673,0.10974551939079036,1.257702268510014,58.06451612903226,-29.03225806451612,58.06451612903226,0.2946119610965368,0.18534636110091546,0.020600299032604154,0.3627387618356466,0.5666666666666667,0.2254862718993459,0.5666666666666667,0.3278403903295421
5101,Wool,Textiles,11. Textiles and textile articles,0.2127009675761247,93.42105263157895,35.07066895200985,5106,"Yarn of carded wool, not for retail sale",Textiles,11. Textiles and textile articles,0.23675448058915644,1,8,1065,1.572925425662979,0.032300220327838663,3145.708254969287,459622.0,3.2244352567498684e-07,0.08941330827199767,0.7893469110119211,16.129032258064516,-61.29032258064517,16.129032258064516,0.7355414486116068,0.21108115277567943,1.917505515024756e-06,0.35289424467456426,0.1333333333333333,0.38425233481256205,0.1333333333333333,0.3089766343687934
5101,Wool,Textiles,11. Textiles and textile articles,0.2127009675761247,93.42105263157895,35.07066895200985,2601,Iron ores and concentrates,Minerals,5. Mineral products,0.23491732441878746,1,9,1065,-3.5791955264005795,0.006797170297055642,9410.672518311807,2933663028.0,0.0020580839252487427,0.06213362940843581,0.8167225681289078,35.483870967741936,-22.580645161290327,35.483870967741936,0.2604358981676798,0.1875542380362654,0.012239002996841372,0.3396858796250331,0.3333333333333333,0.20958528006466198,0.3333333333333333,0.24670969604526338
5101,Wool,Textiles,11. Textiles and textile articles,0.2127009675761247,93.42105263157895,35.07066895200985,2510,Natural calcium phosphates,Minerals,5. Mineral products,0.22956697262285242,1,10,1065,-2.222249467010917,0.09880901432735939,5891.36722257417,243533017.0,0.0001708483158328942,0.04895534142599667,1.6694348857498476,87.09677419354838,16.129032258064512,87.09677419354838,0.38556739458777584,0.2724364308290604,0.0010159998937999436,0.33330517260606574,0.8666666666666667,0.2804495147708725,0.8666666666666667,0.45631466033961077
5101,Wool,Textiles,11. Textiles and textile articles,0.2127009675761247,93.42105263157895,35.07066895200985,1004,Oats,Agriculture,2. Vegetable products,0.22929688117953181,1,11,1065,1.5422345424777444,0.0612291876952154,2983.4990384036,1702677.0,1.194497162811418e-06,-0.4348780030627417,0.7972684752929139,16.129032258064516,-64.51612903225806,16.129032258064516,0.7327112726345674,0.23776852342076094,7.1034296395860215e-06,0.09904114519191048,0.1333333333333333,0.3545251659125974,0.1333333333333333,0.2881676161388182
5103,Wool or animal hair waste,Textiles,11. Textiles and textile articles,0.19601080787447625,45.39473684210527,51.25726854782211,5107,"Yarn of combed wool, not for retail sale",Textiles,11. Textiles and textile articles,0.4332286887358675,1,1,1065,1.8710729367418062,0.1785188776841222,3129.073200147835,3093174.0,2.1699873593653083e-06,0.22153313320129064,0.6613535616625102,16.129032258064516,-38.70967741935483,16.129032258064516,0.7630352785667941,0.34596987709612737,1.2904469768486246e-05,0.41686445805846156,0.1333333333333333,0.45068340886125696,0.1333333333333333,0.35547838620287986
5103,Wool or animal hair waste,Textiles,11. Textiles and textile articles,0.19601080787447625,45.39473684210527,51.25726854782211,5109,"Yarn of wool or animal hair, for retail sale",Textiles,11. Textiles and textile articles,0.3891999379075158,1,2,1065,0.579756789169875,0.20074727831505187,4180.925541608763,1088934.0,7.639314875862472e-07,-0.0402824497026717,0.44109946083942253,6.451612903225806,-41.935483870967744,6.451612903225806,0.643955879073355,0.3664758826839368,4.54294387670296e-06,0.29009772403834594,0.033333333333333326,0.3971664566623855,0.033333333333333326,0.2880165196636698
5103,Wool or animal hair waste,Textiles,11. Textiles and textile articles,0.19601080787447625,45.39473684210527,51.25726854782211,5006,"Silk yarn, for retail sale",Textiles,11. Textiles and textile articles,0.34711138484703463,1,3,1065,1.0011464266751402,0.5649649872717593,7078.429930489303,1585489.0,1.1122850148141498e-06,0.12210354134190271,2.2707278329958838,93.54838709677419,41.935483870967744,93.54838709677419,0.6828145467057829,0.7024717331750041,6.614530856902162e-06,0.36872230973724746,0.9333333333333333,0.540159536598491,0.9333333333333333,0.6581116756189437
5103,Wool or animal hair waste,Textiles,11. Textiles and textile articles,0.19601080787447625,45.39473684210527,51.25726854782211,6308,Needlecraft sets of woven fabric and yarn,Textiles,11. Textiles and textile articles,0.33214544376063715,1,4,1065,1.2767925286503041,0.36082059549777323,4771.158650105625,390330.0,2.738323695922249e-07,-0.1065435986827713,0.6493208978127634,3.225806451612903,-54.83870967741936,3.225806451612903,0.7082333973548889,0.5141457214235129,1.628424939797514e-06,0.25801518198542056,0.0,0.46653521313399465,0.0,0.32657464919379625
5103,Wool or animal hair waste,Textiles,11. Textiles and textile articles,0.19601080787447625,45.39473684210527,51.25726854782211,5106,"Yarn of carded wool, not for retail sale",Textiles,11. Textiles and textile articles,0.3283132387187299,1,5,1065,1.572925425662979,0.032300220327838663,3145.708254969287,459622.0,3.2244352567498684e-07,0.08941330827199767,0.7893469110119211,16.129032258064516,-61.29032258064517,16.129032258064516,0.7355414486116068,0.21108115277567943,1.917505515024756e-06,0.35289424467456426,0.1333333333333333,0.38425233481256205,0.1333333333333333,0.3089766343687934
5103,Wool or animal hair waste,Textiles,11. Textiles and textile articles,0.19601080787447625,45.39473684210527,51.25726854782211,4005,Compounded rubber,Chemicals,7. Plastics and articles thereof; rubber and articles thereof,0.32270476534153425,1,6,1065,2.873902883864615,0.8069171593807197,2896.2037796499003,102668193.0,7.20259128710114e-05,0.08216411572608395,0.9292945708690981,35.483870967741936,-19.354838709677416,35.483870967741936,0.8555117709594281,0.9256759427637651,0.000428323331553159,0.3493843066749398,0.3333333333333333,0.6758875943040915,0.3333333333333333,0.573121316012864
5103,Wool or animal hair waste,Textiles,11. Textiles and textile articles,0.19601080787447625,45.39473684210527,51.25726854782211,5703,"Carpets, tufted",Textiles,11. Textiles and textile articles,0.31987750356982925,1,7,1065,1.3870510473535838,0.3772356059507491,4578.927444163185,119296562.0,8.369138999478845e-05,0.06603607659256983,0.8949592428436033,22.58064516129032,-32.25806451612903,22.58064516129032,0.7184009447993394,0.5292887945425165,0.00049769553145518,0.34157537939709265,0.19999999999999996,0.4880023700089317,0.19999999999999996,0.40160165900625217
5103,Wool or animal hair waste,Textiles,11. Textiles and textile articles,0.19601080787447625,45.39473684210527,51.25726854782211,1213,Cereal straw and husks,Agriculture,2. Vegetable products,0.3193949339399907,1,8,1065,0.2610551596243998,0.3935902776765988,3660.0665845550216,38200.0,2.6798853581387523e-08,-0.21878784975598053,0.6396894439067039,9.67741935483871,-77.41935483870968,9.67741935483871,0.6145666402450366,0.5443762043550971,1.5936728588698035e-07,0.20366838962392872,0.06666666666666667,0.436180277958729,0.06666666666666667,0.3253261945711103
5103,Wool or animal hair waste,Textiles,11. Textiles and textile articles,0.19601080787447625,45.39473684210527,51.25726854782211,1205,Rape or colza seeds,Agriculture,2. Vegetable products,0.3185612467131723,1,9,1065,1.5691069667597983,0.5536794532034081,6649.318147038165,21012246.0,1.4740945130107216e-05,-0.031981971453120095,0.4919058346956197,6.666666666666667,-56.666666666666664,6.666666666666667,0.7351893274102758,0.6920606726354072,8.766137736674239e-05,0.2941166770236105,0.035555555555555556,0.5436681507761356,0.035555555555555556,0.39123437220996155
5103,Wool or animal hair waste,Textiles,11. Textiles and textile articles,0.19601080787447625,45.39473684210527,51.25726854782211,8433,Harvesting or agricultural machinery,Machinery,"16. Machinery, mechanical appliances and electrical equipment",0.3163706379475184,1,10,1065,3.1027657454804705,0.8237845052740358,4460.732914157222,1070361592.0,0.0007509021880405458,0.13824643799774727,1.2380079339198609,70.96774193548387,16.12903225806452,70.96774193548387,0.8766164804287627,0.9412363015535277,0.004465461304573493,0.3765384307793487,0.7000000000000001,0.69339905750639,0.7000000000000001,0.695379340254473
5103,Wool or animal hair waste,Textiles,11. Textiles and textile articles,0.19601080787447625,45.39473684210527,51.25726854782211,5702,Woven carpets and rugs,Textiles,11. Textiles and textile articles,0.31487020504453334,1,11,1065,-0.132208902779721,0.038251921721445106,5422.179724369225,71754587.0,5.033876101586211e-05,0.0716484588929116,0.8012725667124774,9.67741935483871,-77.41935483870968,9.67741935483871,0.5783015873519189,0.2165716792449769,0.00029935428743798964,0.3442928012036763,0.06666666666666667,0.3298944666325806,0.06666666666666667,0.2509261266428064
5105,"Wool, combed",Textiles,11. Textiles and textile articles,0.1980141418781588,55.26315789473685,41.38199128257389,5107,"Yarn of combed wool, not for retail sale",Textiles,11. Textiles and textile articles,0.4133667543176353,1,1,1065,1.8710729367418062,0.1785188776841222,3129.073200147835,3093174.0,2.1699873593653083e-06,0.22153313320129064,0.6613535616625102,16.129032258064516,-38.70967741935483,16.129032258064516,0.7630352785667941,0.34596987709612737,1.2904469768486246e-05,0.41686445805846156,0.1333333333333333,0.45068340886125696,0.1333333333333333,0.35547838620287986
5105,"Wool, combed",Textiles,11. Textiles and textile articles,0.1980141418781588,55.26315789473685,41.38199128257389,5109,"Yarn of wool or animal hair, for retail sale",Textiles,11. Textiles and textile articles,0.3758338754872889,1,2,1065,0.579756789169875,0.20074727831505187,4180.925541608763,1088934.0,7.639314875862472e-07,-0.0402824497026717,0.44109946083942253,6.451612903225806,-41.935483870967744,6.451612903225806,0.643955879073355,0.3664758826839368,4.54294387670296e-06,0.29009772403834594,0.033333333333333326,0.3971664566623855,0.033333333333333326,0.2880165196636698
5105,"Wool, combed",Textiles,11. Textiles and textile articles,0.1980141418781588,55.26315789473685,41.38199128257389,5102,Animal hair,Textiles,11. Textiles and textile articles,0.34728560000924286,1,3,1065,-3.207712580420017,0.0036990138572594766,6074.374604683822,7760920.0,5.4446010140539806e-06,0.3827060047348294,0.8948222783223388,33.33333333333333,-40.0,33.33333333333333,0.2946923939240414,0.18469614606999193,3.23779255598425e-05,0.49490167154412673,0.31111111111111106,0.24202609641836464,0.31111111111111106,0.26275160082618854
5105,"Wool, combed",Textiles,11. Textiles and textile articles,0.1980141418781588,55.26315789473685,41.38199128257389,5106,"Yarn of carded wool, not for retail sale",Textiles,11. Textiles and textile articles,0.3390504124479531,1,4,1065,1.572925425662979,0.032300220327838663,3145.708254969287,459622.0,3.2244352567498684e-07,0.08941330827199767,0.7893469110119211,16.129032258064516,-61.29032258064517,16.129032258064516,0.7355414486116068,0.21108115277567943,1.917505515024756e-06,0.35289424467456426,0.1333333333333333,0.38425233481256205,0.1333333333333333,0.3089766343687934
5105,"Wool, combed",Textiles,11. Textiles and textile articles,0.1980141418781588,55.26315789473685,41.38199128257389,5108,"Yarn of animal hair, not for retail sale",Textiles,11. Textiles and textile articles,0.3366876705264859,1,5,1065,0.3513302781753663,0.3242497342239486,4789.862408970468,1325622.0,9.2997774560906e-07,0.0638827894130014,0.8179905934724221,41.935483870967744,25.806451612903228,41.935483870967744,0.6228914079066671,0.4804085984481165,5.530386917593473e-06,0.340532793695609,0.39999999999999997,0.4372357508365532,0.39999999999999997,0.42606502558558723
5105,"Wool, combed",Textiles,11. Textiles and textile articles,0.1980141418781588,55.26315789473685,41.38199128257389,5006,"Silk yarn, for retail sale",Textiles,11. Textiles and textile articles,0.30419889733619226,1,6,1065,1.0011464266751402,0.5649649872717593,7078.429930489303,1585489.0,1.1122850148141498e-06,0.12210354134190271,2.2707278329958838,93.54838709677419,41.935483870967744,93.54838709677419,0.6828145467057829,0.7024717331750041,6.614530856902162e-06,0.36872230973724746,0.9333333333333333,0.540159536598491,0.9333333333333333,0.6581116756189437
5105,"Wool, combed",Textiles,11. Textiles and textile articles,0.1980141418781588,55.26315789473685,41.38199128257389,5110,Yarn of coarse animal hair or of horsehair,Textiles,11. Textiles and textile articles,0.2942606680831842,1,7,1065,2.800643880112307,0.6924886180113323,3009.513439776707,11422.0,8.012997528968804e-09,1.2302541803402072,0.40632181300752224,9.67741935483871,-45.16129032258064,9.67741935483871,0.8487561532970024,0.8201140380777147,4.765165286390287e-08,0.9052703476729728,0.06666666666666667,0.7198951262798448,0.06666666666666667,0.5239265883958913
5105,"Wool, combed",Textiles,11. Textiles and textile articles,0.1980141418781588,55.26315789473685,41.38199128257389,5112,Woven fabrics of combed wool,Textiles,11. Textiles and textile articles,0.29217504252466303,1,8,1065,2.064457388873137,0.683278765159215,4231.624130432942,6797848.0,4.768966838233717e-06,0.17406027167549132,0.8465741618253461,19.35483870967742,-32.258064516129025,19.35483870967742,0.7808683277968113,0.8116178220348189,2.836006768670779e-05,0.3938788911053201,0.16666666666666666,0.6164562401170216,0.16666666666666666,0.4815193680819151
5105,"Wool, combed",Textiles,11. Textiles and textile articles,0.1980141418781588,55.26315789473685,41.38199128257389,5905,Textile wall coverings,Textiles,11. Textiles and textile articles,0.2807407025639346,1,9,1065,2.8011692338127676,0.8010732903339659,5129.123455131751,866245.0,6.077060973981422e-07,-0.10938636371969124,0.6315649510499831,6.451612903225806,-64.51612903225806,6.451612903225806,0.8488045990655232,0.9202848931189059,3.6139035225960026e-06,0.25663876261679536,0.033333333333333326,0.6576776787425977,0.033333333333333326,0.4703743751198184
5105,"Wool, combed",Textiles,11. Textiles and textile articles,0.1980141418781588,55.26315789473685,41.38199128257389,1205,Rape or colza seeds,Agriculture,2. Vegetable products,0.27907091082035856,1,10,1065,1.5691069667597983,0.5536794532034081,6649.318147038165,21012246.0,1.4740945130107216e-05,-0.031981971453120095,0.4919058346956197,6.666666666666667,-56.666666666666664,6.666666666666667,0.7351893274102758,0.6920606726354072,8.766137736674239e-05,0.2941166770236105,0.035555555555555556,0.5436681507761356,0.035555555555555556,0.39123437220996155
5105,"Wool, combed",Textiles,11. Textiles and textile articles,0.1980141418781588,55.26315789473685,41.38199128257389,1204,Linseed,Agriculture,2. Vegetable products,0.2762353148791597,1,11,1065,0.36431767957742767,0.0876611091473719,3948.431174688562,4427685.0,3.1062010999870635e-06,-0.08158846227865257,0.5777276034341652,6.666666666666667,-56.666666666666664,6.666666666666667,0.6240890479755578,0.26215233483363776,1.847194086943703e-05,0.2700980423861975,0.035555555555555556,0.3507019611322785,0.035555555555555556,0.2561580394592616
5201,Raw cotton,Textiles,11. Textiles and textile articles,0.2266773276978964,98.68421052631578,35.95254769767185,5202,Cotton waste,Textiles,11. Textiles and textile articles,0.423404400892507,1,1,1065,-3.5178173859286748,-0.012694174479806818,4609.659860229449,7494571.0,5.257746358228091e-06,-0.0009981819751720966,1.103651790817027,51.61290322580645,12.903225806451609,51.61290322580645,0.26609591575761027,0.1695732041533276,3.126673924495477e-05,0.30911851058951795,0.49999999999999994,0.1988566585681427,0.49999999999999994,0.28919966099769984
5201,Raw cotton,Textiles,11. Textiles and textile articles,0.2266773276978964,98.68421052631578,35.95254769767185,5203,"Cotton, carded or combed",Textiles,11. Textiles and textile articles,0.3976160797164499,1,2,1065,-3.415123942204964,0.04091365721285639,7425.781415570738,8369693.0,5.871680032150893e-06,0.018714859213313506,1.6289474126748453,96.7741935483871,38.70967741935484,96.7741935483871,0.27556584582355603,0.21902716687840573,3.491767688788634e-05,0.31866323600788615,0.9666666666666668,0.2209122774984027,0.9666666666666668,0.4446385942488819
5201,Raw cotton,Textiles,11. Textiles and textile articles,0.2266773276978964,98.68421052631578,35.95254769767185,1207,Other oil seeds,Agriculture,2. Vegetable products,0.38571011723840987,1,3,1065,-5.179657069141335,-0.0083886596557211,6277.462999120389,143080371.0,0.0001003766992879478,0.14696457892968495,1.0032404260757406,54.83870967741935,3.225806451612904,54.83870967741935,0.1128484930382199,0.17354510085012587,0.00059691964371655,0.3807596090622098,0.5333333333333332,0.15744123716680997,0.5333333333333332,0.2702088660167669
5201,Raw cotton,Textiles,11. Textiles and textile articles,0.2266773276978964,98.68421052631578,35.95254769767185,0801,Cashew nuts & coconuts,Agriculture,2. Vegetable products,0.3358560248777073,1,4,1065,-5.642787958458843,-0.09322285356848867,7671.657023310905,128836892.0,9.038431949185963e-05,0.05243996186792188,1.2563581348359256,80.64516129032258,-6.451612903225808,80.64516129032258,0.07014063385866202,0.09528438910139381,0.0005374970104752359,0.33499236764550167,0.7999999999999999,0.10822823773441607,0.7999999999999999,0.3157597664140912
5201,Raw cotton,Textiles,11. Textiles and textile articles,0.2266773276978964,98.68421052631578,35.95254769767185,5205,Cotton yarn of > 85%,Textiles,11. Textiles and textile articles,0.3316819844341759,1,5,1065,-2.9326776177689493,0.04384019354045218,3834.4244063864435,281971546.0,0.00019781450720867742,0.06495168429356424,1.60632263227797,70.0,23.333333333333336,70.0,0.32005488803810583,0.22172693692857767,0.0011763623032297337,0.3410503347507168,0.6900000000000001,0.24095764329643118,0.6900000000000001,0.37567035030750184
5201,Raw cotton,Textiles,11. Textiles and textile articles,0.2266773276978964,98.68421052631578,35.95254769767185,0802,Other nuts,Agriculture,2. Vegetable products,0.3267238094323224,1,6,1065,-2.4551447771225448,0.0006181838273316999,6255.919733770147,281514981.0,0.0001974942082928296,0.060716232625426914,0.9253227030338878,16.129032258064516,-16.129032258064516,16.129032258064516,0.364090830753987,0.1818540379553449,0.0011744575512694984,0.3389995997672809,0.1333333333333333,0.24210681264604872,0.1333333333333333,0.20947476885223407
5201,Raw cotton,Textiles,11. Textiles and textile articles,0.2266773276978964,98.68421052631578,35.95254769767185,0507,Whalebone & horns,Agriculture,1. Live animals; animal products,0.3087698365787813,1,7,1065,-2.552820983811351,0.08652913193804472,7110.532207776183,27753.0,1.9469858205346806e-08,-0.2141259962476476,0.6288148578202052,22.58064516129032,-16.12903225806452,22.58064516129032,0.35508356784693645,0.2611080702747456,1.1578325353982633e-07,0.20592558125926524,0.19999999999999996,0.24655592789896652,0.19999999999999996,0.23258914952927656
5201,Raw cotton,Textiles,11. Textiles and textile articles,0.2266773276978964,98.68421052631578,35.95254769767185,4103,Other raw hides and skins,Agriculture,"8. Raw hides and skins, leather, furskins and articles thereof",0.3078580671768549,1,8,1065,-4.499337159913952,-0.03091270328710276,6716.946972889684,705419.0,4.948801176578221e-07,0.04628078588937723,0.36295066107097984,6.451612903225806,-54.83870967741935,6.451612903225806,0.17558455221827052,0.15276636052445006,2.9429505613379002e-06,0.332010197469093,0.033333333333333326,0.16472479052290034,0.033333333333333326,0.12530735336603024
5201,Raw cotton,Textiles,11. Textiles and textile articles,0.2266773276978964,98.68421052631578,35.95254769767185,1404,Vegetable products n.e.c.,Agriculture,2. Vegetable products,0.3061271846082928,1,9,1065,-2.8479106802548557,-0.0025888373232695206,5660.783847333838,66456542.0,4.662196697862121e-05,0.3051324668178983,0.9803935035239804,64.51612903225806,6.451612903225801,64.51612903225806,0.3278717158808119,0.17889551679467508,0.0002772512756014167,0.45734185963743007,0.6333333333333333,0.24601139807337513,0.6333333333333333,0.36220797865136256
5201,Raw cotton,Textiles,11. Textiles and textile articles,0.2266773276978964,98.68421052631578,35.95254769767185,4102,Raw skins of sheep or lambs,Agriculture,"8. Raw hides and skins, leather, furskins and articles thereof",0.30398275093605803,1,10,1065,-3.476770899536221,0.0012410492850932256,6509.582320747217,2844827.0,1.995761838674815e-06,0.13466098839787333,0.8964801690439228,41.935483870967744,-22.58064516129032,41.935483870967744,0.2698810391451862,0.18242863991476518,1.1868386330052373e-05,0.374802415945058,0.39999999999999997,0.2145305303206912,0.39999999999999997,0.2701713712244838
5201,Raw cotton,Textiles,11. Textiles and textile articles,0.2266773276978964,98.68421052631578,35.95254769767185,2617,Other ores,Minerals,5. Mineral products,0.302786030884017,1,11,1065,-5.253374782441364,-0.1623322521185723,7516.879385638975,131975934.0,9.258648511866134e-05,0.5391223774435829,1.1124050913717511,45.16129032258064,-22.58064516129032,45.16129032258064,0.10605057523296145,0.03153001754907158,0.0005505928378005039,0.5706358677124089,0.43333333333333324,0.13383117655624296,0.43333333333333324,0.22368182358937005
5803,Gauze,Textiles,11. Textiles and textile articles,0.17140152296833613,1.3157894736842104,42.949095978960315,5606,Gimp yarn,Textiles,11. Textiles and textile articles,0.34001434504589134,1,1,1065,2.819301764208732,0.7482241027035904,4699.931368579229,24902830.0,1.7470348034873945e-05,0.12211687668459259,1.3081143354103237,90.32258064516128,32.25806451612902,90.32258064516128,0.850476699917749,0.8715307899851105,0.00010389257664934217,0.3687287664875336,0.8999999999999999,0.6580275203256282,0.8999999999999999,0.7306192642279397
5803,Gauze,Textiles,11. Textiles and textile articles,0.17140152296833613,1.3157894736842104,42.949095978960315,5902,Tire cord fabric,Textiles,11. Textiles and textile articles,0.3270662496431058,1,2,1065,3.084226719007598,0.6456820075409632,5604.999360460313,106246337.0,7.453612640894648e-05,0.08526428384905471,1.244676502955235,93.54838709677419,29.032258064516128,93.54838709677419,0.8749068943264487,0.7769342955587556,0.00044325105662626854,0.350885356320279,0.9333333333333333,0.6308437075663573,0.9333333333333333,0.7215905952964501
5803,Gauze,Textiles,11. Textiles and textile articles,0.17140152296833613,1.3157894736842104,42.949095978960315,5007,Woven silk fabrics,Textiles,11. Textiles and textile articles,0.31791876417467047,1,3,1065,0.6733419178935622,0.5144581013326891,4817.887907367053,3818236.0,2.678647840397455e-06,0.13406945966371397,0.6607445687957031,6.451612903225806,-54.83870967741935,6.451612903225806,0.6525858810685187,0.655878435596576,1.5929369324501577e-05,0.37451600760802656,0.033333333333333326,0.5141423013793857,0.033333333333333326,0.36989961096556995
5803,Gauze,Textiles,11. Textiles and textile articles,0.17140152296833613,1.3157894736842104,42.949095978960315,8605,"Railway coaches, not self-propelled",Vehicles,"17. Vehicles, aircraft, vessels and associated transport equipment",0.30562844406312634,1,4,1065,2.623125463614972,0.728270733960633,4105.956740757253,49623737.0,3.4813069686499545e-05,0.4006106525336992,1.0156275066190426,77.41935483870968,9.677419354838719,77.41935483870968,0.8323861989095535,0.8531235326330284,0.00020702618537328074,0.5035708030758268,0.7666666666666667,0.6654950804290838,0.7666666666666667,0.6958465563003586
5803,Gauze,Textiles,11. Textiles and textile articles,0.17140152296833613,1.3157894736842104,42.949095978960315,5801,Woven pile fabrics,Textiles,11. Textiles and textile articles,0.30510622499702306,1,5,1065,2.331170893505355,0.6805646148879061,5218.486380866652,53406817.0,3.746705416311408e-05,0.16431502763879968,1.118697786580001,77.41935483870968,-9.677419354838705,77.41935483870968,0.8054634542715431,0.8091139810453699,0.00022280888673174455,0.38916040664745055,0.7666666666666667,0.6235095846910469,0.7666666666666667,0.6664567092837328
5803,Gauze,Textiles,11. Textiles and textile articles,0.17140152296833613,1.3157894736842104,42.949095978960315,2940,"Other sugars, chemically pure",Chemicals,6. Products of the chemical or allied industries,0.30380326544848324,1,6,1065,3.5743319448612247,0.8622459367782976,5387.2593005354165,57284637.0,4.018750260277315e-05,0.08886554857973916,1.0886455579131282,61.29032258064516,-22.580645161290327,61.29032258064516,0.9201022061739645,0.9767175015929099,0.000238986835646882,0.35262902857686185,0.6,0.7168171000302823,0.6,0.6817719700211975
5803,Gauze,Textiles,11. Textiles and textile articles,0.17140152296833613,1.3157894736842104,42.949095978960315,8472,Other office machines,Machinery,"16. Machinery, mechanical appliances and electrical equipment",0.3019470087298025,1,7,1065,2.8247975415290707,0.7545402074345379,6503.910201866559,200893548.0,0.00014093499419626823,0.08668037816433238,1.017974785135999,64.51612903225806,19.354838709677423,64.51612903225806,0.8509834959214124,0.8773574835496389,0.000838111505156173,0.35157100554490156,0.6333333333333333,0.6577807103723767,0.6333333333333333,0.6504464972606636
5803,Gauze,Textiles,11. Textiles and textile articles,0.17140152296833613,1.3157894736842104,42.949095978960315,2917,Polycarboxylic acids,Chemicals,6. Products of the chemical or allied industries,0.30020701161396934,1,8,1065,3.0164382697256014,0.7650860835517517,4828.875870667649,484771751.0,0.0003400870988335563,0.1345815359508855,1.1786963441895901,93.54838709677419,45.16129032258064,93.54838709677419,0.8686557467292706,0.8870861994468604,0.0020224282259567812,0.37476394639674904,0.9333333333333333,0.6710276373550518,0.9333333333333333,0.7497193461485362
5803,Gauze,Textiles,11. Textiles and textile articles,0.17140152296833613,1.3157894736842104,42.949095978960315,7411,Copper tubes and pipes,Metals,15. Base metals and articles of base metal,0.2989326938966538,1,9,1065,2.7242267411117282,0.7071468018230715,4622.10840841343,170646062.0,0.00011971515261199941,0.11661373673808573,1.0237675732686655,77.41935483870968,6.451612903225808,77.41935483870968,0.8417093065272894,0.8336364144349421,0.0007119214593780465,0.36606423800478777,0.7666666666666667,0.6413874262564059,0.7666666666666667,0.678971198379484
5803,Gauze,Textiles,11. Textiles and textile articles,0.17140152296833613,1.3157894736842104,42.949095978960315,8711,Motorcycles,Vehicles,"17. Vehicles, aircraft, vessels and associated transport equipment",0.29765053614882836,1,10,1065,1.4615560914883254,0.6638230056670462,6301.118563804115,2372629059.0,0.0016644957789289597,0.20130550129607805,1.1330814230501594,54.83870967741935,12.903225806451609,54.83870967741935,0.7252714667327012,0.7936696160668933,0.009898415014382465,0.4070705764065605,0.5333333333333332,0.5941747276929995,0.5333333333333332,0.5759223093850996
5803,Gauze,Textiles,11. Textiles and textile articles,0.17140152296833613,1.3157894736842104,42.949095978960315,2914,Ketones and quinones,Chemicals,6. Products of the chemical or allied industries,0.2963741709004154,1,11,1065,3.337849267999,0.7670221523969876,5342.823164406374,197172748.0,0.0001383247016725607,0.04609417328958898,1.0999400360923717,87.09677419354838,35.483870967741936,87.09677419354838,0.8982948314235562,0.8888722496093515,0.0008225886308805637,0.3319198427639231,0.8666666666666667,0.6754198430707382,0.8666666666666667,0.7327938901495168
6807,Asphalt,Stone,"13. Articles of stone, plaster, cement, ceramics and glass",0.18813373243492243,23.026315789473685,55.03427822005166,7019,Glass fibers,Stone,"13. Articles of stone, plaster, cement, ceramics and glass",0.4128761164758856,1,1,1065,2.3594739582983717,0.6231693436219307,4121.9281707544105,248625189.0,0.00017442068158784817,0.06962546950680282,0.863079171746827,16.129032258064516,-35.483870967741936,16.129032258064516,0.8080734363163843,0.75616605317438,0.0010372440202635477,0.3433133035183592,0.1333333333333333,0.5991364034525608,0.1333333333333333,0.4593954824167925
6807,Asphalt,Stone,"13. Articles of stone, plaster, cement, ceramics and glass",0.18813373243492243,23.026315789473685,55.03427822005166,6806,Mineral wools and insulating materials,Stone,"13. Articles of stone, plaster, cement, ceramics and glass",0.40459919180984694,1,2,1065,2.7623105898925657,0.7359659511528415,2915.817068977038,77152139.0,5.4125363260519844e-05,0.09666503524409098,0.7737926165964616,22.58064516129032,-35.48387096774194,22.58064516129032,0.845221228725233,0.8602224764285287,0.0003218724343666242,0.3564054098010306,0.19999999999999996,0.650414389139126,0.19999999999999996,0.5152900723973881
6807,Asphalt,Stone,"13. Articles of stone, plaster, cement, ceramics and glass",0.18813373243492243,23.026315789473685,55.03427822005166,1601,Sausages,Agriculture,"4. Prepared foodstuffs; beverages, spirits and tobacco",0.4026882900162085,1,3,1065,2.043368640464142,0.5947646928800601,1823.922517945249,24521414.0,1.7202769198811154e-05,0.07771939615915868,0.5520797388957102,12.903225806451612,-32.258064516129025,12.903225806451612,0.7789236177416221,0.7299623718342974,0.00010230134019086393,0.34723224766880684,0.09999999999999998,0.5802102787029214,0.09999999999999998,0.4361471950920449
6807,Asphalt,Stone,"13. Articles of stone, plaster, cement, ceramics and glass",0.18813373243492243,23.026315789473685,55.03427822005166,7008,Multiple-walled insulating glass,Stone,"13. Articles of stone, plaster, cement, ceramics and glass",0.4006124844229084,1,4,1065,2.4267159053645684,0.6828047313884866,2488.3557816825196,5590288.0,3.921814387167217e-06,-0.03387780838902121,0.6915673656133574,12.903225806451612,-51.61290322580645,12.903225806451612,0.8142741879235474,0.811180519355568,2.3322225808548575e-05,0.29319874443177146,0.09999999999999998,0.6128924575463274,0.09999999999999998,0.45902472028242913
6807,Asphalt,Stone,"13. Articles of stone, plaster, cement, ceramics and glass",0.18813373243492243,23.026315789473685,55.03427822005166,3901,Polymers of ethylene,Chemicals,7. Plastics and articles thereof; rubber and articles thereof,0.4001485949482536,1,5,1065,1.4326703667571186,0.5226328447237604,4190.68946436961,3378885893.0,0.002370425872113163,0.11167760240308633,1.4842423567477694,90.32258064516128,25.806451612903217,90.32258064516128,0.7226077543944077,0.6634197489118923,0.014096436494482091,0.3636742441725186,0.8999999999999999,0.541775228257255,0.8999999999999999,0.6492426597800784
6807,Asphalt,Stone,"13. Articles of stone, plaster, cement, ceramics and glass",0.18813373243492243,23.026315789473685,55.03427822005166,4410,Particle board and similar board,Agriculture,9. Wood and articles of wood,0.39970497219758394,1,6,1065,1.818506514041664,0.5799729409975771,1792.4882540695237,36200408.0,2.5396058470641088e-05,0.06229959592418033,0.980012737183174,25.806451612903224,-35.483870967741936,25.806451612903224,0.7581878381778381,0.716316777093053,0.00015102515107228614,0.339766237841012,0.23333333333333328,0.5670642047936245,0.23333333333333328,0.46694494335553716
6807,Asphalt,Stone,"13. Articles of stone, plaster, cement, ceramics and glass",0.18813373243492243,23.026315789473685,55.03427822005166,3922,"Baths, sinks etc.",Chemicals,7. Plastics and articles thereof; rubber and articles thereof,0.3939892883796215,1,7,1065,2.114758026065546,0.6129304372231633,4194.777885698726,59292495.0,4.1596096648695076e-05,0.022769775658747493,0.7766025807035498,19.35483870967742,-38.70967741935485,19.35483870967742,0.7855068275803632,0.7467205210683033,0.0002473634555397213,0.32062655885067004,0.16666666666666666,0.5844106603729647,0.16666666666666666,0.4590874622610753
6807,Asphalt,Stone,"13. Articles of stone, plaster, cement, ceramics and glass",0.18813373243492243,23.026315789473685,55.03427822005166,4822,"Bobbins, spools, cops of paper",Agriculture,"10. Pulp, paper and paperboard",0.39114265586834057,1,8,1065,1.7030937152413415,0.5026580644898542,2123.406119574064,5244227.0,3.6790385214806058e-06,0.054505251812756894,1.009523393864413,38.70967741935484,-29.03225806451612,38.70967741935484,0.7475449860762508,0.64499273916465,2.1878487527885375e-05,0.33599234655511206,0.36666666666666664,0.5377903375907113,0.36666666666666664,0.48645323631349785
6807,Asphalt,Stone,"13. Articles of stone, plaster, cement, ceramics and glass",0.18813373243492243,23.026315789473685,55.03427822005166,3902,Polymers of propylene,Chemicals,7. Plastics and articles thereof; rubber and articles thereof,0.38380580777484163,1,9,1065,1.4931095242618497,0.5740437959503514,3527.28184743743,1550710928.0,0.0010878867828934442,0.11866226904981891,1.2822036697258419,93.54838709677419,45.16129032258064,93.54838709677419,0.7281811831748698,0.7108470591638122,0.0064694395756712195,0.36705610314823245,0.9333333333333333,0.5596887162271242,0.9333333333333333,0.6717821013589869
6807,Asphalt,Stone,"13. Articles of stone, plaster, cement, ceramics and glass",0.18813373243492243,23.026315789473685,55.03427822005166,7211,"Flat-rolled iron, width < 600mm, not clad",Metals,15. Base metals and articles of base metal,0.37992636004296443,1,10,1065,1.7694450447642571,0.6543003085594905,1821.7398682344367,27535997.0,1.9317621775406442e-05,0.03956315153711776,0.6360072250151928,12.903225806451612,-32.258064516129025,12.903225806451612,0.753663608917014,0.7848847968916063,0.00011487793471418935,0.3287576310720438,0.09999999999999998,0.5878228183840307,0.09999999999999998,0.44147597286882145
6807,Asphalt,Stone,"13. Articles of stone, plaster, cement, ceramics and glass",0.18813373243492243,23.026315789473685,55.03427822005166,8432,Machinery for soil preparation or cultivation,Machinery,"16. Machinery, mechanical appliances and electrical equipment",0.37904706714139724,1,11,1065,2.2376026442910835,0.6556662564677201,3436.404250766662,270216840.0,0.00018956810288966544,0.12363283506856493,1.104858734204967,45.16129032258064,9.677419354838705,45.16129032258064,0.7968350088292413,0.7861449026411779,0.0011273226280564509,0.36946276822690705,0.43333333333333324,0.6096314826428911,0.43333333333333324,0.5567420378500237
6809,Plaster articles,Stone,"13. Articles of stone, plaster, cement, ceramics and glass",0.19558945199847738,44.07894736842105,58.46531251147454,7308,"Structures and their parts, of iron or steel",Metals,15. Base metals and articles of base metal,0.4221674530230225,1,1,1065,1.4834414912554827,0.4650225736002816,3799.9719506635356,744293319.0,0.0005221520334420407,0.0424332690821001,0.8418043940612941,19.35483870967742,-48.38709677419354,19.35483870967742,0.7272896404129786,0.6102734807125745,0.0031051310511215303,0.3301472940684007,0.16666666666666666,0.5181349561618719,0.16666666666666666,0.4126944693133103
6809,Plaster articles,Stone,"13. Articles of stone, plaster, cement, ceramics and glass",0.19558945199847738,44.07894736842105,58.46531251147454,7604,Aluminum bars,Metals,15. Base metals and articles of base metal,0.42037658256814575,1,2,1065,1.1198636321313398,0.4174631813119118,3141.986175342134,279089746.0,0.0001957928073068229,0.09971179165294286,0.8172785622668081,29.03225806451613,-19.35483870967742,29.03225806451613,0.6937621164096428,0.5663992866033898,0.0011643396685577679,0.35788059838614505,0.26666666666666666,0.4949132317627668,0.26666666666666666,0.42643926223393674
6809,Plaster articles,Stone,"13. Articles of stone, plaster, cement, ceramics and glass",0.19558945199847738,44.07894736842105,58.46531251147454,2520,Gypsum,Minerals,5. Mineral products,0.41688698742106,1,3,1065,-1.6436136062934326,0.11673979815509869,2915.4973623003916,35144392.0,2.4655220298819033e-05,0.2025855961044718,1.2052497300136107,80.64516129032258,29.032258064516128,80.64516129032258,0.43892660561380314,0.28897782575307507,0.00014661953840806557,0.40769037694057114,0.7999999999999999,0.3159421004502543,0.7999999999999999,0.46115947031517796
6809,Plaster articles,Stone,"13. Articles of stone, plaster, cement, ceramics and glass",0.19558945199847738,44.07894736842105,58.46531251147454,7610,"Aluminum structures (bridges, towers etc)",Metals,15. Base metals and articles of base metal,0.416157286633235,1,4,1065,2.0101935184977786,0.5186246253602724,3671.7819455676195,123775241.0,8.683336545968465e-05,0.058877450137900134,0.7190202403407263,3.225806451612903,-61.29032258064516,3.225806451612903,0.7758643563753763,0.6597221113701933,0.0005163802151355207,0.3381092919867747,0.0,0.5532491145412359,0.0,0.3872743801788651
6809,Plaster articles,Stone,"13. Articles of stone, plaster, cement, ceramics and glass",0.19558945199847738,44.07894736842105,58.46531251147454,2517,Gravel,Minerals,5. Mineral products,0.4155065540743803,1,5,1065,0.5069055512718947,0.34461961223812065,1313.0996886864566,6158883.0,4.3207069042381345e-06,-0.055845954985181745,0.5594861745890315,3.225806451612903,-38.70967741935484,3.225806451612903,0.6372378637542119,0.499200091336741,2.5694357795954534e-05,0.2825621346258077,0.0,0.44014145862937404,0.0,0.3080990210405618
6809,Plaster articles,Stone,"13. Articles of stone, plaster, cement, ceramics and glass",0.19558945199847738,44.07894736842105,58.46531251147454,5601,Wadding of textile materials,Textiles,11. Textiles and textile articles,0.4120505178127681,1,6,1065,0.9706663811179432,0.36298270427127366,3907.9067651076653,70771280.0,4.964893116459108e-05,0.06572467661455517,1.0394782011021584,45.16129032258064,-9.677419354838712,45.16129032258064,0.6800038132317934,0.5161402965315915,0.00029525201079443807,0.34142460472681135,0.43333333333333324,0.4699084169278256,0.43333333333333324,0.4589358918494779
6809,Plaster articles,Stone,"13. Articles of stone, plaster, cement, ceramics and glass",0.19558945199847738,44.07894736842105,58.46531251147454,0407,"Eggs, in shell",Agriculture,1. Live animals; animal products,0.41128825358663945,1,7,1065,0.06429642001430184,0.2928506722760923,2010.4260036827216,83321613.0,5.845350018199045e-05,0.07886678400198299,0.7406938928906011,22.58064516129032,-51.61290322580645,22.58064516129032,0.5964224293158139,0.45144253154815234,0.0003476109769511869,0.3477877937057384,0.19999999999999996,0.41897304700479154,0.19999999999999996,0.35328113290335406
6809,Plaster articles,Stone,"13. Articles of stone, plaster, cement, ceramics and glass",0.19558945199847738,44.07894736842105,58.46531251147454,6904,Ceramic building bricks,Stone,"13. Articles of stone, plaster, cement, ceramics and glass",0.4111498997011738,1,8,1065,-0.2114248418089587,0.33870214209031785,3323.1086996680115,9525383.0,6.682443568681619e-06,0.08691826024939031,0.6908553582407054,12.903225806451612,-41.935483870967744,12.903225806451612,0.5709966477616819,0.4937411436629395,3.973912135455452e-05,0.35168618407885366,0.09999999999999998,0.42541711547864874,0.09999999999999998,0.32779198083505406
6809,Plaster articles,Stone,"13. Articles of stone, plaster, cement, ceramics and glass",0.19558945199847738,44.07894736842105,58.46531251147454,4822,"Bobbins, spools, cops of paper",Agriculture,"10. Pulp, paper and paperboard",0.4106499646451728,1,9,1065,1.7030937152413415,0.5026580644898542,2123.406119574064,5244227.0,3.6790385214806058e-06,0.054505251812756894,1.009523393864413,38.70967741935484,-29.03225806451612,38.70967741935484,0.7475449860762508,0.64499273916465,2.1878487527885375e-05,0.33599234655511206,0.36666666666666664,0.5377903375907113,0.36666666666666664,0.48645323631349785
6809,Plaster articles,Stone,"13. Articles of stone, plaster, cement, ceramics and glass",0.19558945199847738,44.07894736842105,58.46531251147454,4404,Strips and other pieces of wood,Agriculture,9. Wood and articles of wood,0.4063693013889378,1,10,1065,0.09346111784139328,0.308289960905173,2108.4185739547916,89640.0,6.28861056292036e-08,-0.06793535867636646,0.5884607433460304,9.67741935483871,-32.25806451612903,9.67741935483871,0.5991118673052541,0.46568548785240405,3.739707724321706e-07,0.2767086472008657,0.06666666666666667,0.41418542748092607,0.06666666666666667,0.30992979923664826
6809,Plaster articles,Stone,"13. Articles of stone, plaster, cement, ceramics and glass",0.19558945199847738,44.07894736842105,58.46531251147454,3305,Hair products,Chemicals,6. Products of the chemical or allied industries,0.40576171476044665,1,11,1065,1.2001934649273744,0.43799161430508554,3351.6176626010606,517502750.0,0.00036304922579097885,0.06160865832961959,1.218183731788308,77.41935483870968,29.032258064516128,77.41935483870968,0.7011697743009705,0.5853370486428796,0.0021589792855117415,0.3394316973934852,0.7666666666666667,0.501515989532197,0.7666666666666667,0.5810611926725379
7106,Silver,Stone,"14. Pearls, precious stones and metals",0.1855237645439219,14.473684210526317,45.718224295638834,2603,Copper ore,Minerals,5. Mineral products,0.3258851193440187,1,1,1065,-3.6465406675871908,-0.04999431984079284,12092.626969249728,10752918191.0,0.007543609428619042,0.016463932757700306,0.737192933713507,29.03225806451613,-48.38709677419355,29.03225806451613,0.2542256304602857,0.13516330656788475,0.04486029810116253,0.317573374999108,0.26666666666666666,0.19065117892490022,0.26666666666666666,0.21345582524743012
7106,Silver,Stone,"14. Pearls, precious stones and metals",0.1855237645439219,14.473684210526317,45.718224295638834,3603,Detonators,Chemicals,6. Products of the chemical or allied industries,0.32192219286794826,1,2,1065,-0.47017149316798323,0.3510604068476319,5500.988719675706,161212061.0,0.00011309681723279355,0.09123905497519158,1.7765922417119522,96.7741935483871,54.83870967741936,96.7741935483871,0.5471361888626697,0.5051418130307793,0.000672563576277914,0.3537782407459394,0.9666666666666668,0.42146492131103974,0.9666666666666668,0.5850254449177279
7106,Silver,Stone,"14. Pearls, precious stones and metals",0.1855237645439219,14.473684210526317,45.718224295638834,8535,Electrical apparatus for > 1k volts,Electronics,"16. Machinery, mechanical appliances and electrical equipment",0.3168227823205908,1,3,1065,2.4592337920087695,0.676456933097625,4712.18810551566,433210030.0,0.00030391445455388733,0.00896251383083202,1.2749956171954322,96.7741935483871,29.032258064516142,96.7741935483871,0.8172728419879826,0.8053245880457115,0.0018073169293224432,0.31394131319694785,0.9666666666666668,0.6152713950307335,0.9666666666666668,0.7206899765215135
7106,Silver,Stone,"14. Pearls, precious stones and metals",0.1855237645439219,14.473684210526317,45.718224295638834,2608,Zinc ore,Minerals,5. Mineral products,0.30893504790501153,1,4,1065,-3.4105779088000374,0.0020641876199640084,8185.241447750074,222183620.0,0.00015587084556446714,-0.06191639044557462,0.7794077717875839,16.129032258064516,-35.483870967741936,16.129032258064516,0.2759850606912348,0.18318799636036182,0.0009269319499461833,0.27962293112669373,0.1333333333333333,0.20279304942955484,0.1333333333333333,0.18195513460068835
7106,Silver,Stone,"14. Pearls, precious stones and metals",0.1855237645439219,14.473684210526317,45.718224295638834,7408,Copper wire,Metals,15. Base metals and articles of base metal,0.3080440925574606,1,5,1065,0.72897815572604,0.47649804259051093,2295.7354801668644,163273284.0,0.00011454284899655241,0.04300681124977146,0.9706223066318189,45.16129032258064,-25.80645161290323,45.16129032258064,0.6577164060786975,0.6208597588323302,0.00068116283060037,0.3304249936102388,0.43333333333333324,0.49716758118498555,0.43333333333333324,0.47801730682948984
7106,Silver,Stone,"14. Pearls, precious stones and metals",0.1855237645439219,14.473684210526317,45.718224295638834,7403,Refined copper and copper alloys,Metals,15. Base metals and articles of base metal,0.3044863063337836,1,6,1065,-2.9249720720856316,0.07269223875571432,6916.6339687742875,2608079377.0,0.0018296737526926543,0.16145247027079668,1.1589604326665677,54.83870967741935,-35.48387096774193,54.83870967741935,0.32076545899663067,0.24834334582938986,0.010880694546866403,0.3877744041625638,0.5333333333333332,0.2589863464955217,0.5333333333333332,0.34129044254686514
7106,Silver,Stone,"14. Pearls, precious stones and metals",0.1855237645439219,14.473684210526317,45.718224295638834,2833,Sulfates,Chemicals,6. Products of the chemical or allied industries,0.30173646434243,1,7,1065,0.6646059010828448,0.40411324826914513,6332.51027125347,455614027.0,0.00031963176961254824,0.04519002639141556,1.7074422514826024,100.0,32.25806451612904,100.0,0.6517802846715861,0.5540837895904854,0.0019007845784038582,0.3314820699312881,1.0,0.4720598541681788,1.0,0.6304418979177251
7106,Silver,Stone,"14. Pearls, precious stones and metals",0.1855237645439219,14.473684210526317,45.718224295638834,4110,Waste of leather,Agriculture,"8. Raw hides and skins, leather, furskins and articles thereof",0.30169534225447125,1,8,1065,0.06429673375097965,0.3850624975809978,4241.904811872493,741909.0,5.204793366940743e-07,0.27313567172124653,1.0865733867252334,51.61290322580645,-9.677419354838712,51.61290322580645,0.5964224582472071,0.5365092098197962,3.0951838666262747e-06,0.4418495456638908,0.49999999999999994,0.46280397995061473,0.49999999999999994,0.47396278596543023
7106,Silver,Stone,"14. Pearls, precious stones and metals",0.1855237645439219,14.473684210526317,45.718224295638834,7401,Copper mattes,Metals,15. Base metals and articles of base metal,0.2964703302150427,1,9,1065,-1.6302824415535035,0.21887549522785432,6126.697783552504,218212.0,1.5308459260999305e-07,-0.4888192528227858,0.4980897066645868,16.666666666666664,3.3333333333333304,16.666666666666664,0.44015594600017083,0.3831994123468715,9.103626750777423e-07,0.07292369265069792,0.13888888888888884,0.29911306587347075,0.13888888888888884,0.2510458127780962
7106,Silver,Stone,"14. Pearls, precious stones and metals",0.1855237645439219,14.473684210526317,45.718224295638834,3916,Monofilament,Chemicals,7. Plastics and articles thereof; rubber and articles thereof,0.2949646343915924,1,10,1065,2.3969401456826973,0.6850563378689453,2726.880924338556,112856548.0,7.917345826054536e-05,0.07907568655917108,0.9036198062811707,32.25806451612903,-6.451612903225808,32.25806451612903,0.8115284005429396,0.8132576573303797,0.00047082831804538534,0.3478889408361325,0.3,0.6209290856287883,0.3,0.5246503599401519
7106,Silver,Stone,"14. Pearls, precious stones and metals",0.1855237645439219,14.473684210526317,45.718224295638834,4010,Conveyor belts of vulcanized rubber,Chemicals,7. Plastics and articles thereof; rubber and articles thereof,0.2922513049028918,1,11,1065,2.527412827749111,0.7277983543450347,5193.5768039208915,424677041.0,0.00029792821573654206,0.06914610355313267,1.575586932562645,100.0,41.93548387096774,100.0,0.8235600077213835,0.8526877559346568,0.0017717179948346564,0.3430812025269927,1.0,0.6384146553578882,1.0,0.7468902587505217
7108,Gold,Stone,"14. Pearls, precious stones and metals",0.21307781107114215,94.07894736842105,37.40035439349359,1207,Other oil seeds,Agriculture,2. Vegetable products,0.48653066714675275,1,1,1065,-5.179657069141335,-0.0083886596557211,6277.462999120389,143080371.0,0.0001003766992879478,0.14696457892968495,1.0032404260757406,54.83870967741935,3.225806451612904,54.83870967741935,0.1128484930382199,0.17354510085012587,0.00059691964371655,0.3807596090622098,0.5333333333333332,0.15744123716680997,0.5333333333333332,0.2702088660167669
7108,Gold,Stone,"14. Pearls, precious stones and metals",0.21307781107114215,94.07894736842105,37.40035439349359,7801,Lead refined unwrought,Metals,15. Base metals and articles of base metal,0.4516107987314003,1,2,1065,-3.2059605332842893,0.0015002353432071657,4469.24216744003,173219439.0,0.00012152048123589235,0.0575359830180755,1.0959426092895925,77.41935483870968,19.354838709677416,77.41935483870968,0.2948539598745632,0.18266774262144267,0.0007226573784370511,0.3374597760042294,0.7666666666666667,0.21785996088100198,0.7666666666666667,0.3825019726167014
7108,Gold,Stone,"14. Pearls, precious stones and metals",0.21307781107114215,94.07894736842105,37.40035439349359,0804,"Avocados, pineapples, mangos, etc.",Agriculture,2. Vegetable products,0.4160105092101163,1,3,1065,-3.6751629208373284,-0.0012187885173536672,4671.515201202335,171394559.0,0.00012024025369862527,0.1625221732788844,0.8326793237465899,25.806451612903224,-22.580645161290327,25.806451612903224,0.25158621428355454,0.1801594056788169,0.0007150441278436104,0.38829233649952677,0.23333333333333328,0.20946207408093553,0.23333333333333328,0.21662345185665485
7108,Gold,Stone,"14. Pearls, precious stones and metals",0.21307781107114215,94.07894736842105,37.40035439349359,1211,"Plants used in perfumery, pharmacy or insecticide",Agriculture,2. Vegetable products,0.4022218071143584,1,4,1065,-2.9773737947343117,-0.0002935463540088177,5090.524335164819,63844266.0,4.478934912421879e-05,0.055912798736486025,0.8164486682946729,6.451612903225806,-38.70967741935483,6.451612903225806,0.3159332065097709,0.18101295431178627,0.00026635307308550834,0.3366738572754524,0.033333333333333326,0.2244721878398257,0.033333333333333326,0.167130531487878
7108,Gold,Stone,"14. Pearls, precious stones and metals",0.21307781107114215,94.07894736842105,37.40035439349359,2523,Cements,Minerals,5. Mineral products,0.39393908010402556,1,5,1065,-2.4475386311528395,0.00018130962798397,3325.7202123725765,274831828.0,0.00019280570466170366,-0.019117358249943317,1.0531364561829253,54.83870967741935,-9.677419354838712,54.83870967741935,0.364792235515505,0.18145101549224743,0.0011465759817727071,0.30034550795151205,0.5333333333333332,0.23640895044270605,0.5333333333333332,0.32548626530989416
7108,Gold,Stone,"14. Pearls, precious stones and metals",0.21307781107114215,94.07894736842105,37.40035439349359,7404,Copper waste and scrap,Metals,15. Base metals and articles of base metal,0.3906407852676052,1,6,1065,-2.252848295770676,0.09428479178945089,4867.770864766583,167709757.0,0.00011765521523594454,-0.019041741071975204,0.7124488069636759,16.129032258064516,-29.032258064516125,16.129032258064516,0.3827457074581245,0.2682627732554356,0.000699671434289398,0.3003821205265946,0.1333333333333333,0.2730152370438786,0.1333333333333333,0.23111066593071497
7108,Gold,Stone,"14. Pearls, precious stones and metals",0.21307781107114215,94.07894736842105,37.40035439349359,1106,Flour of dried legumes,Agriculture,2. Vegetable products,0.3880280640744432,1,7,1065,-2.658660698607271,0.002078127128732222,4690.252667568483,15137571.0,1.0619621696514605e-05,0.013628349606638723,0.9366371304919519,45.16129032258064,-45.16129032258064,45.16129032258064,0.3453235027349551,0.1832008557490978,6.3152712177787e-05,0.316200432979708,0.43333333333333324,0.2324230633232014,0.43333333333333324,0.2926961443262409
7108,Gold,Stone,"14. Pearls, precious stones and metals",0.21307781107114215,94.07894736842105,37.40035439349359,7602,"Waste or scrap, aluminium",Metals,15. Base metals and articles of base metal,0.37284030995279155,1,8,1065,-1.8939988453863623,0.10741782831366421,4876.940691855307,320716979.0,0.00022499600422214494,0.10651899071901338,0.9247757180037153,51.61290322580645,19.354838709677416,51.61290322580645,0.41583719875610226,0.28037818024408323,0.001338005091128316,0.3611765305222665,0.49999999999999994,0.2980525629920741,0.49999999999999994,0.3586367940944518
7108,Gold,Stone,"14. Pearls, precious stones and metals",0.21307781107114215,94.07894736842105,37.40035439349359,4103,Other raw hides and skins,Agriculture,"8. Raw hides and skins, leather, furskins and articles thereof",0.370652699394213,1,9,1065,-4.499337159913952,-0.03091270328710276,6716.946972889684,705419.0,4.948801176578221e-07,0.04628078588937723,0.36295066107097984,6.451612903225806,-54.83870967741935,6.451612903225806,0.17558455221827052,0.15276636052445006,2.9429505613379002e-06,0.332010197469093,0.033333333333333326,0.16472479052290034,0.033333333333333326,0.12530735336603024
7108,Gold,Stone,"14. Pearls, precious stones and metals",0.21307781107114215,94.07894736842105,37.40035439349359,3915,Plastic waste,Chemicals,7. Plastics and articles thereof; rubber and articles thereof,0.36669991709394534,1,10,1065,-1.6085417230355448,0.12339685068146489,3755.4622816346514,18823638.0,1.3205547608142467e-05,0.07651206747635353,0.9153931565381412,19.35483870967742,-19.35483870967742,19.35483870967742,0.44216077782275914,0.2951190483525122,7.853068320887505e-05,0.3466476792779171,0.16666666666666666,0.31005687065551385,0.16666666666666666,0.2670398094588597
7108,Gold,Stone,"14. Pearls, precious stones and metals",0.21307781107114215,94.07894736842105,37.40035439349359,4101,Raw hides of bovines or equines,Agriculture,"8. Raw hides and skins, leather, furskins and articles thereof",0.3586812655478015,1,11,1065,-2.6839926562093694,0.0039639327848624145,4066.4860507155186,60607.0,4.2518275366679414e-08,-0.274048946024243,0.5271443401213451,16.129032258064516,-54.83870967741936,16.129032258064516,0.3429875029064676,0.18494053742769417,2.5284746323958687e-07,0.17691188943933708,0.1333333333333333,0.21131163545997667,0.1333333333333333,0.18791814482198363
7224,Other alloy steel in primary form,Metals,15. Base metals and articles of base metal,0.181350424041028,11.18421052631579,48.007094785572306,7229,Wire of other alloy steel,Metals,15. Base metals and articles of base metal,0.3770370788473484,1,1,1065,2.577583459419438,0.7395041054108578,4564.670365107861,108540398.0,7.614550349914992e-05,0.16425027033479145,1.2499039842911555,90.0,23.333333333333343,90.0,0.8281865189771611,0.8634864724393105,0.000452821692103472,0.3891290522420251,0.8966666666666667,0.6505228280858844,0.8966666666666667,0.724365979660119
7224,Other alloy steel in primary form,Metals,15. Base metals and articles of base metal,0.181350424041028,11.18421052631579,48.007094785572306,8455,Metal-rolling mills,Machinery,"16. Machinery, mechanical appliances and electrical equipment",0.36382056790087663,1,2,1065,2.485701684062061,0.731886366994894,5559.314478300956,157956161.0,0.00011081267096641556,0.14616253993943396,1.1696197598902842,86.66666666666667,23.333333333333343,86.66666666666667,0.819713592610895,0.8564590038815022,0.0006589802269030601,0.380371275173817,0.8622222222222223,0.6438149470824471,0.8622222222222223,0.7093371296243797
7224,Other alloy steel in primary form,Metals,15. Base metals and articles of base metal,0.181350424041028,11.18421052631579,48.007094785572306,7322,Radiators for central heating of iron or steel,Metals,15. Base metals and articles of base metal,0.3576200559125357,1,3,1065,2.952321666609917,0.7850765526931913,2753.2534763546914,7185237.0,5.040735976716443e-06,-0.0030818997550012828,0.5376574055279797,6.451612903225806,-67.74193548387096,6.451612903225806,0.8627432003625802,0.9055276824272824,2.99762230142594e-05,0.3081096092298709,0.033333333333333326,0.6651157467943847,0.033333333333333326,0.4755810227560692
7224,Other alloy steel in primary form,Metals,15. Base metals and articles of base metal,0.181350424041028,11.18421052631579,48.007094785572306,2849,Carbides,Chemicals,6. Products of the chemical or allied industries,0.35547230358422643,1,4,1065,2.343736552810084,0.6682138365593295,4616.914703610879,20437176.0,1.4337510137200186e-05,0.11632347639809382,0.6488025110614185,6.451612903225806,-48.387096774193544,6.451612903225806,0.8066222031705327,0.7977202180111018,8.526223220718674e-05,0.3659236987942938,0.033333333333333326,0.6164211915675473,0.033333333333333326,0.4414948340972831
7224,Other alloy steel in primary form,Metals,15. Base metals and articles of base metal,0.181350424041028,11.18421052631579,48.007094785572306,2706,"Tar distilled from coal, lignite etc.",Minerals,5. Mineral products,0.3527073128241398,1,5,1065,2.280821971497729,0.6548278488673145,2373.455478196345,564186.0,3.9579942425834294e-07,-0.06567144172447104,0.6263469747359147,16.129032258064516,-38.70967741935483,16.129032258064516,0.8008205018782941,0.785371460087922,2.3537379988332958e-06,0.2778047979910569,0.1333333333333333,0.5968382594475339,0.1333333333333333,0.4577867816132737
7224,Other alloy steel in primary form,Metals,15. Base metals and articles of base metal,0.181350424041028,11.18421052631579,48.007094785572306,8707,Vehicle Bodies,Vehicles,"17. Vehicles, aircraft, vessels and associated transport equipment",0.3489082390747721,1,6,1065,2.5793551289279524,0.765254635387894,3254.6904026085826,159845308.0,0.0001121379844179003,0.058786768418323865,0.8614927461346698,25.806451612903224,-45.16129032258065,25.806451612903224,0.8283498944151368,0.8872416908360591,0.0006668615941813724,0.3380653854121602,0.23333333333333328,0.6512668918888698,0.23333333333333328,0.5258868243222088
7224,Other alloy steel in primary form,Metals,15. Base metals and articles of base metal,0.181350424041028,11.18421052631579,48.007094785572306,7227,Bars of other alloy steel,Metals,15. Base metals and articles of base metal,0.346844576642808,1,7,1065,1.7754348199138752,0.6774781494018128,3812.6570719779556,42073111.0,2.951599846603311e-05,-0.13275852562310164,0.8689492407620165,22.58064516129032,-32.25806451612903,22.58064516129032,0.7542159591910026,0.8062666741448301,0.00017552558923800152,0.24532235204022737,0.19999999999999996,0.5829936033119612,0.19999999999999996,0.46809552231837276
7224,Other alloy steel in primary form,Metals,15. Base metals and articles of base metal,0.181350424041028,11.18421052631579,48.007094785572306,7228,Other bars and rods of other alloy steel,Metals,15. Base metals and articles of base metal,0.3413437139666085,1,8,1065,1.4844750855095101,0.6088511439755228,4018.1597052210273,530601235.0,0.00037223834572953907,0.10281023711764736,1.3975199575291681,93.54838709677419,41.935483870967744,93.54838709677419,0.7273849538521553,0.7429573168900397,0.0022136250971264357,0.3593808139491129,0.9333333333333333,0.5688589606167042,0.9333333333333333,0.6782012724316928
7224,Other alloy steel in primary form,Metals,15. Base metals and articles of base metal,0.181350424041028,11.18421052631579,48.007094785572306,8607,Parts of railway locomotives,Vehicles,"17. Vehicles, aircraft, vessels and associated transport equipment",0.34029920871393454,1,9,1065,2.8614169052616782,0.7803580890247209,3343.41085181649,127644875.0,8.95480710874218e-05,0.10538064514840695,0.6252145775054238,3.225806451612903,-64.51612903225806,3.225806451612903,0.8543603698583722,0.9011748347367069,0.0005325240127259914,0.36062536260257483,0.0,0.6686110046005729,0.0,0.468027703220401
7224,Other alloy steel in primary form,Metals,15. Base metals and articles of base metal,0.181350424041028,11.18421052631579,48.007094785572306,6902,"Bricks, tiles and similar refractory ceramic constructional goods",Stone,"13. Articles of stone, plaster, cement, ceramics and glass",0.33945797916685017,1,10,1065,2.196034121726983,0.6932460494288273,5186.653549399349,202073668.0,0.00014176289637135898,0.10980597473772113,1.4531394969231606,96.7741935483871,35.48387096774194,96.7741935483871,0.7930017456008134,0.8208127789874823,0.0008430348695912763,0.3627680333052798,0.9666666666666668,0.6193767438321341,0.9666666666666668,0.7235637206824939
7224,Other alloy steel in primary form,Metals,15. Base metals and articles of base metal,0.181350424041028,11.18421052631579,48.007094785572306,7222,Other bars and rods of stainless steel,Metals,15. Base metals and articles of base metal,0.33908194881516374,1,11,1065,3.1533987944484947,0.8433769029837391,4004.391421527234,142732168.0,0.00010013242072214675,0.14872220088607757,0.8788828881664664,29.03225806451613,-9.677419354838708,29.03225806451613,0.8812856337394924,0.9593105581581497,0.0005954669691865055,0.3816106202685812,0.26666666666666666,0.7015395802498399,0.26666666666666666,0.5710777061748878
7304,"Tubes, seamless, of iron or steel",Metals,15. Base metals and articles of base metal,0.1870427079641889,19.078947368421055,52.33809499725347,8432,Machinery for soil preparation or cultivation,Machinery,"16. Machinery, mechanical appliances and electrical equipment",0.3583600866390191,1,1,1065,2.2376026442910835,0.6556662564677201,3436.404250766662,270216840.0,0.00018956810288966544,0.12363283506856493,1.104858734204967,45.16129032258064,9.677419354838705,45.16129032258064,0.7968350088292413,0.7861449026411779,0.0011273226280564509,0.36946276822690705,0.43333333333333324,0.6096314826428911,0.43333333333333324,0.5567420378500237
7304,"Tubes, seamless, of iron or steel",Metals,15. Base metals and articles of base metal,0.1870427079641889,19.078947368421055,52.33809499725347,6806,Mineral wools and insulating materials,Stone,"13. Articles of stone, plaster, cement, ceramics and glass",0.3538240427222153,1,2,1065,2.7623105898925657,0.7359659511528415,2915.817068977038,77152139.0,5.4125363260519844e-05,0.09666503524409098,0.7737926165964616,22.58064516129032,-35.48387096774194,22.58064516129032,0.845221228725233,0.8602224764285287,0.0003218724343666242,0.3564054098010306,0.19999999999999996,0.650414389139126,0.19999999999999996,0.5152900723973881
7304,"Tubes, seamless, of iron or steel",Metals,15. Base metals and articles of base metal,0.1870427079641889,19.078947368421055,52.33809499725347,8607,Parts of railway locomotives,Vehicles,"17. Vehicles, aircraft, vessels and associated transport equipment",0.35342148401089074,1,3,1065,2.8614169052616782,0.7803580890247209,3343.41085181649,127644875.0,8.95480710874218e-05,0.10538064514840695,0.6252145775054238,3.225806451612903,-64.51612903225806,3.225806451612903,0.8543603698583722,0.9011748347367069,0.0005325240127259914,0.36062536260257483,0.0,0.6686110046005729,0.0,0.468027703220401
7304,"Tubes, seamless, of iron or steel",Metals,15. Base metals and articles of base metal,0.1870427079641889,19.078947368421055,52.33809499725347,4410,Particle board and similar board,Agriculture,9. Wood and articles of wood,0.3519694734819801,1,4,1065,1.818506514041664,0.5799729409975771,1792.4882540695237,36200408.0,2.5396058470641088e-05,0.06229959592418033,0.980012737183174,25.806451612903224,-35.483870967741936,25.806451612903224,0.7581878381778381,0.716316777093053,0.00015102515107228614,0.339766237841012,0.23333333333333328,0.5670642047936245,0.23333333333333328,0.46694494335553716
7304,"Tubes, seamless, of iron or steel",Metals,15. Base metals and articles of base metal,0.1870427079641889,19.078947368421055,52.33809499725347,8428,Other lifting machinery,Machinery,"16. Machinery, mechanical appliances and electrical equipment",0.34885992074883815,1,5,1065,2.7889686473666053,0.769441714028365,4807.795334117189,976825731.0,0.0006852829774764617,0.042732648961899766,1.0943265179375896,90.32258064516128,22.58064516129032,90.32258064516128,0.8476795155526992,0.8911043285230291,0.00407523731764491,0.3302922488078115,0.8999999999999999,0.6587294683453234,0.8999999999999999,0.7311106278417263
7304,"Tubes, seamless, of iron or steel",Metals,15. Base metals and articles of base metal,0.1870427079641889,19.078947368421055,52.33809499725347,8608,Railway track fixtures,Vehicles,"17. Vehicles, aircraft, vessels and associated transport equipment",0.3475382850621811,1,6,1065,2.5399907398120636,0.7496808986314845,4474.8242642645255,45273467.0,3.176117835745497e-05,0.09820887867063632,1.1847130236243864,61.29032258064516,19.354838709677416,61.29032258064516,0.8247198865149337,0.8728747042834756,0.00018887721357287358,0.35715291301245466,0.6,0.6477593753133474,0.6,0.6334315627193432
7304,"Tubes, seamless, of iron or steel",Metals,15. Base metals and articles of base metal,0.1870427079641889,19.078947368421055,52.33809499725347,7228,Other bars and rods of other alloy steel,Metals,15. Base metals and articles of base metal,0.3463813492108799,1,7,1065,1.4844750855095101,0.6088511439755228,4018.1597052210273,530601235.0,0.00037223834572953907,0.10281023711764736,1.3975199575291681,93.54838709677419,41.935483870967744,93.54838709677419,0.7273849538521553,0.7429573168900397,0.0022136250971264357,0.3593808139491129,0.9333333333333333,0.5688589606167042,0.9333333333333333,0.6782012724316928
7304,"Tubes, seamless, of iron or steel",Metals,15. Base metals and articles of base metal,0.1870427079641889,19.078947368421055,52.33809499725347,7208,"Flat-rolled iron, width > 600mm, hot-rolled, not clad",Metals,15. Base metals and articles of base metal,0.3438625394745034,1,8,1065,1.6988259328096256,0.6144404302752187,3797.880089092552,1136379231.0,0.0007972162467146269,0.20928845935324958,1.2364230706726795,80.64516129032258,35.483870967741936,80.64516129032258,0.7471514302687957,0.7481135104460418,0.004740881512638845,0.41093579141592995,0.7999999999999999,0.5856942301894784,0.7999999999999999,0.6499859611326348
7304,"Tubes, seamless, of iron or steel",Metals,15. Base metals and articles of base metal,0.1870427079641889,19.078947368421055,52.33809499725347,4009,Vulcanized rubber tubes,Chemicals,7. Plastics and articles thereof; rubber and articles thereof,0.3427038270282355,1,9,1065,2.157047188061516,0.650095730524848,4918.977640281442,531644286.0,0.00037297008842657886,0.0996063996456995,1.1474188121824824,58.06451612903226,3.225806451612911,58.06451612903226,0.7894065449540131,0.781006015772609,0.0022179766208675795,0.35782956933584226,0.5666666666666667,0.6036515281478241,0.5666666666666667,0.5925560697034769
7304,"Tubes, seamless, of iron or steel",Metals,15. Base metals and articles of base metal,0.1870427079641889,19.078947368421055,52.33809499725347,9306,Munitions of war,Machinery,19. Arms and ammunition,0.34154229198204245,1,10,1065,2.0879139253454353,0.6290244109260417,5232.646155937064,175294253.0,0.00012297604763889268,0.11355365929093542,0.6985802479772993,19.35483870967742,-67.74193548387096,19.35483870967742,0.7830313846768552,0.7615674333658112,0.0007313133333035514,0.3645825995953347,0.16666666666666666,0.5954066732542289,0.16666666666666666,0.4667846712779602
7304,"Tubes, seamless, of iron or steel",Metals,15. Base metals and articles of base metal,0.1870427079641889,19.078947368421055,52.33809499725347,8413,Pumps for liquids,Machinery,"16. Machinery, mechanical appliances and electrical equipment",0.33910110442172187,1,11,1065,2.23284770707445,0.7026866642221592,5338.322137843419,3274880274.0,0.002297461700510478,0.12376588536141453,1.1786201760748598,93.54838709677419,51.61290322580645,93.54838709677419,0.7963965297864054,0.8295218760979173,0.013662533530685616,0.36952718895732306,0.9333333333333333,0.6265499004327142,0.9333333333333333,0.7185849303028999
7312,"Wire of iron or steel, not insulated",Metals,15. Base metals and articles of base metal,0.17917105965885646,8.552631578947368,55.15236340145998,6808,Panels of vegetable fibers,Stone,"13. Articles of stone, plaster, cement, ceramics and glass",0.38846210100396417,1,1,1065,2.3009435765242707,0.6633284899969201,3035.5083500141604,2715514.0,1.9050435100578e-06,0.02437547074389257,0.9397445122478721,29.03225806451613,-35.483870967741936,29.03225806451613,0.8026760262964703,0.7932134185534855,1.1328903035814072e-05,0.32140400960252485,0.26666666666666666,0.6067736064733186,0.26666666666666666,0.5047415245313229
7312,"Wire of iron or steel, not insulated",Metals,15. Base metals and articles of base metal,0.17917105965885646,8.552631578947368,55.15236340145998,6806,Mineral wools and insulating materials,Stone,"13. Articles of stone, plaster, cement, ceramics and glass",0.3809035080117531,1,2,1065,2.7623105898925657,0.7359659511528415,2915.817068977038,77152139.0,5.4125363260519844e-05,0.09666503524409098,0.7737926165964616,22.58064516129032,-35.48387096774194,22.58064516129032,0.845221228725233,0.8602224764285287,0.0003218724343666242,0.3564054098010306,0.19999999999999996,0.650414389139126,0.19999999999999996,0.5152900723973881
7312,"Wire of iron or steel, not insulated",Metals,15. Base metals and articles of base metal,0.17917105965885646,8.552631578947368,55.15236340145998,4011,New pneumatic tires of rubber,Chemicals,7. Plastics and articles thereof; rubber and articles thereof,0.37903773761501836,1,3,1065,1.6077302645734737,0.5434540419652913,6207.183333512138,5749699820.0,0.004033648262123304,0.1262655965878603,1.2977934405270672,93.54838709677419,54.83870967741935,93.54838709677419,0.7387509951852483,0.682627590000811,0.023987278926132446,0.3707375073984763,0.9333333333333333,0.556691222763812,0.9333333333333333,0.6696838559346683
7312,"Wire of iron or steel, not insulated",Metals,15. Base metals and articles of base metal,0.17917105965885646,8.552631578947368,55.15236340145998,9028,"Gas, liquid or electricity meters",Machinery,"18. Optical, photographic, medical and musical instruments",0.37727553052898394,1,4,1065,2.5384394635827876,0.6937368782625448,4700.258141051806,228268344.0,0.00016013952691418322,0.0914099581614698,0.9369622113843287,22.58064516129032,-25.80645161290323,22.58064516129032,0.8245768347594221,0.8212655753435487,0.0009523169224396747,0.35386098921536896,0.19999999999999996,0.6292668394567109,0.19999999999999996,0.5004867876196976
7312,"Wire of iron or steel, not insulated",Metals,15. Base metals and articles of base metal,0.17917105965885646,8.552631578947368,55.15236340145998,7212,"Flat-rolled iron, width < 600mm, clad",Metals,15. Base metals and articles of base metal,0.3766851119547854,1,5,1065,2.3281747023173347,0.6808877925588117,3026.0915313158,81578921.0,5.7230930869282195e-05,0.10559874371976452,1.0110699119104936,41.935483870967744,-19.354838709677416,41.935483870967744,0.8051871589211691,0.8094121168957839,0.000340340607993675,0.36073096228949486,0.39999999999999997,0.6192704419705568,0.39999999999999997,0.5534893093793897
7312,"Wire of iron or steel, not insulated",Metals,15. Base metals and articles of base metal,0.17917105965885646,8.552631578947368,55.15236340145998,8419,Equipment for temperature change of materials,Machinery,"16. Machinery, mechanical appliances and electrical equipment",0.3758150357740951,1,6,1065,2.788244566011321,0.7353135530558147,5223.240220521006,1470830817.0,0.0010318476363292038,0.08294652185984352,1.0585450159038468,83.87096774193549,29.032258064516135,83.87096774193549,0.8476127440086944,0.8596206302028272,0.006136186264508374,0.34976313466200576,0.8333333333333334,0.6509165791130097,0.8333333333333334,0.7056416053791068
7312,"Wire of iron or steel, not insulated",Metals,15. Base metals and articles of base metal,0.17917105965885646,8.552631578947368,55.15236340145998,4008,Vulcanized rubber plates,Chemicals,7. Plastics and articles thereof; rubber and articles thereof,0.3749951991217712,1,7,1065,2.8275083688123925,0.7527508934077894,3802.925073422572,58469368.0,4.1018639581891754e-05,0.05532345562372387,0.8101641183079477,25.806451612903224,-25.806451612903224,25.806451612903224,0.8512334762888348,0.8757068167274927,0.00024392943679809058,0.33638850717981084,0.23333333333333328,0.6549239680482061,0.23333333333333328,0.5284467776337441
7312,"Wire of iron or steel, not insulated",Metals,15. Base metals and articles of base metal,0.17917105965885646,8.552631578947368,55.15236340145998,7325,Other cast articles of iron or steel,Metals,15. Base metals and articles of base metal,0.3739445795496222,1,8,1065,1.568606165802238,0.5648927514007727,4248.115237423845,116865543.0,8.198593129754836e-05,0.07752242703681955,0.8060350641832089,22.58064516129032,-29.032258064516128,22.58064516129032,0.7351431457858887,0.7024050945895888,0.00048755351836696843,0.34713687850832836,0.19999999999999996,0.5552855489354213,0.19999999999999996,0.44869988425479485
7312,"Wire of iron or steel, not insulated",Metals,15. Base metals and articles of base metal,0.17917105965885646,8.552631578947368,55.15236340145998,4410,Particle board and similar board,Agriculture,9. Wood and articles of wood,0.37272442751521695,1,9,1065,1.818506514041664,0.5799729409975771,1792.4882540695237,36200408.0,2.5396058470641088e-05,0.06229959592418033,0.980012737183174,25.806451612903224,-35.483870967741936,25.806451612903224,0.7581878381778381,0.716316777093053,0.00015102515107228614,0.339766237841012,0.23333333333333328,0.5670642047936245,0.23333333333333328,0.46694494335553716
7312,"Wire of iron or steel, not insulated",Metals,15. Base metals and articles of base metal,0.17917105965885646,8.552631578947368,55.15236340145998,5911,Textile articles for technical use,Textiles,11. Textiles and textile articles,0.37200177655708855,1,10,1065,2.9744812391167406,0.7533980689288053,4565.179945722892,177661781.0,0.00012463696481747476,0.06609369484312033,1.156214916771673,96.7741935483871,38.70967741935484,96.7741935483871,0.8647866570266246,0.8763038450549281,0.0007411904671156308,0.3416032771920261,0.9666666666666668,0.6607333458774147,0.9666666666666668,0.7525133421141903
7312,"Wire of iron or steel, not insulated",Metals,15. Base metals and articles of base metal,0.17917105965885646,8.552631578947368,55.15236340145998,8418,"Refrigerators, freezers",Machinery,"16. Machinery, mechanical appliances and electrical equipment",0.37108439661297415,1,11,1065,2.3982410587789564,0.6575619484809353,5149.487407147423,2195636898.0,0.0015403285797747092,0.1253729513815105,1.1137830250469747,70.96774193548387,32.25806451612903,70.96774193548387,0.8116483649301169,0.787893704620285,0.009160018147318552,0.37030530349299223,0.7000000000000001,0.6167595225886872,0.7000000000000001,0.6417316658120811
7601,Unwrought aluminum,Metals,15. Base metals and articles of base metal,0.19990376546789573,60.526315789473685,48.14747648513941,7213,Hot rolled bars of iron,Metals,15. Base metals and articles of base metal,0.38275569974844004,1,1,1065,0.13606392120618802,0.34586734598307295,3592.303975805599,382533191.0,0.00026836259098507714,0.2622619311508634,1.274150433647772,74.19354838709677,9.677419354838705,74.19354838709677,0.6030405072831215,0.5003511428933017,0.001595897288255389,0.4365846620255661,0.7333333333333333,0.4519141614588213,0.7333333333333333,0.5363399130211748
7601,Unwrought aluminum,Metals,15. Base metals and articles of base metal,0.19990376546789573,60.526315789473685,48.14747648513941,2619,Iron or steel slag,Minerals,5. Mineral products,0.3637167814311094,1,2,1065,0.23540480492444663,0.13565417645678113,4531.588393074999,632690.0,4.43857766293405e-07,0.15409243784784432,0.8833342534735322,45.16129032258064,-9.677419354838712,45.16129032258064,0.6122012792602712,0.30642660011988926,2.6395311022993087e-06,0.3842107993450382,0.43333333333333324,0.3791517736144772,0.43333333333333324,0.39540624153013404
7601,Unwrought aluminum,Metals,15. Base metals and articles of base metal,0.19990376546789573,60.526315789473685,48.14747648513941,2711,Petroleum gases,Minerals,5. Mineral products,0.3571627621693845,1,3,1065,-3.535609747538275,0.04532083565365471,4216.456353061393,7333675560.0,0.005144871663503669,0.15643184287272205,0.8827871795433122,9.67741935483871,-61.29032258064516,9.67741935483871,0.264455183749399,0.22309284966116671,0.030595496585677506,0.3853435001998333,0.06666666666666667,0.23303266121152463,0.06666666666666667,0.18312286284806722
7601,Unwrought aluminum,Metals,15. Base metals and articles of base metal,0.19990376546789573,60.526315789473685,48.14747648513941,3102,Nitrogenous fertilizers,Chemicals,6. Products of the chemical or allied industries,0.35441756022063836,1,4,1065,-1.7708555215245738,0.09108108852094296,5576.270697422956,6061236817.0,0.004252204135625611,0.09825162036350554,3.1350433511218254,100.0,54.83870967741936,100.0,0.42719292530274255,0.26530731288667225,0.025286985880720675,0.35717360782653496,1.0,0.2997441724223835,1.0,0.5098209206956684
7601,Unwrought aluminum,Metals,15. Base metals and articles of base metal,0.19990376546789573,60.526315789473685,48.14747648513941,7604,Aluminum bars,Metals,15. Base metals and articles of base metal,0.34977440159475115,1,5,1065,1.1198636321313398,0.4174631813119118,3141.986175342134,279089746.0,0.0001957928073068229,0.09971179165294286,0.8172785622668081,29.03225806451613,-19.35483870967742,29.03225806451613,0.6937621164096428,0.5663992866033898,0.0011643396685577679,0.35788059838614505,0.26666666666666666,0.4949132317627668,0.26666666666666666,0.42643926223393674
7601,Unwrought aluminum,Metals,15. Base metals and articles of base metal,0.19990376546789573,60.526315789473685,48.14747648513941,7207,Semifinished products of iron or nonalloy steel,Metals,15. Base metals and articles of base metal,0.3476386910182916,1,6,1065,-0.3024166158836401,0.29264756668234126,5155.868998547912,1075799235.0,0.0007547169157521913,0.33853806512210105,1.1368456253194927,70.96774193548387,25.80645161290323,70.96774193548387,0.5626057933330206,0.4512551638418776,0.004488146707885858,0.4735162926029616,0.7000000000000001,0.42655200090784146,0.7000000000000001,0.508586400635489
7601,Unwrought aluminum,Metals,15. Base metals and articles of base metal,0.19990376546789573,60.526315789473685,48.14747648513941,2709,"Petroleum oils, crude",Minerals,5. Mineral products,0.33477094749761116,1,7,1065,-5.994074032990565,-0.09122039461272766,5608.62605605728,239697876433.0,0.1681578087512431,-0.0350433753761249,0.9763074198895769,23.333333333333332,-40.0,23.333333333333332,0.03774660325329877,0.09713168505479938,1.0,0.29263439635669525,0.20777777777777776,0.24110256036133862,0.20777777777777776,0.23110512558627036
7601,Unwrought aluminum,Metals,15. Base metals and articles of base metal,0.19990376546789573,60.526315789473685,48.14747648513941,7202,Ferroalloys,Metals,15. Base metals and articles of base metal,0.32870871091044307,1,8,1065,-0.7598598281733435,0.20132330984374325,6064.946315025443,340199798.0,0.00023866399411046104,0.12175614361662523,0.8793173207948873,51.61290322580645,-25.80645161290323,51.61290322580645,0.520422426289844,0.3670072796990538,0.00141928582373191,0.36855410555875284,0.49999999999999994,0.3660964058034869,0.49999999999999994,0.4062674840624408
7601,Unwrought aluminum,Metals,15. Base metals and articles of base metal,0.19990376546789573,60.526315789473685,48.14747648513941,7308,"Structures and their parts, of iron or steel",Metals,15. Base metals and articles of base metal,0.3286241888942848,1,9,1065,1.4834414912554827,0.4650225736002816,3799.9719506635356,744293319.0,0.0005221520334420407,0.0424332690821001,0.8418043940612941,19.35483870967742,-48.38709677419354,19.35483870967742,0.7272896404129786,0.6102734807125745,0.0031051310511215303,0.3301472940684007,0.16666666666666666,0.5181349561618719,0.16666666666666666,0.4126944693133103
7601,Unwrought aluminum,Metals,15. Base metals and articles of base metal,0.19990376546789573,60.526315789473685,48.14747648513941,4004,Scrap of rubber,Chemicals,7. Plastics and articles thereof; rubber and articles thereof,0.32607443785612766,1,10,1065,0.23962495414833354,0.044022889683451305,4098.3838308762315,5128786.0,3.598051965033251e-06,0.07694707960346792,1.1719635889150781,77.41935483870968,29.032258064516128,77.41935483870968,0.6125904425463481,0.22189547663556847,2.1396877086783833e-05,0.34685830488698816,0.7666666666666667,0.344102026978282,0.7666666666666667,0.47087141888479744
7601,Unwrought aluminum,Metals,15. Base metals and articles of base metal,0.19990376546789573,60.526315789473685,48.14747648513941,2905,Acyclic alcohols,Chemicals,6. Products of the chemical or allied industries,0.3245138231624259,1,11,1065,-0.1072366608292194,0.39463369878248766,5217.82882360132,1505935617.0,0.0010564750812298294,0.12905898285491157,1.3017467141589654,67.74193548387096,38.70967741935483,67.74193548387096,0.5806044158119068,0.5453387746894659,0.00628264062832003,0.3720900183911494,0.6666666666666666,0.45083601552840086,0.6666666666666666,0.5155852108698805
7605,Aluminum wire,Metals,15. Base metals and articles of base metal,0.1860403734772413,15.789473684210526,47.51888901740401,7614,"Aluminum wire, not insulated",Metals,15. Base metals and articles of base metal,0.37830234777831023,1,1,1065,-0.23913411695713432,0.3558887141362762,5621.0041086419815,83157419.0,5.833831141327468e-05,-0.10465293777242324,1.3779214497128263,83.87096774193549,-3.225806451612897,83.87096774193549,0.5684414223420606,0.5095959929731201,0.00034692597296849244,0.25893060843210475,0.8333333333333334,0.41620472552107424,0.8333333333333334,0.5413433078647519
7605,Aluminum wire,Metals,15. Base metals and articles of base metal,0.1860403734772413,15.789473684210526,47.51888901740401,7606,Aluminum plates > 0.2 mm,Metals,15. Base metals and articles of base metal,0.3687376719330413,1,2,1065,2.1984906940788562,0.6969795826625325,4253.386924621274,718133182.0,0.0005037996334124063,0.12388928249860087,0.9138406440530652,29.03225806451613,-19.35483870967742,29.03225806451613,0.7932282797156569,0.8242570147930085,0.002995993092165468,0.3695869357909341,0.26666666666666666,0.6220072924104977,0.26666666666666666,0.5154051046873483
7605,Aluminum wire,Metals,15. Base metals and articles of base metal,0.1860403734772413,15.789473684210526,47.51888901740401,2905,Acyclic alcohols,Chemicals,6. Products of the chemical or allied industries,0.3440469615188364,1,3,1065,-0.1072366608292194,0.39463369878248766,5217.82882360132,1505935617.0,0.0010564750812298294,0.12905898285491157,1.3017467141589654,67.74193548387096,38.70967741935483,67.74193548387096,0.5806044158119068,0.5453387746894659,0.00628264062832003,0.3720900183911494,0.6666666666666666,0.45083601552840086,0.6666666666666666,0.5155852108698805
7605,Aluminum wire,Metals,15. Base metals and articles of base metal,0.1860403734772413,15.789473684210526,47.51888901740401,7408,Copper wire,Metals,15. Base metals and articles of base metal,0.34057116132488535,1,4,1065,0.72897815572604,0.47649804259051093,2295.7354801668644,163273284.0,0.00011454284899655241,0.04300681124977146,0.9706223066318189,45.16129032258064,-25.80645161290323,45.16129032258064,0.6577164060786975,0.6208597588323302,0.00068116283060037,0.3304249936102388,0.43333333333333324,0.49716758118498555,0.43333333333333324,0.47801730682948984
7605,Aluminum wire,Metals,15. Base metals and articles of base metal,0.1860403734772413,15.789473684210526,47.51888901740401,7207,Semifinished products of iron or nonalloy steel,Metals,15. Base metals and articles of base metal,0.33600273878110104,1,5,1065,-0.3024166158836401,0.29264756668234126,5155.868998547912,1075799235.0,0.0007547169157521913,0.33853806512210105,1.1368456253194927,70.96774193548387,25.80645161290323,70.96774193548387,0.5626057933330206,0.4512551638418776,0.004488146707885858,0.4735162926029616,0.7000000000000001,0.42655200090784146,0.7000000000000001,0.508586400635489
7605,Aluminum wire,Metals,15. Base metals and articles of base metal,0.1860403734772413,15.789473684210526,47.51888901740401,2503,"Sulphur, crude",Minerals,5. Mineral products,0.333835913171468,1,6,1065,-1.3323226812897109,0.0837343966534342,5774.102639586536,353426955.0,0.000247943382690069,0.09569740283721218,1.943671616878417,83.87096774193549,19.354838709677423,83.87096774193549,0.46763246241494366,0.25852988850115777,0.001474468444441098,0.3559368983450221,0.8333333333333334,0.30776852783905495,0.8333333333333334,0.46543796948733845
7605,Aluminum wire,Metals,15. Base metals and articles of base metal,0.1860403734772413,15.789473684210526,47.51888901740401,2712,Petroleum jelly,Minerals,5. Mineral products,0.32889191633149967,1,7,1065,0.4343841125478083,0.4701633147325713,5575.198682442953,198067142.0,0.0001389521554382694,0.07138550746979577,1.2882315857624667,90.32258064516128,25.806451612903217,90.32258064516128,0.6305502610398012,0.6150158851767775,0.0008263199697364171,0.34416548451478934,0.8999999999999999,0.48769692184848135,0.8999999999999999,0.6113878452939369
7605,Aluminum wire,Metals,15. Base metals and articles of base metal,0.1860403734772413,15.789473684210526,47.51888901740401,7208,"Flat-rolled iron, width > 600mm, hot-rolled, not clad",Metals,15. Base metals and articles of base metal,0.3241587250327012,1,8,1065,1.6988259328096256,0.6144404302752187,3797.880089092552,1136379231.0,0.0007972162467146269,0.20928845935324958,1.2364230706726795,80.64516129032258,35.483870967741936,80.64516129032258,0.7471514302687957,0.7481135104460418,0.004740881512638845,0.41093579141592995,0.7999999999999999,0.5856942301894784,0.7999999999999999,0.6499859611326348
7605,Aluminum wire,Metals,15. Base metals and articles of base metal,0.1860403734772413,15.789473684210526,47.51888901740401,3902,Polymers of propylene,Chemicals,7. Plastics and articles thereof; rubber and articles thereof,0.3210460642875587,1,9,1065,1.4931095242618497,0.5740437959503514,3527.28184743743,1550710928.0,0.0010878867828934442,0.11866226904981891,1.2822036697258419,93.54838709677419,45.16129032258064,93.54838709677419,0.7281811831748698,0.7108470591638122,0.0064694395756712195,0.36705610314823245,0.9333333333333333,0.5596887162271242,0.9333333333333333,0.6717821013589869
7605,Aluminum wire,Metals,15. Base metals and articles of base metal,0.1860403734772413,15.789473684210526,47.51888901740401,4010,Conveyor belts of vulcanized rubber,Chemicals,7. Plastics and articles thereof; rubber and articles thereof,0.320696511965267,1,10,1065,2.527412827749111,0.7277983543450347,5193.5768039208915,424677041.0,0.00029792821573654206,0.06914610355313267,1.575586932562645,100.0,41.93548387096774,100.0,0.8235600077213835,0.8526877559346568,0.0017717179948346564,0.3430812025269927,1.0,0.6384146553578882,1.0,0.7468902587505217
7605,Aluminum wire,Metals,15. Base metals and articles of base metal,0.1860403734772413,15.789473684210526,47.51888901740401,3816,Refractory cements,Chemicals,6. Products of the chemical or allied industries,0.3135729194976946,1,11,1065,2.314354774509582,0.7007790720641441,3533.913103258798,55878366.0,3.920094630369588e-05,0.08001396690566076,1.1882531709887223,87.09677419354838,12.903225806451616,87.09677419354838,0.8039127469907645,0.8277620960714097,0.00023311998767589848,0.34834324051455684,0.8666666666666667,0.6233726491470959,0.8666666666666667,0.6963608544029671
8408,Compression-ignition internal combustion piston engines,Machinery,"16. Machinery, mechanical appliances and electrical equipment",0.17122131057204618,0.6578947368421052,44.89744156260842,8703,Cars,Vehicles,"17. Vehicles, aircraft, vessels and associated transport equipment",0.3540150493725447,1,1,1065,2.912222202365909,0.7986264676164173,4981.366582000081,18727791402.0,0.013138307321595974,0.20002019435555152,0.8450845830018515,16.666666666666664,-10.000000000000004,16.666666666666664,0.859045407121813,0.9180276654779476,0.07813081901555671,0.40644825224519193,0.13888888888888884,0.6946624360990284,0.13888888888888884,0.5279303719359866
8408,Compression-ignition internal combustion piston engines,Machinery,"16. Machinery, mechanical appliances and electrical equipment",0.17122131057204618,0.6578947368421052,44.89744156260842,8407,Spark-ignition reciprocating internal combustion piston engines,Machinery,"16. Machinery, mechanical appliances and electrical equipment",0.35371456510765625,1,2,1065,2.2105864869048517,0.7071313133281056,4487.147607063833,850856602.0,0.0005969105103600764,0.0633414225083182,0.7745988241572258,19.35483870967742,-32.258064516129025,19.35483870967742,0.794343699629537,0.8336221260851147,0.0035497043806219544,0.3402706728789178,0.16666666666666666,0.6213610955890589,0.16666666666666666,0.48495276691234124
8408,Compression-ignition internal combustion piston engines,Machinery,"16. Machinery, mechanical appliances and electrical equipment",0.17122131057204618,0.6578947368421052,44.89744156260842,8427,Fork-lift trucks,Machinery,"16. Machinery, mechanical appliances and electrical equipment",0.35107759387889864,1,3,1065,3.0027887896455243,0.8299077016598477,4947.554599394525,1158856930.0,0.0008129852667237238,0.22164336132182227,1.1150995802334522,64.51612903225806,6.451612903225801,64.51612903225806,0.8673970527259551,0.946885034514009,0.004834656640455979,0.41691782867407573,0.6333333333333333,0.6982616033311673,0.6333333333333333,0.678783122331817
8408,Compression-ignition internal combustion piston engines,Machinery,"16. Machinery, mechanical appliances and electrical equipment",0.17122131057204618,0.6578947368421052,44.89744156260842,8483,Transmission shafts,Machinery,"16. Machinery, mechanical appliances and electrical equipment",0.34994847636635434,1,4,1065,3.0756554973067556,0.8208973340770052,5486.257022445715,3324118564.0,0.0023320043634504754,0.08150187140819631,1.2172490053109613,90.32258064516128,38.70967741935483,90.32258064516128,0.8741164945974741,0.9385728463782196,0.013867951662597031,0.34906365903292075,0.8999999999999999,0.6888810109458203,0.8999999999999999,0.7522167076620742
8408,Compression-ignition internal combustion piston engines,Machinery,"16. Machinery, mechanical appliances and electrical equipment",0.17122131057204618,0.6578947368421052,44.89744156260842,7222,Other bars and rods of stainless steel,Metals,15. Base metals and articles of base metal,0.34950743848960253,1,5,1065,3.1533987944484947,0.8433769029837391,4004.391421527234,142732168.0,0.00010013242072214675,0.14872220088607757,0.8788828881664664,29.03225806451613,-9.677419354838708,29.03225806451613,0.8812856337394924,0.9593105581581497,0.0005954669691865055,0.3816106202685812,0.26666666666666666,0.7015395802498399,0.26666666666666666,0.5710777061748878
8408,Compression-ignition internal combustion piston engines,Machinery,"16. Machinery, mechanical appliances and electrical equipment",0.17122131057204618,0.6578947368421052,44.89744156260842,7220,Flat-rolled products of stainless steel of a width < 600 mm,Metals,15. Base metals and articles of base metal,0.348895782224507,1,6,1065,3.870520147542761,0.8874840408091211,3736.0413576021824,83879210.0,5.884467715477634e-05,0.06512800223199844,0.8375864897443386,35.483870967741936,-12.903225806451616,35.483870967741936,0.9474153574721005,1.0,0.0003499372261791639,0.34113570495273665,0.3333333333333333,0.7328182214420724,0.3333333333333333,0.6129727550094507
8408,Compression-ignition internal combustion piston engines,Machinery,"16. Machinery, mechanical appliances and electrical equipment",0.17122131057204618,0.6578947368421052,44.89744156260842,8439,Machinery for making paper,Machinery,"16. Machinery, mechanical appliances and electrical equipment",0.34768176841808596,1,7,1065,3.5660302990744643,0.7645805954752414,5360.799419580512,269779159.0,0.00018926105186782368,-0.08576759644305465,1.4482135588482314,96.7741935483871,25.80645161290323,96.7741935483871,0.9193366655300613,0.8866198797375121,0.0011254966586047676,0.26807457539780416,0.9666666666666668,0.672464801652112,0.9666666666666668,0.7607253611564784
8408,Compression-ignition internal combustion piston engines,Machinery,"16. Machinery, mechanical appliances and electrical equipment",0.17122131057204618,0.6578947368421052,44.89744156260842,8701,Tractors,Vehicles,"17. Vehicles, aircraft, vessels and associated transport equipment",0.34647777213088693,1,8,1065,2.340626545148909,0.7505062890565553,3749.161861609585,1585806592.0,0.0011125078185185116,0.14993242502753357,1.0172390575690526,19.35483870967742,-25.80645161290322,19.35483870967742,0.8063354121740681,0.8736361383132849,0.006615855824835654,0.3821965905922076,0.16666666666666666,0.64631190963313,0.16666666666666666,0.502418336743191
8408,Compression-ignition internal combustion piston engines,Machinery,"16. Machinery, mechanical appliances and electrical equipment",0.17122131057204618,0.6578947368421052,44.89744156260842,4806,Transparent paper,Agriculture,"10. Pulp, paper and paperboard",0.3456896839265817,1,9,1065,3.3741771921453028,0.7982067948671808,3542.562407063574,66240790.0,4.647060817605861e-05,0.04362679759342214,1.0877204879127615,38.70967741935484,-22.58064516129032,38.70967741935484,0.9016448301053809,0.9176405115893803,0.00027635117584579657,0.33072518064666323,0.36666666666666664,0.6864000993665428,0.36666666666666664,0.59048006955658
8408,Compression-ignition internal combustion piston engines,Machinery,"16. Machinery, mechanical appliances and electrical equipment",0.17122131057204618,0.6578947368421052,44.89744156260842,3810,Pickling preparations for metal surfaces,Chemicals,6. Products of the chemical or allied industries,0.3408236976193702,1,10,1065,3.6390075057876294,0.8435184011010137,4112.086495888107,35844284.0,2.514622300119559e-05,0.0995944545475902,1.09250362339721,70.96774193548387,-6.451612903225808,70.96774193548387,0.9260662971299235,0.9594410921192597,0.0001495394307759716,0.35782378571877077,0.7000000000000001,0.7136235850096461,0.7000000000000001,0.7095365095067523
8408,Compression-ignition internal combustion piston engines,Machinery,"16. Machinery, mechanical appliances and electrical equipment",0.17122131057204618,0.6578947368421052,44.89744156260842,7225,"Flat-rolled products of other alloy steel, width > 600 mm",Metals,15. Base metals and articles of base metal,0.3394272551860275,1,11,1065,3.8456244003591467,0.8573443314117445,4079.8678883095267,539193668.0,0.00037826628693045226,0.03704398107594442,0.9530834142944402,41.935483870967744,-9.677419354838705,41.935483870967744,0.9451195830173789,0.9721957031646452,0.0022494720271362713,0.3275378907943231,0.39999999999999997,0.7205284545869273,0.39999999999999997,0.6243699182108491
8702,Buses,Vehicles,"17. Vehicles, aircraft, vessels and associated transport equipment",0.1878220808032448,22.36842105263158,56.581245549019144,7019,Glass fibers,Stone,"13. Articles of stone, plaster, cement, ceramics and glass",0.3976088370715922,1,1,1065,2.3594739582983717,0.6231693436219307,4121.9281707544105,248625189.0,0.00017442068158784817,0.06962546950680282,0.863079171746827,16.129032258064516,-35.483870967741936,16.129032258064516,0.8080734363163843,0.75616605317438,0.0010372440202635477,0.3433133035183592,0.1333333333333333,0.5991364034525608,0.1333333333333333,0.4593954824167925
8702,Buses,Vehicles,"17. Vehicles, aircraft, vessels and associated transport equipment",0.1878220808032448,22.36842105263158,56.581245549019144,5603,Nonwoven textiles,Textiles,11. Textiles and textile articles,0.38530979085159905,1,2,1065,2.0563392481886384,0.636501615184745,4272.222391010428,424275405.0,0.00029764645174813856,0.022376439638634338,1.0997791872937175,67.74193548387096,16.129032258064512,67.74193548387096,0.7801197091726804,0.7684652572288927,0.0017700424021845386,0.32043611211679285,0.6666666666666666,0.5903356614183972,0.6666666666666666,0.613234962992878
8702,Buses,Vehicles,"17. Vehicles, aircraft, vessels and associated transport equipment",0.1878220808032448,22.36842105263158,56.581245549019144,3922,"Baths, sinks etc.",Chemicals,7. Plastics and articles thereof; rubber and articles thereof,0.3846819912117996,1,3,1065,2.114758026065546,0.6129304372231633,4194.777885698726,59292495.0,4.1596096648695076e-05,0.022769775658747493,0.7766025807035498,19.35483870967742,-38.70967741935485,19.35483870967742,0.7855068275803632,0.7467205210683033,0.0002473634555397213,0.32062655885067004,0.16666666666666666,0.5844106603729647,0.16666666666666666,0.4590874622610753
8702,Buses,Vehicles,"17. Vehicles, aircraft, vessels and associated transport equipment",0.1878220808032448,22.36842105263158,56.581245549019144,7321,Stoves and similar non-electric appliances of iron or steel,Metals,15. Base metals and articles of base metal,0.38285390865188834,1,4,1065,1.3252432872357338,0.534055671798058,6741.584153972607,580486142.0,0.0004072346367927363,0.06592687274262543,1.1540108255643284,83.87096774193549,9.677419354838719,83.87096774193549,0.7127013096072082,0.6739574641395097,0.002421740862448803,0.3415225047161958,0.8333333333333334,0.5369222076481479,0.8333333333333334,0.6258455453537035
8702,Buses,Vehicles,"17. Vehicles, aircraft, vessels and associated transport equipment",0.1878220808032448,22.36842105263158,56.581245549019144,8432,Machinery for soil preparation or cultivation,Machinery,"16. Machinery, mechanical appliances and electrical equipment",0.3801244560049098,1,5,1065,2.2376026442910835,0.6556662564677201,3436.404250766662,270216840.0,0.00018956810288966544,0.12363283506856493,1.104858734204967,45.16129032258064,9.677419354838705,45.16129032258064,0.7968350088292413,0.7861449026411779,0.0011273226280564509,0.36946276822690705,0.43333333333333324,0.6096314826428911,0.43333333333333324,0.5567420378500237
8702,Buses,Vehicles,"17. Vehicles, aircraft, vessels and associated transport equipment",0.1878220808032448,22.36842105263158,56.581245549019144,6806,Mineral wools and insulating materials,Stone,"13. Articles of stone, plaster, cement, ceramics and glass",0.3795303989845507,1,6,1065,2.7623105898925657,0.7359659511528415,2915.817068977038,77152139.0,5.4125363260519844e-05,0.09666503524409098,0.7737926165964616,22.58064516129032,-35.48387096774194,22.58064516129032,0.845221228725233,0.8602224764285287,0.0003218724343666242,0.3564054098010306,0.19999999999999996,0.650414389139126,0.19999999999999996,0.5152900723973881
8702,Buses,Vehicles,"17. Vehicles, aircraft, vessels and associated transport equipment",0.1878220808032448,22.36842105263158,56.581245549019144,8428,Other lifting machinery,Machinery,"16. Machinery, mechanical appliances and electrical equipment",0.3759695027265314,1,7,1065,2.7889686473666053,0.769441714028365,4807.795334117189,976825731.0,0.0006852829774764617,0.042732648961899766,1.0943265179375896,90.32258064516128,22.58064516129032,90.32258064516128,0.8476795155526992,0.8911043285230291,0.00407523731764491,0.3302922488078115,0.8999999999999999,0.6587294683453234,0.8999999999999999,0.7311106278417263
8702,Buses,Vehicles,"17. Vehicles, aircraft, vessels and associated transport equipment",0.1878220808032448,22.36842105263158,56.581245549019144,4009,Vulcanized rubber tubes,Chemicals,7. Plastics and articles thereof; rubber and articles thereof,0.3756140226908645,1,8,1065,2.157047188061516,0.650095730524848,4918.977640281442,531644286.0,0.00037297008842657886,0.0996063996456995,1.1474188121824824,58.06451612903226,3.225806451612911,58.06451612903226,0.7894065449540131,0.781006015772609,0.0022179766208675795,0.35782956933584226,0.5666666666666667,0.6036515281478241,0.5666666666666667,0.5925560697034769
8702,Buses,Vehicles,"17. Vehicles, aircraft, vessels and associated transport equipment",0.1878220808032448,22.36842105263158,56.581245549019144,7301,Sheet piling of iron or steel,Metals,15. Base metals and articles of base metal,0.3753181231099348,1,9,1065,1.498147063393884,0.5497334087356083,3175.4568514658345,6825754.0,4.788544032161524e-06,0.04381723843692664,0.7454242209479311,16.129032258064516,-54.83870967741936,16.129032258064516,0.7286457225023577,0.6884203922909071,2.847648924377486e-05,0.3308173889235249,0.1333333333333333,0.5456000199895579,0.1333333333333333,0.42192001399269047
8702,Buses,Vehicles,"17. Vehicles, aircraft, vessels and associated transport equipment",0.1878220808032448,22.36842105263158,56.581245549019144,3214,Glaziers' putty,Chemicals,6. Products of the chemical or allied industries,0.3720013598360059,1,10,1065,1.8268962172189904,0.527186113954221,3067.749766534051,216734699.0,0.00015204820587714913,0.0887946127042678,1.0302268177113385,35.483870967741936,-9.677419354838705,35.483870967741936,0.7589614990804471,0.6676202024592657,0.0009041994957372156,0.35259468261029014,0.3333333333333333,0.5523284278548035,0.3333333333333333,0.48662989949836244
8702,Buses,Vehicles,"17. Vehicles, aircraft, vessels and associated transport equipment",0.1878220808032448,22.36842105263158,56.581245549019144,4822,"Bobbins, spools, cops of paper",Agriculture,"10. Pulp, paper and paperboard",0.36958103935207753,1,11,1065,1.7030937152413415,0.5026580644898542,2123.406119574064,5244227.0,3.6790385214806058e-06,0.054505251812756894,1.009523393864413,38.70967741935484,-29.03225806451612,38.70967741935484,0.7475449860762508,0.64499273916465,2.1878487527885375e-05,0.33599234655511206,0.36666666666666664,0.5377903375907113,0.36666666666666664,0.48645323631349785
8704,Motor vehicles for transporting goods,Vehicles,"17. Vehicles, aircraft, vessels and associated transport equipment",0.18754355757276747,20.394736842105264,53.68494586417206,8703,Cars,Vehicles,"17. Vehicles, aircraft, vessels and associated transport equipment",0.39337876812703654,1,1,1065,2.912222202365909,0.7986264676164173,4981.366582000081,18727791402.0,0.013138307321595974,0.20002019435555152,0.8450845830018515,16.666666666666664,-10.000000000000004,16.666666666666664,0.859045407121813,0.9180276654779476,0.07813081901555671,0.40644825224519193,0.13888888888888884,0.6946624360990284,0.13888888888888884,0.5279303719359866
8704,Motor vehicles for transporting goods,Vehicles,"17. Vehicles, aircraft, vessels and associated transport equipment",0.18754355757276747,20.394736842105264,53.68494586417206,8708,Parts of motor vehicles,Vehicles,"17. Vehicles, aircraft, vessels and associated transport equipment",0.3687631305739747,1,2,1065,2.8656851969537622,0.779269003183208,4317.800737430574,10417658701.0,0.0073084112614912764,0.1039703558435423,0.8594864909053078,9.67741935483871,-45.16129032258064,9.67741935483871,0.8547539726275405,0.9001701380550846,0.04346162283966637,0.35994252406707494,0.06666666666666667,0.6747340607749299,0.06666666666666667,0.4923138425424509
8704,Motor vehicles for transporting goods,Vehicles,"17. Vehicles, aircraft, vessels and associated transport equipment",0.18754355757276747,20.394736842105264,53.68494586417206,8701,Tractors,Vehicles,"17. Vehicles, aircraft, vessels and associated transport equipment",0.3652630863259194,1,3,1065,2.340626545148909,0.7505062890565553,3749.161861609585,1585806592.0,0.0011125078185185116,0.14993242502753357,1.0172390575690526,19.35483870967742,-25.80645161290322,19.35483870967742,0.8063354121740681,0.8736361383132849,0.006615855824835654,0.3821965905922076,0.16666666666666666,0.64631190963313,0.16666666666666666,0.502418336743191
8704,Motor vehicles for transporting goods,Vehicles,"17. Vehicles, aircraft, vessels and associated transport equipment",0.18754355757276747,20.394736842105264,53.68494586417206,8409,Parts suitable for use with spark-ignition engines,Machinery,"16. Machinery, mechanical appliances and electrical equipment",0.36401965979678313,1,4,1065,2.3469706961913164,0.7098361113207731,4858.652430693198,2591118938.0,0.0018177753149587,0.11521869001693852,0.9932431553167749,41.935483870967744,-32.258064516129025,41.935483870967744,0.8069204414078821,0.8361173394687694,0.010809936977995155,0.36538877967383665,0.39999999999999997,0.6314930308046027,0.39999999999999997,0.5620451215632218
8704,Motor vehicles for transporting goods,Vehicles,"17. Vehicles, aircraft, vessels and associated transport equipment",0.18754355757276747,20.394736842105264,53.68494586417206,4006,Unvulcanized rubber rods,Chemicals,7. Plastics and articles thereof; rubber and articles thereof,0.3591442436814154,1,5,1065,2.6176662552696475,0.6802702690422725,3475.7418881649046,17301739.0,1.2137873564512623e-05,0.1160128067930668,1.1512504092347655,48.38709677419355,-12.903225806451609,48.38709677419355,0.8318827751332046,0.8088424429506806,7.218144464803449e-05,0.36577327775841895,0.4666666666666667,0.6291306452098198,0.4666666666666667,0.5803914516468738
8704,Motor vehicles for transporting goods,Vehicles,"17. Vehicles, aircraft, vessels and associated transport equipment",0.18754355757276747,20.394736842105264,53.68494586417206,8428,Other lifting machinery,Machinery,"16. Machinery, mechanical appliances and electrical equipment",0.35805466840762934,1,6,1065,2.7889686473666053,0.769441714028365,4807.795334117189,976825731.0,0.0006852829774764617,0.042732648961899766,1.0943265179375896,90.32258064516128,22.58064516129032,90.32258064516128,0.8476795155526992,0.8911043285230291,0.00407523731764491,0.3302922488078115,0.8999999999999999,0.6587294683453234,0.8999999999999999,0.7311106278417263
8704,Motor vehicles for transporting goods,Vehicles,"17. Vehicles, aircraft, vessels and associated transport equipment",0.18754355757276747,20.394736842105264,53.68494586417206,8707,Vehicle Bodies,Vehicles,"17. Vehicles, aircraft, vessels and associated transport equipment",0.350594947382752,1,7,1065,2.5793551289279524,0.765254635387894,3254.6904026085826,159845308.0,0.0001121379844179003,0.058786768418323865,0.8614927461346698,25.806451612903224,-45.16129032258065,25.806451612903224,0.8283498944151368,0.8872416908360591,0.0006668615941813724,0.3380653854121602,0.23333333333333328,0.6512668918888698,0.23333333333333328,0.5258868243222088
8704,Motor vehicles for transporting goods,Vehicles,"17. Vehicles, aircraft, vessels and associated transport equipment",0.18754355757276747,20.394736842105264,53.68494586417206,8530,Electric signal and traffic controls,Electronics,"16. Machinery, mechanical appliances and electrical equipment",0.349604910416722,1,8,1065,2.7883172128784013,0.8098392470750851,4431.271273023517,42369323.0,2.972380323087735e-05,0.0362265447863892,0.8305670816104338,9.67741935483871,-29.032258064516128,9.67741935483871,0.8476194431778508,0.9283716088885402,0.00017676136155441916,0.32714210179067754,0.06666666666666667,0.6706946976960716,0.06666666666666667,0.4894862883872501
8704,Motor vehicles for transporting goods,Vehicles,"17. Vehicles, aircraft, vessels and associated transport equipment",0.18754355757276747,20.394736842105264,53.68494586417206,4010,Conveyor belts of vulcanized rubber,Chemicals,7. Plastics and articles thereof; rubber and articles thereof,0.34764812914958665,1,9,1065,2.527412827749111,0.7277983543450347,5193.5768039208915,424677041.0,0.00029792821573654206,0.06914610355313267,1.575586932562645,100.0,41.93548387096774,100.0,0.8235600077213835,0.8526877559346568,0.0017717179948346564,0.3430812025269927,1.0,0.6384146553578882,1.0,0.7468902587505217
8704,Motor vehicles for transporting goods,Vehicles,"17. Vehicles, aircraft, vessels and associated transport equipment",0.18754355757276747,20.394736842105264,53.68494586417206,8484,Gaskets and similar joints of metal sheeting,Machinery,"16. Machinery, mechanical appliances and electrical equipment",0.3459455161968551,1,10,1065,2.1971088264954304,0.6914063594046549,5566.254873681902,239559998.0,0.00016806108142302325,0.10501304135230405,1.1930282161851657,96.7741935483871,38.70967741935484,96.7741935483871,0.793100850067756,0.8191156396142146,0.0009994247824175507,0.3604473749819432,0.9666666666666668,0.6184927913533438,0.9666666666666668,0.7229449539473407
8704,Motor vehicles for transporting goods,Vehicles,"17. Vehicles, aircraft, vessels and associated transport equipment",0.18754355757276747,20.394736842105264,53.68494586417206,4005,Compounded rubber,Chemicals,7. Plastics and articles thereof; rubber and articles thereof,0.345484793710239,1,11,1065,2.873902883864615,0.8069171593807197,2896.2037796499003,102668193.0,7.20259128710114e-05,0.08216411572608395,0.9292945708690981,35.483870967741936,-19.354838709677416,35.483870967741936,0.8555117709594281,0.9256759427637651,0.000428323331553159,0.3493843066749398,0.3333333333333333,0.6758875943040915,0.3333333333333333,0.573121316012864
