iso3_o,iso3_d,dist
ABW,AFG,13256.0
ABW,AGO,9505.0
ABW,AIA,978.0
ABW,ALB,9090.0
ABW,AND,7570.0
ABW,ARE,12771.0
ABW,ARG,5359.0
ABW,ARM,11109.0
ABW,ASM,11486.0
ABW,ATG,1016.0
ABW,AUS,15561.0
ABW,AUT,8716.0
ABW,AZE,11504.0
ABW,BDI,11119.0
ABW,BEL,7842.0
ABW,BEN,7955.0
ABW,BES,196.0
ABW,BFA,7422.0
ABW,BGD,15472.0
ABW,BGR,9347.0
ABW,BHR,12303.0
ABW,BHS,1586.0
ABW,BIH,8928.0
ABW,BLR,9383.0
ABW,BLZ,2082.0
ABW,BMU,2254.0
ABW,BOL,3217.0
ABW,BRA,4734.0
ABW,BRB,1132.0
ABW,BRN,17998.0
ABW,BTN,15071.0
ABW,BWA,11179.0
ABW,CAF,9760.0
ABW,CAN,3571.0
ABW,CCK,18606.0
ABW,CHE,8133.0
ABW,CHL,5089.0
ABW,CHN,15012.0
ABW,CIV,7286.0
ABW,CMR,9008.0
ABW,COD,9616.0
ABW,COG,9612.0
ABW,COK,10485.0
ABW,COL,982.0
ABW,COM,12793.0
ABW,CPV,5030.0
ABW,CRI,1561.0
ABW,CUB,1756.0
ABW,CUW,128.0
ABW,CXR,19505.0
ABW,CYM,1426.0
ABW,CYP,10404.0
ABW,CZE,8556.0
ABW,DEU,8470.0
ABW,DJI,12184.0
ABW,DMA,983.0
ABW,DNK,8403.0
ABW,DOM,660.0
ABW,DZA,7686.0
ABW,ECU,1957.0
ABW,EGY,10382.0
ABW,ERI,11623.0
ABW,ESH,6117.0
ABW,ESP,7117.0
ABW,EST,9085.0
ABW,ETH,11805.0
ABW,FIN,9081.0
ABW,FJI,12694.0
ABW,FLK,7212.0
ABW,FRA,7681.0
ABW,FRO,7402.0
ABW,FSM,14284.0
ABW,GAB,8865.0
ABW,GBR,7538.0
ABW,GEO,11060.0
ABW,GHA,7518.0
ABW,GIB,6932.0
ABW,GIN,6158.0
ABW,GLP,975.0
ABW,GMB,5777.0
ABW,GNB,5913.0
ABW,GNQ,8864.0
ABW,GRC,9492.0
ABW,GRD,902.0
ABW,GRL,5909.0
ABW,GTM,2230.0
ABW,GUF,2119.0
ABW,GUM,15230.0
ABW,GUY,1448.0
ABW,HKG,16127.0
ABW,HND,1869.0
ABW,HRV,8714.0
ABW,HTI,710.0
ABW,HUN,8924.0
ABW,IDN,19232.0
ABW,IND,14254.0
ABW,IOT,15877.0
ABW,IRL,7167.0
ABW,IRN,11878.0
ABW,IRQ,11423.0
ABW,ISL,6819.0
ABW,ISR,10636.0
ABW,ITA,8475.0
ABW,JAM,946.0
ABW,JOR,10744.0
ABW,JPN,13826.0
ABW,KAZ,12978.0
ABW,KEN,11879.0
ABW,KGZ,12896.0
ABW,KHM,17284.0
ABW,KIR,12910.0
ABW,KNA,946.0
ABW,KOR,14184.0
ABW,KWT,11918.0
ABW,LAO,16537.0
ABW,LBN,10632.0
ABW,LBR,6529.0
ABW,LBY,8640.0
ABW,LCA,993.0
ABW,LIE,8210.0
ABW,LKA,16060.0
ABW,LSO,11407.0
ABW,LTU,9219.0
ABW,LUX,7961.0
ABW,LVA,9099.0
ABW,MAC,16143.0
ABW,MAR,6703.0
ABW,MCO,8052.0
ABW,MDA,9663.0
ABW,MDG,13336.0
ABW,MDV,15595.0
ABW,MEX,3204.0
ABW,MHL,12903.0
ABW,MKD,9209.0
ABW,MLI,6722.0
ABW,MLT,8720.0
ABW,MMR,16427.0
ABW,MNE,9024.0
ABW,MNG,13304.0
ABW,MNP,15029.0
ABW,MOZ,11852.0
ABW,MRT,5818.0
ABW,MSR,965.0
ABW,MTQ,996.0
ABW,MUS,14385.0
ABW,MWI,11815.0
ABW,MYS,18051.0
ABW,MYT,13022.0
ABW,NAM,10251.0
ABW,NCL,13967.0
ABW,NER,7795.0
ABW,NFK,13784.0
ABW,NGA,8068.0
ABW,NIC,1765.0
ABW,NIU,11489.0
ABW,NLD,7891.0
ABW,NOR,8296.0
ABW,NPL,14827.0
ABW,NRU,13615.0
ABW,NZL,13076.0
ABW,OMN,13151.0
ABW,PAK,13791.0
ABW,PAN,1109.0
ABW,PCN,7535.0
ABW,PER,2825.0
ABW,PHL,16772.0
ABW,PLW,16534.0
ABW,PNG,15958.0
ABW,POL,8988.0
ABW,PRI,781.0
ABW,PRK,14068.0
ABW,PRT,6631.0
ABW,PRY,4395.0
ABW,PSE,10627.0
ABW,PYF,9349.0
ABW,QAT,12424.0
ABW,REU,14171.0
ABW,ROU,9525.0
ABW,RUS,9937.0
ABW,RWA,11160.0
ABW,SAU,12021.0
ABW,SDN,10957.0
ABW,SEN,5683.0
ABW,SGP,18338.0
ABW,SHN,7748.0
ABW,SLB,14570.0
ABW,SLE,6223.0
ABW,SLV,2081.0
ABW,SMR,8455.0
ABW,SOM,12715.0
ABW,SPM,4013.0
ABW,SRB,9078.0
ABW,SSD,11157.0
ABW,STP,8571.0
ABW,SUR,1790.0
ABW,SVK,8771.0
ABW,SVN,8598.0
ABW,SWE,8710.0
ABW,SWZ,11724.0
ABW,SXM,966.0
ABW,SYC,13981.0
ABW,SYR,10719.0
ABW,TCA,996.0
ABW,TCD,9205.0
ABW,TGO,7838.0
ABW,THA,16923.0
ABW,TJK,12923.0
ABW,TKL,11449.0
ABW,TKM,12267.0
ABW,TLS,18273.0
ABW,TON,12067.0
ABW,TTO,951.0
ABW,TUN,8321.0
ABW,TUR,9845.0
ABW,TUV,12465.0
ABW,TWN,15671.0
ABW,TZA,12271.0
ABW,UGA,11380.0
ABW,UKR,9677.0
ABW,URY,5442.0
ABW,USA,3148.0
ABW,UZB,12735.0
ABW,VAT,8473.0
ABW,VCT,958.0
ABW,VEN,411.0
ABW,VGB,873.0
ABW,VNM,17405.0
ABW,VUT,13759.0
ABW,WLF,12052.0
ABW,WSM,11591.0
ABW,YEM,12159.0
ABW,ZAF,11417.0
ABW,ZMB,11256.0
ABW,ZWE,11592.0
AFG,ABW,13256.0
AFG,AGO,7593.0
AFG,AIA,12295.0
AFG,ALB,4345.0
AFG,AND,5810.0
AFG,ARE,1684.0
AFG,ARG,15271.0
AFG,ARM,2265.0
AFG,ASM,13651.0
AFG,ATG,12303.0
AFG,AUS,11194.0
AFG,AUT,4571.0
AFG,AZE,1821.0
AFG,BDI,5912.0
AFG,BEL,5420.0
AFG,BEN,7487.0
AFG,BES,13169.0
AFG,BFA,7482.0
AFG,BGD,2382.0
AFG,BGR,4043.0
AFG,BHR,2006.0
AFG,BHS,12528.0
AFG,BIH,4438.0
AFG,BLR,3878.0
AFG,BLZ,13820.0
AFG,BMU,11186.0
AFG,BOL,15338.0
AFG,BRA,13759.0
AFG,BRB,12467.0
AFG,BRN,5734.0
AFG,BTN,2101.0
AFG,BWA,7986.0
AFG,CAF,6186.0
AFG,CAN,10777.0
AFG,CCK,5939.0
AFG,CHE,5165.0
AFG,CHL,16337.0
AFG,CHN,4852.0
AFG,CIV,8139.0
AFG,CMR,6833.0
AFG,COD,7087.0
AFG,COG,7085.0
AFG,COK,15040.0
AFG,COL,14220.0
AFG,COM,5803.0
AFG,CPV,9326.0
AFG,CRI,14339.0
AFG,CUB,12956.0
AFG,CUW,13218.0
AFG,CXR,6291.0
AFG,CYM,13288.0
AFG,CYP,3258.0
AFG,CZE,4712.0
AFG,DEU,4787.0
AFG,DJI,3661.0
AFG,DMA,12420.0
AFG,DNK,4861.0
AFG,DOM,12721.0
AFG,DZA,5871.0
AFG,ECU,15209.0
AFG,EGY,3587.0
AFG,ERI,3697.0
AFG,ESH,7704.0
AFG,ESP,6295.0
AFG,EST,4239.0
AFG,ETH,4195.0
AFG,FIN,4259.0
AFG,FJI,12875.0
AFG,FLK,15425.0
AFG,FRA,5594.0
AFG,FRO,5965.0
AFG,FSM,9489.0
AFG,GAB,7250.0
AFG,GBR,5720.0
AFG,GEO,2268.0
AFG,GHA,7835.0
AFG,GIB,6599.0
AFG,GIN,8761.0
AFG,GLP,12387.0
AFG,GMB,8802.0
AFG,GNB,8800.0
AFG,GNQ,7122.0
AFG,GRC,4060.0
AFG,GRD,12710.0
AFG,GRL,7911.0
AFG,GTM,14161.0
AFG,GUF,12505.0
AFG,GUM,7863.0
AFG,GUY,12845.0
AFG,HKG,4574.0
AFG,HND,14077.0
AFG,HRV,4610.0
AFG,HTI,12866.0
AFG,HUN,4371.0
AFG,IDN,5999.0
AFG,IND,1002.0
AFG,IOT,4635.0
AFG,IRL,6091.0
AFG,IRN,1621.0
AFG,IRQ,2288.0
AFG,ISL,6662.0
AFG,ISR,3199.0
AFG,ITA,4941.0
AFG,JAM,13173.0
AFG,JOR,3096.0
AFG,JPN,6282.0
AFG,KAZ,1177.0
AFG,KEN,5206.0
AFG,KGZ,1038.0
AFG,KHM,4420.0
AFG,KIR,11192.0
AFG,KNA,12350.0
AFG,KOR,5137.0
AFG,KWT,2079.0
AFG,LAO,3784.0
AFG,LBN,3091.0
AFG,LBR,8700.0
AFG,LBY,5125.0
AFG,LCA,12496.0
AFG,LIE,5091.0
AFG,LKA,3246.0
AFG,LSO,8315.0
AFG,LTU,4046.0
AFG,LUX,5310.0
AFG,LVA,4186.0
AFG,MAC,4520.0
AFG,MAR,6902.0
AFG,MCO,5312.0
AFG,MDA,3626.0
AFG,MDG,6343.0
AFG,MDV,3390.0
AFG,MEX,13907.0
AFG,MHL,10676.0
AFG,MKD,4204.0
AFG,MLI,8058.0
AFG,MLT,4912.0
AFG,MMR,3327.0
AFG,MNE,4378.0
AFG,MNG,3449.0
AFG,MNP,7853.0
AFG,MOZ,7735.0
AFG,MRT,8462.0
AFG,MSR,12355.0
AFG,MTQ,12453.0
AFG,MUS,6178.0
AFG,MWI,6543.0
AFG,MYS,4836.0
AFG,MYT,5816.0
AFG,NAM,8380.0
AFG,NCL,12022.0
AFG,NER,7080.0
AFG,NFK,12523.0
AFG,NGA,7393.0
AFG,NIC,14229.0
AFG,NIU,13992.0
AFG,NLD,5366.0
AFG,NOR,5017.0
AFG,NPL,1713.0
AFG,NRU,10756.0
AFG,NZL,13464.0
AFG,OMN,1587.0
AFG,PAK,1086.0
AFG,PAN,14174.0
AFG,PCN,17990.0
AFG,PER,15795.0
AFG,PHL,5622.0
AFG,PLW,7294.0
AFG,PNG,9522.0
AFG,POL,4268.0
AFG,PRI,12480.0
AFG,PRK,4994.0
AFG,PRT,6799.0
AFG,PRY,14848.0
AFG,PSE,3245.0
AFG,PYF,15750.0
AFG,QAT,1992.0
AFG,REU,6302.0
AFG,ROU,3817.0
AFG,RUS,3370.0
AFG,RWA,5742.0
AFG,SAU,2426.0
AFG,SDN,4219.0
AFG,SEN,8796.0
AFG,SGP,5147.0
AFG,SHN,9677.0
AFG,SLB,10672.0
AFG,SLE,8789.0
AFG,SLV,14202.0
AFG,SMR,4909.0
AFG,SOM,4364.0
AFG,SPM,9478.0
AFG,SRB,4264.0
AFG,SSD,5077.0
AFG,STP,7493.0
AFG,SUR,12673.0
AFG,SVK,4516.0
AFG,SVN,4722.0
AFG,SWE,4599.0
AFG,SWZ,7839.0
AFG,SXM,12311.0
AFG,SYC,4566.0
AFG,SYR,3024.0
AFG,TCA,12529.0
AFG,TCD,5984.0
AFG,TGO,7611.0
AFG,THA,3905.0
AFG,TJK,446.0
AFG,TKL,13303.0
AFG,TKM,1041.0
AFG,TLS,7609.0
AFG,TON,13619.0
AFG,TTO,12805.0
AFG,TUN,5261.0
AFG,TUR,3583.0
AFG,TUV,12380.0
AFG,TWN,5109.0
AFG,TZA,5553.0
AFG,UGA,5368.0
AFG,UKR,3580.0
AFG,URY,15081.0
AFG,USA,10862.0
AFG,UZB,748.0
AFG,VAT,4943.0
AFG,VCT,12582.0
AFG,VEN,13213.0
AFG,VGB,12385.0
AFG,VNM,4624.0
AFG,VUT,11931.0
AFG,WLF,13091.0
AFG,WSM,13527.0
AFG,YEM,3279.0
AFG,ZAF,8000.0
AFG,ZMB,7019.0
AFG,ZWE,7061.0
AGO,ABW,9505.0
AGO,AFG,7593.0
AGO,AIA,8895.0
AGO,ALB,5595.0
AGO,AND,5809.0
AGO,ARE,5919.0
AGO,ARG,7780.0
AGO,ARM,6309.0
AGO,ASM,17412.0
AGO,ATG,8742.0
AGO,AUS,12821.0
AGO,AUT,6326.0
AGO,AZE,6623.0
AGO,BDI,1884.0
AGO,BEL,6668.0
AGO,BEN,2077.0
AGO,BES,9309.0
AGO,BFA,2858.0
AGO,BGD,9121.0
AGO,BGR,5798.0
AGO,BHR,5599.0
AGO,BHS,10485.0
AGO,BIH,5857.0
AGO,BLR,7082.0
AGO,BLZ,11572.0
AGO,BMU,9423.0
AGO,BOL,8829.0
AGO,BRA,6559.0
AGO,BRB,8410.0
AGO,BRN,11387.0
AGO,BTN,9144.0
AGO,BWA,2208.0
AGO,CAF,1574.0
AGO,CAN,10896.0
AGO,CCK,9122.0
AGO,CHE,6242.0
AGO,CHL,8912.0
AGO,CHN,12250.0
AGO,CIV,2476.0
AGO,CMR,1418.0
AGO,COD,549.0
AGO,COG,554.0
AGO,COK,16593.0
AGO,COL,9802.0
AGO,COM,3302.0
AGO,CPV,4831.0
AGO,CRI,10979.0
AGO,CUB,10968.0
AGO,CUW,9380.0
AGO,CXR,10106.0
AGO,CYM,10818.0
AGO,CYP,5310.0
AGO,CZE,6529.0
AGO,DEU,6799.0
AGO,DJI,4008.0
AGO,DMA,8650.0
AGO,DNK,7150.0
AGO,DOM,9609.0
AGO,DZA,5158.0
AGO,ECU,10326.0
AGO,EGY,4714.0
AGO,ERI,3896.0
AGO,ESH,4898.0
AGO,ESP,5724.0
AGO,EST,7638.0
AGO,ETH,3450.0
AGO,FIN,7720.0
AGO,FJI,16613.0
AGO,FLK,7940.0
AGO,FRA,6479.0
AGO,FRO,8044.0
AGO,FSM,16164.0
AGO,GAB,1103.0
AGO,GBR,6808.0
AGO,GEO,6458.0
AGO,GHA,2380.0
AGO,GIB,5346.0
AGO,GIN,3609.0
AGO,GLP,8702.0
AGO,GMB,4124.0
AGO,GNB,3927.0
AGO,GNQ,1244.0
AGO,GRC,5294.0
AGO,GRD,8611.0
AGO,GRL,9715.0
AGO,GTM,11735.0
AGO,GUF,7434.0
AGO,GUM,14723.0
AGO,GUY,8107.0
AGO,HKG,11507.0
AGO,HND,11372.0
AGO,HRV,6059.0
AGO,HTI,9863.0
AGO,HUN,6266.0
AGO,IDN,10308.0
AGO,IND,8019.0
AGO,IOT,6518.0
AGO,IRL,7132.0
AGO,IRN,6351.0
AGO,IRQ,5716.0
AGO,ISL,8613.0
AGO,ISR,5075.0
AGO,ITA,5618.0
AGO,JAM,10320.0
AGO,JOR,5120.0
AGO,JPN,13852.0
AGO,KAZ,8625.0
AGO,KEN,2743.0
AGO,KGZ,8437.0
AGO,KHM,10394.0
AGO,KIR,17640.0
AGO,KNA,8838.0
AGO,KOR,12697.0
AGO,KWT,5634.0
AGO,LAO,10250.0
AGO,LBN,5282.0
AGO,LBR,3149.0
AGO,LBY,4616.0
AGO,LCA,8577.0
AGO,LIE,6211.0
AGO,LKA,7593.0
AGO,LSO,2712.0
AGO,LTU,7130.0
AGO,LUX,6512.0
AGO,LVA,7359.0
AGO,MAC,11440.0
AGO,MAR,5188.0
AGO,MCO,5851.0
AGO,MDA,6376.0
AGO,MDG,3863.0
AGO,MDV,6842.0
AGO,MEX,12680.0
AGO,MHL,17620.0
AGO,MKD,5691.0
AGO,MLI,3341.0
AGO,MLT,4953.0
AGO,MMR,9553.0
AGO,MNE,5711.0
AGO,MNG,11004.0
AGO,MNP,14827.0
AGO,MOZ,2779.0
AGO,MRT,4379.0
AGO,MSR,8772.0
AGO,MTQ,8600.0
AGO,MUS,4917.0
AGO,MWI,2312.0
AGO,MYS,9901.0
AGO,MYT,3523.0
AGO,NAM,1573.0
AGO,NCL,15503.0
AGO,NER,2761.0
AGO,NFK,15019.0
AGO,NGA,2013.0
AGO,NIC,11245.0
AGO,NIU,16900.0
AGO,NLD,6829.0
AGO,NOR,7625.0
AGO,NPL,8739.0
AGO,NRU,16936.0
AGO,NZL,14593.0
AGO,OMN,6101.0
AGO,PAK,6929.0
AGO,PAN,10469.0
AGO,PCN,14460.0
AGO,PER,9843.0
AGO,PHL,12162.0
AGO,PLW,13565.0
AGO,PNG,14542.0
AGO,POL,6807.0
AGO,PRI,9215.0
AGO,PRK,12569.0
AGO,PRT,5752.0
AGO,PRY,7680.0
AGO,PSE,5005.0
AGO,PYF,16537.0
AGO,QAT,5602.0
AGO,REU,4718.0
AGO,ROU,6040.0
AGO,RUS,7506.0
AGO,RWA,2013.0
AGO,SAU,5192.0
AGO,SDN,3436.0
AGO,SEN,4271.0
AGO,SGP,10108.0
AGO,SHN,2204.0
AGO,SLB,15823.0
AGO,SLE,3504.0
AGO,SLV,11580.0
AGO,SMR,5844.0
AGO,SOM,3760.0
AGO,SPM,9194.0
AGO,SRB,5986.0
AGO,SSD,2537.0
AGO,STP,1245.0
AGO,SUR,7762.0
AGO,SVK,6324.0
AGO,SVN,6080.0
AGO,SWE,7569.0
AGO,SWZ,2704.0
AGO,SXM,8889.0
AGO,SYC,4688.0
AGO,SYR,5284.0
AGO,TCA,9796.0
AGO,TCD,2325.0
AGO,TGO,2126.0
AGO,THA,9958.0
AGO,TJK,7777.0
AGO,TKL,17931.0
AGO,TKM,6985.0
AGO,TLS,12289.0
AGO,TON,16564.0
AGO,TTO,8555.0
AGO,TUN,5064.0
AGO,TUR,5750.0
AGO,TUV,17546.0
AGO,TWN,12260.0
AGO,TZA,2879.0
AGO,UGA,2372.0
AGO,UKR,6778.0
AGO,URY,7577.0
AGO,USA,10415.0
AGO,UZB,7961.0
AGO,VAT,5619.0
AGO,VCT,8581.0
AGO,VEN,9127.0
AGO,VGB,9060.0
AGO,VNM,10570.0
AGO,VUT,16001.0
AGO,WLF,17351.0
AGO,WSM,17438.0
AGO,YEM,4339.0
AGO,ZAF,2478.0
AGO,ZMB,1791.0
AGO,ZWE,2169.0
AIA,ABW,978.0
AIA,AFG,12295.0
AIA,AGO,8895.0
AIA,ALB,8112.0
AIA,AND,6592.0
AIA,ARE,11797.0
AIA,ARG,5867.0
AIA,ARM,10134.0
AIA,ASM,12335.0
AIA,ATG,177.0
AIA,AUS,16535.0
AIA,AUT,7744.0
AIA,AZE,10532.0
AIA,BDI,10389.0
AIA,BEL,6876.0
AIA,BEN,7199.0
AIA,BES,874.0
AIA,BFA,6611.0
AIA,BGD,14552.0
AIA,BGR,8370.0
AIA,BHR,11331.0
AIA,BHS,1660.0
AIA,BIH,7951.0
AIA,BLR,8431.0
AIA,BLZ,2727.0
AIA,BMU,1569.0
AIA,BOL,3880.0
AIA,BRA,4953.0
AIA,BRB,676.0
AIA,BRN,17434.0
AIA,BTN,14162.0
AIA,BWA,10741.0
AIA,CAF,8981.0
AIA,CAN,3215.0
AIA,CCK,17772.0
AIA,CHE,7159.0
AIA,CHL,5775.0
AIA,CHN,14512.0
AIA,CIV,6561.0
AIA,CMR,8253.0
AIA,COD,8943.0
AIA,COG,8937.0
AIA,COK,11402.0
AIA,COL,1925.0
AIA,COM,12123.0
AIA,CPV,4229.0
AIA,CRI,2446.0
AIA,CUB,2083.0
AIA,CUW,925.0
AIA,CXR,18535.0
AIA,CYM,1934.0
AIA,CYP,9428.0
AIA,CZE,7588.0
AIA,DEU,7509.0
AIA,DJI,11284.0
AIA,DMA,368.0
AIA,DNK,7454.0
AIA,DOM,724.0
AIA,DZA,6714.0
AIA,ECU,2914.0
AIA,EGY,9417.0
AIA,ERI,10709.0
AIA,ESH,5185.0
AIA,ESP,6140.0
AIA,EST,8158.0
AIA,ETH,10934.0
AIA,FIN,8157.0
AIA,FJI,13561.0
AIA,FLK,7762.0
AIA,FRA,6711.0
AIA,FRO,6499.0
AIA,FSM,14715.0
AIA,GAB,8156.0
AIA,GBR,6576.0
AIA,GEO,10087.0
AIA,GHA,6770.0
AIA,GIB,5961.0
AIA,GIN,5409.0
AIA,GLP,284.0
AIA,GMB,4984.0
AIA,GNB,5138.0
AIA,GNQ,8137.0
AIA,GRC,8516.0
AIA,GRD,696.0
AIA,GRL,5177.0
AIA,GTM,2959.0
AIA,GUF,1876.0
AIA,GUM,15370.0
AIA,GUY,1370.0
AIA,HKG,15514.0
AIA,HND,2621.0
AIA,HRV,7739.0
AIA,HTI,981.0
AIA,HUN,7951.0
AIA,IDN,18294.0
AIA,IND,13296.0
AIA,IOT,15061.0
AIA,IRL,6214.0
AIA,IRN,10902.0
AIA,IRQ,10446.0
AIA,ISL,5960.0
AIA,ISR,9664.0
AIA,ITA,7497.0
AIA,JAM,1454.0
AIA,JOR,9772.0
AIA,JPN,13577.0
AIA,KAZ,12071.0
AIA,KEN,11106.0
AIA,KGZ,11979.0
AIA,KHM,16460.0
AIA,KIR,13530.0
AIA,KNA,108.0
AIA,KOR,13741.0
AIA,KWT,10944.0
AIA,LAO,15709.0
AIA,LBN,9657.0
AIA,LBR,5816.0
AIA,LBY,7677.0
AIA,LCA,516.0
AIA,LIE,7236.0
AIA,LKA,15093.0
AIA,LSO,11036.0
AIA,LTU,8269.0
AIA,LUX,6992.0
AIA,LVA,8158.0
AIA,MAC,15518.0
AIA,MAR,5739.0
AIA,MCO,7074.0
AIA,MDA,8691.0
AIA,MDG,12758.0
AIA,MDV,14659.0
AIA,MEX,3799.0
AIA,MHL,13430.0
AIA,MKD,8231.0
AIA,MLI,5921.0
AIA,MLT,7748.0
AIA,MMR,15519.0
AIA,MNE,8047.0
AIA,MNG,12613.0
AIA,MNP,15154.0
AIA,MOZ,11415.0
AIA,MRT,4967.0
AIA,MSR,182.0
AIA,MTQ,452.0
AIA,MUS,13811.0
AIA,MWI,11201.0
AIA,MYS,17120.0
AIA,MYT,12361.0
AIA,NAM,9814.0
AIA,NCL,14862.0
AIA,NER,6965.0
AIA,NFK,14728.0
AIA,NGA,7309.0
AIA,NIC,2579.0
AIA,NIU,12377.0
AIA,NLD,6930.0
AIA,NOR,7369.0
AIA,NPL,13895.0
AIA,NRU,14233.0
AIA,NZL,14049.0
AIA,OMN,12177.0
AIA,PAK,12813.0
AIA,PAN,2051.0
AIA,PCN,8504.0
AIA,PER,3682.0
AIA,PHL,16347.0
AIA,PLW,16593.0
AIA,PNG,16628.0
AIA,POL,8028.0
AIA,PRI,323.0
AIA,PRK,13601.0
AIA,PRT,5655.0
AIA,PRY,4850.0
AIA,PSE,9656.0
AIA,PYF,10259.0
AIA,QAT,11453.0
AIA,REU,13612.0
AIA,ROU,8549.0
AIA,RUS,9000.0
AIA,RWA,10414.0
AIA,SAU,11056.0
AIA,SDN,10055.0
AIA,SEN,4875.0
AIA,SGP,17423.0
AIA,SHN,7333.0
AIA,SLB,15295.0
AIA,SLE,5487.0
AIA,SLV,2839.0
AIA,SMR,7478.0
AIA,SOM,11885.0
AIA,SPM,3229.0
AIA,SRB,8102.0
AIA,SSD,10339.0
AIA,STP,7871.0
AIA,SUR,1613.0
AIA,SVK,7799.0
AIA,SVN,7623.0
AIA,SWE,7780.0
AIA,SWZ,11297.0
AIA,SXM,21.0
AIA,SYC,13188.0
AIA,SYR,9744.0
AIA,TCA,920.0
AIA,TCD,8362.0
AIA,TGO,7088.0
AIA,THA,16045.0
AIA,TJK,11972.0
AIA,TKL,12251.0
AIA,TKM,11298.0
AIA,TLS,18599.0
AIA,TON,12965.0
AIA,TTO,852.0
AIA,TUN,7349.0
AIA,TUR,8867.0
AIA,TUV,13235.0
AIA,TWN,15197.0
AIA,TZA,11551.0
AIA,UGA,10603.0
AIA,UKR,8715.0
AIA,URY,5916.0
AIA,USA,2705.0
AIA,UZB,11795.0
AIA,VAT,7495.0
AIA,VCT,593.0
AIA,VEN,949.0
AIA,VGB,166.0
AIA,VNM,16611.0
AIA,VUT,14610.0
AIA,WLF,12882.0
AIA,WSM,12435.0
AIA,YEM,11235.0
AIA,ZAF,10995.0
AIA,ZMB,10678.0
AIA,ZWE,11039.0
ALB,ABW,9090.0
ALB,AFG,4345.0
ALB,AGO,5595.0
ALB,AIA,8112.0
ALB,AND,1521.0
ALB,ARE,3718.0
ALB,ARG,11592.0
ALB,ARM,2082.0
ALB,ASM,16840.0
ALB,ATG,8088.0
ALB,AUS,15371.0
ALB,AUT,811.0
ALB,AZE,2525.0
ALB,BDI,5045.0
ALB,BEL,1591.0
ALB,BEN,4234.0
ALB,BES,8971.0
ALB,BFA,3824.0
ALB,BGD,6727.0
ALB,BGR,328.0
ALB,BHR,3280.0
ALB,BHS,8774.0
ALB,BIH,305.0
ALB,BLR,1512.0
ALB,BLZ,10232.0
ALB,BMU,7314.0
ALB,BOL,11039.0
ALB,BRA,9920.0
ALB,BRB,8183.0
ALB,BRN,10079.0
ALB,BTN,6428.0
ALB,BWA,7332.0
ALB,CAF,4097.0
ALB,CAN,7619.0
ALB,CCK,9838.0
ALB,CHE,1122.0
ALB,CHL,12403.0
ALB,CHN,8660.0
ALB,CIV,4638.0
ALB,CMR,4232.0
ALB,COD,5076.0
ALB,COG,5070.0
ALB,COK,17775.0
ALB,COL,10001.0
ALB,COM,6345.0
ALB,CPV,5087.0
ALB,CRI,10426.0
ALB,CUB,9300.0
ALB,CUW,9029.0
ALB,CXR,10426.0
ALB,CYM,9509.0
ALB,CYP,1367.0
ALB,CZE,1060.0
ALB,DEU,1336.0
ALB,DJI,4005.0
ALB,DMA,8176.0
ALB,DNK,1681.0
ALB,DOM,8654.0
ALB,DZA,1536.0
ALB,ECU,10982.0
ALB,EGY,1621.0
ALB,ERI,3419.0
ALB,ESH,3395.0
ALB,ESP,1979.0
ALB,EST,2043.0
ALB,ETH,4035.0
ALB,FIN,2125.0
ALB,FJI,16734.0
ALB,FLK,12738.0
ALB,FRA,1604.0
ALB,FRO,2903.0
ALB,FSM,13192.0
ALB,GAB,4652.0
ALB,GBR,1895.0
ALB,GEO,2081.0
ALB,GHA,4386.0
ALB,GIB,2254.0
ALB,GIN,4812.0
ALB,GLP,8156.0
ALB,GMB,4691.0
ALB,GNB,4747.0
ALB,GNQ,4486.0
ALB,GRC,504.0
ALB,GRD,8435.0
ALB,GRL,5098.0
ALB,GTM,10571.0
ALB,GUF,8162.0
ALB,GUM,11727.0
ALB,GUY,8510.0
ALB,HKG,8757.0
ALB,HND,10357.0
ALB,HRV,587.0
ALB,HTI,8847.0
ALB,HUN,688.0
ALB,IDN,10216.0
ALB,IND,5325.0
ALB,IOT,7586.0
ALB,IRL,2359.0
ALB,IRN,2810.0
ALB,IRQ,2342.0
ALB,ISL,3676.0
ALB,ISR,1681.0
ALB,ITA,615.0
ALB,JAM,9244.0
ALB,JOR,1773.0
ALB,JPN,9510.0
ALB,KAZ,4620.0
ALB,KEN,5022.0
ALB,KGZ,4452.0
ALB,KHM,8765.0
ALB,KIR,14564.0
ALB,KNA,8148.0
ALB,KOR,8569.0
ALB,KWT,2865.0
ALB,LAO,8121.0
ALB,LBN,1606.0
ALB,LBR,4925.0
ALB,LBY,1107.0
ALB,LCA,8234.0
ALB,LIE,1045.0
ALB,LKA,7019.0
ALB,LSO,7861.0
ALB,LTU,1539.0
ALB,LUX,1408.0
ALB,LVA,1764.0
ALB,MAC,8712.0
ALB,MAR,2562.0
ALB,MCO,1052.0
ALB,MDA,958.0
ALB,MDG,7257.0
ALB,MDV,6731.0
ALB,MEX,10812.0
ALB,MHL,13914.0
ALB,MKD,154.0
ALB,MLI,4172.0
ALB,MLT,759.0
ALB,MMR,7666.0
ALB,MNE,132.0
ALB,MNG,6573.0
ALB,MNP,11647.0
ALB,MOZ,7563.0
ALB,MRT,4267.0
ALB,MSR,8141.0
ALB,MTQ,8199.0
ALB,MUS,7840.0
ALB,MWI,6288.0
ALB,MYS,9102.0
ALB,MYT,6535.0
ALB,NAM,7078.0
ALB,NCL,16256.0
ALB,NER,3529.0
ALB,NFK,16842.0
ALB,NGA,4193.0
ALB,NIC,10431.0
ALB,NIU,17370.0
ALB,NLD,1668.0
ALB,NOR,2160.0
ALB,NPL,6056.0
ALB,NRU,14413.0
ALB,NZL,17808.0
ALB,OMN,4094.0
ALB,PAK,4704.0
ALB,PAN,10127.0
ALB,PCN,16526.0
ALB,PER,11455.0
ALB,PHL,9856.0
ALB,PLW,11474.0
ALB,PNG,13784.0
ALB,POL,1215.0
ALB,PRI,8345.0
ALB,PRK,8381.0
ALB,PRT,2477.0
ALB,PRY,10855.0
ALB,PSE,1702.0
ALB,PYF,17181.0
ALB,QAT,3410.0
ALB,REU,7808.0
ALB,ROU,618.0
ALB,RUS,2062.0
ALB,RWA,4903.0
ALB,SAU,3096.0
ALB,SDN,3108.0
ALB,SEN,4646.0
ALB,SGP,9418.0
ALB,SHN,6865.0
ALB,SLB,14750.0
ALB,SLE,4881.0
ALB,SLV,10540.0
ALB,SMR,670.0
ALB,SOM,5048.0
ALB,SPM,5879.0
ALB,SRB,391.0
ALB,SSD,4207.0
ALB,STP,4727.0
ALB,SUR,8329.0
ALB,SVK,788.0
ALB,SVN,677.0
ALB,SWE,2006.0
ALB,SWZ,7579.0
ALB,SXM,8124.0
ALB,SYC,6243.0
ALB,SYR,1694.0
ALB,TCA,8544.0
ALB,TCD,3271.0
ALB,TGO,4314.0
ALB,THA,8245.0
ALB,TJK,4141.0
ALB,TKL,16303.0
ALB,TKM,3304.0
ALB,TLS,11950.0
ALB,TON,17363.0
ALB,TTO,8514.0
ALB,TUN,973.0
ALB,TUR,767.0
ALB,TUV,15846.0
ALB,TWN,9118.0
ALB,TZA,5689.0
ALB,UGA,4721.0
ALB,UKR,1308.0
ALB,URY,11454.0
ALB,USA,7454.0
ALB,UZB,4079.0
ALB,VAT,617.0
ALB,VCT,8313.0
ALB,VEN,8975.0
ALB,VGB,8227.0
ALB,VNM,8969.0
ALB,VUT,16037.0
ALB,WLF,16535.0
ALB,WSM,16759.0
ALB,YEM,3715.0
ALB,ZAF,7524.0
ALB,ZMB,6342.0
ALB,ZWE,6651.0
AND,ABW,7570.0
AND,AFG,5810.0
AND,AGO,5809.0
AND,AIA,6592.0
AND,ALB,1521.0
AND,ARE,5232.0
AND,ARG,10492.0
AND,ARM,3569.0
AND,ASM,16788.0
AND,ATG,6570.0
AND,AUS,16889.0
AND,AUT,1322.0
AND,AZE,3994.0
AND,BDI,5805.0
AND,BEL,952.0
AND,BEN,3996.0
AND,BES,7452.0
AND,BFA,3354.0
AND,BGD,8182.0
AND,BGR,1784.0
AND,BHR,4784.0
AND,BHS,7293.0
AND,BIH,1374.0
AND,BLR,2293.0
AND,BLZ,8758.0
AND,BMU,5829.0
AND,BOL,9654.0
AND,BRA,8827.0
AND,BRB,6678.0
AND,BRN,11521.0
AND,BTN,7860.0
AND,BWA,7847.0
AND,CAF,4550.0
AND,CAN,6308.0
AND,CCK,11348.0
AND,CHE,770.0
AND,CHL,11168.0
AND,CHN,9802.0
AND,CIV,4153.0
AND,CMR,4394.0
AND,COD,5371.0
AND,COG,5363.0
AND,COK,17076.0
AND,COL,8486.0
AND,COM,7357.0
AND,CPV,3884.0
AND,CRI,8913.0
AND,CUB,7829.0
AND,CUW,7510.0
AND,CXR,11946.0
AND,CYM,8016.0
AND,CYP,2864.0
AND,CZE,1300.0
AND,DEU,1425.0
AND,DJI,5280.0
AND,DMA,6662.0
AND,DNK,1667.0
AND,DOM,7135.0
AND,DZA,652.0
AND,ECU,9470.0
AND,EGY,2986.0
AND,ERI,4667.0
AND,ESH,2165.0
AND,ESP,494.0
AND,EST,2466.0
AND,ETH,5189.0
AND,FIN,2526.0
AND,FJI,17287.0
AND,FLK,11904.0
AND,FRA,708.0
AND,FRO,2238.0
AND,FSM,14044.0
AND,GAB,4732.0
AND,GBR,1008.0
AND,GEO,3544.0
AND,GHA,3981.0
AND,GIB,921.0
AND,GIN,3938.0
AND,GLP,6639.0
AND,GMB,3666.0
AND,GNB,3779.0
AND,GNQ,4576.0
AND,GRC,1952.0
AND,GRD,6928.0
AND,GRL,4106.0
AND,GTM,9092.0
AND,GUF,6733.0
AND,GUM,12763.0
AND,GUY,7037.0
AND,HKG,10068.0
AND,HND,8863.0
AND,HRV,1211.0
AND,HTI,7331.0
AND,HUN,1484.0
AND,IDN,11731.0
AND,IND,6803.0
AND,IOT,9014.0
AND,IRL,1335.0
AND,IRN,4319.0
AND,IRQ,3861.0
AND,ISL,2832.0
AND,ISR,3143.0
AND,ITA,907.0
AND,JAM,7735.0
AND,JOR,3244.0
AND,JPN,10362.0
AND,KAZ,5936.0
AND,KEN,6003.0
AND,KGZ,5786.0
AND,KHM,10223.0
AND,KIR,15075.0
AND,KNA,6629.0
AND,KOR,9565.0
AND,KWT,4377.0
AND,LAO,9552.0
AND,LBN,3101.0
AND,LBR,4191.0
AND,LBY,1481.0
AND,LCA,6723.0
AND,LIE,815.0
AND,LKA,8536.0
AND,LSO,8386.0
AND,LTU,2197.0
AND,LUX,866.0
AND,LVA,2267.0
AND,MAC,10029.0
AND,MAR,1272.0
AND,MCO,499.0
AND,MDA,2209.0
AND,MDG,8277.0
AND,MDV,8224.0
AND,MEX,9409.0
AND,MHL,14417.0
AND,MKD,1640.0
AND,MLI,3435.0
AND,MLT,1338.0
AND,MMR,9136.0
AND,MNE,1456.0
AND,MNG,7610.0
AND,MNP,12646.0
AND,MOZ,8220.0
AND,MRT,3174.0
AND,MSR,6623.0
AND,MTQ,6686.0
AND,MUS,9003.0
AND,MWI,7070.0
AND,MYS,10607.0
AND,MYT,7574.0
AND,NAM,7379.0
AND,NCL,17366.0
AND,NER,3214.0
AND,NFK,18087.0
AND,NGA,3999.0
AND,NIC,8928.0
AND,NIU,17284.0
AND,NLD,1126.0
AND,NOR,2036.0
AND,NPL,7507.0
AND,NRU,15133.0
AND,NZL,19160.0
AND,OMN,5609.0
AND,PAK,6222.0
AND,PAN,8607.0
AND,PCN,15029.0
AND,PER,9988.0
AND,PHL,11179.0
AND,PLW,12725.0
AND,PNG,15055.0
AND,POL,1817.0
AND,PRI,6825.0
AND,PRK,9371.0
AND,PRT,995.0
AND,PRY,9651.0
AND,PSE,3150.0
AND,PYF,16123.0
AND,QAT,4912.0
AND,REU,8935.0
AND,ROU,1993.0
AND,RUS,2971.0
AND,RWA,5697.0
AND,SAU,4569.0
AND,SDN,4204.0
AND,SEN,3579.0
AND,SGP,10923.0
AND,SHN,6513.0
AND,SLB,15784.0
AND,SLE,4037.0
AND,SLV,9052.0
AND,SMR,901.0
AND,SOM,6247.0
AND,SPM,4499.0
AND,SRB,1546.0
AND,SSD,5121.0
AND,STP,4700.0
AND,SUR,6876.0
AND,SVK,1370.0
AND,SVN,1107.0
AND,SWE,2190.0
AND,SWZ,8204.0
AND,SXM,6604.0
AND,SYC,7527.0
AND,SYR,3188.0
AND,TCA,7033.0
AND,TCD,3614.0
AND,TGO,4029.0
AND,THA,9713.0
AND,TJK,5565.0
AND,TKL,16267.0
AND,TKM,4775.0
AND,TLS,13413.0
AND,TON,17615.0
AND,TTO,7012.0
AND,TUN,973.0
AND,TUR,2277.0
AND,TUV,16231.0
AND,TWN,10331.0
AND,TZA,6667.0
AND,UGA,5610.0
AND,UKR,2376.0
AND,URY,10382.0
AND,USA,6078.0
AND,UZB,5464.0
AND,VAT,905.0
AND,VCT,6804.0
AND,VEN,7461.0
AND,VGB,6706.0
AND,VNM,10422.0
AND,VUT,16990.0
AND,WLF,16757.0
AND,WSM,16762.0
AND,YEM,5055.0
AND,ZAF,8080.0
AND,ZMB,6974.0
AND,ZWE,7335.0
ARE,ABW,12771.0
ARE,AFG,1684.0
ARE,AGO,5919.0
ARE,AIA,11797.0
ARE,ALB,3718.0
ARE,AND,5232.0
ARE,ARG,13655.0
ARE,ARM,1935.0
ARE,ASM,15083.0
ARE,ATG,11758.0
ARE,AUS,11658.0
ARE,AUT,4239.0
ARE,AZE,1749.0
ARE,BDI,4231.0
ARE,BEL,5156.0
ARE,BEN,5997.0
ARE,BES,12639.0
ARE,BFA,6116.0
ARE,BGD,3552.0
ARE,BGR,3498.0
ARE,BHR,486.0
ARE,BHS,12470.0
ARE,BIH,3921.0
ARE,BLR,3921.0
ARE,BLZ,13910.0
ARE,BMU,11019.0
ARE,BOL,14110.0
ARE,BRA,12233.0
ARE,BRB,11795.0
ARE,BRN,6734.0
ARE,BTN,3424.0
ARE,BWA,6367.0
ARE,CAF,4556.0
ARE,CAN,11085.0
ARE,CCK,6119.0
ARE,CHE,4768.0
ARE,CHL,14760.0
ARE,CHN,6430.0
ARE,CIV,6684.0
ARE,CMR,5244.0
ARE,COD,5422.0
ARE,COG,5420.0
ARE,COK,16425.0
ARE,COL,13639.0
ARE,COM,4294.0
ARE,CPV,8215.0
ARE,CRI,14144.0
ARE,CUB,12981.0
ARE,CUW,12701.0
ARE,CXR,6738.0
ARE,CYM,13215.0
ARE,CYP,2372.0
ARE,CZE,4451.0
ARE,DEU,4624.0
ARE,DJI,1984.0
ARE,DMA,11827.0
ARE,DNK,4825.0
ARE,DOM,12365.0
ARE,DZA,5086.0
ARE,ECU,14592.0
ARE,EGY,2428.0
ARE,ERI,2031.0
ARE,ESH,6760.0
ARE,ESP,5665.0
ARE,EST,4472.0
ARE,ETH,2512.0
ARE,FIN,4522.0
ARE,FJI,14135.0
ARE,FLK,13752.0
ARE,FRA,5251.0
ARE,FRO,6106.0
ARE,FSM,10968.0
ARE,GAB,5642.0
ARE,GBR,5477.0
ARE,GEO,2062.0
ARE,GHA,6380.0
ARE,GIB,5842.0
ARE,GIN,7455.0
ARE,GLP,11815.0
ARE,GMB,7594.0
ARE,GNB,7553.0
ARE,GNQ,5526.0
ARE,GRC,3287.0
ARE,GRD,12052.0
ARE,GRL,8287.0
ARE,GTM,14255.0
ARE,GUF,11540.0
ARE,GUM,9330.0
ARE,GUY,12009.0
ARE,HKG,5962.0
ARE,HND,14062.0
ARE,HRV,4171.0
ARE,HTI,12563.0
ARE,HUN,4024.0
ARE,IDN,6572.0
ARE,IND,2204.0
ARE,IOT,4045.0
ARE,IRL,5919.0
ARE,IRN,1214.0
ARE,IRQ,1385.0
ARE,ISL,6889.0
ARE,ISR,2139.0
ARE,ITA,4326.0
ARE,JAM,12962.0
ARE,JOR,2030.0
ARE,JPN,7940.0
ARE,KAZ,2800.0
ARE,KEN,3550.0
ARE,KGZ,2628.0
ARE,KHM,5423.0
ARE,KIR,12711.0
ARE,KNA,11825.0
ARE,KOR,6788.0
ARE,KWT,856.0
ARE,LAO,4938.0
ARE,LBN,2141.0
ARE,LBR,7316.0
ARE,LBY,4159.0
ARE,LCA,11868.0
ARE,LIE,4688.0
ARE,LKA,3306.0
ARE,LSO,6733.0
ARE,LTU,4090.0
ARE,LUX,5000.0
ARE,LVA,4311.0
ARE,MAC,5901.0
ARE,MAR,6084.0
ARE,MCO,4770.0
ARE,MDA,3357.0
ARE,MDG,4960.0
ARE,MDV,3039.0
ARE,MEX,14345.0
ARE,MHL,12243.0
ARE,MKD,3615.0
ARE,MLI,6755.0
ARE,MLT,4054.0
ARE,MMR,4330.0
ARE,MNE,3800.0
ARE,MNG,5131.0
ARE,MNP,9349.0
ARE,MOZ,6178.0
ARE,MRT,7339.0
ARE,MSR,11810.0
ARE,MTQ,11840.0
ARE,MUS,5032.0
ARE,MWI,4929.0
ARE,MYS,5531.0
ARE,MYT,4349.0
ARE,NAM,6711.0
ARE,NCL,13083.0
ARE,NER,5701.0
ARE,NFK,13432.0
ARE,NGA,5894.0
ARE,NIC,14145.0
ARE,NIU,15337.0
ARE,NLD,5163.0
ARE,NOR,5138.0
ARE,NPL,2997.0
ARE,NRU,12208.0
ARE,NZL,14202.0
ARE,OMN,380.0
ARE,PAK,1188.0
ARE,PAN,13833.0
ARE,PCN,19649.0
ARE,PER,14823.0
ARE,PHL,6913.0
ARE,PLW,8583.0
ARE,PNG,10645.0
ARE,POL,4154.0
ARE,PRI,12046.0
ARE,PRK,6654.0
ARE,PRT,6144.0
ARE,PRY,13355.0
ARE,PSE,2153.0
ARE,PYF,17317.0
ARE,QAT,391.0
ARE,REU,5106.0
ARE,ROU,3382.0
ARE,RUS,3678.0
ARE,RWA,4060.0
ARE,SAU,871.0
ARE,SDN,2604.0
ARE,SEN,7620.0
ARE,SGP,5842.0
ARE,SHN,8034.0
ARE,SLB,11925.0
ARE,SLE,7462.0
ARE,SLV,14238.0
ARE,SMR,4378.0
ARE,SOM,2784.0
ARE,SPM,9489.0
ARE,SRB,3803.0
ARE,SSD,3395.0
ARE,STP,5902.0
ARE,SUR,11770.0
ARE,SVK,4186.0
ARE,SVN,4287.0
ARE,SWE,4755.0
ARE,SWZ,6271.0
ARE,SXM,11808.0
ARE,SYC,3307.0
ARE,SYR,2054.0
ARE,TCA,12262.0
ARE,TCD,4470.0
ARE,TGO,6125.0
ARE,THA,4891.0
ARE,TJK,1941.0
ARE,TKL,14809.0
ARE,TKM,1435.0
ARE,TLS,8473.0
ARE,TON,14869.0
ARE,TTO,12112.0
ARE,TUN,4451.0
ARE,TUR,2996.0
ARE,TUV,13819.0
ARE,TWN,6596.0
ARE,TZA,3953.0
ARE,UGA,3688.0
ARE,UKR,3510.0
ARE,URY,13458.0
ARE,USA,11024.0
ARE,UZB,2190.0
ARE,VAT,4329.0
ARE,VCT,11939.0
ARE,VEN,12617.0
ARE,VGB,11920.0
ARE,VNM,5634.0
ARE,VUT,13107.0
ARE,WLF,14493.0
ARE,WSM,14958.0
ARE,YEM,1595.0
ARE,ZAF,6405.0
ARE,ZMB,5372.0
ARE,ZWE,5445.0
ARG,ABW,5359.0
ARG,AFG,15271.0
ARG,AGO,7780.0
ARG,AIA,5867.0
ARG,ALB,11592.0
ARG,AND,10492.0
ARG,ARE,13655.0
ARG,ARM,13385.0
ARG,ASM,11064.0
ARG,ATG,5736.0
ARG,AUS,11633.0
ARG,AUT,11790.0
ARG,AZE,13823.0
ARG,BDI,9597.0
ARG,BEL,11282.0
ARG,BEN,7821.0
ARG,BES,5279.0
ARG,BFA,7937.0
ARG,BGD,16776.0
ARG,BGR,11919.0
ARG,BHR,13276.0
ARG,BHS,6900.0
ARG,BIH,11648.0
ARG,BLR,12784.0
ARG,BLZ,6578.0
ARG,BMU,7435.0
ARG,BOL,2229.0
ARG,BRA,1675.0
ARG,BRB,5281.0
ARG,BRN,16650.0
ARG,BTN,16889.0
ARG,BWA,8007.0
ARG,CAF,9100.0
ARG,CAN,8930.0
ARG,CCK,14207.0
ARG,CHE,11261.0
ARG,CHL,1138.0
ARG,CHN,19629.0
ARG,CIV,7209.0
ARG,CMR,8438.0
ARG,COD,8250.0
ARG,COG,8251.0
ARG,COK,9676.0
ARG,COL,4642.0
ARG,COM,10324.0
ARG,CPV,6608.0
ARG,CRI,5624.0
ARG,CUB,6873.0
ARG,CUW,5288.0
ARG,CXR,14748.0
ARG,CYM,6441.0
ARG,CYP,12260.0
ARG,CZE,11791.0
ARG,DEU,11889.0
ARG,DJI,11788.0
ARG,DMA,5532.0
ARG,DNK,12044.0
ARG,DOM,6001.0
ARG,DZA,10143.0
ARG,ECU,4227.0
ARG,EGY,11805.0
ARG,ERI,11627.0
ARG,ESH,8330.0
ARG,ESP,10022.0
ARG,EST,12883.0
ARG,ETH,11230.0
ARG,FIN,12926.0
ARG,FJI,11641.0
ARG,FLK,1900.0
ARG,FRA,11026.0
ARG,FRO,11666.0
ARG,FSM,15181.0
ARG,GAB,8024.0
ARG,GBR,11103.0
ARG,GEO,13470.0
ARG,GHA,7506.0
ARG,GIB,9572.0
ARG,GIN,6792.0
ARG,GLP,5611.0
ARG,GMB,6908.0
ARG,GNB,6845.0
ARG,GNQ,8150.0
ARG,GRC,11673.0
ARG,GRD,5176.0
ARG,GRL,10967.0
ARG,GTM,6420.0
ARG,GUF,4422.0
ARG,GUM,16715.0
ARG,GUY,4583.0
ARG,HKG,18464.0
ARG,HND,6190.0
ARG,HRV,11615.0
ARG,HTI,6064.0
ARG,HUN,11914.0
ARG,IDN,15230.0
ARG,IND,15799.0
ARG,IOT,13082.0
ARG,IRL,10964.0
ARG,IRN,13774.0
ARG,IRQ,13078.0
ARG,ISL,11406.0
ARG,ISR,12211.0
ARG,ITA,11131.0
ARG,JAM,6139.0
ARG,JOR,12301.0
ARG,JPN,18375.0
ARG,KAZ,16079.0
ARG,KEN,10411.0
ARG,KGZ,15889.0
ARG,KHM,16951.0
ARG,KIR,13553.0
ARG,KNA,5762.0
ARG,KOR,19433.0
ARG,KWT,13199.0
ARG,LAO,17381.0
ARG,LBN,12365.0
ARG,LBR,6741.0
ARG,LBY,10565.0
ARG,LCA,5387.0
ARG,LIE,11306.0
ARG,LKA,14764.0
ARG,LSO,7884.0
ARG,LTU,12687.0
ARG,LUX,11287.0
ARG,LVA,12731.0
ARG,MAC,18426.0
ARG,MAR,9222.0
ARG,MCO,10938.0
ARG,MDA,12533.0
ARG,MDG,10213.0
ARG,MDV,14035.0
ARG,MEX,7372.0
ARG,MHL,14096.0
ARG,MKD,11746.0
ARG,MLI,7460.0
ARG,MLT,10867.0
ARG,MMR,16811.0
ARG,MNE,11622.0
ARG,MNG,18094.0
ARG,MNP,16785.0
ARG,MOZ,8496.0
ARG,MRT,7359.0
ARG,MSR,5702.0
ARG,MTQ,5454.0
ARG,MUS,10931.0
ARG,MWI,9340.0
ARG,MYS,15964.0
ARG,MYT,10426.0
ARG,NAM,7340.0
ARG,NCL,12133.0
ARG,NER,8314.0
ARG,NFK,11445.0
ARG,NGA,7909.0
ARG,NIC,5951.0
ARG,NIU,10662.0
ARG,NLD,11422.0
ARG,NOR,12224.0
ARG,NPL,16504.0
ARG,NRU,13911.0
ARG,NZL,10374.0
ARG,OMN,13871.0
ARG,PAK,14709.0
ARG,PAN,5314.0
ARG,PCN,6744.0
ARG,PER,3130.0
ARG,PHL,17787.0
ARG,PLW,16713.0
ARG,PNG,14439.0
ARG,POL,12308.0
ARG,PRI,5930.0
ARG,PRK,19396.0
ARG,PRT,9574.0
ARG,PRY,1034.0
ARG,PSE,12154.0
ARG,PYF,9029.0
ARG,QAT,13305.0
ARG,REU,10718.0
ARG,ROU,12210.0
ARG,RUS,13460.0
ARG,RWA,9750.0
ARG,SAU,12852.0
ARG,SDN,11063.0
ARG,SEN,6966.0
ARG,SGP,15886.0
ARG,SHN,5624.0
ARG,SLB,13685.0
ARG,SLE,6733.0
ARG,SLV,6258.0
ARG,SMR,11267.0
ARG,SOM,11400.0
ARG,SPM,9016.0
ARG,SRB,11847.0
ARG,SSD,10315.0
ARG,STP,7778.0
ARG,SUR,4492.0
ARG,SVK,11832.0
ARG,SVN,11537.0
ARG,SWE,12539.0
ARG,SWZ,8362.0
ARG,SXM,5845.0
ARG,SYC,11867.0
ARG,SYR,12412.0
ARG,TCA,6350.0
ARG,TCD,9299.0
ARG,TGO,7702.0
ARG,THA,16878.0
ARG,TJK,15340.0
ARG,TKL,11452.0
ARG,TKM,14442.0
ARG,TLS,15209.0
ARG,TON,10929.0
ARG,TTO,5021.0
ARG,TUN,10624.0
ARG,TUR,12230.0
ARG,TUV,12314.0
ARG,TWN,18940.0
ARG,TZA,10283.0
ARG,UGA,10123.0
ARG,UKR,12808.0
ARG,URY,206.0
ARG,USA,8492.0
ARG,UZB,15429.0
ARG,VAT,11130.0
ARG,VCT,5294.0
ARG,VEN,5070.0
ARG,VGB,5905.0
ARG,VNM,16964.0
ARG,VUT,12402.0
ARG,WLF,11586.0
ARG,WSM,11184.0
ARG,YEM,12108.0
ARG,ZAF,8105.0
ARG,ZMB,8757.0
ARG,ZWE,8859.0
ARM,ABW,11109.0
ARM,AFG,2265.0
ARM,AGO,6309.0
ARM,AIA,10134.0
ARM,ALB,2082.0
ARM,AND,3569.0
ARM,ARE,1935.0
ARM,ARG,13385.0
ARM,ASM,15552.0
ARM,ATG,10123.0
ARM,AUS,13369.0
ARM,AUT,2403.0
ARM,AZE,458.0
ARM,BDI,5066.0
ARM,BEL,3306.0
ARM,BEN,5618.0
ARM,BES,11003.0
ARM,BFA,5449.0
ARM,BGD,4646.0
ARM,BGR,1788.0
ARM,BHR,1648.0
ARM,BHS,10614.0
ARM,BIH,2195.0
ARM,BLR,1986.0
ARM,BLZ,12026.0
ARM,BMU,9189.0
ARM,BOL,13093.0
ARM,BRA,11753.0
ARM,BRB,10246.0
ARM,BRN,7999.0
ARM,BTN,4357.0
ARM,BWA,7433.0
ARM,CAF,4746.0
ARM,CAN,9152.0
ARM,CCK,7916.0
ARM,CHE,2978.0
ARM,CHL,14318.0
ARM,CHN,6818.0
ARM,CIV,6189.0
ARM,CMR,5210.0
ARM,COD,5761.0
ARM,COG,5757.0
ARM,COK,16903.0
ARM,COL,12045.0
ARM,COM,5745.0
ARM,CPV,7095.0
ARM,CRI,12356.0
ARM,CUB,11105.0
ARM,CUW,11058.0
ARM,CXR,8416.0
ARM,CYM,11371.0
ARM,CYP,1129.0
ARM,CZE,2587.0
ARM,DEU,2728.0
ARM,DJI,3171.0
ARM,DMA,10224.0
ARM,DNK,2902.0
ARM,DOM,10630.0
ARM,DZA,3606.0
ARM,ECU,13032.0
ARM,EGY,1649.0
ARM,ERI,2807.0
ARM,ESH,5446.0
ARM,ESP,4047.0
ARM,EST,2549.0
ARM,ETH,3499.0
ARM,FIN,2604.0
ARM,FJI,14992.0
ARM,FLK,14154.0
ARM,FRA,3439.0
ARM,FRO,4172.0
ARM,FSM,11475.0
ARM,GAB,5657.0
ARM,GBR,3623.0
ARM,GEO,170.0
ARM,GHA,5897.0
ARM,GIB,4336.0
ARM,GIN,6639.0
ARM,GLP,10198.0
ARM,GMB,6617.0
ARM,GNB,6637.0
ARM,GNQ,5503.0
ARM,GRC,1810.0
ARM,GRD,10495.0
ARM,GRL,6355.0
ARM,GTM,12373.0
ARM,GUF,10240.0
ARM,GUM,9903.0
ARM,GUY,10591.0
ARM,HKG,6754.0
ARM,HND,12208.0
ARM,HRV,2395.0
ARM,HTI,10804.0
ARM,HUN,2192.0
ARM,IDN,8174.0
ARM,IND,3243.0
ARM,IOT,5980.0
ARM,IRL,4044.0
ARM,IRN,785.0
ARM,IRQ,759.0
ARM,ISL,4954.0
ARM,ISR,1254.0
ARM,ITA,2685.0
ARM,JAM,11166.0
ARM,JOR,1194.0
ARM,JPN,7948.0
ARM,KAZ,2700.0
ARM,KEN,4658.0
ARM,KGZ,2514.0
ARM,KHM,6683.0
ARM,KIR,13065.0
ARM,KNA,10178.0
ARM,KOR,6886.0
ARM,KWT,1240.0
ARM,LAO,6047.0
ARM,LBN,1063.0
ARM,LBR,6649.0
ARM,LBY,2903.0
ARM,LCA,10289.0
ARM,LIE,2900.0
ARM,LKA,5092.0
ARM,LSO,7893.0
ARM,LTU,2155.0
ARM,LUX,3168.0
ARM,LVA,2377.0
ARM,MAC,6705.0
ARM,MAR,4638.0
ARM,MCO,3075.0
ARM,MDA,1470.0
ARM,MDG,6549.0
ARM,MDV,4937.0
ARM,MEX,12412.0
ARM,MHL,12471.0
ARM,MKD,1944.0
ARM,MLI,5950.0
ARM,MLT,2663.0
ARM,MMR,5584.0
ARM,MNE,2121.0
ARM,MNG,4933.0
ARM,MNP,9858.0
ARM,MOZ,7428.0
ARM,MRT,6243.0
ARM,MSR,10176.0
ARM,MTQ,10250.0
ARM,MUS,6815.0
ARM,MWI,6096.0
ARM,MYS,7039.0
ARM,MYT,5864.0
ARM,NAM,7506.0
ARM,NCL,14257.0
ARM,NER,5074.0
ARM,NFK,14783.0
ARM,NGA,5541.0
ARM,NIC,12315.0
ARM,NIU,15986.0
ARM,NLD,3289.0
ARM,NOR,3203.0
ARM,NPL,3977.0
ARM,NRU,12745.0
ARM,NZL,15726.0
ARM,OMN,2263.0
ARM,PAK,2699.0
ARM,PAN,12106.0
ARM,PCN,18131.0
ARM,PER,13537.0
ARM,PHL,7835.0
ARM,PLW,9487.0
ARM,PNG,11759.0
ARM,POL,2238.0
ARM,PRI,10348.0
ARM,PRK,6712.0
ARM,PRT,4549.0
ARM,PRY,12771.0
ARM,PSE,1321.0
ARM,PYF,17156.0
ARM,QAT,1772.0
ARM,REU,6854.0
ARM,ROU,1586.0
ARM,RUS,1804.0
ARM,RWA,4892.0
ARM,SAU,1730.0
ARM,SDN,2967.0
ARM,SEN,6596.0
ARM,SGP,7355.0
ARM,SHN,8098.0
ARM,SLB,12840.0
ARM,SLE,6684.0
ARM,SLV,12371.0
ARM,SMR,2669.0
ARM,SOM,4225.0
ARM,SPM,7592.0
ARM,SRB,2035.0
ARM,SSD,4123.0
ARM,STP,5838.0
ARM,SUR,10411.0
ARM,SVK,2348.0
ARM,SVN,2511.0
ARM,SWE,2820.0
ARM,SWZ,7491.0
ARM,SXM,10148.0
ARM,SYC,5085.0
ARM,SYR,1040.0
ARM,TCA,10483.0
ARM,TCD,4245.0
ARM,TGO,5728.0
ARM,THA,6163.0
ARM,TJK,2093.0
ARM,TKL,15106.0
ARM,TKM,1224.0
ARM,TLS,9868.0
ARM,TON,15719.0
ARM,TTO,10581.0
ARM,TUN,3001.0
ARM,TUR,1319.0
ARM,TUV,14331.0
ARM,TWN,7195.0
ARM,TZA,5232.0
ARM,UGA,4578.0
ARM,UKR,1578.0
ARM,URY,13222.0
ARM,USA,9107.0
ARM,UZB,2083.0
ARM,VAT,2687.0
ARM,VCT,10371.0
ARM,VEN,11022.0
ARM,VGB,10238.0
ARM,VNM,6887.0
ARM,VUT,14121.0
ARM,WLF,15061.0
ARM,WSM,15438.0
ARM,YEM,2752.0
ARM,ZAF,7545.0
ARM,ZMB,6380.0
ARM,ZWE,6572.0
ASM,ABW,11486.0
ASM,AFG,13651.0
ASM,AGO,17412.0
ASM,AIA,12335.0
ASM,ALB,16840.0
ASM,AND,16788.0
ASM,ARE,15083.0
ASM,ARG,11064.0
ASM,ARM,15552.0
ASM,ATG,12444.0
ASM,AUS,5080.0
ASM,AUT,16186.0
ASM,AZE,15137.0
ASM,BDI,17069.0
ASM,BEL,15924.0
ASM,BEN,18866.0
ASM,BES,11665.0
ASM,BFA,18842.0
ASM,BGD,11532.0
ASM,BGR,16582.0
ASM,BHR,15541.0
ASM,BHS,11008.0
ASM,BIH,16616.0
ASM,BLR,15329.0
ASM,BLZ,9649.0
ASM,BMU,12333.0
ASM,BOL,10865.0
ASM,BRA,12640.0
ASM,BRB,12608.0
ASM,BRN,8475.0
ASM,BTN,11673.0
ASM,BWA,15339.0
ASM,CAF,18524.0
ASM,CAN,11196.0
ASM,CCK,9949.0
ASM,CHE,16335.0
ASM,CHL,10054.0
ASM,CHN,8817.0
ASM,CIV,18263.0
ASM,CMR,18828.0
ASM,COD,17845.0
ASM,COG,17852.0
ASM,COK,1391.0
ASM,COL,10856.0
ASM,COM,15303.0
ASM,CPV,16503.0
ASM,CRI,9927.0
ASM,CUB,10461.0
ASM,CUW,11593.0
ASM,CXR,9057.0
ASM,CYM,10463.0
ASM,CYP,16678.0
ASM,CZE,16006.0
ASM,DEU,15746.0
ASM,DJI,16354.0
ASM,DMA,12461.0
ASM,DNK,15402.0
ASM,DOM,11627.0
ASM,DZA,17439.0
ASM,ECU,10045.0
ASM,EGY,17174.0
ASM,ERI,16845.0
ASM,ESH,17290.0
ASM,ESP,16847.0
ASM,EST,14834.0
ASM,ETH,16774.0
ASM,FIN,14754.0
ASM,FJI,1237.0
ASM,FLK,10273.0
ASM,FRA,16118.0
ASM,FRO,14554.0
ASM,FSM,4162.0
ASM,GAB,18468.0
ASM,GBR,15790.0
ASM,GEO,15443.0
ASM,GHA,18565.0
ASM,GIB,17182.0
ASM,GIN,17483.0
ASM,GLP,12437.0
ASM,GMB,17227.0
ASM,GNB,17324.0
ASM,GNQ,18630.0
ASM,GRC,17024.0
ASM,GRD,12359.0
ASM,GRL,12809.0
ASM,GTM,9387.0
ASM,GUF,13210.0
ASM,GUM,5790.0
ASM,GUY,12629.0
ASM,HKG,9132.0
ASM,HND,9716.0
ASM,HRV,16452.0
ASM,HTI,11376.0
ASM,HUN,16213.0
ASM,IDN,9038.0
ASM,IND,12901.0
ASM,IOT,12671.0
ASM,IRL,15462.0
ASM,IRN,15206.0
ASM,IRQ,15901.0
ASM,ISL,13974.0
ASM,ISR,16767.0
ASM,ITA,16928.0
ASM,JAM,10902.0
ASM,JOR,16680.0
ASM,JPN,7605.0
ASM,KAZ,12895.0
ASM,KEN,16541.0
ASM,KGZ,13087.0
ASM,KHM,9736.0
ASM,KIR,2493.0
ASM,KNA,12355.0
ASM,KOR,8672.0
ASM,KWT,15720.0
ASM,LAO,10158.0
ASM,LBN,16602.0
ASM,LBR,17662.0
ASM,LBY,17908.0
ASM,LCA,12479.0
ASM,LIE,16360.0
ASM,LKA,12298.0
ASM,LSO,14804.0
ASM,LTU,15312.0
ASM,LUX,16075.0
ASM,LVA,15107.0
ASM,MAC,9192.0
ASM,MAR,17277.0
ASM,MCO,16734.0
ASM,MDA,15950.0
ASM,MDG,14450.0
ASM,MDV,12912.0
ASM,MEX,8679.0
ASM,MHL,3082.0
ASM,MKD,16719.0
ASM,MLI,18154.0
ASM,MLT,17554.0
ASM,MMR,10793.0
ASM,MNE,16741.0
ASM,MNG,10620.0
ASM,MNP,5797.0
ASM,MOZ,14901.0
ASM,MRT,17301.0
ASM,MSR,12400.0
ASM,MTQ,12481.0
ASM,MUS,13518.0
ASM,MWI,15890.0
ASM,MYS,9846.0
ASM,MYT,15060.0
ASM,NAM,15843.0
ASM,NCL,2568.0
ASM,NER,19254.0
ASM,NFK,2740.0
ASM,NGA,18935.0
ASM,NIC,9760.0
ASM,NIU,536.0
ASM,NLD,15760.0
ASM,NOR,14937.0
ASM,NPL,12100.0
ASM,NRU,2896.0
ASM,NZL,2889.0
ASM,OMN,14764.0
ASM,PAK,13899.0
ASM,PAN,10387.0
ASM,PCN,4572.0
ASM,PER,10079.0
ASM,PHL,8172.0
ASM,PLW,6508.0
ASM,PNG,4614.0
ASM,POL,15668.0
ASM,PRI,12022.0
ASM,PRK,8843.0
ASM,PRT,16754.0
ASM,PRY,11553.0
ASM,PSE,16826.0
ASM,PYF,2290.0
ASM,QAT,15472.0
ASM,REU,13653.0
ASM,ROU,16305.0
ASM,RUS,14805.0
ASM,RWA,17115.0
ASM,SAU,15953.0
ASM,SDN,17532.0
ASM,SEN,17154.0
ASM,SGP,9562.0
ASM,SHN,16282.0
ASM,SLB,3240.0
ASM,SLE,17495.0
ASM,SLV,9498.0
ASM,SMR,16703.0
ASM,SOM,15846.0
ASM,SPM,13018.0
ASM,SRB,16460.0
ASM,SSD,17375.0
ASM,STP,18437.0
ASM,SUR,12928.0
ASM,SVK,16180.0
ASM,SVN,16448.0
ASM,SWE,14952.0
ASM,SWZ,14935.0
ASM,SXM,12333.0
ASM,SYC,14526.0
ASM,SYR,16562.0
ASM,TCA,11557.0
ASM,TCD,19364.0
ASM,TGO,18757.0
ASM,THA,10258.0
ASM,TJK,13635.0
ASM,TKL,545.0
ASM,TKM,14539.0
ASM,TLS,6964.0
ASM,TON,897.0
ASM,TTO,12355.0
ASM,TUN,17505.0
ASM,TUR,16489.0
ASM,TUV,1273.0
ASM,TWN,8545.0
ASM,TZA,15976.0
ASM,UGA,17035.0
ASM,UKR,15562.0
ASM,URY,11237.0
ASM,USA,11593.0
ASM,UZB,13552.0
ASM,VAT,16927.0
ASM,VCT,12437.0
ASM,VEN,11776.0
ASM,VGB,12176.0
ASM,VNM,9528.0
ASM,VUT,2276.0
ASM,WLF,602.0
ASM,WSM,125.0
ASM,YEM,16279.0
ASM,ZAF,15092.0
ASM,ZMB,16121.0
ASM,ZWE,15734.0
ATG,ABW,1016.0
ATG,AFG,12303.0
ATG,AGO,8742.0
ATG,AIA,177.0
ATG,ALB,8088.0
ATG,AND,6570.0
ATG,ARE,11758.0
ATG,ARG,5736.0
ATG,ARM,10123.0
ATG,ASM,12444.0
ATG,AUS,16538.0
ATG,AUT,7742.0
ATG,AZE,10527.0
ATG,BDI,10256.0
ATG,BEL,6883.0
ATG,BEN,7067.0
ATG,BES,883.0
ATG,BFA,6491.0
ATG,BGD,14583.0
ATG,BGR,8351.0
ATG,BHR,11288.0
ATG,BHS,1833.0
ATG,BIH,7934.0
ATG,BLR,8450.0
ATG,BLZ,2862.0
ATG,BMU,1707.0
ATG,BOL,3782.0
ATG,BRA,4793.0
ATG,BRB,505.0
ATG,BRN,17540.0
ATG,BTN,14199.0
ATG,BWA,10574.0
ATG,CAF,8856.0
ATG,CAN,3380.0
ATG,CCK,17674.0
ATG,CHE,7153.0
ATG,CHL,5674.0
ATG,CHN,14644.0
ATG,CIV,6423.0
ATG,CMR,8122.0
ATG,COD,8799.0
ATG,COG,8793.0
ATG,COK,11485.0
ATG,COL,1922.0
ATG,COM,11981.0
ATG,CPV,4104.0
ATG,CRI,2532.0
ATG,CUB,2245.0
ATG,CUW,943.0
ATG,CXR,18489.0
ATG,CYM,2079.0
ATG,CYP,9393.0
ATG,CZE,7592.0
ATG,DEU,7521.0
ATG,DJI,11195.0
ATG,DMA,207.0
ATG,DNK,7476.0
ATG,DOM,867.0
ATG,DZA,6672.0
ATG,ECU,2912.0
ATG,EGY,9365.0
ATG,ERI,10625.0
ATG,ESH,5108.0
ATG,ESP,6112.0
ATG,EST,8193.0
ATG,ETH,10834.0
ATG,FIN,8194.0
ATG,FJI,13665.0
ATG,FLK,7633.0
ATG,FRA,6711.0
ATG,FRO,6549.0
ATG,FSM,14886.0
ATG,GAB,8017.0
ATG,GBR,6586.0
ATG,GEO,10080.0
ATG,GHA,6637.0
ATG,GIB,5917.0
ATG,GIN,5275.0
ATG,GLP,124.0
ATG,GMB,4858.0
ATG,GNB,5008.0
ATG,GNQ,8001.0
ATG,GRC,8483.0
ATG,GRD,560.0
ATG,GRL,5284.0
ATG,GTM,3082.0
ATG,GUF,1701.0
ATG,GUM,15546.0
ATG,GUY,1209.0
ATG,HKG,15625.0
ATG,HND,2738.0
ATG,HRV,7728.0
ATG,HTI,1123.0
ATG,HUN,7947.0
ATG,IDN,18296.0
ATG,IND,13304.0
ATG,IOT,14949.0
ATG,IRL,6234.0
ATG,IRN,10886.0
ATG,IRQ,10416.0
ATG,ISL,6029.0
ATG,ISR,9621.0
ATG,ITA,7473.0
ATG,JAM,1590.0
ATG,JOR,9730.0
ATG,JPN,13737.0
ATG,KAZ,12112.0
ATG,KEN,10981.0
ATG,KGZ,12015.0
ATG,KHM,16519.0
ATG,KIR,13683.0
ATG,KNA,96.0
ATG,KOR,13882.0
ATG,KWT,10906.0
ATG,LAO,15771.0
ATG,LBN,9621.0
ATG,LBR,5675.0
ATG,LBY,7624.0
ATG,LCA,356.0
ATG,LIE,7229.0
ATG,LKA,15043.0
ATG,LSO,10865.0
ATG,LTU,8289.0
ATG,LUX,6994.0
ATG,LVA,8185.0
ATG,MAC,15626.0
ATG,MAR,5687.0
ATG,MCO,7056.0
ATG,MDA,8689.0
ATG,MDG,12605.0
ATG,MDV,14588.0
ATG,MEX,3945.0
ATG,MHL,13593.0
ATG,MKD,8210.0
ATG,MLI,5798.0
ATG,MLT,7705.0
ATG,MMR,15553.0
ATG,MNE,8026.0
ATG,MNG,12716.0
ATG,MNP,15330.0
ATG,MOZ,11249.0
ATG,MRT,4857.0
ATG,MSR,53.0
ATG,MTQ,290.0
ATG,MUS,13659.0
ATG,MWI,11051.0
ATG,MYS,17137.0
ATG,MYT,12218.0
ATG,NAM,9646.0
ATG,NCL,14957.0
ATG,NER,6850.0
ATG,NFK,14797.0
ATG,NGA,7178.0
ATG,NIC,2684.0
ATG,NIU,12473.0
ATG,NLD,6942.0
ATG,NOR,7405.0
ATG,NPL,13921.0
ATG,NRU,14387.0
ATG,NZL,14090.0
ATG,OMN,12138.0
ATG,PAK,12791.0
ATG,PAN,2115.0
ATG,PCN,8551.0
ATG,PER,3632.0
ATG,PHL,16482.0
ATG,PLW,16766.0
ATG,PNG,16780.0
ATG,POL,8039.0
ATG,PRI,476.0
ATG,PRK,13739.0
ATG,PRT,5622.0
ATG,PRY,4715.0
ATG,PSE,9612.0
ATG,PYF,10345.0
ATG,QAT,11409.0
ATG,REU,13458.0
ATG,ROU,8537.0
ATG,RUS,9028.0
ATG,RWA,10283.0
ATG,SAU,11005.0
ATG,SDN,9966.0
ATG,SEN,4752.0
ATG,SGP,17445.0
ATG,SHN,7163.0
ATG,SLB,15436.0
ATG,SLE,5350.0
ATG,SLV,2957.0
ATG,SMR,7460.0
ATG,SOM,11774.0
ATG,SPM,3330.0
ATG,SRB,8089.0
ATG,SSD,10223.0
ATG,STP,7730.0
ATG,SUR,1442.0
ATG,SVK,7797.0
ATG,SVN,7613.0
ATG,SWE,7814.0
ATG,SWZ,11129.0
ATG,SXM,162.0
ATG,SYC,13069.0
ATG,SYR,9707.0
ATG,TCA,1089.0
ATG,TCD,8252.0
ATG,TGO,6955.0
ATG,THA,16089.0
ATG,TJK,11989.0
ATG,TKL,12372.0
ATG,TKM,11297.0
ATG,TLS,18775.0
ATG,TON,13057.0
ATG,TTO,715.0
ATG,TUN,7307.0
ATG,TUR,8847.0
ATG,TUV,13364.0
ATG,TWN,15330.0
ATG,TZA,11417.0
ATG,UGA,10478.0
ATG,UKR,8724.0
ATG,URY,5781.0
ATG,USA,2865.0
ATG,UZB,11818.0
ATG,VAT,7471.0
ATG,VCT,443.0
ATG,VEN,913.0
ATG,VGB,327.0
ATG,VNM,16677.0
ATG,VUT,14720.0
ATG,WLF,12997.0
ATG,WSM,12545.0
ATG,YEM,11156.0
ATG,ZAF,10828.0
ATG,ZMB,10524.0
ATG,ZWE,10882.0
AUS,ABW,15561.0
AUS,AFG,11194.0
AUS,AGO,12821.0
AUS,AIA,16535.0
AUS,ALB,15371.0
AUS,AND,16889.0
AUS,ARE,11658.0
AUS,ARG,11633.0
AUS,ARM,13369.0
AUS,ASM,5080.0
AUS,ATG,16538.0
AUS,AUT,15757.0
AUS,AZE,12971.0
AUS,BDI,11990.0
AUS,BEL,16610.0
AUS,BEN,14890.0
AUS,BES,15664.0
AUS,BFA,15661.0
AUS,BGD,8882.0
AUS,BGR,15125.0
AUS,BHR,12109.0
AUS,BHS,15803.0
AUS,BIH,15547.0
AUS,BLR,15022.0
AUS,BLZ,14338.0
AUS,BMU,17256.0
AUS,BOL,13073.0
AUS,BRA,13105.0
AUS,BRB,16351.0
AUS,BRN,5661.0
AUS,BTN,9246.0
AUS,BWA,10620.0
AUS,CAF,13457.0
AUS,CAN,16263.0
AUS,CCK,5989.0
AUS,CHE,16344.0
AUS,CHL,11299.0
AUS,CHN,8024.0
AUS,CIV,15241.0
AUS,CMR,13985.0
AUS,COD,13040.0
AUS,COG,13047.0
AUS,COK,5578.0
AUS,COL,14616.0
AUS,COM,10228.0
AUS,CPV,17229.0
AUS,CRI,14241.0
AUS,CUB,15253.0
AUS,CUW,15611.0
AUS,CXR,5307.0
AUS,CYM,15108.0
AUS,CYP,14028.0
AUS,CZE,15906.0
AUS,DEU,15965.0
AUS,DJI,11828.0
AUS,DMA,16421.0
AUS,DNK,15978.0
AUS,DOM,16019.0
AUS,DZA,16669.0
AUS,ECU,13626.0
AUS,EGY,13962.0
AUS,ERI,12440.0
AUS,ESH,17662.0
AUS,ESP,17312.0
AUS,EST,15208.0
AUS,ETH,12047.0
AUS,FIN,15194.0
AUS,FJI,3916.0
AUS,FLK,9842.0
AUS,FRA,16788.0
AUS,FRO,16693.0
AUS,FSM,5138.0
AUS,GAB,13865.0
AUS,GBR,16898.0
AUS,GEO,13417.0
AUS,GHA,15195.0
AUS,GIB,17386.0
AUS,GIN,16220.0
AUS,GLP,16455.0
AUS,GMB,16758.0
AUS,GNB,16547.0
AUS,GNQ,13961.0
AUS,GRC,14942.0
AUS,GRD,16118.0
AUS,GRL,16869.0
AUS,GTM,14015.0
AUS,GUF,15966.0
AUS,GUM,5677.0
AUS,GUY,15860.0
AUS,HKG,7391.0
AUS,HND,14266.0
AUS,HRV,15764.0
AUS,HTI,15823.0
AUS,HUN,15552.0
AUS,IDN,5202.0
AUS,IND,10192.0
AUS,IOT,8536.0
AUS,IRL,17213.0
AUS,IRN,12599.0
AUS,IRQ,13029.0
AUS,ISL,16949.0
AUS,ISR,13763.0
AUS,ITA,15983.0
AUS,JAM,15415.0
AUS,JOR,13658.0
AUS,JPN,8156.0
AUS,KAZ,11300.0
AUS,KEN,11510.0
AUS,KGZ,11416.0
AUS,KHM,6877.0
AUS,KIR,5204.0
AUS,KNA,16487.0
AUS,KOR,8549.0
AUS,KWT,12513.0
AUS,LAO,7600.0
AUS,LBN,13793.0
AUS,LBR,15748.0
AUS,LBY,15655.0
AUS,LCA,16338.0
AUS,LIE,16267.0
AUS,LKA,8353.0
AUS,LSO,10140.0
AUS,LTU,15177.0
AUS,LUX,16504.0
AUS,LVA,15255.0
AUS,MAC,7412.0
AUS,MAR,17509.0
AUS,MCO,16418.0
AUS,MDA,14810.0
AUS,MDG,9370.0
AUS,MDV,8684.0
AUS,MEX,13562.0
AUS,MHL,5677.0
AUS,MKD,15258.0
AUS,MLI,16148.0
AUS,MLT,15652.0
AUS,MMR,7910.0
AUS,MNE,15444.0
AUS,MNG,10219.0
AUS,MNP,5870.0
AUS,MOZ,10049.0
AUS,MRT,17146.0
AUS,MSR,16485.0
AUS,MTQ,16384.0
AUS,MUS,8450.0
AUS,MWI,10846.0
AUS,MYS,6358.0
AUS,MYT,9986.0
AUS,NAM,11393.0
AUS,NCL,2683.0
AUS,NER,15470.0
AUS,NFK,1677.0
AUS,NGA,14813.0
AUS,NIC,14215.0
AUS,NIU,4825.0
AUS,NLD,16541.0
AUS,NOR,15976.0
AUS,NPL,9552.0
AUS,NRU,4701.0
AUS,NZL,2632.0
AUS,OMN,11280.0
AUS,PAK,10684.0
AUS,PAN,14545.0
AUS,PCN,7708.0
AUS,PER,12971.0
AUS,PHL,6321.0
AUS,PLW,5116.0
AUS,PNG,3150.0
AUS,POL,15448.0
AUS,PRI,16320.0
AUS,PRK,8733.0
AUS,PRT,17763.0
AUS,PRY,12632.0
AUS,PSE,13761.0
AUS,PYF,6699.0
AUS,QAT,11982.0
AUS,REU,8577.0
AUS,ROU,14953.0
AUS,RUS,14412.0
AUS,RWA,12037.0
AUS,SAU,12342.0
AUS,SDN,13017.0
AUS,SEN,16918.0
AUS,SGP,6047.0
AUS,SHN,13316.0
AUS,SLB,3485.0
AUS,SLE,16093.0
AUS,SLV,14070.0
AUS,SMR,16017.0
AUS,SOM,10997.0
AUS,SPM,18019.0
AUS,SRB,15400.0
AUS,SSD,12390.0
AUS,STP,14061.0
AUS,SUR,15927.0
AUS,SVK,15702.0
AUS,SVN,15880.0
AUS,SWE,15588.0
AUS,SWZ,10118.0
AUS,SXM,16521.0
AUS,SYC,9658.0
AUS,SYR,13705.0
AUS,TCA,16119.0
AUS,TCD,14309.0
AUS,TGO,14947.0
AUS,THA,7352.0
AUS,TJK,11497.0
AUS,TKL,5392.0
AUS,TKM,12202.0
AUS,TLS,3782.0
AUS,TON,4241.0
AUS,TTO,16011.0
AUS,TUN,16055.0
AUS,TUR,14625.0
AUS,TUV,4726.0
AUS,TWN,7376.0
AUS,TZA,10909.0
AUS,UGA,11986.0
AUS,UKR,14768.0
AUS,URY,11672.0
AUS,USA,16672.0
AUS,UZB,11652.0
AUS,VAT,15985.0
AUS,VCT,16249.0
AUS,VEN,15628.0
AUS,VGB,16432.0
AUS,VNM,6694.0
AUS,VUT,3184.0
AUS,WLF,4704.0
AUS,WSM,5023.0
AUS,YEM,11978.0
AUS,ZAF,10347.0
AUS,ZMB,11171.0
AUS,ZWE,10772.0
AUT,ABW,8716.0
AUT,AFG,4571.0
AUT,AGO,6326.0
AUT,AIA,7744.0
AUT,ALB,811.0
AUT,AND,1322.0
AUT,ARE,4239.0
AUT,ARG,11790.0
AUT,ARM,2403.0
AUT,ASM,16186.0
AUT,ATG,7742.0
AUT,AUS,15757.0
AUT,AZE,2788.0
AUT,BDI,5854.0
AUT,BEL,917.0
AUT,BEN,4815.0
AUT,BES,8616.0
AUT,BFA,4308.0
AUT,BGD,6918.0
AUT,BGR,818.0
AUT,BHR,3842.0
AUT,BHS,8237.0
AUT,BIH,508.0
AUT,BLR,1007.0
AUT,BLZ,9672.0
AUT,BMU,6797.0
AUT,BOL,10962.0
AUT,BRA,10119.0
AUT,BRB,7897.0
AUT,BRN,10236.0
AUT,BTN,6580.0
AUT,BWA,8125.0
AUT,CAF,4864.0
AUT,CAN,6935.0
AUT,CCK,10314.0
AUT,CHE,597.0
AUT,CHL,12489.0
AUT,CHN,8495.0
AUT,CIV,5131.0
AUT,CMR,4936.0
AUT,COD,5821.0
AUT,COG,5814.0
AUT,COK,16991.0
AUT,COL,9664.0
AUT,COM,7147.0
AUT,CPV,5188.0
AUT,CRI,9957.0
AUT,CUB,8743.0
AUT,CUW,8669.0
AUT,CXR,10814.0
AUT,CYM,8988.0
AUT,CYP,2017.0
AUT,CZE,253.0
AUT,DEU,524.0
AUT,DJI,4762.0
AUT,DMA,7852.0
AUT,DNK,871.0
AUT,DOM,8227.0
AUT,DZA,1674.0
AUT,ECU,10654.0
AUT,EGY,2382.0
AUT,ERI,4191.0
AUT,ESH,3463.0
AUT,ESP,1813.0
AUT,EST,1364.0
AUT,ETH,4825.0
AUT,FIN,1441.0
AUT,FJI,16299.0
AUT,FLK,13120.0
AUT,FRA,1037.0
AUT,FRO,2109.0
AUT,FSM,12852.0
AUT,GAB,5340.0
AUT,GBR,1239.0
AUT,GEO,2344.0
AUT,GHA,4907.0
AUT,GIB,2227.0
AUT,GIN,5122.0
AUT,GLP,7822.0
AUT,GMB,4912.0
AUT,GNB,5003.0
AUT,GNQ,5174.0
AUT,GRC,1286.0
AUT,GRD,8140.0
AUT,GRL,4327.0
AUT,GTM,10017.0
AUT,GUF,8031.0
AUT,GUM,11492.0
AUT,GUY,8302.0
AUT,HKG,8747.0
AUT,HND,9831.0
AUT,HRV,268.0
AUT,HTI,8401.0
AUT,HUN,215.0
AUT,IDN,10555.0
AUT,IND,5572.0
AUT,IOT,8218.0
AUT,IRL,1686.0
AUT,IRN,3185.0
AUT,IRQ,2859.0
AUT,ISL,2894.0
AUT,ISR,2368.0
AUT,ITA,765.0
AUT,JAM,8767.0
AUT,JOR,2444.0
AUT,JPN,9150.0
AUT,KAZ,4622.0
AUT,KEN,5830.0
AUT,KGZ,4476.0
AUT,KHM,8953.0
AUT,KIR,14071.0
AUT,KNA,7793.0
AUT,KOR,8296.0
AUT,KWT,3411.0
AUT,LAO,8266.0
AUT,LBN,2248.0
AUT,LBR,5309.0
AUT,LBY,1723.0
AUT,LCA,7926.0
AUT,LIE,528.0
AUT,LKA,7486.0
AUT,LSO,8657.0
AUT,LTU,949.0
AUT,LUX,766.0
AUT,LVA,1103.0
AUT,MAC,8709.0
AUT,MAR,2573.0
AUT,MCO,853.0
AUT,MDA,947.0
AUT,MDG,8055.0
AUT,MDV,7278.0
AUT,MEX,10169.0
AUT,MHL,13411.0
AUT,MKD,796.0
AUT,MLI,4543.0
AUT,MLT,1375.0
AUT,MMR,7883.0
AUT,MNE,680.0
AUT,MNG,6322.0
AUT,MNP,11387.0
AUT,MOZ,8370.0
AUT,MRT,4440.0
AUT,MSR,7794.0
AUT,MTQ,7884.0
AUT,MUS,8608.0
AUT,MWI,7099.0
AUT,MYS,9403.0
AUT,MYT,7333.0
AUT,NAM,7837.0
AUT,NCL,16100.0
AUT,NER,4066.0
AUT,NFK,16788.0
AUT,NGA,4788.0
AUT,NIC,9927.0
AUT,NIU,16722.0
AUT,NLD,939.0
AUT,NOR,1353.0
AUT,NPL,6243.0
AUT,NRU,14014.0
AUT,NZL,17852.0
AUT,OMN,4600.0
AUT,PAK,5103.0
AUT,PAN,9703.0
AUT,PCN,15947.0
AUT,PER,11248.0
AUT,PHL,9859.0
AUT,PLW,11406.0
AUT,PNG,13736.0
AUT,POL,557.0
AUT,PRI,7950.0
AUT,PRK,8103.0
AUT,PRT,2303.0
AUT,PRY,10967.0
AUT,PSE,2402.0
AUT,PYF,16372.0
AUT,QAT,3975.0
AUT,REU,8585.0
AUT,ROU,858.0
AUT,RUS,1674.0
AUT,RWA,5713.0
AUT,SAU,3724.0
AUT,SDN,3913.0
AUT,SEN,4839.0
AUT,SGP,9716.0
AUT,SHN,7436.0
AUT,SLB,14530.0
AUT,SLE,5208.0
AUT,SLV,10002.0
AUT,SMR,563.0
AUT,SOM,5821.0
AUT,SPM,5258.0
AUT,SRB,490.0
AUT,SSD,5019.0
AUT,STP,5385.0
AUT,SUR,8160.0
AUT,SVK,55.0
AUT,SVN,278.0
AUT,SWE,1243.0
AUT,SWZ,8384.0
AUT,SXM,7759.0
AUT,SYC,6979.0
AUT,SYR,2330.0
AUT,TCA,8081.0
AUT,TCD,4004.0
AUT,TGO,4879.0
AUT,THA,8453.0
AUT,TJK,4293.0
AUT,TKL,15641.0
AUT,TKM,3555.0
AUT,TLS,12135.0
AUT,TON,16830.0
AUT,TTO,8235.0
AUT,TUN,1363.0
AUT,TUR,1276.0
AUT,TUV,15320.0
AUT,TWN,9014.0
AUT,TZA,6496.0
AUT,UGA,5532.0
AUT,UKR,1056.0
AUT,URY,11673.0
AUT,USA,6814.0
AUT,UZB,4171.0
AUT,VAT,765.0
AUT,VCT,8012.0
AUT,VEN,8648.0
AUT,VGB,7844.0
AUT,VNM,9148.0
AUT,VUT,15783.0
AUT,WLF,15963.0
AUT,WSM,16120.0
AUT,YEM,4446.0
AUT,ZAF,8323.0
AUT,ZMB,7145.0
AUT,ZWE,7458.0
AZE,ABW,11504.0
AZE,AFG,1821.0
AZE,AGO,6623.0
AZE,AIA,10532.0
AZE,ALB,2525.0
AZE,AND,3994.0
AZE,ARE,1749.0
AZE,ARG,13823.0
AZE,ARM,458.0
AZE,ASM,15137.0
AZE,ATG,10527.0
AZE,AUS,12971.0
AZE,AUT,2788.0
AZE,BDI,5278.0
AZE,BEL,3672.0
AZE,BEN,6033.0
AZE,BES,11403.0
AZE,BFA,5889.0
AZE,BGD,4202.0
AZE,BGR,2223.0
AZE,BHR,1572.0
AZE,BHS,10943.0
AZE,BIH,2620.0
AZE,BLR,2247.0
AZE,BLZ,12332.0
AZE,BMU,9535.0
AZE,BOL,13548.0
AZE,BRA,12199.0
AZE,BRB,10666.0
AZE,BRN,7554.0
AZE,BTN,3905.0
AZE,BWA,7616.0
AZE,CAF,5076.0
AZE,CAN,9402.0
AZE,CCK,7566.0
AZE,CHE,3374.0
AZE,CHL,14768.0
AZE,CHN,6373.0
AZE,CIV,6618.0
AZE,CMR,5579.0
AZE,COD,6079.0
AZE,COG,6075.0
AZE,COK,16504.0
AZE,COL,12449.0
AZE,COM,5806.0
AZE,CPV,7552.0
AZE,CRI,12709.0
AZE,CUB,11420.0
AZE,CUW,11456.0
AZE,CXR,8027.0
AZE,CYM,11703.0
AZE,CYP,1564.0
AZE,CZE,2953.0
AZE,DEU,3068.0
AZE,DJI,3258.0
AZE,DMA,10633.0
AZE,DNK,3205.0
AZE,DOM,11007.0
AZE,DZA,4055.0
AZE,ECU,13439.0
AZE,EGY,2043.0
AZE,ERI,2972.0
AZE,ESH,5900.0
AZE,ESP,4477.0
AZE,EST,2751.0
AZE,ETH,3645.0
AZE,FIN,2795.0
AZE,FJI,14542.0
AZE,FLK,14521.0
AZE,FRA,3823.0
AZE,FRO,4433.0
AZE,FSM,11036.0
AZE,GAB,6024.0
AZE,GBR,3984.0
AZE,GEO,450.0
AZE,GHA,6324.0
AZE,GIB,4779.0
AZE,GIN,7091.0
AZE,GLP,10605.0
AZE,GMB,7073.0
AZE,GNB,7093.0
AZE,GNQ,5874.0
AZE,GRC,2267.0
AZE,GRD,10912.0
AZE,GRL,6568.0
AZE,GTM,12679.0
AZE,GUF,10687.0
AZE,GUM,9456.0
AZE,GUY,11027.0
AZE,HKG,6297.0
AZE,HND,12533.0
AZE,HRV,2804.0
AZE,HTI,11173.0
AZE,HUN,2581.0
AZE,IDN,7769.0
AZE,IND,2809.0
AZE,IOT,5755.0
AZE,IRL,4389.0
AZE,IRN,537.0
AZE,IRQ,921.0
AZE,ISL,5197.0
AZE,ISR,1637.0
AZE,ITA,3121.0
AZE,JAM,11521.0
AZE,JOR,1561.0
AZE,JPN,7541.0
AZE,KAZ,2257.0
AZE,KEN,4801.0
AZE,KGZ,2069.0
AZE,KHM,6241.0
AZE,KIR,12645.0
AZE,KNA,10579.0
AZE,KOR,6465.0
AZE,KWT,1234.0
AZE,LAO,5597.0
AZE,LBN,1466.0
AZE,LBR,7093.0
AZE,LBY,3361.0
AZE,LCA,10703.0
AZE,LIE,3298.0
AZE,LKA,4755.0
AZE,LSO,8056.0
AZE,LTU,2420.0
AZE,LUX,3544.0
AZE,LVA,2616.0
AZE,MAC,6247.0
AZE,MAR,5085.0
AZE,MCO,3497.0
AZE,MDA,1841.0
AZE,MDG,6568.0
AZE,MDV,4657.0
AZE,MEX,12652.0
AZE,MHL,12061.0
AZE,MKD,2383.0
AZE,MLI,6400.0
AZE,MLT,3120.0
AZE,MMR,5146.0
AZE,MNE,2557.0
AZE,MNG,4530.0
AZE,MNP,9415.0
AZE,MOZ,7563.0
AZE,MRT,6701.0
AZE,MSR,10580.0
AZE,MTQ,10663.0
AZE,MUS,6748.0
AZE,MWI,6242.0
AZE,MYS,6624.0
AZE,MYT,5904.0
AZE,NAM,7753.0
AZE,NCL,13800.0
AZE,NER,5509.0
AZE,NFK,14331.0
AZE,NGA,5953.0
AZE,NIC,12651.0
AZE,NIU,15557.0
AZE,NLD,3640.0
AZE,NOR,3459.0
AZE,NPL,3531.0
AZE,NRU,12308.0
AZE,NZL,15284.0
AZE,OMN,2030.0
AZE,PAK,2346.0
AZE,PAN,12480.0
AZE,PCN,18222.0
AZE,PER,13975.0
AZE,PHL,7378.0
AZE,PLW,9029.0
AZE,PNG,11302.0
AZE,POL,2560.0
AZE,PRI,10736.0
AZE,PRK,6294.0
AZE,PRT,4980.0
AZE,PRY,13224.0
AZE,PSE,1701.0
AZE,PYF,16865.0
AZE,QAT,1679.0
AZE,REU,6806.0
AZE,ROU,2002.0
AZE,RUS,1932.0
AZE,RWA,5103.0
AZE,SAU,1765.0
AZE,SDN,3225.0
AZE,SEN,7053.0
AZE,SGP,6939.0
AZE,SHN,8476.0
AZE,SLB,12384.0
AZE,SLE,7134.0
AZE,SLV,12687.0
AZE,SMR,3093.0
AZE,SOM,4270.0
AZE,SPM,7902.0
AZE,SRB,2451.0
AZE,SSD,4341.0
AZE,STP,6217.0
AZE,SUR,10852.0
AZE,SVK,2732.0
AZE,SVN,2918.0
AZE,SWE,3058.0
AZE,SWZ,7635.0
AZE,SXM,10546.0
AZE,SYC,5014.0
AZE,SYR,1428.0
AZE,TCA,10847.0
AZE,TCD,4629.0
AZE,TGO,6146.0
AZE,THA,5724.0
AZE,TJK,1635.0
AZE,TKL,14706.0
AZE,TKM,781.0
AZE,TLS,9429.0
AZE,TON,15273.0
AZE,TTO,11002.0
AZE,TUN,3454.0
AZE,TUR,1767.0
AZE,TUV,13903.0
AZE,TWN,6741.0
AZE,TZA,5338.0
AZE,UGA,4770.0
AZE,UKR,1875.0
AZE,URY,13656.0
AZE,USA,9389.0
AZE,UZB,1630.0
AZE,VAT,3123.0
AZE,VCT,10787.0
AZE,VEN,11431.0
AZE,VGB,10631.0
AZE,VNM,6444.0
AZE,VUT,13664.0
AZE,WLF,14632.0
AZE,WSM,15020.0
AZE,YEM,2828.0
AZE,ZAF,7710.0
AZE,ZMB,6569.0
AZE,ZWE,6733.0
BDI,ABW,11119.0
BDI,AFG,5912.0
BDI,AGO,1884.0
BDI,AIA,10389.0
BDI,ALB,5045.0
BDI,AND,5805.0
BDI,ARE,4231.0
BDI,ARG,9597.0
BDI,ARM,5066.0
BDI,ASM,17069.0
BDI,ATG,10256.0
BDI,AUS,11990.0
BDI,AUT,5854.0
BDI,AZE,5278.0
BDI,BEL,6465.0
BDI,BEN,3193.0
BDI,BES,10926.0
BDI,BFA,3836.0
BDI,BGD,7256.0
BDI,BGR,5139.0
BDI,BHR,3994.0
BDI,BHS,11858.0
BDI,BIH,5346.0
BDI,BLR,6351.0
BDI,BLZ,13116.0
BDI,BMU,10603.0
BDI,BOL,10711.0
BDI,BRA,8438.0
BDI,BRB,9992.0
BDI,BRN,9562.0
BDI,BTN,7302.0
BDI,BWA,2383.0
BDI,CAF,1476.0
BDI,CAN,11775.0
BDI,CCK,7487.0
BDI,CHE,5980.0
BDI,CHL,10734.0
BDI,CHN,10407.0
BDI,CIV,3836.0
BDI,CMR,2141.0
BDI,COD,1564.0
BDI,COG,1567.0
BDI,COK,17109.0
BDI,COL,11539.0
BDI,COM,1787.0
BDI,CPV,6169.0
BDI,CRI,12652.0
BDI,CUB,12387.0
BDI,CUW,10999.0
BDI,CXR,8453.0
BDI,CYM,12318.0
BDI,CYP,4287.0
BDI,CZE,6096.0
BDI,DEU,6375.0
BDI,DJI,2251.0
BDI,DMA,10197.0
BDI,DNK,6725.0
BDI,DOM,11113.0
BDI,DZA,5215.0
BDI,ECU,12143.0
BDI,EGY,3704.0
BDI,ERI,2323.0
BDI,ESH,5683.0
BDI,ESP,5904.0
BDI,EST,6977.0
BDI,ETH,1722.0
BDI,FIN,7058.0
BDI,FJI,15882.0
BDI,FLK,9523.0
BDI,FRA,6350.0
BDI,FRO,7875.0
BDI,FSM,14349.0
BDI,GAB,2254.0
BDI,GBR,6694.0
BDI,GEO,5232.0
BDI,GHA,3619.0
BDI,GIB,5671.0
BDI,GIN,4981.0
BDI,GLP,10237.0
BDI,GMB,5416.0
BDI,GNB,5254.0
BDI,GNQ,2257.0
BDI,GRC,4613.0
BDI,GRD,10217.0
BDI,GRL,9911.0
BDI,GTM,13330.0
BDI,GUF,9132.0
BDI,GUM,12852.0
BDI,GUY,9789.0
BDI,HKG,9626.0
BDI,HND,12976.0
BDI,HRV,5608.0
BDI,HTI,11370.0
BDI,HUN,5726.0
BDI,IDN,8594.0
BDI,IND,6221.0
BDI,IOT,4788.0
BDI,IRL,7108.0
BDI,IRN,4899.0
BDI,IRQ,4362.0
BDI,ISL,8586.0
BDI,ISR,3966.0
BDI,ITA,5297.0
BDI,JAM,11843.0
BDI,JOR,3972.0
BDI,JPN,12064.0
BDI,KAZ,7021.0
BDI,KEN,861.0
BDI,KGZ,6842.0
BDI,KHM,8522.0
BDI,KIR,15985.0
BDI,KNA,10350.0
BDI,KOR,10912.0
BDI,KWT,4133.0
BDI,LAO,8366.0
BDI,LBN,4176.0
BDI,LBR,4591.0
BDI,LBY,4360.0
BDI,LCA,10146.0
BDI,LIE,5925.0
BDI,LKA,5724.0
BDI,LSO,2877.0
BDI,LTU,6448.0
BDI,LUX,6283.0
BDI,LVA,6705.0
BDI,MAC,9559.0
BDI,MAR,5642.0
BDI,MCO,5662.0
BDI,MDA,5582.0
BDI,MDG,2620.0
BDI,MDV,4981.0
BDI,MEX,14167.0
BDI,MHL,15808.0
BDI,MKD,5089.0
BDI,MLI,4496.0
BDI,MLT,4615.0
BDI,MMR,7669.0
BDI,MNE,5176.0
BDI,MNG,9361.0
BDI,MNP,12949.0
BDI,MOZ,2520.0
BDI,MRT,5511.0
BDI,MSR,10293.0
BDI,MTQ,10159.0
BDI,MUS,3573.0
BDI,MWI,1268.0
BDI,MYS,8079.0
BDI,MYT,2032.0
BDI,NAM,2502.0
BDI,NCL,14566.0
BDI,NER,3543.0
BDI,NFK,14329.0
BDI,NGA,3084.0
BDI,NIC,12883.0
BDI,NIU,16758.0
BDI,NLD,6595.0
BDI,NOR,7205.0
BDI,NPL,6908.0
BDI,NRU,15294.0
BDI,NZL,14297.0
BDI,OMN,4355.0
BDI,PAK,5138.0
BDI,PAN,12152.0
BDI,PCN,16109.0
BDI,PER,11718.0
BDI,PHL,10286.0
BDI,PLW,11733.0
BDI,PNG,12995.0
BDI,POL,6213.0
BDI,PRI,10712.0
BDI,PRK,10800.0
BDI,PRT,6112.0
BDI,PRY,9555.0
BDI,PSE,3899.0
BDI,PYF,17688.0
BDI,QAT,3967.0
BDI,REU,3425.0
BDI,ROU,5306.0
BDI,RUS,6599.0
BDI,RWA,176.0
BDI,SAU,3629.0
BDI,SDN,2123.0
BDI,SEN,5535.0
BDI,SGP,8304.0
BDI,SHN,4083.0
BDI,SLB,14374.0
BDI,SLE,4907.0
BDI,SLV,13193.0
BDI,SMR,5507.0
BDI,SOM,1876.0
BDI,SPM,9942.0
BDI,SRB,5412.0
BDI,SSD,943.0
BDI,STP,2552.0
BDI,SUR,9452.0
BDI,SVK,5832.0
BDI,SVN,5669.0
BDI,SWE,7025.0
BDI,SWZ,2545.0
BDI,SXM,10387.0
BDI,SYC,2900.0
BDI,SYR,4148.0
BDI,TCA,11241.0
BDI,TCD,2333.0
BDI,TGO,3302.0
BDI,THA,8078.0
BDI,TJK,6159.0
BDI,TKL,17341.0
BDI,TKM,5468.0
BDI,TLS,10644.0
BDI,TON,16207.0
BDI,TTO,10183.0
BDI,TUN,4876.0
BDI,TUR,4916.0
BDI,TUV,16435.0
BDI,TWN,10385.0
BDI,TZA,1162.0
BDI,UGA,544.0
BDI,UKR,5965.0
BDI,URY,9392.0
BDI,USA,11383.0
BDI,UZB,6383.0
BDI,VAT,5299.0
BDI,VCT,10166.0
BDI,VEN,10769.0
BDI,VGB,10555.0
BDI,VNM,8703.0
BDI,VUT,14956.0
BDI,WLF,16656.0
BDI,WSM,17012.0
BDI,YEM,2640.0
BDI,ZAF,2529.0
BDI,ZMB,1336.0
BDI,ZWE,1609.0
BEL,ABW,7842.0
BEL,AFG,5420.0
BEL,AGO,6668.0
BEL,AIA,6876.0
BEL,ALB,1591.0
BEL,AND,952.0
BEL,ARE,5156.0
BEL,ARG,11282.0
BEL,ARM,3306.0
BEL,ASM,15924.0
BEL,ATG,6883.0
BEL,AUS,16610.0
BEL,AUT,917.0
BEL,AZE,3672.0
BEL,BDI,6465.0
BEL,BEN,4925.0
BEL,BES,7750.0
BEL,BFA,4301.0
BEL,BGD,7732.0
BEL,BGR,1702.0
BEL,BHR,4758.0
BEL,BHS,7321.0
BEL,BIH,1310.0
BEL,BLR,1609.0
BEL,BLZ,8754.0
BEL,BMU,5885.0
BEL,BOL,10238.0
BEL,BRA,9636.0
BEL,BRB,7067.0
BEL,BRN,11004.0
BEL,BTN,7374.0
BEL,BWA,8627.0
BEL,CAF,5321.0
BEL,CAN,6041.0
BEL,CCK,11222.0
BEL,CHE,492.0
BEL,CHL,11869.0
BEL,CHN,9030.0
BEL,CIV,5104.0
BEL,CMR,5251.0
BEL,COD,6203.0
BEL,COG,6196.0
BEL,COK,16440.0
BEL,COL,8800.0
BEL,COM,7887.0
BEL,CPV,4703.0
BEL,CRI,9050.0
BEL,CUB,7826.0
BEL,CUW,7800.0
BEL,CXR,11695.0
BEL,CYM,8073.0
BEL,CYP,2907.0
BEL,CZE,719.0
BEL,DEU,653.0
BEL,DJI,5596.0
BEL,DMA,7003.0
BEL,DNK,767.0
BEL,DOM,7335.0
BEL,DZA,1569.0
BEL,ECU,9790.0
BEL,EGY,3212.0
BEL,ERI,5007.0
BEL,ESH,3021.0
BEL,ESP,1317.0
BEL,EST,1604.0
BEL,ETH,5607.0
BEL,FIN,1652.0
BEL,FJI,16338.0
BEL,FLK,12783.0
BEL,FRA,264.0
BEL,FRO,1415.0
BEL,FSM,13130.0
BEL,GAB,5612.0
BEL,GBR,321.0
BEL,GEO,3236.0
BEL,GHA,4927.0
BEL,GIB,1809.0
BEL,GIN,4865.0
BEL,GLP,6968.0
BEL,GMB,4562.0
BEL,GNB,4688.0
BEL,GNQ,5453.0
BEL,GRC,2095.0
BEL,GRD,7304.0
BEL,GRL,3527.0
BEL,GTM,9099.0
BEL,GUF,7297.0
BEL,GUM,11913.0
BEL,GUY,7514.0
BEL,HKG,9413.0
BEL,HND,8915.0
BEL,HRV,1026.0
BEL,HTI,7502.0
BEL,HUN,1132.0
BEL,IDN,11419.0
BEL,IND,6422.0
BEL,IOT,9127.0
BEL,IRL,776.0
BEL,IRN,4090.0
BEL,IRQ,3776.0
BEL,ISL,2132.0
BEL,ISR,3247.0
BEL,ITA,1174.0
BEL,JAM,7860.0
BEL,JOR,3330.0
BEL,JPN,9472.0
BEL,KAZ,5352.0
BEL,KEN,6544.0
BEL,KGZ,5223.0
BEL,KHM,9750.0
BEL,KIR,14123.0
BEL,KNA,6930.0
BEL,KOR,8728.0
BEL,KWT,4327.0
BEL,LAO,9041.0
BEL,LBN,3143.0
BEL,LBR,5135.0
BEL,LBY,2123.0
BEL,LCA,7085.0
BEL,LIE,559.0
BEL,LKA,8396.0
BEL,LSO,9167.0
BEL,LTU,1470.0
BEL,LUX,187.0
BEL,LVA,1458.0
BEL,MAC,9380.0
BEL,MAR,2150.0
BEL,MCO,824.0
BEL,MDA,1837.0
BEL,MDG,8805.0
BEL,MDV,8195.0
BEL,MEX,9262.0
BEL,MHL,13466.0
BEL,MKD,1634.0
BEL,MLI,4382.0
BEL,MLT,1850.0
BEL,MMR,8702.0
BEL,MNE,1471.0
BEL,MNG,6812.0
BEL,MNP,11783.0
BEL,MOZ,8946.0
BEL,MRT,4056.0
BEL,MSR,6935.0
BEL,MTQ,7040.0
BEL,MUS,9424.0
BEL,MWI,7730.0
BEL,MYS,10254.0
BEL,MYT,8086.0
BEL,NAM,8227.0
BEL,NCL,16477.0
BEL,NER,4145.0
BEL,NFK,17228.0
BEL,NGA,4922.0
BEL,NIC,9014.0
BEL,NIU,16441.0
BEL,NLD,174.0
BEL,NOR,1086.0
BEL,NPL,7060.0
BEL,NRU,14191.0
BEL,NZL,18277.0
BEL,OMN,5516.0
BEL,PAK,6004.0
BEL,PAN,8809.0
BEL,PCN,15033.0
BEL,PER,10441.0
BEL,PHL,10521.0
BEL,PLW,11990.0
BEL,PNG,14300.0
BEL,POL,1164.0
BEL,PRI,7070.0
BEL,PRK,8533.0
BEL,PRT,1714.0
BEL,PRY,10390.0
BEL,PSE,3275.0
BEL,PYF,15650.0
BEL,QAT,4890.0
BEL,REU,9386.0
BEL,ROU,1775.0
BEL,RUS,2261.0
BEL,RWA,6340.0
BEL,SAU,4629.0
BEL,SDN,4656.0
BEL,SEN,4463.0
BEL,SGP,10565.0
BEL,SHN,7463.0
BEL,SLB,14900.0
BEL,SLE,4968.0
BEL,SLV,9086.0
BEL,SMR,981.0
BEL,SOM,6633.0
BEL,SPM,4343.0
BEL,SRB,1376.0
BEL,SSD,5694.0
BEL,STP,5602.0
BEL,SUR,7398.0
BEL,SVK,970.0
BEL,SVN,920.0
BEL,SWE,1283.0
BEL,SWZ,8944.0
BEL,SXM,6891.0
BEL,SYC,7834.0
BEL,SYR,3227.0
BEL,TCA,7179.0
BEL,TCD,4405.0
BEL,TGO,4965.0
BEL,THA,9264.0
BEL,TJK,5113.0
BEL,TKL,15389.0
BEL,TKM,4426.0
BEL,TLS,12905.0
BEL,TON,16707.0
BEL,TTO,7407.0
BEL,TUN,1626.0
BEL,TUR,2184.0
BEL,TUV,15287.0
BEL,TWN,9598.0
BEL,TZA,7215.0
BEL,UGA,6202.0
BEL,UKR,1842.0
BEL,URY,11186.0
BEL,USA,5904.0
BEL,UZB,4964.0
BEL,VAT,1172.0
BEL,VCT,7173.0
BEL,VEN,7794.0
BEL,VGB,6969.0
BEL,VNM,9939.0
BEL,VUT,16067.0
BEL,WLF,15837.0
BEL,WSM,15884.0
BEL,YEM,5304.0
BEL,ZAF,8847.0
BEL,ZMB,7702.0
BEL,ZWE,8043.0
BEN,ABW,7955.0
BEN,AFG,7487.0
BEN,AGO,2077.0
BEN,AIA,7199.0
BEN,ALB,4234.0
BEN,AND,3996.0
BEN,ARE,5997.0
BEN,ARG,7821.0
BEN,ARM,5618.0
BEN,ASM,18866.0
BEN,ATG,7067.0
BEN,AUS,14890.0
BEN,AUT,4815.0
BEN,AZE,6033.0
BEN,BDI,3193.0
BEN,BEL,4925.0
BEN,BES,7766.0
BEN,BFA,782.0
BEN,BGD,9533.0
BEN,BGR,4515.0
BEN,BHR,5556.0
BEN,BHS,8678.0
BEN,BIH,4429.0
BEN,BLR,5732.0
BEN,BLZ,9925.0
BEN,BMU,7485.0
BEN,BOL,8164.0
BEN,BRA,6272.0
BEN,BRB,6824.0
BEN,BRN,12441.0
BEN,BTN,9420.0
BEN,BWA,4285.0
BEN,CAF,1810.0
BEN,CAN,8857.0
BEN,CCK,10651.0
BEN,CHE,4572.0
BEN,CHL,8851.0
BEN,CHN,12334.0
BEN,CIV,717.0
BEN,CMR,1055.0
BEN,COD,1869.0
BEN,COG,1862.0
BEN,COK,17495.0
BEN,COL,8465.0
BEN,COM,4954.0
BEN,CPV,2977.0
BEN,CRI,9507.0
BEN,CUB,9200.0
BEN,CUW,7839.0
BEN,CXR,11599.0
BEN,CYM,9126.0
BEN,CYP,4492.0
BEN,CZE,4967.0
BEN,DEU,5208.0
BEN,DJI,4517.0
BEN,DMA,7016.0
BEN,DNK,5534.0
BEN,DOM,7922.0
BEN,DZA,3357.0
BEN,ECU,9190.0
BEN,EGY,3994.0
BEN,ERI,4111.0
BEN,ESH,2822.0
BEN,ESP,3811.0
BEN,EST,6179.0
BEN,ETH,4023.0
BEN,FIN,6256.0
BEN,FJI,18645.0
BEN,FLK,8598.0
BEN,FRA,4700.0
BEN,FRO,6211.0
BEN,FSM,16962.0
BEN,GAB,1034.0
BEN,GBR,5001.0
BEN,GEO,5726.0
BEN,GHA,441.0
BEN,GIB,3381.0
BEN,GIN,1797.0
BEN,GLP,7053.0
BEN,GMB,2225.0
BEN,GNB,2061.0
BEN,GNQ,966.0
BEN,GRC,4104.0
BEN,GRD,7057.0
BEN,GRL,7690.0
BEN,GTM,10147.0
BEN,GUF,6058.0
BEN,GUM,15325.0
BEN,GUY,6687.0
BEN,HKG,11958.0
BEN,HND,9798.0
BEN,HRV,4556.0
BEN,HTI,8179.0
BEN,HUN,4819.0
BEN,IDN,11690.0
BEN,IND,8196.0
BEN,IOT,7924.0
BEN,IRL,5257.0
BEN,IRN,5953.0
BEN,IRQ,5257.0
BEN,ISL,6688.0
BEN,ISR,4401.0
BEN,ITA,4053.0
BEN,JAM,8652.0
BEN,JOR,4486.0
BEN,JPN,13565.0
BEN,KAZ,8271.0
BEN,KEN,3924.0
BEN,KGZ,8079.0
BEN,KHM,11233.0
BEN,KIR,18673.0
BEN,KNA,7161.0
BEN,KOR,12497.0
BEN,KWT,5410.0
BEN,LAO,10873.0
BEN,LBN,4568.0
BEN,LBR,1455.0
BEN,LBY,3133.0
BEN,LCA,6972.0
BEN,LIE,4562.0
BEN,LKA,8557.0
BEN,LSO,4785.0
BEN,LTU,5730.0
BEN,LUX,4798.0
BEN,LVA,5915.0
BEN,MAC,11897.0
BEN,MAR,3177.0
BEN,MCO,4161.0
BEN,MDA,5158.0
BEN,MDG,5694.0
BEN,MDV,7885.0
BEN,MEX,10976.0
BEN,MHL,18086.0
BEN,MKD,4366.0
BEN,MLI,1327.0
BEN,MLT,3490.0
BEN,MMR,10214.0
BEN,MNE,4322.0
BEN,MNG,10550.0
BEN,MNP,15334.0
BEN,MOZ,4842.0
BEN,MRT,2370.0
BEN,MSR,7106.0
BEN,MTQ,6981.0
BEN,MUS,6713.0
BEN,MWI,4142.0
BEN,MYS,11010.0
BEN,MYT,5197.0
BEN,NAM,3588.0
BEN,NCL,17573.0
BEN,NER,782.0
BEN,NFK,17087.0
BEN,NGA,115.0
BEN,NIC,9718.0
BEN,NIU,18385.0
BEN,NLD,5097.0
BEN,NOR,5974.0
BEN,NPL,8993.0
BEN,NRU,18197.0
BEN,NZL,16549.0
BEN,OMN,6295.0
BEN,PAK,7167.0
BEN,PAN,9018.0
BEN,PCN,14414.0
BEN,PER,9019.0
BEN,PHL,12871.0
BEN,PLW,14504.0
BEN,PNG,16146.0
BEN,POL,5356.0
BEN,PRI,7521.0
BEN,PRK,12327.0
BEN,PRT,3757.0
BEN,PRY,7376.0
BEN,PSE,4341.0
BEN,PYF,16743.0
BEN,QAT,5614.0
BEN,REU,6541.0
BEN,ROU,4801.0
BEN,RUS,6292.0
BEN,RWA,3216.0
BEN,SAU,5136.0
BEN,SDN,3443.0
BEN,SEN,2349.0
BEN,SGP,11273.0
BEN,SHN,2631.0
BEN,SLB,17544.0
BEN,SLE,1735.0
BEN,SLV,10016.0
BEN,SMR,4269.0
BEN,SOM,4795.0
BEN,SPM,7124.0
BEN,SRB,4600.0
BEN,SSD,3242.0
BEN,STP,832.0
BEN,SUR,6364.0
BEN,SVK,4829.0
BEN,SVN,4542.0
BEN,SWE,6018.0
BEN,SWZ,4774.0
BEN,SXM,7197.0
BEN,SYC,6026.0
BEN,SYR,4607.0
BEN,TCA,8050.0
BEN,TCD,1528.0
BEN,TGO,131.0
BEN,THA,10726.0
BEN,TJK,7521.0
BEN,TKL,19255.0
BEN,TKM,6621.0
BEN,TLS,13770.0
BEN,TON,18358.0
BEN,TTO,7036.0
BEN,TUN,3456.0
BEN,TUR,4651.0
BEN,TUV,19609.0
BEN,TWN,12578.0
BEN,TZA,4355.0
BEN,UGA,3425.0
BEN,UKR,5535.0
BEN,URY,7644.0
BEN,USA,8397.0
BEN,UZB,7612.0
BEN,VAT,4053.0
BEN,VCT,6998.0
BEN,VEN,7623.0
BEN,VGB,7364.0
BEN,VNM,11436.0
BEN,VUT,18052.0
BEN,WLF,19232.0
BEN,WSM,18976.0
BEN,YEM,4671.0
BEN,ZAF,4555.0
BEN,ZMB,3744.0
BEN,ZWE,4142.0
BES,ABW,196.0
BES,AFG,13169.0
BES,AGO,9309.0
BES,AIA,874.0
BES,ALB,8971.0
BES,AND,7452.0
BES,ARE,12639.0
BES,ARG,5279.0
BES,ARM,11003.0
BES,ASM,11665.0
BES,ATG,883.0
BES,AUS,15664.0
BES,AUT,8616.0
BES,AZE,11403.0
BES,BDI,10926.0
BES,BEL,7750.0
BES,BEN,7766.0
BES,BFA,7239.0
BES,BGD,15416.0
BES,BGR,9234.0
BES,BHR,12167.0
BES,BHS,1719.0
BES,BIH,8816.0
BES,BLR,9304.0
BES,BLZ,2277.0
BES,BMU,2259.0
BES,BOL,3169.0
BES,BRA,4598.0
BES,BRB,946.0
BES,BRN,18082.0
BES,BTN,15021.0
BES,BWA,10987.0
BES,CAF,9572.0
BES,CAN,3657.0
BES,CCK,18414.0
BES,CHE,8030.0
BES,CHL,5053.0
BES,CHN,15095.0
BES,CIV,7094.0
BES,CMR,8818.0
BES,COD,9422.0
BES,COG,9417.0
BES,COK,10650.0
BES,COL,1051.0
BES,COM,12598.0
BES,CPV,4847.0
BES,CRI,1745.0
BES,CUB,1925.0
BES,CUW,73.0
BES,CXR,19345.0
BES,CYM,1610.0
BES,CYP,10275.0
BES,CZE,8462.0
BES,DEU,8383.0
BES,DJI,12012.0
BES,DMA,822.0
BES,DNK,8326.0
BES,DOM,723.0
BES,DZA,7553.0
BES,ECU,2040.0
BES,EGY,10240.0
BES,ERI,11456.0
BES,ESH,5960.0
BES,ESP,6995.0
BES,EST,9022.0
BES,ETH,11628.0
BES,FIN,9020.0
BES,FJI,12869.0
BES,FLK,7145.0
BES,FRA,7584.0
BES,FRO,7352.0
BES,FSM,14478.0
BES,GAB,8673.0
BES,GBR,7449.0
BES,GEO,10957.0
BES,GHA,7328.0
BES,GIB,6797.0
BES,GIN,5969.0
BES,GLP,825.0
BES,GMB,5592.0
BES,GNB,5726.0
BES,GNQ,8672.0
BES,GRC,9366.0
BES,GRD,710.0
BES,GRL,5919.0
BES,GTM,2426.0
BES,GUF,1926.0
BES,GUM,15408.0
BES,GUY,1258.0
BES,HKG,16186.0
BES,HND,2064.0
BES,HRV,8607.0
BES,HTI,831.0
BES,HUN,8823.0
BES,IDN,19168.0
BES,IND,14169.0
BES,IOT,15689.0
BES,IRL,7087.0
BES,IRN,11767.0
BES,IRQ,11299.0
BES,ISL,6788.0
BES,ISR,10501.0
BES,ITA,8356.0
BES,JAM,1122.0
BES,JOR,10610.0
BES,JPN,13954.0
BES,KAZ,12928.0
BES,KEN,11689.0
BES,KGZ,12840.0
BES,KHM,17278.0
BES,KIR,13105.0
BES,KNA,824.0
BES,KOR,14277.0
BES,KWT,11788.0
BES,LAO,16528.0
BES,LBN,10502.0
BES,LBR,6338.0
BES,LBY,8498.0
BES,LCA,815.0
BES,LIE,8107.0
BES,LKA,15916.0
BES,LSO,11218.0
BES,LTU,9141.0
BES,LUX,7865.0
BES,LVA,9027.0
BES,MAC,16199.0
BES,MAR,6562.0
BES,MCO,7938.0
BES,MDA,9563.0
BES,MDG,13140.0
BES,MDV,15433.0
BES,MEX,3399.0
BES,MHL,13099.0
BES,MKD,9093.0
BES,MLI,6538.0
BES,MLT,8585.0
BES,MMR,16379.0
BES,MNE,8908.0
BES,MNG,13335.0
BES,MNP,15205.0
BES,MOZ,11660.0
BES,MRT,5641.0
BES,MSR,831.0
BES,MTQ,825.0
BES,MUS,14190.0
BES,MWI,11619.0
BES,MYS,17990.0
BES,MYT,12827.0
BES,NAM,10059.0
BES,NCL,14136.0
BES,NER,7614.0
BES,NFK,13936.0
BES,NGA,7879.0
BES,NIC,1957.0
BES,NIU,11660.0
BES,NLD,7804.0
BES,NOR,8233.0
BES,NPL,14763.0
BES,NRU,13810.0
BES,NZL,13209.0
BES,OMN,13019.0
BES,PAK,13674.0
BES,PAN,1280.0
BES,PCN,7674.0
BES,PER,2845.0
BES,PHL,16878.0
BES,PLW,16709.0
BES,PNG,16151.0
BES,POL,8901.0
BES,PRI,736.0
BES,PRK,14156.0
BES,PRT,6505.0
BES,PRY,4301.0
BES,PSE,10490.0
BES,PYF,9517.0
BES,QAT,12287.0
BES,REU,13976.0
BES,ROU,9417.0
BES,RUS,9868.0
BES,RWA,10969.0
BES,SAU,11878.0
BES,SDN,10788.0
BES,SEN,5500.0
BES,SGP,18289.0
BES,SHN,7555.0
BES,SLB,14761.0
BES,SLE,6033.0
BES,SLV,2276.0
BES,SMR,8342.0
BES,SOM,12531.0
BES,SPM,4003.0
BES,SRB,8969.0
BES,SSD,10972.0
BES,STP,8377.0
BES,SUR,1599.0
BES,SVK,8671.0
BES,SVN,8492.0
BES,SWE,8646.0
BES,SWZ,11533.0
BES,SXM,859.0
BES,SYC,13792.0
BES,SYR,10589.0
BES,TCA,1075.0
BES,TCD,9024.0
BES,TGO,7648.0
BES,THA,16892.0
BES,TJK,12845.0
BES,TKL,11634.0
BES,TKM,12171.0
BES,TLS,18468.0
BES,TON,12236.0
BES,TTO,755.0
BES,TUN,8188.0
BES,TUR,9729.0
BES,TUV,12653.0
BES,TWN,15761.0
BES,TZA,12077.0
BES,UGA,11191.0
BES,UKR,9589.0
BES,URY,5355.0
BES,USA,3215.0
BES,UZB,12665.0
BES,VAT,8354.0
BES,VCT,773.0
BES,VEN,238.0
BES,VGB,796.0
BES,VNM,17412.0
BES,VUT,13936.0
BES,WLF,12234.0
BES,WSM,11771.0
BES,YEM,11995.0
BES,ZAF,11225.0
BES,ZMB,11060.0
BES,ZWE,11397.0
BFA,ABW,7422.0
BFA,AFG,7482.0
BFA,AGO,2858.0
BFA,AIA,6611.0
BFA,ALB,3824.0
BFA,AND,3354.0
BFA,ARE,6116.0
BFA,ARG,7937.0
BFA,ARM,5449.0
BFA,ASM,18842.0
BFA,ATG,6491.0
BFA,AUS,15661.0
BFA,AUT,4308.0
BFA,AZE,5889.0
BFA,BDI,3836.0
BFA,BEL,4301.0
BFA,BEN,782.0
BFA,BES,7239.0
BFA,BGD,9665.0
BFA,BGR,4130.0
BFA,BHR,5650.0
BFA,BHS,8025.0
BFA,BIH,3976.0
BFA,BLR,5272.0
BFA,BLZ,9326.0
BFA,BMU,6780.0
BFA,BOL,7994.0
BFA,BRA,6315.0
BFA,BRB,6293.0
BFA,BRN,12753.0
BFA,BTN,9504.0
BFA,BWA,5066.0
BFA,CAF,2382.0
BFA,CAN,8099.0
BFA,CCK,11196.0
BFA,CHE,3992.0
BFA,CHL,8897.0
BFA,CHN,12260.0
BFA,CIV,823.0
BFA,CMR,1717.0
BFA,COD,2624.0
BFA,COG,2617.0
BFA,COK,17513.0
BFA,COL,8013.0
BFA,COM,5619.0
BFA,CPV,2393.0
BFA,CRI,8983.0
BFA,CUB,8559.0
BFA,CUW,7311.0
BFA,CXR,12114.0
BFA,CYM,8518.0
BFA,CYP,4325.0
BFA,CZE,4430.0
BFA,DEU,4651.0
BFA,DJI,4862.0
BFA,DMA,6459.0
BFA,DNK,4958.0
BFA,DOM,7329.0
BFA,DZA,2740.0
BFA,ECU,8806.0
BFA,EGY,3903.0
BFA,ERI,4381.0
BFA,ESH,2040.0
BFA,ESP,3116.0
BFA,EST,5660.0
BFA,ETH,4419.0
BFA,FIN,5734.0
BFA,FJI,19365.0
BFA,FLK,8918.0
BFA,FRA,4062.0
BFA,FRO,5527.0
BFA,FSM,16924.0
BFA,GAB,1796.0
BFA,GBR,4343.0
BFA,GEO,5536.0
BFA,GHA,628.0
BFA,GIB,2662.0
BFA,GIN,1359.0
BFA,GLP,6488.0
BFA,GMB,1647.0
BFA,GNB,1531.0
BFA,GNQ,1704.0
BFA,GRC,3786.0
BFA,GRD,6537.0
BFA,GRL,6923.0
BFA,GTM,9569.0
BFA,GUF,5642.0
BFA,GUM,15333.0
BFA,GUY,6235.0
BFA,HKG,12039.0
BFA,HND,9230.0
BFA,HRV,4061.0
BFA,HTI,7584.0
BFA,HUN,4343.0
BFA,IDN,12158.0
BFA,IND,8277.0
BFA,IOT,8462.0
BFA,IRL,4564.0
BFA,IRN,5889.0
BFA,IRQ,5201.0
BFA,ISL,5962.0
BFA,ISR,4302.0
BFA,ITA,3544.0
BFA,JAM,8059.0
BFA,JOR,4399.0
BFA,JPN,13313.0
BFA,KAZ,8146.0
BFA,KEN,4499.0
BFA,KGZ,7958.0
BFA,KHM,11488.0
BFA,KIR,18378.0
BFA,KNA,6583.0
BFA,KOR,12312.0
BFA,KWT,5440.0
BFA,LAO,11052.0
BFA,LBN,4441.0
BFA,LBR,1218.0
BFA,LBY,2723.0
BFA,LCA,6430.0
BFA,LIE,3992.0
BFA,LKA,8923.0
BFA,LSO,5567.0
BFA,LTU,5248.0
BFA,LUX,4190.0
BFA,LVA,5409.0
BFA,MAC,11981.0
BFA,MAR,2431.0
BFA,MCO,3581.0
BFA,MDA,4777.0
BFA,MDG,6400.0
BFA,MDV,8295.0
BFA,MEX,10344.0
BFA,MHL,17718.0
BFA,MKD,3968.0
BFA,MLI,703.0
BFA,MLT,3065.0
BFA,MMR,10425.0
BFA,MNE,3893.0
BFA,MNG,10326.0
BFA,MNP,15301.0
BFA,MOZ,5616.0
BFA,MRT,1675.0
BFA,MSR,6533.0
BFA,MTQ,6433.0
BFA,MUS,7398.0
BFA,MWI,4865.0
BFA,MYS,11377.0
BFA,MYT,5865.0
BFA,NAM,4365.0
BFA,NCL,18340.0
BFA,NER,416.0
BFA,NFK,17866.0
BFA,NGA,849.0
BFA,NIC,9169.0
BFA,NIU,18579.0
BFA,NLD,4475.0
BFA,NOR,5374.0
BFA,NPL,9080.0
BFA,NRU,18192.0
BFA,NZL,17265.0
BFA,OMN,6445.0
BFA,PAK,7303.0
BFA,PAN,8511.0
BFA,PCN,14288.0
BFA,PER,8764.0
BFA,PHL,13027.0
BFA,PLW,14699.0
BFA,PNG,16603.0
BFA,POL,4861.0
BFA,PRI,6930.0
BFA,PRK,12131.0
BFA,PRT,3015.0
BFA,PRY,7373.0
BFA,PSE,4250.0
BFA,PYF,16552.0
BFA,QAT,5725.0
BFA,REU,7237.0
BFA,ROU,4424.0
BFA,RUS,5877.0
BFA,RWA,3835.0
BFA,SAU,5245.0
BFA,SDN,3695.0
BFA,SEN,1741.0
BFA,SGP,11659.0
BFA,SHN,3164.0
BFA,SLB,17986.0
BFA,SLE,1350.0
BFA,SLV,9448.0
BFA,SMR,3747.0
BFA,SOM,5293.0
BFA,SPM,6350.0
BFA,SRB,4162.0
BFA,SSD,3735.0
BFA,STP,1613.0
BFA,SUR,5929.0
BFA,SVK,4329.0
BFA,SVN,4030.0
BFA,SWE,5461.0
BFA,SWZ,5551.0
BFA,SXM,6611.0
BFA,SYC,6578.0
BFA,SYR,4495.0
BFA,TCA,7429.0
BFA,TCD,1804.0
BFA,TGO,752.0
BFA,THA,10965.0
BFA,TJK,7457.0
BFA,TKL,18861.0
BFA,TKM,6545.0
BFA,TLS,14238.0
BFA,TON,18831.0
BFA,TTO,6532.0
BFA,TUN,2951.0
BFA,TUR,4347.0
BFA,TUV,19572.0
BFA,TWN,12587.0
BFA,TZA,4989.0
BFA,UGA,3996.0
BFA,UKR,5130.0
BFA,URY,7774.0
BFA,USA,7649.0
BFA,UZB,7508.0
BFA,VAT,3544.0
BFA,VCT,6466.0
BFA,VEN,7116.0
BFA,VGB,6774.0
BFA,VNM,11697.0
BFA,VUT,18787.0
BFA,WLF,19444.0
BFA,WSM,18963.0
BFA,YEM,4948.0
BFA,ZAF,5335.0
BFA,ZMB,4498.0
BFA,ZWE,4897.0
BGD,ABW,15472.0
BGD,AFG,2382.0
BGD,AGO,9121.0
BGD,AIA,14552.0
BGD,ALB,6727.0
BGD,AND,8182.0
BGD,ARE,3552.0
BGD,ARG,16776.0
BGD,ARM,4646.0
BGD,ASM,11532.0
BGD,ATG,14583.0
BGD,AUS,8882.0
BGD,AUT,6918.0
BGD,AZE,4202.0
BGD,BDI,7256.0
BGD,BEL,7732.0
BGD,BEN,9533.0
BGD,BES,15416.0
BGD,BFA,9665.0
BGD,BGR,6424.0
BGD,BHR,4016.0
BGD,BHS,14451.0
BGD,BIH,6814.0
BGD,BLR,6142.0
BGD,BLZ,15472.0
BGD,BMU,13273.0
BGD,BOL,17653.0
BGD,BRA,15665.0
BGD,BRB,14798.0
BGD,BRN,3353.0
BGD,BTN,423.0
BGD,BWA,8777.0
BGD,CAF,7973.0
BGD,CAN,12469.0
BGD,CCK,4032.0
BGD,CHE,7515.0
BGD,CHL,17883.0
BGD,CHN,3168.0
BGD,CIV,10229.0
BGD,CMR,8712.0
BGD,COD,8699.0
BGD,COG,8699.0
BGD,COK,12880.0
BGD,COL,16454.0
BGD,COM,6455.0
BGD,CPV,11667.0
BGD,CRI,16236.0
BGD,CUB,14765.0
BGD,CUW,15456.0
BGD,CXR,4125.0
BGD,CYM,15165.0
BGD,CYP,5602.0
BGD,CZE,7040.0
BGD,DEU,7084.0
BGD,DJI,5166.0
BGD,DMA,14719.0
BGD,DNK,7109.0
BGD,DOM,14874.0
BGD,DZA,8252.0
BGD,ECU,17406.0
BGD,EGY,5858.0
BGD,ERI,5454.0
BGD,ESH,10076.0
BGD,ESP,8670.0
BGD,EST,6394.0
BGD,ETH,5720.0
BGD,FIN,6396.0
BGD,FJI,10616.0
BGD,FLK,15893.0
BGD,FRA,7924.0
BGD,FRO,8070.0
BGD,FSM,7445.0
BGD,GAB,9077.0
BGD,GBR,8017.0
BGD,GEO,4648.0
BGD,GHA,9926.0
BGD,GIB,8981.0
BGD,GIN,10996.0
BGD,GLP,14677.0
BGD,GMB,11098.0
BGD,GNB,11074.0
BGD,GNQ,8979.0
BGD,GRC,6434.0
BGD,GRD,15032.0
BGD,GRL,9724.0
BGD,GTM,15763.0
BGD,GUF,14886.0
BGD,GUM,5813.0
BGD,GUY,15217.0
BGD,HKG,2441.0
BGD,HND,15815.0
BGD,HRV,6976.0
BGD,HTI,14972.0
BGD,HUN,6725.0
BGD,IDN,3761.0
BGD,IND,1427.0
BGD,IOT,3944.0
BGD,IRL,8352.0
BGD,IRN,3969.0
BGD,IRQ,4590.0
BGD,ISL,8672.0
BGD,ISR,5496.0
BGD,ITA,7321.0
BGD,JAM,15188.0
BGD,JOR,5387.0
BGD,JPN,4897.0
BGD,KAZ,2496.0
BGD,KEN,6417.0
BGD,KGZ,2576.0
BGD,KHM,2041.0
BGD,KIR,9200.0
BGD,KNA,14618.0
BGD,KOR,3797.0
BGD,KWT,4252.0
BGD,LAO,1418.0
BGD,LBN,5416.0
BGD,LBR,10868.0
BGD,LBY,7480.0
BGD,LCA,14810.0
BGD,LIE,7444.0
BGD,LKA,2173.0
BGD,LSO,8930.0
BGD,LTU,6299.0
BGD,LUX,7637.0
BGD,LVA,6398.0
BGD,MAC,2376.0
BGD,MAR,9283.0
BGD,MCO,7683.0
BGD,MDA,5983.0
BGD,MDG,6626.0
BGD,MDV,2823.0
BGD,MEX,15122.0
BGD,MHL,8785.0
BGD,MKD,6585.0
BGD,MLI,10292.0
BGD,MLT,7283.0
BGD,MMR,972.0
BGD,MNE,6758.0
BGD,MNG,3055.0
BGD,MNP,5853.0
BGD,MOZ,8314.0
BGD,MRT,10794.0
BGD,MSR,14634.0
BGD,MTQ,14761.0
BGD,MUS,6025.0
BGD,MWI,7437.0
BGD,MYS,2579.0
BGD,MYT,6361.0
BGD,NAM,9438.0
BGD,NCL,9673.0
BGD,NER,9251.0
BGD,NFK,10146.0
BGD,NGA,9427.0
BGD,NIC,16023.0
BGD,NIU,11796.0
BGD,NLD,7659.0
BGD,NOR,7183.0
BGD,NPL,675.0
BGD,NRU,8666.0
BGD,NZL,11082.0
BGD,OMN,3239.0
BGD,PAK,2369.0
BGD,PAN,16226.0
BGD,PCN,16104.0
BGD,PER,18167.0
BGD,PHL,3362.0
BGD,PLW,5036.0
BGD,PNG,7180.0
BGD,POL,6568.0
BGD,PRI,14693.0
BGD,PRK,3735.0
BGD,PRT,9174.0
BGD,PRY,16795.0
BGD,PSE,5532.0
BGD,PYF,13787.0
BGD,QAT,3941.0
BGD,REU,6221.0
BGD,ROU,6192.0
BGD,RUS,5554.0
BGD,RWA,7114.0
BGD,SAU,4422.0
BGD,SDN,6098.0
BGD,SEN,11108.0
BGD,SGP,2873.0
BGD,SHN,11322.0
BGD,SLB,8399.0
BGD,SLE,11007.0
BGD,SLV,15867.0
BGD,SMR,7282.0
BGD,SOM,5410.0
BGD,SPM,11510.0
BGD,SRB,6637.0
BGD,SSD,6630.0
BGD,STP,9357.0
BGD,SUR,15053.0
BGD,SVK,6864.0
BGD,SVN,7086.0
BGD,SWE,6772.0
BGD,SWZ,8445.0
BGD,SXM,14569.0
BGD,SYC,4920.0
BGD,SYR,5342.0
BGD,TCA,14626.0
BGD,TCD,8006.0
BGD,TGO,9663.0
BGD,THA,1535.0
BGD,TJK,2626.0
BGD,TKL,11275.0
BGD,TKM,3422.0
BGD,TLS,5231.0
BGD,TON,11359.0
BGD,TTO,15138.0
BGD,TUN,7639.0
BGD,TUR,5965.0
BGD,TUV,10270.0
BGD,TWN,3147.0
BGD,TZA,6501.0
BGD,UGA,6749.0
BGD,UKR,5895.0
BGD,URY,16571.0
BGD,USA,12693.0
BGD,UZB,2770.0
BGD,VAT,7323.0
BGD,VCT,14900.0
BGD,VEN,15494.0
BGD,VGB,14619.0
BGD,VNM,2243.0
BGD,VUT,9622.0
BGD,WLF,10942.0
BGD,WSM,11407.0
BGD,YEM,4915.0
BGD,ZAF,8691.0
BGD,ZMB,8023.0
BGD,ZWE,7917.0
BGR,ABW,9347.0
BGR,AFG,4043.0
BGR,AGO,5798.0
BGR,AIA,8370.0
BGR,ALB,328.0
BGR,AND,1784.0
BGR,ARE,3498.0
BGR,ARG,11919.0
BGR,ARM,1788.0
BGR,ASM,16582.0
BGR,ATG,8351.0
BGR,AUS,15125.0
BGR,AUT,818.0
BGR,AZE,2223.0
BGR,BDI,5139.0
BGR,BEL,1702.0
BGR,BEN,4515.0
BGR,BES,9234.0
BGR,BFA,4130.0
BGR,BGD,6424.0
BGR,BHR,3078.0
BGR,BHS,8975.0
BGR,BIH,423.0
BGR,BLR,1284.0
BGR,BLZ,10424.0
BGR,BMU,7521.0
BGR,BOL,11355.0
BGR,BRA,10247.0
BGR,BRB,8461.0
BGR,BRN,9774.0
BGR,BTN,6118.0
BGR,BWA,7462.0
BGR,CAF,4273.0
BGR,CAN,7741.0
BGR,CCK,9611.0
BGR,CHE,1275.0
BGR,CHL,12731.0
BGR,CHN,8333.0
BGR,CIV,4939.0
BGR,CMR,4458.0
BGR,COD,5270.0
BGR,COG,5264.0
BGR,COK,17606.0
BGR,COL,10269.0
BGR,COM,6357.0
BGR,CPV,5413.0
BGR,CRI,10655.0
BGR,CUB,9493.0
BGR,CUW,9290.0
BGR,CXR,10172.0
BGR,CYM,9717.0
BGR,CYP,1206.0
BGR,CZE,1068.0
BGR,DEU,1320.0
BGR,DJI,3945.0
BGR,DMA,8446.0
BGR,DNK,1638.0
BGR,DOM,8895.0
BGR,DZA,1854.0
BGR,ECU,11254.0
BGR,EGY,1572.0
BGR,ERI,3380.0
BGR,ESH,3717.0
BGR,ESP,2259.0
BGR,EST,1865.0
BGR,ETH,4024.0
BGR,FIN,1947.0
BGR,FJI,16419.0
BGR,FLK,13047.0
BGR,FRA,1762.0
BGR,FRO,2919.0
BGR,FSM,12872.0
BGR,GAB,4887.0
BGR,GBR,2019.0
BGR,GEO,1775.0
BGR,GHA,4682.0
BGR,GIB,2560.0
BGR,GIN,5136.0
BGR,GLP,8423.0
BGR,GMB,5019.0
BGR,GNB,5074.0
BGR,GNQ,4720.0
BGR,GRC,528.0
BGR,GRD,8712.0
BGR,GRL,5143.0
BGR,GTM,10766.0
BGR,GUF,8468.0
BGR,GUM,11401.0
BGR,GUY,8805.0
BGR,HKG,8433.0
BGR,HND,10564.0
BGR,HRV,681.0
BGR,HTI,9082.0
BGR,HUN,631.0
BGR,IDN,9948.0
BGR,IND,5029.0
BGR,IOT,7428.0
BGR,IRL,2478.0
BGR,IRN,2535.0
BGR,IRQ,2114.0
BGR,ISL,3708.0
BGR,ISR,1552.0
BGR,ITA,898.0
BGR,JAM,9469.0
BGR,JOR,1631.0
BGR,JPN,9195.0
BGR,KAZ,4295.0
BGR,KEN,5056.0
BGR,KGZ,4128.0
BGR,KHM,8463.0
BGR,KIR,14265.0
BGR,KNA,8410.0
BGR,KOR,8246.0
BGR,KWT,2653.0
BGR,LAO,7813.0
BGR,LBN,1441.0
BGR,LBR,5243.0
BGR,LBY,1407.0
BGR,LCA,8507.0
BGR,LIE,1194.0
BGR,LKA,6786.0
BGR,LSO,7985.0
BGR,LTU,1341.0
BGR,LUX,1529.0
BGR,LVA,1586.0
BGR,MAC,8388.0
BGR,MAR,2875.0
BGR,MCO,1296.0
BGR,MDA,648.0
BGR,MDG,7259.0
BGR,MDV,6529.0
BGR,MEX,10962.0
BGR,MHL,13619.0
BGR,MKD,174.0
BGR,MLI,4492.0
BGR,MLT,1070.0
BGR,MMR,7368.0
BGR,MNE,335.0
BGR,MNG,6250.0
BGR,MNP,11322.0
BGR,MOZ,7659.0
BGR,MRT,4595.0
BGR,MSR,8404.0
BGR,MTQ,8470.0
BGR,MUS,7793.0
BGR,MWI,6364.0
BGR,MYS,8823.0
BGR,MYT,6537.0
BGR,NAM,7253.0
BGR,NCL,15930.0
BGR,NER,3824.0
BGR,NFK,16522.0
BGR,NGA,4468.0
BGR,NIC,10647.0
BGR,NIU,17106.0
BGR,NLD,1748.0
BGR,NOR,2098.0
BGR,NPL,5751.0
BGR,NRU,14099.0
BGR,NZL,17505.0
BGR,OMN,3869.0
BGR,PAK,4443.0
BGR,PAN,10371.0
BGR,PCN,16719.0
BGR,PER,11753.0
BGR,PHL,9534.0
BGR,PLW,11148.0
BGR,PNG,13460.0
BGR,POL,1074.0
BGR,PRI,8596.0
BGR,PRK,8058.0
BGR,PRT,2761.0
BGR,PRY,11183.0
BGR,PSE,1585.0
BGR,PYF,17135.0
BGR,QAT,3210.0
BGR,REU,7773.0
BGR,ROU,296.0
BGR,RUS,1779.0
BGR,RWA,4991.0
BGR,SAU,2929.0
BGR,SDN,3135.0
BGR,SEN,4973.0
BGR,SGP,9139.0
BGR,SHN,7141.0
BGR,SLB,14423.0
BGR,SLE,5204.0
BGR,SLV,10743.0
BGR,SMR,892.0
BGR,SOM,5008.0
BGR,SPM,6037.0
BGR,SRB,329.0
BGR,SSD,4271.0
BGR,STP,4977.0
BGR,SUR,8630.0
BGR,SVK,776.0
BGR,SVN,795.0
BGR,SWE,1886.0
BGR,SWZ,7683.0
BGR,SXM,8383.0
BGR,SYC,6160.0
BGR,SYR,1526.0
BGR,TCA,8773.0
BGR,TCD,3483.0
BGR,TGO,4598.0
BGR,THA,7947.0
BGR,TJK,3827.0
BGR,TKL,16051.0
BGR,TKM,3004.0
BGR,TLS,11652.0
BGR,TON,17063.0
BGR,TTO,8795.0
BGR,TUN,1301.0
BGR,TUR,503.0
BGR,TUV,15550.0
BGR,TWN,8790.0
BGR,TZA,5717.0
BGR,UGA,4785.0
BGR,UKR,1022.0
BGR,URY,11780.0
BGR,USA,7603.0
BGR,UZB,3759.0
BGR,VAT,900.0
BGR,VCT,8588.0
BGR,VEN,9245.0
BGR,VGB,8480.0
BGR,VNM,8666.0
BGR,VUT,15710.0
BGR,WLF,16249.0
BGR,WSM,16496.0
BGR,YEM,3628.0
BGR,ZAF,7644.0
BGR,ZMB,6454.0
BGR,ZWE,6748.0
BHR,ABW,12303.0
BHR,AFG,2006.0
BHR,AGO,5599.0
BHR,AIA,11331.0
BHR,ALB,3280.0
BHR,AND,4784.0
BHR,ARE,486.0
BHR,ARG,13276.0
BHR,ARM,1648.0
BHR,ASM,15541.0
BHR,ATG,11288.0
BHR,AUS,12109.0
BHR,AUT,3842.0
BHR,AZE,1572.0
BHR,BDI,3994.0
BHR,BEL,4758.0
BHR,BEN,5556.0
BHR,BES,12167.0
BHR,BFA,5650.0
BHR,BGD,4016.0
BHR,BGR,3078.0
BHR,BHS,12051.0
BHR,BIH,3497.0
BHR,BLR,3612.0
BHR,BLZ,13502.0
BHR,BMU,10593.0
BHR,BOL,13641.0
BHR,BRA,11814.0
BHR,BRB,11316.0
BHR,BRN,7218.0
BHR,BTN,3869.0
BHR,BWA,6223.0
BHR,CAF,4181.0
BHR,CAN,10741.0
BHR,CCK,6564.0
BHR,CHE,4353.0
BHR,CHL,14364.0
BHR,CHN,6828.0
BHR,CIV,6236.0
BHR,CMR,4842.0
BHR,COD,5086.0
BHR,COG,5084.0
BHR,COK,16895.0
BHR,COL,13161.0
BHR,COM,4269.0
BHR,CPV,7731.0
BHR,CRI,13696.0
BHR,CUB,12571.0
BHR,CUW,12230.0
BHR,CXR,7205.0
BHR,CYM,12789.0
BHR,CYP,1920.0
BHR,CZE,4064.0
BHR,DEU,4254.0
BHR,DJI,1798.0
BHR,DMA,11353.0
BHR,DNK,4477.0
BHR,DOM,11910.0
BHR,DZA,4617.0
BHR,ECU,14110.0
BHR,EGY,1945.0
BHR,ERI,1708.0
BHR,ESH,6276.0
BHR,ESP,5208.0
BHR,EST,4194.0
BHR,ETH,2276.0
BHR,FIN,4250.0
BHR,FJI,14614.0
BHR,FLK,13501.0
BHR,FRA,4838.0
BHR,FRO,5776.0
BHR,FSM,11406.0
BHR,GAB,5252.0
BHR,GBR,5079.0
BHR,GEO,1796.0
BHR,GHA,5931.0
BHR,GIB,5371.0
BHR,GIN,6983.0
BHR,GLP,11343.0
BHR,GMB,7114.0
BHR,GNB,7075.0
BHR,GNQ,5128.0
BHR,GRC,2834.0
BHR,GRD,11574.0
BHR,GRL,7984.0
BHR,GTM,13844.0
BHR,GUF,11055.0
BHR,GUM,9769.0
BHR,GUY,11524.0
BHR,HKG,6410.0
BHR,HND,13636.0
BHR,HRV,3756.0
BHR,HTI,12112.0
BHR,HUN,3629.0
BHR,IDN,7048.0
BHR,IND,2642.0
BHR,IOT,4388.0
BHR,IRL,5528.0
BHR,IRN,1054.0
BHR,IRQ,990.0
BHR,ISL,6567.0
BHR,ISR,1667.0
BHR,ITA,3882.0
BHR,JAM,12519.0
BHR,JOR,1559.0
BHR,JPN,8288.0
BHR,KAZ,3041.0
BHR,KEN,3383.0
BHR,KGZ,2857.0
BHR,KHM,5906.0
BHR,KIR,13140.0
BHR,KNA,11356.0
BHR,KOR,7142.0
BHR,KWT,434.0
BHR,LAO,5410.0
BHR,LBN,1684.0
BHR,LBR,6855.0
BHR,LBY,3679.0
BHR,LCA,11392.0
BHR,LIE,4272.0
BHR,LKA,3765.0
BHR,LSO,6621.0
BHR,LTU,3777.0
BHR,LUX,4596.0
BHR,LVA,4011.0
BHR,MAC,6350.0
BHR,MAR,5608.0
BHR,MCO,4332.0
BHR,MDA,2996.0
BHR,MDG,5004.0
BHR,MDV,3453.0
BHR,MEX,13996.0
BHR,MHL,12653.0
BHR,MKD,3184.0
BHR,MLI,6281.0
BHR,MLT,3583.0
BHR,MMR,4811.0
BHR,MNE,3368.0
BHR,MNG,5411.0
BHR,MNP,9780.0
BHR,MOZ,6092.0
BHR,MRT,6855.0
BHR,MSR,11340.0
BHR,MTQ,11364.0
BHR,MUS,5185.0
BHR,MWI,4803.0
BHR,MYS,6015.0
BHR,MYT,4353.0
BHR,NAM,6493.0
BHR,NCL,13569.0
BHR,NER,5236.0
BHR,NFK,13915.0
BHR,NGA,5456.0
BHR,NIC,13710.0
BHR,NIU,15810.0
BHR,NLD,4776.0
BHR,NOR,4819.0
BHR,NPL,3442.0
BHR,NRU,12655.0
BHR,NZL,14671.0
BHR,OMN,859.0
BHR,PAK,1663.0
BHR,PAN,13372.0
BHR,PCN,19778.0
BHR,PER,14340.0
BHR,PHL,7377.0
BHR,PLW,9051.0
BHR,PNG,11128.0
BHR,POL,3803.0
BHR,PRI,11584.0
BHR,PRK,7000.0
BHR,PRT,5682.0
BHR,PRY,12928.0
BHR,PSE,1677.0
BHR,PYF,17738.0
BHR,QAT,133.0
BHR,REU,5237.0
BHR,ROU,2985.0
BHR,RUS,3444.0
BHR,RWA,3819.0
BHR,SAU,425.0
BHR,SDN,2214.0
BHR,SEN,7138.0
BHR,SGP,6326.0
BHR,SHN,7671.0
BHR,SLB,12402.0
BHR,SLE,6992.0
BHR,SLV,13818.0
BHR,SMR,3946.0
BHR,SOM,2733.0
BHR,SPM,9101.0
BHR,SRB,3391.0
BHR,SSD,3112.0
BHR,STP,5502.0
BHR,SUR,11284.0
BHR,SVK,3791.0
BHR,SVN,3872.0
BHR,SWE,4451.0
BHR,SWZ,6176.0
BHR,SXM,11341.0
BHR,SYC,3451.0
BHR,SYR,1596.0
BHR,TCA,11817.0
BHR,TCD,4033.0
BHR,TGO,5684.0
BHR,THA,5373.0
BHR,TJK,2183.0
BHR,TKL,15247.0
BHR,TKM,1494.0
BHR,TLS,8958.0
BHR,TON,15350.0
BHR,TTO,11632.0
BHR,TUN,3982.0
BHR,TUR,2580.0
BHR,TUV,14272.0
BHR,TWN,7024.0
BHR,TZA,3854.0
BHR,UGA,3455.0
BHR,UKR,3189.0
BHR,URY,13083.0
BHR,USA,10652.0
BHR,UZB,2392.0
BHR,VAT,3884.0
BHR,VCT,11462.0
BHR,VEN,12141.0
BHR,VGB,11456.0
BHR,VNM,6117.0
BHR,VUT,13590.0
BHR,WLF,14955.0
BHR,WSM,15416.0
BHR,YEM,1373.0
BHR,ZAF,6284.0
BHR,ZMB,5200.0
BHR,ZWE,5311.0
BHS,ABW,1586.0
BHS,AFG,12528.0
BHS,AGO,10485.0
BHS,AIA,1660.0
BHS,ALB,8774.0
BHS,AND,7293.0
BHS,ARE,12470.0
BHS,ARG,6900.0
BHS,ARM,10614.0
BHS,ASM,11008.0
BHS,ATG,1833.0
BHS,AUS,15803.0
BHS,AUT,8237.0
BHS,AZE,10943.0
BHS,BDI,11858.0
BHS,BEL,7321.0
BHS,BEN,8678.0
BHS,BES,1719.0
BHS,BFA,8025.0
BHS,BGD,14451.0
BHS,BGR,8975.0
BHS,BHR,12051.0
BHS,BIH,8555.0
BHS,BLR,8709.0
BHS,BLZ,1467.0
BHS,BMU,1465.0
BHS,BOL,4704.0
BHS,BRA,6316.0
BHS,BRB,2283.0
BHS,BRN,16433.0
BHS,BTN,14028.0
BHS,BWA,12392.0
BHS,CAF,10405.0
BHS,CAN,2077.0
BHS,CCK,18457.0
BHS,CHE,7702.0
BHS,CHL,6515.0
BHS,CHN,13465.0
BHS,CIV,8084.0
BHS,CMR,9720.0
BHS,COD,10485.0
BHS,COG,10479.0
BHS,COK,10272.0
BHS,COL,2289.0
BHS,COM,13631.0
BHS,CPV,5709.0
BHS,CRI,1820.0
BHS,CUB,555.0
BHS,CUW,1685.0
BHS,CXR,18354.0
BHS,CYM,762.0
BHS,CYP,10141.0
BHS,CZE,8034.0
BHS,DEU,7886.0
BHS,DJI,12405.0
BHS,DMA,1984.0
BHS,DNK,7739.0
BHS,DOM,1058.0
BHS,DZA,7575.0
BHS,ECU,3025.0
BHS,EGY,10267.0
BHS,ERI,11797.0
BHS,ESH,6348.0
BHS,ESP,6911.0
BHS,EST,8292.0
BHS,ETH,12145.0
BHS,FIN,8270.0
BHS,FJI,12244.0
BHS,FLK,8714.0
BHS,FRA,7219.0
BHS,FRO,6566.0
BHS,FSM,13056.0
BHS,GAB,9674.0
BHS,GBR,7001.0
BHS,GEO,10528.0
BHS,GHA,8266.0
BHS,GIB,6859.0
BHS,GIN,6924.0
BHS,GLP,1910.0
BHS,GMB,6455.0
BHS,GNB,6630.0
BHS,GNQ,9637.0
BHS,GRC,9239.0
BHS,GRD,2183.0
BHS,GRL,4728.0
BHS,GTM,1799.0
BHS,GUF,3478.0
BHS,GUM,13773.0
BHS,GUY,2873.0
BHS,HKG,14622.0
BHS,HND,1595.0
BHS,HRV,8300.0
BHS,HTI,888.0
BHS,HUN,8451.0
BHS,IDN,17872.0
BHS,IND,13470.0
BHS,IOT,16253.0
BHS,IRL,6571.0
BHS,IRN,11399.0
BHS,IRQ,11085.0
BHS,ISL,5871.0
BHS,ISR,10435.0
BHS,ITA,8182.0
BHS,JAM,784.0
BHS,JOR,10534.0
BHS,JPN,12240.0
BHS,KAZ,11998.0
BHS,KEN,12503.0
BHS,KGZ,11955.0
BHS,KHM,15945.0
BHS,KIR,11928.0
BHS,KNA,1742.0
BHS,KOR,12623.0
BHS,KWT,11628.0
BHS,LAO,15244.0
BHS,LBN,10380.0
BHS,LBR,7359.0
BHS,LBY,8591.0
BHS,LCA,2104.0
BHS,LIE,7783.0
BHS,LKA,15698.0
BHS,LSO,12695.0
BHS,LTU,8537.0
BHS,LUX,7473.0
BHS,LVA,8367.0
BHS,MAC,14646.0
BHS,MAR,6714.0
BHS,MCO,7726.0
BHS,MDA,9146.0
BHS,MDG,14336.0
BHS,MDV,15503.0
BHS,MEX,2329.0
BHS,MHL,11789.0
BHS,MKD,8867.0
BHS,MLI,7363.0
BHS,MLT,8580.0
BHS,MMR,15320.0
BHS,MNE,8683.0
BHS,MNG,11912.0
BHS,MNP,13562.0
BHS,MOZ,13064.0
BHS,MRT,6351.0
BHS,MSR,1819.0
BHS,MTQ,2057.0
BHS,MUS,15378.0
BHS,MWI,12770.0
BHS,MYS,16882.0
BHS,MYT,13875.0
BHS,NAM,11466.0
BHS,NCL,13576.0
BHS,NER,8342.0
BHS,NFK,13617.0
BHS,NGA,8783.0
BHS,NIC,1710.0
BHS,NIU,11141.0
BHS,NLD,7327.0
BHS,NOR,7525.0
BHS,NPL,13880.0
BHS,NRU,12623.0
BHS,NZL,13171.0
BHS,OMN,12835.0
BHS,PAK,13288.0
BHS,PAN,1793.0
BHS,PCN,7751.0
BHS,PER,4105.0
BHS,PHL,15192.0
BHS,PLW,15045.0
BHS,PNG,15018.0
BHS,POL,8386.0
BHS,PRI,1371.0
BHS,PRK,12516.0
BHS,PRT,6480.0
BHS,PRY,5962.0
BHS,PSE,10443.0
BHS,PYF,9134.0
BHS,QAT,12182.0
BHS,REU,15192.0
BHS,ROU,9091.0
BHS,RUS,9162.0
BHS,RWA,11860.0
BHS,SAU,11860.0
BHS,SDN,11197.0
BHS,SEN,6329.0
BHS,SGP,17086.0
BHS,SHN,8992.0
BHS,SLB,13745.0
BHS,SLE,7015.0
BHS,SLV,1768.0
BHS,SMR,8107.0
BHS,SOM,13166.0
BHS,SPM,3054.0
BHS,SRB,8668.0
BHS,SSD,11676.0
BHS,STP,9402.0
BHS,SUR,3179.0
BHS,SVK,8290.0
BHS,SVN,8184.0
BHS,SWE,7941.0
BHS,SWZ,12948.0
BHS,SXM,1672.0
BHS,SYC,14507.0
BHS,SYR,10467.0
BHS,TCA,749.0
BHS,TCD,9689.0
BHS,TGO,8577.0
BHS,THA,15708.0
BHS,TJK,12133.0
BHS,TKL,10843.0
BHS,TKM,11645.0
BHS,TLS,16984.0
BHS,TON,11739.0
BHS,TTO,2309.0
BHS,TUN,8179.0
BHS,TUR,9476.0
BHS,TUV,11765.0
BHS,TWN,14109.0
BHS,TZA,13014.0
BHS,UGA,12003.0
BHS,UKR,9068.0
BHS,URY,6995.0
BHS,USA,1764.0
BHS,UZB,11896.0
BHS,VAT,8180.0
BHS,VCT,2144.0
BHS,VEN,1955.0
BHS,VGB,1507.0
BHS,VNM,16019.0
BHS,VUT,13236.0
BHS,WLF,11508.0
BHS,WSM,11093.0
BHS,YEM,12268.0
BHS,ZAF,12649.0
BHS,ZMB,12275.0
BHS,ZWE,12647.0
BIH,ABW,8928.0
BIH,AFG,4438.0
BIH,AGO,5857.0
BIH,AIA,7951.0
BIH,ALB,305.0
BIH,AND,1374.0
BIH,ARE,3921.0
BIH,ARG,11648.0
BIH,ARM,2195.0
BIH,ASM,16616.0
BIH,ATG,7934.0
BIH,AUS,15547.0
BIH,AUT,508.0
BIH,AZE,2620.0
BIH,BDI,5346.0
BIH,BEL,1310.0
BIH,BEN,4429.0
BIH,BES,8816.0
BIH,BFA,3976.0
BIH,BGD,6814.0
BIH,BGR,423.0
BIH,BHR,3497.0
BIH,BHS,8555.0
BIH,BLR,1304.0
BIH,BLZ,10005.0
BIH,BMU,7100.0
BIH,BOL,10990.0
BIH,BRA,9973.0
BIH,BRB,8051.0
BIH,BRN,10160.0
BIH,BTN,6500.0
BIH,BWA,7624.0
BIH,CAF,4375.0
BIH,CAN,7349.0
BIH,CCK,10034.0
BIH,CHE,861.0
BIH,CHL,12418.0
BIH,CHN,8618.0
BIH,CIV,4796.0
BIH,CMR,4480.0
BIH,COD,5344.0
BIH,COG,5338.0
BIH,COK,17490.0
BIH,COL,9854.0
BIH,COM,6649.0
BIH,CPV,5091.0
BIH,CRI,10232.0
BIH,CUB,9074.0
BIH,CUW,8872.0
BIH,CXR,10592.0
BIH,CYM,9296.0
BIH,CYP,1607.0
BIH,CZE,755.0
BIH,DEU,1032.0
BIH,DJI,4295.0
BIH,DMA,8031.0
BIH,DNK,1379.0
BIH,DOM,8472.0
BIH,DZA,1518.0
BIH,ECU,10840.0
BIH,EGY,1910.0
BIH,ERI,3714.0
BIH,ESH,3378.0
BIH,ESP,1857.0
BIH,EST,1788.0
BIH,ETH,4335.0
BIH,FIN,1869.0
BIH,FJI,16604.0
BIH,FLK,12866.0
BIH,FRA,1348.0
BIH,FRO,2600.0
BIH,FSM,13090.0
BIH,GAB,4894.0
BIH,GBR,1621.0
BIH,GEO,2171.0
BIH,GHA,4556.0
BIH,GIB,2188.0
BIH,GIN,4896.0
BIH,GLP,8007.0
BIH,GMB,4740.0
BIH,GNB,4810.0
BIH,GNQ,4728.0
BIH,GRC,796.0
BIH,GRD,8301.0
BIH,GRL,4801.0
BIH,GTM,10347.0
BIH,GUF,8087.0
BIH,GUM,11663.0
BIH,GUY,8408.0
BIH,HKG,8773.0
BIH,HND,10143.0
BIH,HRV,288.0
BIH,HTI,8659.0
BIH,HUN,409.0
BIH,IDN,10364.0
BIH,IND,5429.0
BIH,IOT,7835.0
BIH,IRL,2084.0
BIH,IRN,2951.0
BIH,IRQ,2536.0
BIH,ISL,3376.0
BIH,ISR,1940.0
BIH,ITA,527.0
BIH,JAM,9046.0
BIH,JOR,2026.0
BIH,JPN,9394.0
BIH,KAZ,4630.0
BIH,KEN,5327.0
BIH,KGZ,4469.0
BIH,KHM,8855.0
BIH,KIR,14404.0
BIH,KNA,7992.0
BIH,KOR,8485.0
BIH,KWT,3074.0
BIH,LAO,8194.0
BIH,LBN,1845.0
BIH,LBR,5040.0
BIH,LBY,1298.0
BIH,LCA,8095.0
BIH,LIE,781.0
BIH,LKA,7209.0
BIH,LSO,8155.0
BIH,LTU,1305.0
BIH,LUX,1131.0
BIH,LVA,1512.0
BIH,MAC,8731.0
BIH,MAR,2515.0
BIH,MCO,880.0
BIH,MDA,893.0
BIH,MDG,7560.0
BIH,MDV,6949.0
BIH,MEX,10558.0
BIH,MHL,13748.0
BIH,MKD,324.0
BIH,MLI,4279.0
BIH,MLT,942.0
BIH,MMR,7765.0
BIH,MNE,173.0
BIH,MNG,6493.0
BIH,MNP,11574.0
BIH,MOZ,7863.0
BIH,MRT,4295.0
BIH,MSR,7987.0
BIH,MTQ,8057.0
BIH,MUS,8134.0
BIH,MWI,6591.0
BIH,MYS,9234.0
BIH,MYT,6838.0
BIH,NAM,7354.0
BIH,NCL,16237.0
BIH,NER,3703.0
BIH,NFK,16866.0
BIH,NGA,4394.0
BIH,NIC,10225.0
BIH,NIU,17150.0
BIH,NLD,1376.0
BIH,NOR,1860.0
BIH,NPL,6140.0
BIH,NRU,14291.0
BIH,NZL,17881.0
BIH,OMN,4292.0
BIH,PAK,4863.0
BIH,PAN,9949.0
BIH,PCN,16302.0
BIH,PER,11358.0
BIH,PHL,9880.0
BIH,PLW,11474.0
BIH,PNG,13797.0
BIH,POL,953.0
BIH,PRI,8175.0
BIH,PRK,8295.0
BIH,PRT,2361.0
BIH,PRY,10876.0
BIH,PSE,1966.0
BIH,PYF,16876.0
BIH,QAT,3628.0
BIH,REU,8105.0
BIH,ROU,623.0
BIH,RUS,1905.0
BIH,RWA,5205.0
BIH,SAU,3337.0
BIH,SDN,3412.0
BIH,SEN,4684.0
BIH,SGP,9550.0
BIH,SHN,7059.0
BIH,SLB,14699.0
BIH,SLE,4972.0
BIH,SLV,10322.0
BIH,SMR,475.0
BIH,SOM,5343.0
BIH,SPM,5628.0
BIH,SRB,200.0
BIH,SSD,4511.0
BIH,STP,4956.0
BIH,SUR,8240.0
BIH,SVK,488.0
BIH,SVN,390.0
BIH,SWE,1723.0
BIH,SWZ,7878.0
BIH,SXM,7964.0
BIH,SYC,6527.0
BIH,SYR,1931.0
BIH,TCA,8350.0
BIH,TCD,3532.0
BIH,TGO,4502.0
BIH,THA,8342.0
BIH,TJK,4205.0
BIH,TKL,16074.0
BIH,TKM,3401.0
BIH,TLS,12045.0
BIH,TON,17195.0
BIH,TTO,8386.0
BIH,TUN,1045.0
BIH,TUR,926.0
BIH,TUV,15675.0
BIH,TWN,9099.0
BIH,TZA,5994.0
BIH,UGA,5025.0
BIH,UKR,1176.0
BIH,URY,11517.0
BIH,USA,7199.0
BIH,UZB,4120.0
BIH,VAT,528.0
BIH,VCT,8176.0
BIH,VEN,8830.0
BIH,VGB,8060.0
BIH,VNM,9056.0
BIH,VUT,15978.0
BIH,WLF,16346.0
BIH,WSM,16541.0
BIH,YEM,3996.0
BIH,ZAF,7819.0
BIH,ZMB,6639.0
BIH,ZWE,6951.0
BLR,ABW,9383.0
BLR,AFG,3878.0
BLR,AGO,7082.0
BLR,AIA,8431.0
BLR,ALB,1512.0
BLR,AND,2293.0
BLR,ARE,3921.0
BLR,ARG,12784.0
BLR,ARM,1986.0
BLR,ASM,15329.0
BLR,ATG,8450.0
BLR,AUS,15022.0
BLR,AUT,1007.0
BLR,AZE,2247.0
BLR,BDI,6351.0
BLR,BEL,1609.0
BLR,BEN,5732.0
BLR,BES,9304.0
BLR,BFA,5272.0
BLR,BGD,6142.0
BLR,BGR,1284.0
BLR,BHR,3612.0
BLR,BHS,8709.0
BLR,BIH,1304.0
BLR,BLZ,10086.0
BLR,BMU,7324.0
BLR,BOL,11846.0
BLR,BRA,11116.0
BLR,BRB,8658.0
BLR,BRN,9395.0
BLR,BTN,5776.0
BLR,BWA,8704.0
BLR,CAF,5553.0
BLR,CAN,7170.0
BLR,CCK,9782.0
BLR,CHE,1526.0
BLR,CHL,13444.0
BLR,CHN,7509.0
BLR,CIV,6094.0
BLR,CMR,5737.0
BLR,COD,6554.0
BLR,COG,6548.0
BLR,COK,16325.0
BLR,COL,10355.0
BLR,COM,7420.0
BLR,CPV,6176.0
BLR,CRI,10494.0
BLR,CUB,9177.0
BLR,CUW,9351.0
BLR,CXR,10169.0
BLR,CYM,9471.0
BLR,CYP,2131.0
BLR,CZE,996.0
BLR,DEU,956.0
BLR,DJI,4892.0
BLR,DMA,8580.0
BLR,DNK,983.0
BLR,DOM,8843.0
BLR,DZA,2681.0
BLR,ECU,11340.0
BLR,EGY,2667.0
BLR,ERI,4392.0
BLR,ESH,4454.0
BLR,ESP,2771.0
BLR,EST,640.0
BLR,ETH,5076.0
BLR,FIN,716.0
BLR,FJI,15320.0
BLR,FLK,14123.0
BLR,FRA,1832.0
BLR,FRO,2191.0
BLR,FSM,11848.0
BLR,GAB,6161.0
BLR,GBR,1878.0
BLR,GEO,1865.0
BLR,GHA,5857.0
BLR,GIB,3212.0
BLR,GIN,6127.0
BLR,GLP,8540.0
BLR,GMB,5917.0
BLR,GNB,6009.0
BLR,GNQ,5995.0
BLR,GRC,1796.0
BLR,GRD,8890.0
BLR,GRL,4373.0
BLR,GTM,10433.0
BLR,GUF,8905.0
BLR,GUM,10489.0
BLR,GUY,9120.0
BLR,HKG,7820.0
BLR,HND,10293.0
BLR,HRV,1223.0
BLR,HTI,8991.0
BLR,HUN,931.0
BLR,IDN,9864.0
BLR,IND,4871.0
BLR,IOT,7965.0
BLR,IRL,2217.0
BLR,IRN,2741.0
BLR,IRQ,2643.0
BLR,ISL,2968.0
BLR,ISR,2491.0
BLR,ITA,1740.0
BLR,JAM,9314.0
BLR,JOR,2528.0
BLR,JPN,8146.0
BLR,KAZ,3743.0
BLR,KEN,6176.0
BLR,KGZ,3615.0
BLR,KHM,8148.0
BLR,KIR,13106.0
BLR,KNA,8491.0
BLR,KOR,7291.0
BLR,KWT,3186.0
BLR,LAO,7435.0
BLR,LBN,2308.0
BLR,LBR,6305.0
BLR,LBY,2599.0
BLR,LCA,8668.0
BLR,LIE,1478.0
BLR,LKA,6991.0
BLR,LSO,9219.0
BLR,LTU,173.0
BLR,LUX,1548.0
BLR,LVA,404.0
BLR,MAC,7785.0
BLR,MAR,3561.0
BLR,MCO,1851.0
BLR,MDA,772.0
BLR,MDG,8291.0
BLR,MDV,6901.0
BLR,MEX,10428.0
BLR,MHL,12449.0
BLR,MKD,1399.0
BLR,MLI,5539.0
BLR,MLT,2242.0
BLR,MMR,7114.0
BLR,MNE,1414.0
BLR,MNG,5322.0
BLR,MNP,10382.0
BLR,MOZ,8860.0
BLR,MRT,5442.0
BLR,MSR,8502.0
BLR,MTQ,8620.0
BLR,MUS,8692.0
BLR,MWI,7543.0
BLR,MYS,8689.0
BLR,MYT,7576.0
BLR,NAM,8530.0
BLR,NCL,15098.0
BLR,NER,5006.0
BLR,NFK,15798.0
BLR,NGA,5695.0
BLR,NIC,10419.0
BLR,NIU,15860.0
BLR,NLD,1521.0
BLR,NOR,1219.0
BLR,NPL,5474.0
BLR,NRU,13020.0
BLR,NZL,16869.0
BLR,OMN,4243.0
BLR,PAK,4582.0
BLR,PAN,10301.0
BLR,PCN,16166.0
BLR,PER,12037.0
BLR,PHL,8930.0
BLR,PLW,10441.0
BLR,PNG,12768.0
BLR,POL,477.0
BLR,PRI,8605.0
BLR,PRK,7098.0
BLR,PRT,3240.0
BLR,PRY,11939.0
BLR,PSE,2548.0
BLR,PYF,15961.0
BLR,QAT,3741.0
BLR,REU,8706.0
BLR,ROU,1058.0
BLR,RUS,678.0
BLR,RWA,6194.0
BLR,SAU,3613.0
BLR,SDN,4277.0
BLR,SEN,5843.0
BLR,SGP,8995.0
BLR,SHN,8362.0
BLR,SLB,13525.0
BLR,SLE,6211.0
BLR,SLV,10444.0
BLR,SMR,1561.0
BLR,SOM,5975.0
BLR,SPM,5660.0
BLR,SRB,1133.0
BLR,SSD,5451.0
BLR,STP,6240.0
BLR,SUR,9007.0
BLR,SVK,972.0
BLR,SVN,1277.0
BLR,SWE,839.0
BLR,SWZ,8893.0
BLR,SXM,8447.0
BLR,SYC,6986.0
BLR,SYR,2368.0
BLR,TCA,8656.0
BLR,TCD,4766.0
BLR,TGO,5806.0
BLR,THA,7670.0
BLR,TJK,3541.0
BLR,TKL,14791.0
BLR,TKM,2938.0
BLR,TLS,11296.0
BLR,TON,15892.0
BLR,TTO,8998.0
BLR,TUN,2324.0
BLR,TUR,1436.0
BLR,TUV,14372.0
BLR,TWN,8045.0
BLR,TZA,6818.0
BLR,UGA,5958.0
BLR,UKR,434.0
BLR,URY,12671.0
BLR,USA,7142.0
BLR,UZB,3372.0
BLR,VAT,1741.0
BLR,VCT,8758.0
BLR,VEN,9363.0
BLR,VGB,8514.0
BLR,VNM,8335.0
BLR,VUT,14776.0
BLR,WLF,15043.0
BLR,WSM,15249.0
BLR,YEM,4516.0
BLR,ZAF,8874.0
BLR,ZMB,7680.0
BLR,ZWE,7954.0
BLZ,ABW,2082.0
BLZ,AFG,13820.0
BLZ,AGO,11572.0
BLZ,AIA,2727.0
BLZ,ALB,10232.0
BLZ,AND,8758.0
BLZ,ARE,13910.0
BLZ,ARG,6578.0
BLZ,ARM,12026.0
BLZ,ASM,9649.0
BLZ,ATG,2862.0
BLZ,AUS,14338.0
BLZ,AUT,9672.0
BLZ,AZE,12332.0
BLZ,BDI,13116.0
BLZ,BEL,8754.0
BLZ,BEN,9925.0
BLZ,BES,2277.0
BLZ,BFA,9326.0
BLZ,BGD,15472.0
BLZ,BGR,10424.0
BLZ,BHR,13502.0
BLZ,BHS,1467.0
BLZ,BIH,10005.0
BLZ,BLR,10086.0
BLZ,BMU,2931.0
BLZ,BOL,4365.0
BLZ,BRA,6430.0
BLZ,BRB,3163.0
BLZ,BRN,16440.0
BLZ,BTN,15054.0
BLZ,BWA,13248.0
BLZ,CAF,11703.0
BLZ,CAN,3062.0
BLZ,CCK,19198.0
BLZ,CHE,9149.0
BLZ,CHL,5933.0
BLZ,CHN,13750.0
BLZ,CIV,9285.0
BLZ,CMR,10980.0
BLZ,COD,11655.0
BLZ,COG,11649.0
BLZ,COK,8836.0
BLZ,COL,2126.0
BLZ,COM,14838.0
BLZ,CPV,6953.0
BLZ,CRI,956.0
BLZ,CUB,931.0
BLZ,CUW,2209.0
BLZ,CXR,18296.0
BLZ,CYM,813.0
BLZ,CYP,11599.0
BLZ,CZE,9461.0
BLZ,DEU,9300.0
BLZ,DJI,13852.0
BLZ,DMA,2932.0
BLZ,DNK,9130.0
BLZ,DOM,2003.0
BLZ,DZA,9040.0
BLZ,ECU,2358.0
BLZ,EGY,11733.0
BLZ,ERI,13249.0
BLZ,ESH,7760.0
BLZ,ESP,8378.0
BLZ,EST,9628.0
BLZ,ETH,13566.0
BLZ,FIN,9598.0
BLZ,FJI,10884.0
BLZ,FLK,8207.0
BLZ,FRA,8664.0
BLZ,FRO,7910.0
BLZ,FSM,12204.0
BLZ,GAB,10878.0
BLZ,GBR,8433.0
BLZ,GEO,11930.0
BLZ,GHA,9497.0
BLZ,GIB,8322.0
BLZ,GIN,8135.0
BLZ,GLP,2886.0
BLZ,GMB,7708.0
BLZ,GNB,7864.0
BLZ,GNQ,10862.0
BLZ,GRC,10700.0
BLZ,GRD,2964.0
BLZ,GRL,5914.0
BLZ,GTM,348.0
BLZ,GUF,4197.0
BLZ,GUM,13236.0
BLZ,GUY,3521.0
BLZ,HKG,14974.0
BLZ,HND,388.0
BLZ,HRV,9746.0
BLZ,HTI,1746.0
BLZ,HUN,9886.0
BLZ,IDN,17933.0
BLZ,IND,14707.0
BLZ,IOT,17702.0
BLZ,IRL,7994.0
BLZ,IRN,12806.0
BLZ,IRQ,12528.0
BLZ,ISL,7176.0
BLZ,ISR,11897.0
BLZ,ITA,9643.0
BLZ,JAM,1273.0
BLZ,JOR,11996.0
BLZ,JPN,12245.0
BLZ,KAZ,13149.0
BLZ,KEN,13826.0
BLZ,KGZ,13134.0
BLZ,KHM,16486.0
BLZ,KIR,10850.0
BLZ,KNA,2767.0
BLZ,KOR,12883.0
BLZ,KWT,13076.0
BLZ,LAO,15917.0
BLZ,LBN,11838.0
BLZ,LBR,8536.0
BLZ,LBY,10056.0
BLZ,LCA,2997.0
BLZ,LIE,9230.0
BLZ,LKA,17056.0
BLZ,LSO,13448.0
BLZ,LTU,9913.0
BLZ,LUX,8911.0
BLZ,LVA,9727.0
BLZ,MAC,15016.0
BLZ,MAR,8168.0
BLZ,MCO,9186.0
BLZ,MDA,10566.0
BLZ,MDG,15416.0
BLZ,MDV,16949.0
BLZ,MEX,1123.0
BLZ,MHL,10823.0
BLZ,MKD,10320.0
BLZ,MLI,8642.0
BLZ,MLT,10047.0
BLZ,MMR,16199.0
BLZ,MNE,10138.0
BLZ,MNG,12622.0
BLZ,MNP,13048.0
BLZ,MOZ,13917.0
BLZ,MRT,7667.0
BLZ,MSR,2826.0
BLZ,MTQ,2977.0
BLZ,MUS,16467.0
BLZ,MWI,13885.0
BLZ,MYS,17480.0
BLZ,MYT,15073.0
BLZ,NAM,12322.0
BLZ,NCL,12208.0
BLZ,NER,9669.0
BLZ,NFK,12191.0
BLZ,NGA,10035.0
BLZ,NIC,628.0
BLZ,NIU,9741.0
BLZ,NLD,8751.0
BLZ,NOR,8881.0
BLZ,NPL,14990.0
BLZ,NRU,11557.0
BLZ,NZL,11707.0
BLZ,OMN,14269.0
BLZ,PAK,14662.0
BLZ,PAN,1355.0
BLZ,PCN,6297.0
BLZ,PER,3488.0
BLZ,PHL,15214.0
BLZ,PLW,14549.0
BLZ,PNG,13932.0
BLZ,POL,9789.0
BLZ,PRI,2404.0
BLZ,PRK,12818.0
BLZ,PRT,7946.0
BLZ,PRY,5792.0
BLZ,PSE,11907.0
BLZ,PYF,7693.0
BLZ,QAT,13634.0
BLZ,REU,16253.0
BLZ,ROU,10529.0
BLZ,RUS,10493.0
BLZ,RWA,13140.0
BLZ,SAU,13322.0
BLZ,SDN,12635.0
BLZ,SEN,7596.0
BLZ,SGP,17540.0
BLZ,SHN,9821.0
BLZ,SLB,12574.0
BLZ,SLE,8212.0
BLZ,SLV,397.0
BLZ,SMR,9563.0
BLZ,SOM,14562.0
BLZ,SPM,4434.0
BLZ,SRB,10112.0
BLZ,SSD,13037.0
BLZ,STP,10590.0
BLZ,SUR,3867.0
BLZ,SVK,9724.0
BLZ,SVN,9630.0
BLZ,SWE,9291.0
BLZ,SWZ,13787.0
BLZ,SXM,2729.0
BLZ,SYC,15889.0
BLZ,SYR,11925.0
BLZ,TCA,1908.0
BLZ,TCD,11050.0
BLZ,TGO,9815.0
BLZ,THA,16432.0
BLZ,TJK,13403.0
BLZ,TKL,9535.0
BLZ,TKM,13001.0
BLZ,TLS,16192.0
BLZ,TON,10338.0
BLZ,TTO,3030.0
BLZ,TUN,9646.0
BLZ,TUR,10922.0
BLZ,TUV,10509.0
BLZ,TWN,14304.0
BLZ,TZA,14278.0
BLZ,UGA,13322.0
BLZ,UKR,10462.0
BLZ,URY,6717.0
BLZ,USA,2963.0
BLZ,UZB,13142.0
BLZ,VAT,9641.0
BLZ,VCT,2991.0
BLZ,VEN,2479.0
BLZ,VGB,2561.0
BLZ,VNM,16480.0
BLZ,VUT,11912.0
BLZ,WLF,10179.0
BLZ,WSM,9743.0
BLZ,YEM,13729.0
BLZ,ZAF,13479.0
BLZ,ZMB,13334.0
BLZ,ZWE,13673.0
BMU,ABW,2254.0
BMU,AFG,11186.0
BMU,AGO,9423.0
BMU,AIA,1569.0
BMU,ALB,7314.0
BMU,AND,5829.0
BMU,ARE,11019.0
BMU,ARG,7435.0
BMU,ARM,9189.0
BMU,ASM,12333.0
BMU,ATG,1707.0
BMU,AUS,17256.0
BMU,AUT,6797.0
BMU,AZE,9535.0
BMU,BDI,10603.0
BMU,BEL,5885.0
BMU,BEN,7485.0
BMU,BES,2259.0
BMU,BFA,6780.0
BMU,BGD,13273.0
BMU,BGR,7521.0
BMU,BHR,10593.0
BMU,BHS,1465.0
BMU,BIH,7100.0
BMU,BLR,7324.0
BMU,BLZ,2931.0
BMU,BOL,5411.0
BMU,BRA,6474.0
BMU,BRB,2190.0
BMU,BRN,15883.0
BMU,BTN,12861.0
BMU,BWA,11494.0
BMU,CAF,9130.0
BMU,CAN,1799.0
BMU,CCK,17101.0
BMU,CHE,6252.0
BMU,CHL,7304.0
BMU,CHN,12944.0
BMU,CIV,6958.0
BMU,CMR,8496.0
BMU,COD,9341.0
BMU,COG,9335.0
BMU,COK,11693.0
BMU,COL,3214.0
BMU,COM,12390.0
BMU,CPV,4593.0
BMU,CRI,3174.0
BMU,CUB,2007.0
BMU,CUW,2275.0
BMU,CXR,17395.0
BMU,CYM,2196.0
BMU,CYP,8680.0
BMU,CZE,6602.0
BMU,DEU,6468.0
BMU,DJI,10965.0
BMU,DMA,1913.0
BMU,DNK,6344.0
BMU,DOM,1613.0
BMU,DZA,6115.0
BMU,ECU,4134.0
BMU,EGY,8802.0
BMU,ERI,10354.0
BMU,ESH,4976.0
BMU,ESP,5447.0
BMU,EST,6952.0
BMU,ETH,10732.0
BMU,FIN,6937.0
BMU,FJI,13557.0
BMU,FLK,9329.0
BMU,FRA,5771.0
BMU,FRO,5235.0
BMU,FSM,13732.0
BMU,GAB,8510.0
BMU,GBR,5566.0
BMU,GEO,9110.0
BMU,GHA,7099.0
BMU,GIB,5407.0
BMU,GIN,5815.0
BMU,GLP,1831.0
BMU,GMB,5305.0
BMU,GNB,5498.0
BMU,GNQ,8451.0
BMU,GRC,7776.0
BMU,GRD,2262.0
BMU,GRL,3660.0
BMU,GTM,3264.0
BMU,GUF,3294.0
BMU,GUM,14050.0
BMU,GUY,2904.0
BMU,HKG,13964.0
BMU,HND,3043.0
BMU,HRV,6850.0
BMU,HTI,1701.0
BMU,HUN,7011.0
BMU,IDN,16991.0
BMU,IND,12159.0
BMU,IOT,14802.0
BMU,IRL,5148.0
BMU,IRN,9973.0
BMU,IRQ,9634.0
BMU,ISL,4601.0
BMU,ISR,8971.0
BMU,ITA,6719.0
BMU,JAM,1990.0
BMU,JOR,9071.0
BMU,JPN,12060.0
BMU,KAZ,10779.0
BMU,KEN,11180.0
BMU,KGZ,10712.0
BMU,KHM,15030.0
BMU,KIR,12911.0
BMU,KNA,1674.0
BMU,KOR,12175.0
BMU,KWT,10173.0
BMU,LAO,14284.0
BMU,LBN,8918.0
BMU,LBR,6278.0
BMU,LBY,7134.0
BMU,LCA,2061.0
BMU,LIE,6332.0
BMU,LKA,14280.0
BMU,LSO,11879.0
BMU,LTU,7153.0
BMU,LUX,6031.0
BMU,LVA,7001.0
BMU,MAC,13971.0
BMU,MAR,5277.0
BMU,MCO,6265.0
BMU,MDA,7718.0
BMU,MDG,13177.0
BMU,MDV,14045.0
BMU,MEX,3707.0
BMU,MHL,12652.0
BMU,MKD,7409.0
BMU,MLI,6158.0
BMU,MLT,7117.0
BMU,MMR,14207.0
BMU,MNE,7225.0
BMU,MNG,11083.0
BMU,MNP,13830.0
BMU,MOZ,12143.0
BMU,MRT,5117.0
BMU,MSR,1736.0
BMU,MTQ,1994.0
BMU,MUS,14175.0
BMU,MWI,11626.0
BMU,MYS,15833.0
BMU,MYT,12635.0
BMU,NAM,10603.0
BMU,NCL,14884.0
BMU,NER,7060.0
BMU,NFK,15011.0
BMU,NGA,7582.0
BMU,NIC,3131.0
BMU,NIU,12514.0
BMU,NLD,5901.0
BMU,NOR,6170.0
BMU,NPL,12653.0
BMU,NRU,13570.0
BMU,NZL,14626.0
BMU,OMN,11388.0
BMU,PAK,11880.0
BMU,PAN,2994.0
BMU,PCN,9211.0
BMU,PER,5077.0
BMU,PHL,14779.0
BMU,PLW,15170.0
BMU,PNG,15873.0
BMU,POL,6975.0
BMU,PRI,1537.0
BMU,PRK,12033.0
BMU,PRT,5021.0
BMU,PRY,6419.0
BMU,PSE,8979.0
BMU,PYF,10564.0
BMU,QAT,10724.0
BMU,REU,14016.0
BMU,ROU,7646.0
BMU,RUS,7819.0
BMU,RWA,10584.0
BMU,SAU,10397.0
BMU,SDN,9769.0
BMU,SEN,5163.0
BMU,SGP,16102.0
BMU,SHN,8248.0
BMU,SLB,14781.0
BMU,SLE,5920.0
BMU,SLV,3226.0
BMU,SMR,6648.0
BMU,SOM,11771.0
BMU,SPM,1767.0
BMU,SRB,7218.0
BMU,SSD,10324.0
BMU,STP,8260.0
BMU,SUR,3091.0
BMU,SVK,6851.0
BMU,SVN,6733.0
BMU,SWE,6588.0
BMU,SWZ,12044.0
BMU,SXM,1590.0
BMU,SYC,13114.0
BMU,SYR,9006.0
BMU,TCA,1356.0
BMU,TCD,8354.0
BMU,TGO,7396.0
BMU,THA,14679.0
BMU,TJK,10814.0
BMU,TKL,12112.0
BMU,TKM,10259.0
BMU,TLS,17171.0
BMU,TON,13110.0
BMU,TTO,2418.0
BMU,TUN,6716.0
BMU,TUR,8023.0
BMU,TUV,12960.0
BMU,TWN,13628.0
BMU,TZA,11737.0
BMU,UGA,10688.0
BMU,UKR,7664.0
BMU,URY,7485.0
BMU,USA,1246.0
BMU,UZB,10598.0
BMU,VAT,6717.0
BMU,VCT,2150.0
BMU,VEN,2424.0
BMU,VGB,1537.0
BMU,VNM,15156.0
BMU,VUT,14489.0
BMU,WLF,12794.0
BMU,WSM,12409.0
BMU,YEM,10814.0
BMU,ZAF,11765.0
BMU,ZMB,11195.0
BMU,ZWE,11586.0
BOL,ABW,3217.0
BOL,AFG,15338.0
BOL,AGO,8829.0
BOL,AIA,3880.0
BOL,ALB,11039.0
BOL,AND,9654.0
BOL,ARE,14110.0
BOL,ARG,2229.0
BOL,ARM,13093.0
BOL,ASM,10865.0
BOL,ATG,3782.0
BOL,AUS,13073.0
BOL,AUT,10962.0
BOL,AZE,13548.0
BOL,BDI,10711.0
BOL,BEL,10238.0
BOL,BEN,8164.0
BOL,BES,3169.0
BOL,BFA,7994.0
BOL,BGD,17653.0
BOL,BGR,11355.0
BOL,BHR,13641.0
BOL,BHS,4704.0
BOL,BIH,10990.0
BOL,BLR,11846.0
BOL,BLZ,4365.0
BOL,BMU,5411.0
BOL,BRA,2379.0
BOL,BRB,3406.0
BOL,BRN,18683.0
BOL,BTN,17437.0
BOL,BWA,9660.0
BOL,CAF,9803.0
BOL,CAN,6764.0
BOL,CCK,16433.0
BOL,CHE,10373.0
BOL,CHL,1895.0
BOL,CHN,18112.0
BOL,CIV,7458.0
BOL,CMR,9040.0
BOL,COD,9185.0
BOL,COG,9184.0
BOL,COK,9525.0
BOL,COL,2424.0
BOL,COM,11864.0
BOL,CPV,6012.0
BOL,CRI,3409.0
BOL,CUB,4648.0
BOL,CUW,3165.0
BOL,CXR,16952.0
BOL,CYM,4215.0
BOL,CYP,12083.0
BOL,CZE,10881.0
BOL,DEU,10890.0
BOL,DJI,12626.0
BOL,DMA,3595.0
BOL,DNK,10937.0
BOL,DOM,3875.0
BOL,DZA,9503.0
BOL,ECU,2042.0
BOL,EGY,11801.0
BOL,ERI,12272.0
BOL,ESH,7649.0
BOL,ESP,9160.0
BOL,EST,11734.0
BOL,ETH,12091.0
BOL,FIN,11753.0
BOL,FJI,11789.0
BOL,FLK,4010.0
BOL,FRA,10015.0
BOL,FRO,10214.0
BOL,FSM,14888.0
BOL,GAB,8707.0
BOL,GBR,9986.0
BOL,GEO,13114.0
BOL,GHA,7758.0
BOL,GIB,8802.0
BOL,GIN,6658.0
BOL,GLP,3663.0
BOL,GMB,6559.0
BOL,GNB,6580.0
BOL,GNQ,8788.0
BOL,GRC,11285.0
BOL,GRD,3236.0
BOL,GRL,9056.0
BOL,GTM,4230.0
BOL,GUF,2941.0
BOL,GUM,16484.0
BOL,GUY,2803.0
BOL,HKG,19322.0
BOL,HND,3979.0
BOL,HRV,10864.0
BOL,HTI,3903.0
BOL,HUN,11137.0
BOL,IDN,17434.0
BOL,IND,16238.0
BOL,IOT,14952.0
BOL,IRL,9724.0
BOL,IRN,13722.0
BOL,IRQ,13080.0
BOL,ISL,9772.0
BOL,ISR,12169.0
BOL,ITA,10468.0
BOL,JAM,3931.0
BOL,JOR,12277.0
BOL,JPN,16539.0
BOL,KAZ,15581.0
BOL,KEN,11572.0
BOL,KGZ,15438.0
BOL,KHM,19097.0
BOL,KIR,13134.0
BOL,KNA,3785.0
BOL,KOR,17245.0
BOL,KWT,13402.0
BOL,LAO,19037.0
BOL,LBN,12259.0
BOL,LBR,6798.0
BOL,LBY,10213.0
BOL,LCA,3465.0
BOL,LIE,10436.0
BOL,LKA,16394.0
BOL,LSO,9658.0
BOL,LTU,11707.0
BOL,LUX,10301.0
BOL,LVA,11664.0
BOL,MAC,19350.0
BOL,MAR,8480.0
BOL,MCO,10148.0
BOL,MDA,11860.0
BOL,MDG,11972.0
BOL,MDV,15629.0
BOL,MEX,5224.0
BOL,MHL,13486.0
BOL,MKD,11187.0
BOL,MLI,7361.0
BOL,MLT,10432.0
BOL,MMR,18361.0
BOL,MNE,11023.0
BOL,MNG,16492.0
BOL,MNP,16405.0
BOL,MOZ,10241.0
BOL,MRT,6879.0
BOL,MSR,3739.0
BOL,MTQ,3528.0
BOL,MUS,12833.0
BOL,MWI,10813.0
BOL,MYS,18166.0
BOL,MYT,12019.0
BOL,NAM,8851.0
BOL,NCL,12690.0
BOL,NER,8409.0
BOL,NFK,12162.0
BOL,NGA,8273.0
BOL,NIC,3741.0
BOL,NIU,10610.0
BOL,NLD,10339.0
BOL,NOR,10974.0
BOL,NPL,17031.0
BOL,NRU,13705.0
BOL,NZL,11170.0
BOL,OMN,14436.0
BOL,PAK,15297.0
BOL,PAN,3085.0
BOL,PCN,6294.0
BOL,PER,1077.0
BOL,PHL,19032.0
BOL,PLW,17370.0
BOL,PNG,15191.0
BOL,POL,11385.0
BOL,PRI,3874.0
BOL,PRK,17169.0
BOL,PRT,8662.0
BOL,PRY,1464.0
BOL,PSE,12131.0
BOL,PYF,8593.0
BOL,QAT,13719.0
BOL,REU,12608.0
BOL,ROU,11610.0
BOL,RUS,12494.0
BOL,RWA,10831.0
BOL,SAU,13239.0
BOL,SDN,11607.0
BOL,SEN,6554.0
BOL,SGP,18113.0
BOL,SHN,6647.0
BOL,SLB,14006.0
BOL,SLE,6649.0
BOL,SLV,4062.0
BOL,SMR,10536.0
BOL,SOM,12587.0
BOL,SPM,7109.0
BOL,SRB,11178.0
BOL,SSD,11206.0
BOL,STP,8415.0
BOL,SUR,2857.0
BOL,SVK,11014.0
BOL,SVN,10761.0
BOL,SWE,11357.0
BOL,SWZ,10103.0
BOL,SXM,3860.0
BOL,SYC,13403.0
BOL,SYR,12331.0
BOL,TCA,4212.0
BOL,TCD,9684.0
BOL,TGO,8033.0
BOL,THA,18778.0
BOL,TJK,15178.0
BOL,TKL,11097.0
BOL,TKM,14311.0
BOL,TLS,16855.0
BOL,TON,11046.0
BOL,TTO,3092.0
BOL,TUN,10095.0
BOL,TUR,11785.0
BOL,TUV,12118.0
BOL,TWN,18645.0
BOL,TZA,11639.0
BOL,UGA,11173.0
BOL,UKR,12016.0
BOL,URY,2356.0
BOL,USA,6363.0
BOL,UZB,15110.0
BOL,VAT,10466.0
BOL,VCT,3368.0
BOL,VEN,2988.0
BOL,VGB,3881.0
BOL,VNM,19169.0
BOL,VUT,12771.0
BOL,WLF,11458.0
BOL,WSM,10989.0
BOL,YEM,12827.0
BOL,ZAF,9814.0
BOL,ZMB,10200.0
BOL,ZWE,10398.0
BRA,ABW,4734.0
BRA,AFG,13759.0
BRA,AGO,6559.0
BRA,AIA,4953.0
BRA,ALB,9920.0
BRA,AND,8827.0
BRA,ARE,12233.0
BRA,ARG,1675.0
BRA,ARM,11753.0
BRA,ASM,12640.0
BRA,ATG,4793.0
BRA,AUS,13105.0
BRA,AUT,10119.0
BRA,AZE,12199.0
BRA,BDI,8438.0
BRA,BEL,9636.0
BRA,BEN,6272.0
BRA,BES,4598.0
BRA,BFA,6315.0
BRA,BGD,15665.0
BRA,BGR,10247.0
BRA,BHR,11814.0
BRA,BHS,6316.0
BRA,BIH,9973.0
BRA,BLR,11116.0
BRA,BLZ,6430.0
BRA,BMU,6474.0
BRA,BOL,2379.0
BRA,BRB,4293.0
BRA,BRN,17165.0
BRA,BTN,15635.0
BRA,BWA,7282.0
BRA,CAF,7710.0
BRA,CAN,8164.0
BRA,CCK,14412.0
BRA,CHE,9597.0
BRA,CHL,2586.0
BRA,CHN,18570.0
BRA,CIV,5623.0
BRA,CMR,6994.0
BRA,COD,6967.0
BRA,COG,6967.0
BRA,COK,11248.0
BRA,COL,4311.0
BRA,COM,9492.0
BRA,CPV,4944.0
BRA,CRI,5507.0
BRA,CUB,6450.0
BRA,CUW,4632.0
BRA,CXR,15199.0
BRA,CYM,6057.0
BRA,CYP,10636.0
BRA,CZE,10126.0
BRA,DEU,10232.0
BRA,DJI,10501.0
BRA,DMA,4588.0
BRA,DNK,10402.0
BRA,DOM,5293.0
BRA,DZA,8468.0
BRA,ECU,4294.0
BRA,EGY,10212.0
BRA,ERI,10247.0
BRA,ESH,6663.0
BRA,ESP,8361.0
BRA,EST,11240.0
BRA,ETH,9946.0
BRA,FIN,11287.0
BRA,FJI,13293.0
BRA,FLK,3269.0
BRA,FRA,9378.0
BRA,FRO,10125.0
BRA,FSM,16798.0
BRA,GAB,6609.0
BRA,GBR,9473.0
BRA,GEO,11829.0
BRA,GHA,5926.0
BRA,GIB,7906.0
BRA,GIN,5130.0
BRA,GLP,4673.0
BRA,GMB,5234.0
BRA,GNB,5174.0
BRA,GNQ,6717.0
BRA,GRC,10014.0
BRA,GRD,4269.0
BRA,GRL,9736.0
BRA,GTM,6375.0
BRA,GUF,3211.0
BRA,GUM,18382.0
BRA,GUY,3584.0
BRA,HKG,18061.0
BRA,HND,6069.0
BRA,HRV,9942.0
BRA,HTI,5429.0
BRA,HUN,10241.0
BRA,IDN,15642.0
BRA,IND,14435.0
BRA,IOT,12582.0
BRA,IRL,9365.0
BRA,IRN,12196.0
BRA,IRQ,11503.0
BRA,ISL,9956.0
BRA,ISR,10614.0
BRA,ITA,9457.0
BRA,JAM,5645.0
BRA,JOR,10709.0
BRA,JPN,18530.0
BRA,KAZ,14454.0
BRA,KEN,9291.0
BRA,KGZ,14267.0
BRA,KHM,16740.0
BRA,KIR,15099.0
BRA,KNA,4845.0
BRA,KOR,18338.0
BRA,KWT,11682.0
BRA,LAO,16776.0
BRA,LBN,10756.0
BRA,LBR,5106.0
BRA,LBY,8903.0
BRA,LCA,4438.0
BRA,LIE,9640.0
BRA,LKA,14034.0
BRA,LSO,7298.0
BRA,LTU,11023.0
BRA,LUX,9634.0
BRA,LVA,11077.0
BRA,MAC,17995.0
BRA,MAR,7555.0
BRA,MCO,9267.0
BRA,MDA,10859.0
BRA,MDG,9599.0
BRA,MDV,13269.0
BRA,MEX,7422.0
BRA,MHL,15580.0
BRA,MKD,10074.0
BRA,MLI,5807.0
BRA,MLT,9200.0
BRA,MMR,16083.0
BRA,MNE,9949.0
BRA,MNG,16437.0
BRA,MNP,18429.0
BRA,MOZ,7873.0
BRA,MRT,5684.0
BRA,MSR,4773.0
BRA,MTQ,4504.0
BRA,MUS,10486.0
BRA,MWI,8446.0
BRA,MYS,15938.0
BRA,MYT,9642.0
BRA,NAM,6473.0
BRA,NCL,13806.0
BRA,NER,6705.0
BRA,NFK,13111.0
BRA,NGA,6368.0
BRA,NIC,5846.0
BRA,NIU,12270.0
BRA,NLD,9782.0
BRA,NOR,10610.0
BRA,NPL,15213.0
BRA,NRU,15524.0
BRA,NZL,12039.0
BRA,OMN,12498.0
BRA,PAK,13367.0
BRA,PAN,5076.0
BRA,PCN,8176.0
BRA,PER,3455.0
BRA,PHL,18388.0
BRA,PLW,18207.0
BRA,PNG,16061.0
BRA,POL,10641.0
BRA,PRI,5107.0
BRA,PRK,18146.0
BRA,PRT,7924.0
BRA,PRY,1132.0
BRA,PSE,10560.0
BRA,PYF,10503.0
BRA,QAT,11861.0
BRA,REU,10259.0
BRA,ROU,10538.0
BRA,RUS,11791.0
BRA,RWA,8572.0
BRA,SAU,11390.0
BRA,SDN,9632.0
BRA,SEN,5291.0
BRA,SGP,15998.0
BRA,SHN,4356.0
BRA,SLB,15359.0
BRA,SLE,5076.0
BRA,SLV,6198.0
BRA,SMR,9593.0
BRA,SOM,10308.0
BRA,SPM,7846.0
BRA,SRB,10172.0
BRA,SSD,9035.0
BRA,STP,6339.0
BRA,SUR,3383.0
BRA,SVK,10161.0
BRA,SVN,9864.0
BRA,SWE,10906.0
BRA,SWZ,7734.0
BRA,SXM,4933.0
BRA,SYC,11038.0
BRA,SYR,10809.0
BRA,TCA,5643.0
BRA,TCD,7785.0
BRA,TGO,6148.0
BRA,THA,16409.0
BRA,TJK,13768.0
BRA,TKL,12987.0
BRA,TKM,12857.0
BRA,TLS,16354.0
BRA,TON,12571.0
BRA,TTO,4117.0
BRA,TUN,8951.0
BRA,TUR,10569.0
BRA,TUV,13906.0
BRA,TWN,18812.0
BRA,TZA,9300.0
BRA,UGA,8930.0
BRA,UKR,11134.0
BRA,URY,1555.0
BRA,USA,7658.0
BRA,UZB,13823.0
BRA,VAT,9455.0
BRA,VCT,4360.0
BRA,VEN,4363.0
BRA,VGB,5037.0
BRA,VNM,16863.0
BRA,VUT,14076.0
BRA,WLF,13186.0
BRA,WSM,12762.0
BRA,YEM,10769.0
BRA,ZAF,7442.0
BRA,ZMB,7834.0
BRA,ZWE,8022.0
BRB,ABW,1132.0
BRB,AFG,12467.0
BRB,AGO,8410.0
BRB,AIA,676.0
BRB,ALB,8183.0
BRB,AND,6678.0
BRB,ARE,11795.0
BRB,ARG,5281.0
BRB,ARM,10246.0
BRB,ASM,12608.0
BRB,ATG,505.0
BRB,AUS,16351.0
BRB,AUT,7897.0
BRB,AZE,10666.0
BRB,BDI,9992.0
BRB,BEL,7067.0
BRB,BEN,6824.0
BRB,BES,946.0
BRB,BFA,6293.0
BRB,BGD,14798.0
BRB,BGR,8461.0
BRB,BHR,11316.0
BRB,BHS,2283.0
BRB,BIH,8051.0
BRB,BLR,8658.0
BRB,BLZ,3163.0
BRB,BMU,2190.0
BRB,BOL,3406.0
BRB,BRA,4293.0
BRB,BRN,17923.0
BRB,BTN,14433.0
BRB,BWA,10172.0
BRB,CAF,8628.0
BRB,CAN,3885.0
BRB,CCK,17475.0
BRB,CHE,7302.0
BRB,CHL,5284.0
BRB,CHN,15098.0
BRB,CIV,6157.0
BRB,CMR,7877.0
BRB,COD,8501.0
BRB,COG,8496.0
BRB,COK,11571.0
BRB,COL,1846.0
BRB,COM,11682.0
BRB,CPV,3902.0
BRB,CRI,2691.0
BRB,CUB,2647.0
BRB,CUW,1018.0
BRB,CXR,18405.0
BRB,CYM,2423.0
BRB,CYP,9451.0
BRB,CZE,7764.0
BRB,DEU,7715.0
BRB,DJI,11079.0
BRB,DMA,310.0
BRB,DNK,7697.0
BRB,DOM,1252.0
BRB,DZA,6721.0
BRB,ECU,2806.0
BRB,EGY,9376.0
BRB,ERI,10530.0
BRB,ESH,5064.0
BRB,ESP,6205.0
BRB,EST,8444.0
BRB,ETH,10687.0
BRB,FIN,8452.0
BRB,FJI,13807.0
BRB,FLK,7181.0
BRB,FRA,6879.0
BRB,FRO,6844.0
BRB,FSM,15302.0
BRB,GAB,7740.0
BRB,GBR,6782.0
BRB,GEO,10216.0
BRB,GHA,6387.0
BRB,GIB,5967.0
BRB,GIN,5027.0
BRB,GLP,393.0
BRB,GMB,4647.0
BRB,GNB,4781.0
BRB,GNQ,7736.0
BRB,GRC,8551.0
BRB,GRD,259.0
BRB,GRL,5705.0
BRB,GTM,3344.0
BRB,GUF,1207.0
BRB,GUM,16036.0
BRB,GUY,715.0
BRB,HKG,16033.0
BRB,HND,2986.0
BRB,HRV,7862.0
BRB,HTI,1489.0
BRB,HUN,8097.0
BRB,IDN,18360.0
BRB,IND,13468.0
BRB,IOT,14746.0
BRB,IRL,6457.0
BRB,IRN,10993.0
BRB,IRQ,10484.0
BRB,ISL,6368.0
BRB,ISR,9656.0
BRB,ITA,7571.0
BRB,JAM,1919.0
BRB,JOR,9766.0
BRB,JPN,14237.0
BRB,KAZ,12367.0
BRB,KEN,10748.0
BRB,KGZ,12257.0
BRB,KHM,16795.0
BRB,KIR,14013.0
BRB,KNA,572.0
BRB,KOR,14354.0
BRB,KWT,10952.0
BRB,LAO,16059.0
BRB,LBN,9672.0
BRB,LBR,5402.0
BRB,LBY,7637.0
BRB,LCA,179.0
BRB,LIE,7376.0
BRB,LKA,15031.0
BRB,LSO,10442.0
BRB,LTU,8503.0
BRB,LUX,7166.0
BRB,LVA,8416.0
BRB,MAC,16030.0
BRB,MAR,5711.0
BRB,MCO,7172.0
BRB,MDA,8841.0
BRB,MDG,12261.0
BRB,MDV,14511.0
BRB,MEX,4273.0
BRB,MHL,13968.0
BRB,MKD,8312.0
BRB,MLI,5592.0
BRB,MLT,7747.0
BRB,MMR,15769.0
BRB,MNE,8131.0
BRB,MNG,13116.0
BRB,MNP,15821.0
BRB,MOZ,10847.0
BRB,MRT,4702.0
BRB,MSR,495.0
BRB,MTQ,229.0
BRB,MUS,13315.0
BRB,MWI,10722.0
BRB,MYS,17285.0
BRB,MYT,11915.0
BRB,NAM,9242.0
BRB,NCL,15060.0
BRB,NER,6669.0
BRB,NFK,14819.0
BRB,NGA,6937.0
BRB,NIC,2894.0
BRB,NIU,12593.0
BRB,NLD,7140.0
BRB,NOR,7662.0
BRB,NPL,14127.0
BRB,NRU,14719.0
BRB,NZL,14032.0
BRB,OMN,12173.0
BRB,PAK,12873.0
BRB,PAN,2221.0
BRB,PCN,8536.0
BRB,PER,3381.0
BRB,PHL,16939.0
BRB,PLW,17268.0
BRB,PNG,17083.0
BRB,POL,8230.0
BRB,PRI,914.0
BRB,PRK,14206.0
BRB,PRT,5706.0
BRB,PRY,4254.0
BRB,PSE,9641.0
BRB,PYF,10443.0
BRB,QAT,11432.0
BRB,REU,13107.0
BRB,ROU,8665.0
BRB,RUS,9261.0
BRB,RWA,10031.0
BRB,SAU,11008.0
BRB,SDN,9857.0
BRB,SEN,4555.0
BRB,SGP,17601.0
BRB,SHN,6746.0
BRB,SLB,15701.0
BRB,SLE,5092.0
BRB,SLV,3201.0
BRB,SMR,7577.0
BRB,SOM,11585.0
BRB,SPM,3747.0
BRB,SRB,8216.0
BRB,SSD,10026.0
BRB,STP,7447.0
BRB,SUR,937.0
BRB,SVK,7952.0
BRB,SVN,7749.0
BRB,SWE,8064.0
BRB,SWZ,10724.0
BRB,SXM,658.0
BRB,SYC,12849.0
BRB,SYR,9757.0
BRB,TCA,1534.0
BRB,TCD,8080.0
BRB,TGO,6707.0
BRB,THA,16328.0
BRB,TJK,12179.0
BRB,TKL,12580.0
BRB,TKM,11444.0
BRB,TLS,19264.0
BRB,TON,13163.0
BRB,TTO,340.0
BRB,TUN,7357.0
BRB,TUR,8948.0
BRB,TUV,13597.0
BRB,TWN,15786.0
BRB,TZA,11147.0
BRB,UGA,10248.0
BRB,UKR,8907.0
BRB,URY,5317.0
BRB,USA,3367.0
BRB,UZB,12029.0
BRB,VAT,7569.0
BRB,VCT,174.0
BRB,VEN,843.0
BRB,VGB,796.0
BRB,VNM,16970.0
BRB,VUT,14876.0
BRB,WLF,13179.0
BRB,WSM,12715.0
BRB,YEM,11074.0
BRB,ZAF,10420.0
BRB,ZMB,10177.0
BRB,ZWE,10525.0
BRN,ABW,17998.0
BRN,AFG,5734.0
BRN,AGO,11387.0
BRN,AIA,17434.0
BRN,ALB,10079.0
BRN,AND,11521.0
BRN,ARE,6734.0
BRN,ARG,16650.0
BRN,ARM,7999.0
BRN,ASM,8475.0
BRN,ATG,17540.0
BRN,AUS,5661.0
BRN,AUT,10236.0
BRN,AZE,7554.0
BRN,BDI,9562.0
BRN,BEL,11004.0
BRN,BEN,12441.0
BRN,BES,18082.0
BRN,BFA,12753.0
BRN,BGD,3353.0
BRN,BGR,9774.0
BRN,BHR,7218.0
BRN,BHS,16433.0
BRN,BIH,10160.0
BRN,BLR,9395.0
BRN,BLZ,16440.0
BRN,BMU,15883.0
BRN,BOL,18683.0
BRN,BRA,17165.0
BRN,BRB,17923.0
BRN,BTN,3662.0
BRN,BWA,10146.0
BRN,CAF,10684.0
BRN,CAN,14429.0
BRN,CCK,2759.0
BRN,CHE,10832.0
BRN,CHL,16795.0
BRN,CHN,2988.0
BRN,CIV,13158.0
BRN,CMR,11467.0
BRN,COD,11126.0
BRN,COG,11129.0
BRN,COK,9727.0
BRN,COL,18562.0
BRN,COM,8146.0
BRN,CPV,14949.0
BRN,CRI,17349.0
BRN,CUB,16381.0
BRN,CUW,18072.0
BRN,CXR,1986.0
BRN,CYM,16792.0
BRN,CYP,8933.0
BRN,CZE,10337.0
BRN,DEU,10351.0
BRN,DJI,7927.0
BRN,DMA,17730.0
BRN,DNK,10327.0
BRN,DOM,17360.0
BRN,DZA,11604.0
BRN,ECU,18358.0
BRN,EGY,9136.0
BRN,ERI,8374.0
BRN,ESH,13419.0
BRN,ESP,12013.0
BRN,EST,9548.0
BRN,ETH,8419.0
BRN,FIN,9533.0
BRN,FJI,7419.0
BRN,FLK,14778.0
BRN,FRA,11215.0
BRN,FRO,11101.0
BRN,FSM,4788.0
BRN,GAB,11733.0
BRN,GBR,11269.0
BRN,GEO,7999.0
BRN,GHA,12872.0
BRN,GIB,12333.0
BRN,GIN,14111.0
BRN,GLP,17660.0
BRN,GMB,14313.0
BRN,GNB,14252.0
BRN,GNQ,11683.0
BRN,GRC,9782.0
BRN,GRD,18090.0
BRN,GRL,12258.0
BRN,GTM,16477.0
BRN,GUF,18238.0
BRN,GUM,3404.0
BRN,GUY,18504.0
BRN,HKG,1920.0
BRN,HND,16796.0
BRN,HRV,10311.0
BRN,HTI,17290.0
BRN,HUN,10051.0
BRN,IDN,1527.0
BRN,IND,4767.0
BRN,IOT,4914.0
BRN,IRL,11554.0
BRN,IRN,7312.0
BRN,IRQ,7906.0
BRN,ISL,11556.0
BRN,ISR,8797.0
BRN,ITA,10671.0
BRN,JAM,17165.0
BRN,JOR,8687.0
BRN,JPN,4246.0
BRN,KAZ,5653.0
BRN,KEN,8715.0
BRN,KGZ,5781.0
BRN,KHM,1325.0
BRN,KIR,6461.0
BRN,KNA,17532.0
BRN,KOR,3815.0
BRN,KWT,7516.0
BRN,LAO,1971.0
BRN,LBN,8736.0
BRN,LBR,13880.0
BRN,LBY,10809.0
BRN,LCA,17863.0
BRN,LIE,10763.0
BRN,LKA,3892.0
BRN,LSO,10036.0
BRN,LTU,9541.0
BRN,LUX,10927.0
BRN,LVA,9601.0
BRN,MAC,1916.0
BRN,MAR,12636.0
BRN,MCO,11023.0
BRN,MDA,9314.0
BRN,MDG,7841.0
BRN,MDV,4599.0
BRN,MEX,15420.0
BRN,MHL,6249.0
BRN,MKD,9937.0
BRN,MLI,13431.0
BRN,MLT,10628.0
BRN,MMR,2434.0
BRN,MNE,10109.0
BRN,MNG,4824.0
BRN,MNP,3557.0
BRN,MOZ,9506.0
BRN,MRT,14072.0
BRN,MSR,17581.0
BRN,MTQ,17799.0
BRN,MUS,6866.0
BRN,MWI,9199.0
BRN,MYS,1486.0
BRN,MYT,7954.0
BRN,NAM,11033.0
BRN,NCL,6363.0
BRN,NER,12340.0
BRN,NFK,6799.0
BRN,NGA,12327.0
BRN,NIC,17012.0
BRN,NIU,8642.0
BRN,NLD,10912.0
BRN,NOR,10318.0
BRN,NPL,4023.0
BRN,NRU,5809.0
BRN,NZL,7731.0
BRN,OMN,6376.0
BRN,PAK,5564.0
BRN,PAN,17796.0
BRN,PCN,12947.0
BRN,PER,18494.0
BRN,PHL,1257.0
BRN,PLW,2178.0
BRN,PNG,3914.0
BRN,POL,9845.0
BRN,PRI,17413.0
BRN,PRK,3930.0
BRN,PRT,12516.0
BRN,PRY,17619.0
BRN,PSE,8827.0
BRN,PYF,10762.0
BRN,QAT,7122.0
BRN,REU,7094.0
BRN,ROU,9537.0
BRN,RUS,8762.0
BRN,RWA,9471.0
BRN,SAU,7588.0
BRN,SDN,9060.0
BRN,SEN,14348.0
BRN,SGP,1298.0
BRN,SHN,13447.0
BRN,SLB,5239.0
BRN,SLE,14094.0
BRN,SLV,16655.0
BRN,SMR,10625.0
BRN,SOM,7738.0
BRN,SPM,14210.0
BRN,SRB,9979.0
BRN,SSD,9239.0
BRN,STP,12036.0
BRN,SUR,18396.0
BRN,SVK,10183.0
BRN,SVN,10419.0
BRN,SWE,9927.0
BRN,SWZ,9642.0
BRN,SXM,17454.0
BRN,SYC,6699.0
BRN,SYR,8658.0
BRN,TCA,17010.0
BRN,TCD,10976.0
BRN,TGO,12571.0
BRN,THA,1857.0
BRN,TJK,5957.0
BRN,TKL,8338.0
BRN,TKM,6775.0
BRN,TLS,1902.0
BRN,TON,8143.0
BRN,TTO,18236.0
BRN,TUN,10989.0
BRN,TUR,9318.0
BRN,TUV,7285.0
BRN,TWN,2328.0
BRN,TZA,8508.0
BRN,UGA,9169.0
BRN,UKR,9193.0
BRN,URY,16572.0
BRN,USA,14867.0
BRN,UZB,6065.0
BRN,VAT,10673.0
BRN,VCT,17960.0
BRN,VEN,18286.0
BRN,VGB,17420.0
BRN,VNM,1116.0
BRN,VUT,6375.0
BRN,WLF,7873.0
BRN,WSM,8354.0
BRN,YEM,7808.0
BRN,ZAF,9948.0
BRN,ZMB,9806.0
BRN,ZWE,9539.0
BTN,ABW,15071.0
BTN,AFG,2101.0
BTN,AGO,9144.0
BTN,AIA,14162.0
BTN,ALB,6428.0
BTN,AND,7860.0
BTN,ARE,3424.0
BTN,ARG,16889.0
BTN,ARM,4357.0
BTN,ASM,11673.0
BTN,ATG,14199.0
BTN,AUS,9246.0
BTN,AUT,6580.0
BTN,AZE,3905.0
BTN,BDI,7302.0
BTN,BEL,7374.0
BTN,BEN,9420.0
BTN,BES,15021.0
BTN,BFA,9504.0
BTN,BGD,423.0
BTN,BGR,6118.0
BTN,BHR,3869.0
BTN,BHS,14028.0
BTN,BIH,6500.0
BTN,BLR,5776.0
BTN,BLZ,15054.0
BTN,BMU,12861.0
BTN,BOL,17437.0
BTN,BRA,15635.0
BTN,BRB,14433.0
BTN,BRN,3662.0
BTN,BWA,8943.0
BTN,CAF,7926.0
BTN,CAN,12046.0
BTN,CCK,4455.0
BTN,CHE,7176.0
BTN,CHL,18024.0
BTN,CHN,3107.0
BTN,CIV,10104.0
BTN,CMR,8645.0
BTN,COD,8700.0
BTN,COG,8700.0
BTN,COK,13041.0
BTN,COL,16053.0
BTN,COM,6620.0
BTN,CPV,11426.0
BTN,CRI,15813.0
BTN,CUB,14342.0
BTN,CUW,15059.0
BTN,CXR,4535.0
BTN,CYM,14742.0
BTN,CYP,5354.0
BTN,CZE,6691.0
BTN,DEU,6724.0
BTN,DJI,5152.0
BTN,DMA,14341.0
BTN,DNK,6736.0
BTN,DOM,14466.0
BTN,DZA,7960.0
BTN,ECU,16995.0
BTN,EGY,5649.0
BTN,ERI,5389.0
BTN,ESH,9802.0
BTN,ESP,8351.0
BTN,EST,6006.0
BTN,ETH,5710.0
BTN,FIN,6005.0
BTN,FJI,10811.0
BTN,FLK,16193.0
BTN,FRA,7574.0
BTN,FRO,7670.0
BTN,FSM,7544.0
BTN,GAB,9026.0
BTN,GBR,7654.0
BTN,GEO,4347.0
BTN,GHA,9800.0
BTN,GIB,8679.0
BTN,GIN,10816.0
BTN,GLP,14297.0
BTN,GMB,10886.0
BTN,GNB,10874.0
BTN,GNQ,8920.0
BTN,GRC,6160.0
BTN,GRD,14661.0
BTN,GRL,9303.0
BTN,GTM,15348.0
BTN,GUF,14586.0
BTN,GUM,5906.0
BTN,GUY,14881.0
BTN,HKG,2542.0
BTN,HND,15395.0
BTN,HRV,6650.0
BTN,HTI,14559.0
BTN,HUN,6391.0
BTN,IDN,4161.0
BTN,IND,1228.0
BTN,IOT,4265.0
BTN,IRL,7978.0
BTN,IRN,3716.0
BTN,IRQ,4362.0
BTN,ISL,8262.0
BTN,ISR,5274.0
BTN,ITA,7013.0
BTN,JAM,14768.0
BTN,JOR,5167.0
BTN,JPN,4786.0
BTN,KAZ,2093.0
BTN,KEN,6480.0
BTN,KGZ,2184.0
BTN,KHM,2376.0
BTN,KIR,9289.0
BTN,KNA,14231.0
BTN,KOR,3655.0
BTN,KWT,4066.0
BTN,LAO,1695.0
BTN,LBN,5179.0
BTN,LBR,10716.0
BTN,LBY,7225.0
BTN,LCA,14437.0
BTN,LIE,7107.0
BTN,LKA,2497.0
BTN,LSO,9127.0
BTN,LTU,5931.0
BTN,LUX,7286.0
BTN,LVA,6020.0
BTN,MAC,2481.0
BTN,MAR,8989.0
BTN,MCO,7361.0
BTN,MDA,5653.0
BTN,MDG,6851.0
BTN,MDV,3095.0
BTN,MEX,14731.0
BTN,MHL,8841.0
BTN,MKD,6283.0
BTN,MLI,10111.0
BTN,MLT,7012.0
BTN,MMR,1358.0
BTN,MNE,6452.0
BTN,MNG,2718.0
BTN,MNP,5928.0
BTN,MOZ,8512.0
BTN,MRT,10559.0
BTN,MSR,14250.0
BTN,MTQ,14386.0
BTN,MUS,6306.0
BTN,MWI,7571.0
BTN,MYS,2981.0
BTN,MYT,6542.0
BTN,NAM,9562.0
BTN,NCL,9922.0
BTN,NER,9093.0
BTN,NFK,10427.0
BTN,NGA,9318.0
BTN,NIC,15601.0
BTN,NIU,11967.0
BTN,NLD,7296.0
BTN,NOR,6795.0
BTN,NPL,427.0
BTN,NRU,8787.0
BTN,NZL,11387.0
BTN,OMN,3141.0
BTN,PAK,2270.0
BTN,PAN,15806.0
BTN,PCN,16226.0
BTN,PER,17813.0
BTN,PHL,3541.0
BTN,PLW,5219.0
BTN,PNG,7422.0
BTN,POL,6211.0
BTN,PRI,14295.0
BTN,PRK,3573.0
BTN,PRT,8854.0
BTN,PRY,16765.0
BTN,PSE,5314.0
BTN,PYF,13894.0
BTN,QAT,3807.0
BTN,REU,6494.0
BTN,ROU,5877.0
BTN,RUS,5175.0
BTN,RWA,7153.0
BTN,SAU,4285.0
BTN,SDN,6012.0
BTN,SEN,10887.0
BTN,SGP,3269.0
BTN,SHN,11333.0
BTN,SLB,8597.0
BTN,SLE,10835.0
BTN,SLV,15449.0
BTN,SMR,6964.0
BTN,SOM,5489.0
BTN,SPM,11096.0
BTN,SRB,6318.0
BTN,SSD,6626.0
BTN,STP,9298.0
BTN,SUR,14735.0
BTN,SVK,6526.0
BTN,SVN,6758.0
BTN,SWE,6385.0
BTN,SWZ,8639.0
BTN,SXM,14180.0
BTN,SYC,5108.0
BTN,SYR,5109.0
BTN,TCA,14213.0
BTN,TCD,7894.0
BTN,TGO,9549.0
BTN,THA,1896.0
BTN,TJK,2295.0
BTN,TKL,11385.0
BTN,TKM,3134.0
BTN,TLS,5557.0
BTN,TON,11556.0
BTN,TTO,14773.0
BTN,TUN,7357.0
BTN,TUR,5673.0
BTN,TUV,10404.0
BTN,TWN,3182.0
BTN,TZA,6614.0
BTN,UGA,6782.0
BTN,UKR,5545.0
BTN,URY,16683.0
BTN,USA,12270.0
BTN,UZB,2412.0
BTN,VAT,7015.0
BTN,VCT,14528.0
BTN,VEN,15108.0
BTN,VGB,14225.0
BTN,VNM,2569.0
BTN,VUT,9842.0
BTN,WLF,11092.0
BTN,WSM,11548.0
BTN,YEM,4869.0
BTN,ZAF,8874.0
BTN,ZMB,8144.0
BTN,ZWE,8064.0
BWA,ABW,11179.0
BWA,AFG,7986.0
BWA,AGO,2208.0
BWA,AIA,10741.0
BWA,ALB,7332.0
BWA,AND,7847.0
BWA,ARE,6367.0
BWA,ARG,8007.0
BWA,ARM,7433.0
BWA,ASM,15339.0
BWA,ATG,10574.0
BWA,AUS,10620.0
BWA,AUT,8125.0
BWA,AZE,7616.0
BWA,BDI,2383.0
BWA,BEL,8627.0
BWA,BEN,4285.0
BWA,BES,10987.0
BWA,BFA,5066.0
BWA,BGD,8777.0
BWA,BGR,7462.0
BWA,BHR,6223.0
BWA,BHS,12392.0
BWA,BIH,7624.0
BWA,BLR,8704.0
BWA,BLZ,13248.0
BWA,BMU,11494.0
BWA,BOL,9660.0
BWA,BRA,7282.0
BWA,BRB,10172.0
BWA,BRN,10146.0
BWA,BTN,8943.0
BWA,CAF,3307.0
BWA,CAN,13060.0
BWA,CCK,7544.0
BWA,CHE,8164.0
BWA,CHL,9107.0
BWA,CHN,11888.0
BWA,CIV,4640.0
BWA,CMR,3519.0
BWA,COD,2519.0
BWA,COG,2527.0
BWA,COK,14891.0
BWA,COL,11238.0
BWA,COM,2324.0
BWA,CPV,6925.0
BWA,CRI,12485.0
BWA,CUB,12814.0
BWA,CUW,11052.0
BWA,CXR,8511.0
BWA,CYM,12582.0
BWA,CYP,6667.0
BWA,CZE,8356.0
BWA,DEU,8636.0
BWA,DJI,4425.0
BWA,DMA,10447.0
BWA,DNK,8990.0
BWA,DOM,11420.0
BWA,DZA,7208.0
BWA,ECU,11508.0
BWA,EGY,6079.0
BWA,ERI,4644.0
BWA,ESH,7106.0
BWA,ESP,7830.0
BWA,EST,9320.0
BWA,ETH,3978.0
BWA,FIN,9401.0
BWA,FJI,14419.0
BWA,FLK,7477.0
BWA,FRA,8472.0
BWA,FRO,10039.0
BWA,FSM,14585.0
BWA,GAB,3291.0
BWA,GBR,8813.0
BWA,GEO,7600.0
BWA,GHA,4576.0
BWA,GIB,7489.0
BWA,GIN,5725.0
BWA,GLP,10512.0
BWA,GMB,6259.0
BWA,GNB,6053.0
BWA,GNQ,3413.0
BWA,GRC,6934.0
BWA,GRD,10334.0
BWA,GRL,11868.0
BWA,GTM,13328.0
BWA,GUF,9061.0
BWA,GUM,13526.0
BWA,GUY,9732.0
BWA,HKG,10855.0
BWA,HND,12971.0
BWA,HRV,7868.0
BWA,HTI,11660.0
BWA,HUN,8020.0
BWA,IDN,8815.0
BWA,IND,8061.0
BWA,IOT,5305.0
BWA,IRL,9181.0
BWA,IRN,7199.0
BWA,IRQ,6711.0
BWA,ISL,10679.0
BWA,ISR,6349.0
BWA,ITA,7497.0
BWA,JAM,12079.0
BWA,JOR,6355.0
BWA,JPN,13649.0
BWA,KAZ,9150.0
BWA,KEN,2840.0
BWA,KGZ,8987.0
BWA,KHM,9459.0
BWA,KIR,15643.0
BWA,KNA,10668.0
BWA,KOR,12574.0
BWA,KWT,6427.0
BWA,LAO,9556.0
BWA,LBN,6559.0
BWA,LBR,5249.0
BWA,LBY,6508.0
BWA,LCA,10349.0
BWA,LIE,8120.0
BWA,LKA,6810.0
BWA,LSO,540.0
BWA,LTU,8791.0
BWA,LUX,8456.0
BWA,LVA,9043.0
BWA,MAC,10791.0
BWA,MAR,7359.0
BWA,MCO,7804.0
BWA,MDA,7941.0
BWA,MDG,2322.0
BWA,MDV,6056.0
BWA,MEX,14365.0
BWA,MHL,15870.0
BWA,MKD,7394.0
BWA,MLI,5532.0
BWA,MLT,6809.0
BWA,MMR,8893.0
BWA,MNE,7460.0
BWA,MNG,11367.0
BWA,MNP,13695.0
BWA,MOZ,675.0
BWA,MRT,6557.0
BWA,MSR,10595.0
BWA,MTQ,10384.0
BWA,MUS,3283.0
BWA,MWI,1443.0
BWA,MYS,8728.0
BWA,MYT,2420.0
BWA,NAM,930.0
BWA,NCL,13298.0
BWA,NER,4951.0
BWA,NFK,12815.0
BWA,NGA,4219.0
BWA,NIC,12796.0
BWA,NIU,14876.0
BWA,NLD,8775.0
BWA,NOR,9474.0
BWA,NPL,8610.0
BWA,NRU,14983.0
BWA,NZL,12457.0
BWA,OMN,6400.0
BWA,PAK,7053.0
BWA,PAN,11983.0
BWA,PCN,13915.0
BWA,PER,10736.0
BWA,PHL,11183.0
BWA,PLW,12229.0
BWA,PNG,12623.0
BWA,POL,8530.0
BWA,PRI,11048.0
BWA,PRK,12509.0
BWA,PRT,7909.0
BWA,PRY,8275.0
BWA,PSE,6282.0
BWA,PYF,15311.0
BWA,QAT,6172.0
BWA,REU,3057.0
BWA,ROU,7650.0
BWA,RUS,8978.0
BWA,RWA,2552.0
BWA,SAU,5902.0
BWA,SDN,4506.0
BWA,SEN,6412.0
BWA,SGP,8857.0
BWA,SHN,3432.0
BWA,SLB,13771.0
BWA,SLE,5611.0
BWA,SLV,13156.0
BWA,SMR,7718.0
BWA,SOM,3624.0
BWA,SPM,11396.0
BWA,SRB,7712.0
BWA,SSD,3322.0
BWA,STP,3453.0
BWA,SUR,9389.0
BWA,SVK,8111.0
BWA,SVN,7914.0
BWA,SWE,9335.0
BWA,SWZ,557.0
BWA,SXM,10731.0
BWA,SYC,3861.0
BWA,SYR,6531.0
BWA,TCA,11661.0
BWA,TCD,4235.0
BWA,TGO,4333.0
BWA,THA,9142.0
BWA,TJK,8301.0
BWA,TKL,15809.0
BWA,TKM,7716.0
BWA,TLS,10586.0
BWA,TON,14451.0
BWA,TTO,10247.0
BWA,TUN,7002.0
BWA,TUR,7277.0
BWA,TUV,15339.0
BWA,TWN,11656.0
BWA,TZA,2434.0
BWA,UGA,2855.0
BWA,UKR,8331.0
BWA,URY,7804.0
BWA,USA,12558.0
BWA,UZB,8557.0
BWA,VAT,7498.0
BWA,VCT,10333.0
BWA,VEN,10775.0
BWA,VGB,10901.0
BWA,VNM,9591.0
BWA,VUT,13803.0
BWA,WLF,15178.0
BWA,WSM,15339.0
BWA,YEM,4852.0
BWA,ZAF,275.0
BWA,ZMB,1053.0
BWA,ZWE,925.0
CAF,ABW,9760.0
CAF,AFG,6186.0
CAF,AGO,1574.0
CAF,AIA,8981.0
CAF,ALB,4097.0
CAF,AND,4550.0
CAF,ARE,4556.0
CAF,ARG,9100.0
CAF,ARM,4746.0
CAF,ASM,18524.0
CAF,ATG,8856.0
CAF,AUS,13457.0
CAF,AUT,4864.0
CAF,AZE,5076.0
CAF,BDI,1476.0
CAF,BEL,5321.0
CAF,BEN,1810.0
CAF,BES,9572.0
CAF,BFA,2382.0
CAF,BGD,7973.0
CAF,BGR,4273.0
CAF,BHR,4181.0
CAF,BHS,10405.0
CAF,BIH,4375.0
CAF,BLR,5553.0
CAF,BLZ,11703.0
CAF,BMU,9130.0
CAF,BOL,9803.0
CAF,BRA,7710.0
CAF,BRB,8628.0
CAF,BRN,10684.0
CAF,BTN,7926.0
CAF,BWA,3307.0
CAF,CAN,10317.0
CAF,CCK,8848.0
CAF,CHE,4862.0
CAF,CHL,10205.0
CAF,CHN,10984.0
CAF,CIV,2507.0
CAF,CMR,783.0
CAF,COD,1026.0
CAF,COG,1021.0
CAF,COK,18129.0
CAF,COL,10272.0
CAF,COM,3261.0
CAF,CPV,4752.0
CAF,CRI,11315.0
CAF,CUB,10940.0
CAF,CUW,9644.0
CAF,CXR,9790.0
CAF,CYM,10896.0
CAF,CYP,3736.0
CAF,CZE,5083.0
CAF,DEU,5360.0
CAF,DJI,2824.0
CAF,DMA,8812.0
CAF,DNK,5715.0
CAF,DOM,9702.0
CAF,DZA,3922.0
CAF,ECU,10975.0
CAF,EGY,3140.0
CAF,ERI,2540.0
CAF,ESH,4211.0
CAF,ESP,4574.0
CAF,EST,6132.0
CAF,ETH,2291.0
CAF,FIN,6215.0
CAF,FJI,17357.0
CAF,FLK,9457.0
CAF,FRA,5165.0
CAF,FRO,6732.0
CAF,FSM,15376.0
CAF,GAB,1103.0
CAF,GBR,5507.0
CAF,GEO,4892.0
CAF,GHA,2250.0
CAF,GIB,4288.0
CAF,GIN,3603.0
CAF,GLP,8846.0
CAF,GMB,3998.0
CAF,GNB,3851.0
CAF,GNQ,1015.0
CAF,GRC,3757.0
CAF,GRD,8864.0
CAF,GRL,8623.0
CAF,GTM,11938.0
CAF,GUF,7862.0
CAF,GUM,13770.0
CAF,GUY,8495.0
CAF,HKG,10412.0
CAF,HND,11592.0
CAF,HRV,4600.0
CAF,HTI,9958.0
CAF,HUN,4781.0
CAF,IDN,9881.0
CAF,IND,6737.0
CAF,IOT,6118.0
CAF,IRL,5883.0
CAF,IRN,4838.0
CAF,IRQ,4181.0
CAF,ISL,7380.0
CAF,ISR,3505.0
CAF,ITA,4201.0
CAF,JAM,10433.0
CAF,JOR,3553.0
CAF,JPN,12465.0
CAF,KAZ,7151.0
CAF,KEN,2125.0
CAF,KGZ,6960.0
CAF,KHM,9526.0
CAF,KIR,17122.0
CAF,KNA,8949.0
CAF,KOR,11323.0
CAF,KWT,4156.0
CAF,LAO,9239.0
CAF,LBN,3711.0
CAF,LBR,3260.0
CAF,LBY,3206.0
CAF,LCA,8774.0
CAF,LIE,4820.0
CAF,LKA,6792.0
CAF,LSO,3847.0
CAF,LTU,5613.0
CAF,LUX,5151.0
CAF,LVA,5852.0
CAF,MAC,10347.0
CAF,MAR,4223.0
CAF,MCO,4497.0
CAF,MDA,4829.0
CAF,MDG,4089.0
CAF,MDV,6099.0
CAF,MEX,12726.0
CAF,MHL,16758.0
CAF,MKD,4179.0
CAF,MLI,3061.0
CAF,MLT,3517.0
CAF,MMR,8558.0
CAF,MNE,4219.0
CAF,MNG,9527.0
CAF,MNP,13823.0
CAF,MOZ,3675.0
CAF,MRT,4054.0
CAF,MSR,8895.0
CAF,MTQ,8781.0
CAF,MUS,5048.0
CAF,MWI,2634.0
CAF,MYS,9231.0
CAF,MYT,3506.0
CAF,NAM,2982.0
CAF,NCL,16041.0
CAF,NER,2071.0
CAF,NFK,15792.0
CAF,NGA,1696.0
CAF,NIC,11520.0
CAF,NIU,18143.0
CAF,NLD,5470.0
CAF,NOR,6198.0
CAF,NPL,7504.0
CAF,NRU,16493.0
CAF,NZL,15670.0
CAF,OMN,4795.0
CAF,PAK,5659.0
CAF,PAN,10828.0
CAF,PCN,15844.0
CAF,PER,10725.0
CAF,PHL,11228.0
CAF,PLW,12802.0
CAF,PNG,14336.0
CAF,POL,5312.0
CAF,PRI,9302.0
CAF,PRK,11178.0
CAF,PRT,4724.0
CAF,PRY,8841.0
CAF,PSE,3435.0
CAF,PYF,18068.0
CAF,QAT,4206.0
CAF,REU,4901.0
CAF,ROU,4501.0
CAF,RUS,5948.0
CAF,RWA,1457.0
CAF,SAU,3760.0
CAF,SDN,1968.0
CAF,SEN,4107.0
CAF,SGP,9486.0
CAF,SHN,3491.0
CAF,SLB,15736.0
CAF,SLE,3544.0
CAF,SLV,11811.0
CAF,SMR,4425.0
CAF,SOM,2988.0
CAF,SPM,8496.0
CAF,SRB,4486.0
CAF,SSD,1447.0
CAF,STP,1389.0
CAF,SUR,8170.0
CAF,SVK,4855.0
CAF,SVN,4636.0
CAF,SWE,6098.0
CAF,SWZ,3655.0
CAF,SXM,8980.0
CAF,SYC,4221.0
CAF,SYR,3715.0
CAF,TCA,9809.0
CAF,TCD,940.0
CAF,TGO,1932.0
CAF,THA,9037.0
CAF,TJK,6322.0
CAF,TKL,18813.0
CAF,TKM,5489.0
CAF,TLS,11960.0
CAF,TON,17637.0
CAF,TTO,8845.0
CAF,TUN,3695.0
CAF,TUR,4191.0
CAF,TUV,17846.0
CAF,TWN,11106.0
CAF,TZA,2613.0
CAF,UGA,1623.0
CAF,UKR,5230.0
CAF,URY,8905.0
CAF,USA,9913.0
CAF,UZB,6481.0
CAF,VAT,4203.0
CAF,VCT,8802.0
CAF,VEN,9432.0
CAF,VGB,9145.0
CAF,VNM,9723.0
CAF,VUT,16420.0
CAF,WLF,18132.0
CAF,WSM,18478.0
CAF,YEM,3060.0
CAF,ZAF,3533.0
CAF,ZMB,2435.0
CAF,ZWE,2812.0
CAN,ABW,3571.0
CAN,AFG,10777.0
CAN,AGO,10896.0
CAN,AIA,3215.0
CAN,ALB,7619.0
CAN,AND,6308.0
CAN,ARE,11085.0
CAN,ARG,8930.0
CAN,ARM,9152.0
CAN,ASM,11196.0
CAN,ATG,3380.0
CAN,AUS,16263.0
CAN,AUT,6935.0
CAN,AZE,9402.0
CAN,BDI,11775.0
CAN,BEL,6041.0
CAN,BEN,8857.0
CAN,BES,3657.0
CAN,BFA,8099.0
CAN,BGD,12469.0
CAN,BGR,7741.0
CAN,BHR,10741.0
CAN,BHS,2077.0
CAN,BIH,7349.0
CAN,BLR,7170.0
CAN,BLZ,3062.0
CAN,BMU,1799.0
CAN,BOL,6764.0
CAN,BRA,8164.0
CAN,BRB,3885.0
CAN,BRN,14429.0
CAN,BTN,12046.0
CAN,BWA,13060.0
CAN,CAF,10317.0
CAN,CCK,16493.0
CAN,CHE,6497.0
CAN,CHL,8590.0
CAN,CHN,11441.0
CAN,CIV,8427.0
CAN,CMR,9791.0
CAN,COD,10722.0
CAN,COG,10715.0
CAN,COK,10873.0
CAN,COL,4362.0
CAN,COM,13512.0
CAN,CPV,6151.0
CAN,CRI,3770.0
CAN,CUB,2299.0
CAN,CUW,3643.0
CAN,CXR,16283.0
CAN,CYM,2713.0
CAN,CYP,8947.0
CAN,CZE,6699.0
CAN,DEU,6493.0
CAN,DJI,11582.0
CAN,DMA,3583.0
CAN,DNK,6266.0
CAN,DOM,2934.0
CAN,DZA,6766.0
CAN,ECU,5080.0
CAN,EGY,9228.0
CAN,ERI,10972.0
CAN,ESH,6118.0
CAN,ESP,6052.0
CAN,EST,6655.0
CAN,ETH,11490.0
CAN,FIN,6616.0
CAN,FJI,12347.0
CAN,FLK,10773.0
CAN,FRA,6017.0
CAN,FRO,4980.0
CAN,FSM,11972.0
CAN,GAB,9890.0
CAN,GBR,5728.0
CAN,GEO,9035.0
CAN,GHA,8518.0
CAN,GIB,6175.0
CAN,GIN,7337.0
CAN,GLP,3498.0
CAN,GMB,6802.0
CAN,GNB,7008.0
CAN,GNQ,9803.0
CAN,GRC,8119.0
CAN,GRD,3896.0
CAN,GRL,2868.0
CAN,GTM,3393.0
CAN,GUF,5050.0
CAN,GUM,12256.0
CAN,GUY,4585.0
CAN,HKG,12568.0
CAN,HND,3366.0
CAN,HRV,7067.0
CAN,HTI,2868.0
CAN,HUN,7142.0
CAN,IDN,15806.0
CAN,IND,11646.0
CAN,IOT,15127.0
CAN,IRL,5266.0
CAN,IRN,9909.0
CAN,IRQ,9752.0
CAN,ISL,4205.0
CAN,ISR,9288.0
CAN,ITA,7099.0
CAN,JAM,2860.0
CAN,JOR,9371.0
CAN,JPN,10367.0
CAN,KAZ,10090.0
CAN,KEN,12191.0
CAN,KGZ,10073.0
CAN,KHM,13869.0
CAN,KIR,11314.0
CAN,KNA,3323.0
CAN,KOR,10620.0
CAN,KWT,10308.0
CAN,LAO,13173.0
CAN,LBN,9181.0
CAN,LBR,7814.0
CAN,LBY,7764.0
CAN,LCA,3731.0
CAN,LIE,6575.0
CAN,LKA,14023.0
CAN,LSO,13495.0
CAN,LTU,6999.0
CAN,LUX,6218.0
CAN,LVA,6788.0
CAN,MAC,12589.0
CAN,MAR,6155.0
CAN,MCO,6642.0
CAN,MDA,7746.0
CAN,MDG,14392.0
CAN,MDV,14053.0
CAN,MEX,3260.0
CAN,MHL,10982.0
CAN,MKD,7674.0
CAN,MLI,7557.0
CAN,MLT,7646.0
CAN,MMR,13290.0
CAN,MNE,7505.0
CAN,MNG,9837.0
CAN,MNP,12036.0
CAN,MOZ,13672.0
CAN,MRT,6517.0
CAN,MSR,3396.0
CAN,MTQ,3667.0
CAN,MUS,15258.0
CAN,MWI,12933.0
CAN,MYS,14815.0
CAN,MYT,13748.0
CAN,NAM,12215.0
CAN,NCL,13604.0
CAN,NER,8307.0
CAN,NFK,13933.0
CAN,NGA,8940.0
CAN,NIC,3560.0
CAN,NIU,11489.0
CAN,NLD,5997.0
CAN,NOR,5951.0
CAN,NPL,11947.0
CAN,NRU,11934.0
CAN,NZL,13878.0
CAN,OMN,11412.0
CAN,PAK,11677.0
CAN,PAN,3846.0
CAN,PCN,9041.0
CAN,PER,6177.0
CAN,PHL,13225.0
CAN,PLW,13407.0
CAN,PNG,14140.0
CAN,POL,6939.0
CAN,PRI,3063.0
CAN,PRK,10499.0
CAN,PRT,5741.0
CAN,PRY,7958.0
CAN,PSE,9315.0
CAN,PYF,9830.0
CAN,QAT,10873.0
CAN,REU,15155.0
CAN,ROU,7781.0
CAN,RUS,7504.0
CAN,RWA,11718.0
CAN,SAU,10657.0
CAN,SDN,10501.0
CAN,SEN,6648.0
CAN,SGP,15010.0
CAN,SHN,9963.0
CAN,SLB,13177.0
CAN,SLE,7453.0
CAN,SLV,3455.0
CAN,SMR,6964.0
CAN,SOM,12551.0
CAN,SPM,1849.0
CAN,SRB,7413.0
CAN,SSD,11298.0
CAN,STP,9674.0
CAN,SUR,4817.0
CAN,SVK,6983.0
CAN,SVN,6959.0
CAN,SWE,6344.0
CAN,SWZ,13589.0
CAN,SXM,3235.0
CAN,SYC,13832.0
CAN,SYR,9264.0
CAN,TCA,2582.0
CAN,TCD,9444.0
CAN,TGO,8788.0
CAN,THA,13646.0
CAN,TJK,10352.0
CAN,TKL,10871.0
CAN,TKM,10015.0
CAN,TLS,15424.0
CAN,TON,12057.0
CAN,TTO,4048.0
CAN,TUN,7276.0
CAN,TUR,8211.0
CAN,TUV,11575.0
CAN,TWN,12104.0
CAN,TZA,12821.0
CAN,UGA,11737.0
CAN,UKR,7575.0
CAN,URY,9011.0
CAN,USA,556.0
CAN,UZB,10086.0
CAN,VAT,7096.0
CAN,VCT,3806.0
CAN,VEN,3875.0
CAN,VGB,3128.0
CAN,VNM,13943.0
CAN,VUT,13133.0
CAN,WLF,11559.0
CAN,WSM,11247.0
CAN,YEM,11327.0
CAN,ZAF,13335.0
CAN,ZMB,12597.0
CAN,ZWE,12995.0
CCK,ABW,18606.0
CCK,AFG,5939.0
CCK,AGO,9122.0
CCK,AIA,17772.0
CCK,ALB,9838.0
CCK,AND,11348.0
CCK,ARE,6119.0
CCK,ARG,14207.0
CCK,ARM,7916.0
CCK,ASM,9949.0
CCK,ATG,17674.0
CCK,AUS,5989.0
CCK,AUT,10314.0
CCK,AZE,7566.0
CCK,BDI,7487.0
CCK,BEL,11222.0
CCK,BEN,10651.0
CCK,BES,18414.0
CCK,BFA,11196.0
CCK,BGD,4032.0
CCK,BGR,9611.0
CCK,BHR,6564.0
CCK,BHS,18457.0
CCK,BIH,10034.0
CCK,BLR,9782.0
CCK,BLZ,19198.0
CCK,BMU,17101.0
CCK,BOL,16433.0
CCK,BRA,14412.0
CCK,BRB,17475.0
CCK,BRN,2759.0
CCK,BTN,4455.0
CCK,BWA,7544.0
CCK,CAF,8848.0
CCK,CAN,16493.0
CCK,CHE,10870.0
CCK,CHL,14783.0
CCK,CHN,5477.0
CCK,CIV,11320.0
CCK,CMR,9598.0
CCK,COD,8995.0
CCK,COG,9000.0
CCK,COK,10884.0
CCK,COL,18718.0
CCK,COM,5825.0
CCK,CPV,13588.0
CCK,CRI,19739.0
CCK,CUB,18791.0
CCK,CUW,18486.0
CCK,CXR,986.0
CCK,CYM,19196.0
CCK,CYP,8485.0
CCK,CZE,10504.0
CCK,DEU,10633.0
CCK,DJI,6488.0
CCK,DMA,17654.0
CCK,DNK,10760.0
CCK,DOM,18443.0
CCK,DZA,11147.0
CCK,ECU,18377.0
CCK,EGY,8431.0
CCK,ERI,7067.0
CCK,ESH,12595.0
CCK,ESP,11768.0
CCK,EST,10178.0
CCK,ETH,6840.0
CCK,FIN,10198.0
CCK,FJI,8729.0
CCK,FLK,12519.0
CCK,FRA,11345.0
CCK,FRO,11904.0
CCK,FSM,7109.0
CCK,GAB,9741.0
CCK,GBR,11539.0
CCK,GEO,7992.0
CCK,GHA,11088.0
CCK,GIB,11890.0
CCK,GIN,12449.0
CCK,GLP,17681.0
CCK,GMB,12838.0
CCK,GNB,12698.0
CCK,GNQ,9741.0
CCK,GRC,9398.0
CCK,GRD,17704.0
CCK,GRL,13739.0
CCK,GTM,19192.0
CCK,GUF,16549.0
CCK,GUM,6003.0
CCK,GUY,17226.0
CCK,HKG,4258.0
CCK,HND,19544.0
CCK,HRV,10275.0
CCK,HTI,18667.0
CCK,HUN,10100.0
CCK,IDN,1283.0
CCK,IND,4988.0
CCK,IOT,2734.0
CCK,IRL,11954.0
CCK,IRN,7132.0
CCK,IRQ,7500.0
CCK,ISL,12588.0
CCK,ISR,8218.0
CCK,ITA,10444.0
CCK,JAM,19080.0
CCK,JOR,8113.0
CCK,JPN,6957.0
CCK,KAZ,6464.0
CCK,KEN,6728.0
CCK,KGZ,6504.0
CCK,KHM,2774.0
CCK,KIR,8544.0
CCK,KNA,17761.0
CCK,KOR,6344.0
CCK,KWT,6973.0
CCK,LAO,3395.0
CCK,LBN,8249.0
CCK,LBR,12076.0
CCK,LBY,10156.0
CCK,LCA,17622.0
CCK,LIE,10790.0
CCK,LKA,2828.0
CCK,LSO,7366.0
CCK,LTU,9953.0
CCK,LUX,11080.0
CCK,LVA,10114.0
CCK,MAC,4219.0
CCK,MAR,12085.0
CCK,MCO,10890.0
CCK,MDA,9386.0
CCK,MDG,5323.0
CCK,MDV,3151.0
CCK,MEX,18142.0
CCK,MHL,8521.0
CCK,MKD,9733.0
CCK,MLI,11893.0
CCK,MLT,10118.0
CCK,MMR,3207.0
CCK,MNE,9918.0
CCK,MNG,6730.0
CCK,MNP,6185.0
CCK,MOZ,6879.0
CCK,MRT,12818.0
CCK,MSR,17718.0
CCK,MTQ,17627.0
CCK,MUS,4286.0
CCK,MWI,6819.0
CCK,MYS,1778.0
CCK,MYT,5600.0
CCK,NAM,8463.0
CCK,NCL,7431.0
CCK,NER,10829.0
CCK,NFK,7542.0
CCK,NGA,10539.0
CCK,NIC,19701.0
CCK,NIU,9916.0
CCK,NLD,11202.0
CCK,NOR,10952.0
CCK,NPL,4584.0
CCK,NRU,7840.0
CCK,NZL,8142.0
CCK,OMN,5745.0
CCK,PAK,5222.0
CCK,PAN,19488.0
CCK,PCN,13664.0
CCK,PER,17242.0
CCK,PHL,3984.0
CCK,PLW,4716.0
CCK,PNG,5508.0
CCK,POL,10126.0
CCK,PRI,18072.0
CCK,PRK,6416.0
CCK,PRT,12232.0
CCK,PRY,15026.0
CCK,PSE,8218.0
CCK,PYF,12029.0
CCK,QAT,6437.0
CCK,REU,4507.0
CCK,ROU,9471.0
CCK,RUS,9308.0
CCK,RWA,7445.0
CCK,SAU,6801.0
CCK,SDN,7718.0
CCK,SEN,12936.0
CCK,SGP,1681.0
CCK,SHN,10956.0
CCK,SLB,6895.0
CCK,SLE,12383.0
CCK,SLV,19361.0
CCK,SMR,10496.0
CCK,SOM,5905.0
CCK,SPM,15416.0
CCK,SRB,9906.0
CCK,SSD,7460.0
CCK,STP,10036.0
CCK,SUR,16879.0
CCK,SVK,10260.0
CCK,SVN,10392.0
CCK,SWE,10535.0
CCK,SWZ,7012.0
CCK,SXM,17776.0
CCK,SYC,4627.0
CCK,SYR,8161.0
CCK,TCA,18381.0
CCK,TCD,9424.0
CCK,TGO,10768.0
CCK,THA,2894.0
CCK,TJK,6328.0
CCK,TKL,10007.0
CCK,TKM,6845.0
CCK,TLS,3172.0
CCK,TON,9328.0
CCK,TTO,17667.0
CCK,TUN,10521.0
CCK,TUR,9108.0
CCK,TUV,8998.0
CCK,TWN,4908.0
CCK,TZA,6337.0
CCK,UGA,7227.0
CCK,UKR,9438.0
CCK,URY,14077.0
CCK,USA,16719.0
CCK,UZB,6563.0
CCK,VAT,10447.0
CCK,VCT,17650.0
CCK,VEN,18247.0
CCK,VGB,17924.0
CCK,VNM,2760.0
CCK,VUT,7673.0
CCK,WLF,9393.0
CCK,WSM,9847.0
CCK,YEM,6549.0
CCK,ZAF,7321.0
CCK,ZMB,7390.0
CCK,ZWE,7068.0
CHE,ABW,8133.0
CHE,AFG,5165.0
CHE,AGO,6242.0
CHE,AIA,7159.0
CHE,ALB,1122.0
CHE,AND,770.0
CHE,ARE,4768.0
CHE,ARG,11261.0
CHE,ARM,2978.0
CHE,ASM,16335.0
CHE,ATG,7153.0
CHE,AUS,16344.0
CHE,AUT,597.0
CHE,AZE,3374.0
CHE,BDI,5980.0
CHE,BEL,492.0
CHE,BEN,4572.0
CHE,BES,8030.0
CHE,BFA,3992.0
CHE,BGD,7515.0
CHE,BGR,1275.0
CHE,BHR,4353.0
CHE,BHS,7702.0
CHE,BIH,861.0
CHE,BLR,1526.0
CHE,BLZ,9149.0
CHE,BMU,6252.0
CHE,BOL,10373.0
CHE,BRA,9597.0
CHE,BRB,7302.0
CHE,BRN,10832.0
CHE,BTN,7176.0
CHE,BWA,8164.0
CHE,CAF,4862.0
CHE,CAN,6497.0
CHE,CCK,10870.0
CHE,CHL,11925.0
CHE,CHN,9034.0
CHE,CIV,4808.0
CHE,CMR,4828.0
CHE,COD,5764.0
CHE,COG,5757.0
CHE,COK,16921.0
CHE,COL,9076.0
CHE,COM,7394.0
CHE,CPV,4654.0
CHE,CRI,9398.0
CHE,CUB,8219.0
CHE,CUW,8083.0
CHE,CXR,11394.0
CHE,CYM,8447.0
CHE,CYP,2468.0
CHE,CZE,531.0
CHE,DEU,674.0
CHE,DJI,5118.0
CHE,DMA,7261.0
CHE,DNK,967.0
CHE,DOM,7654.0
CHE,DZA,1261.0
CHE,ECU,10065.0
CHE,EGY,2739.0
CHE,ERI,4524.0
CHE,ESH,2935.0
CHE,ESP,1245.0
CHE,EST,1715.0
CHE,ETH,5118.0
CHE,FIN,1781.0
CHE,FJI,16637.0
CHE,FLK,12664.0
CHE,FRA,487.0
CHE,FRO,1895.0
CHE,FSM,13296.0
CHE,GAB,5204.0
CHE,GBR,777.0
CHE,GEO,2928.0
CHE,GHA,4610.0
CHE,GIB,1692.0
CHE,GIN,4681.0
CHE,GLP,7232.0
CHE,GMB,4428.0
CHE,GNB,4535.0
CHE,GNQ,5042.0
CHE,GRC,1624.0
CHE,GRD,7546.0
CHE,GRL,4018.0
CHE,GTM,9492.0
CHE,GUF,7438.0
CHE,GUM,11994.0
CHE,GUY,7705.0
CHE,HKG,9325.0
CHE,HND,9293.0
CHE,HRV,598.0
CHE,HTI,7834.0
CHE,HUN,795.0
CHE,IDN,11143.0
CHE,IND,6166.0
CHE,IOT,8696.0
CHE,IRL,1239.0
CHE,IRN,3754.0
CHE,IRQ,3383.0
CHE,ISL,2623.0
CHE,ISR,2797.0
CHE,ITA,684.0
CHE,JAM,8210.0
CHE,JOR,2885.0
CHE,JPN,9605.0
CHE,KAZ,5209.0
CHE,KEN,6052.0
CHE,KGZ,5066.0
CHE,KHM,9550.0
CHE,KIR,14404.0
CHE,KNA,7206.0
CHE,KOR,8796.0
CHE,KWT,3927.0
CHE,LAO,8861.0
CHE,LBN,2707.0
CHE,LBR,4908.0
CHE,LBY,1656.0
CHE,LCA,7334.0
CHE,LIE,81.0
CHE,LKA,8042.0
CHE,LSO,8702.0
CHE,LTU,1426.0
CHE,LUX,306.0
CHE,LVA,1503.0
CHE,MAC,9288.0
CHE,MAR,2042.0
CHE,MCO,412.0
CHE,MDA,1539.0
CHE,MDG,8313.0
CHE,MDV,7803.0
CHE,MEX,9698.0
CHE,MHL,13743.0
CHE,MKD,1183.0
CHE,MLI,4145.0
CHE,MLT,1367.0
CHE,MMR,8479.0
CHE,MNE,1009.0
CHE,MNG,6840.0
CHE,MNP,11879.0
CHE,MOZ,8468.0
CHE,MRT,3940.0
CHE,MSR,7206.0
CHE,MTQ,7292.0
CHE,MUS,8939.0
CHE,MWI,7244.0
CHE,MYS,9995.0
CHE,MYT,7594.0
CHE,NAM,7791.0
CHE,NCL,16600.0
CHE,NER,3799.0
CHE,NFK,17317.0
CHE,NGA,4560.0
CHE,NIC,9381.0
CHE,NIU,16862.0
CHE,NLD,615.0
CHE,NOR,1405.0
CHE,NPL,6840.0
CHE,NRU,14413.0
CHE,NZL,18390.0
CHE,OMN,5136.0
CHE,PAK,5673.0
CHE,PAN,9132.0
CHE,PCN,15444.0
CHE,PER,10652.0
CHE,PHL,10437.0
CHE,PLW,11965.0
CHE,PNG,14293.0
CHE,POL,1049.0
CHE,PRI,7370.0
CHE,PRK,8601.0
CHE,PRT,1722.0
CHE,PRY,10413.0
CHE,PSE,2821.0
CHE,PYF,16142.0
CHE,QAT,4484.0
CHE,REU,8898.0
CHE,ROU,1401.0
CHE,RUS,2203.0
CHE,RWA,5853.0
CHE,SAU,4198.0
CHE,SDN,4165.0
CHE,SEN,4344.0
CHE,SGP,10308.0
CHE,SHN,7152.0
CHE,SLB,15019.0
CHE,SLE,4775.0
CHE,SLV,9470.0
CHE,SMR,489.0
CHE,SOM,6148.0
CHE,SPM,4767.0
CHE,SRB,966.0
CHE,SSD,5203.0
CHE,STP,5213.0
CHE,SUR,7564.0
CHE,SVK,651.0
CHE,SVN,481.0
CHE,SWE,1474.0
CHE,SWZ,8469.0
CHE,SXM,7173.0
CHE,SYC,7361.0
CHE,SYR,2793.0
CHE,TCA,7518.0
CHE,TCD,3956.0
CHE,TGO,4621.0
CHE,THA,9050.0
CHE,TJK,4890.0
CHE,TKL,15794.0
CHE,TKM,4146.0
CHE,TLS,12731.0
CHE,TON,17077.0
CHE,TTO,7640.0
CHE,TUN,1179.0
CHE,TUR,1773.0
CHE,TUV,15611.0
CHE,TWN,9569.0
CHE,TZA,6723.0
CHE,UGA,5711.0
CHE,UKR,1644.0
CHE,URY,11152.0
CHE,USA,6339.0
CHE,UZB,4767.0
CHE,VAT,682.0
CHE,VCT,7419.0
CHE,VEN,8058.0
CHE,VGB,7261.0
CHE,VNM,9745.0
CHE,VUT,16241.0
CHE,WLF,16201.0
CHE,WSM,16287.0
CHE,YEM,4836.0
CHE,ZAF,8379.0
CHE,ZMB,7227.0
CHE,ZWE,7564.0
CHL,ABW,5089.0
CHL,AFG,16337.0
CHL,AGO,8912.0
CHL,AIA,5775.0
CHL,ALB,12403.0
CHL,AND,11168.0
CHL,ARE,14760.0
CHL,ARG,1138.0
CHL,ARM,14318.0
CHL,ASM,10054.0
CHL,ATG,5674.0
CHL,AUS,11299.0
CHL,AUT,12489.0
CHL,AZE,14768.0
CHL,BDI,10734.0
CHL,BEL,11869.0
CHL,BEN,8851.0
CHL,BES,5053.0
CHL,BFA,8897.0
CHL,BGD,17883.0
CHL,BGR,12731.0
CHL,BHR,14364.0
CHL,BHS,6515.0
CHL,BIH,12418.0
CHL,BLR,13444.0
CHL,BLZ,5933.0
CHL,BMU,7304.0
CHL,BOL,1895.0
CHL,BRA,2586.0
CHL,BRB,5284.0
CHL,BRN,16795.0
CHL,BTN,18024.0
CHL,BWA,9107.0
CHL,CAF,10205.0
CHL,CAN,8590.0
CHL,CCK,14783.0
CHL,CHE,11925.0
CHL,CHN,18861.0
CHL,CIV,8209.0
CHL,CMR,9523.0
CHL,COD,9376.0
CHL,COG,9377.0
CHL,COK,8663.0
CHL,COL,4229.0
CHL,COM,11430.0
CHL,CPV,7327.0
CHL,CRI,5008.0
CHL,CUB,6384.0
CHL,CUW,5046.0
CHL,CXR,15133.0
CHL,CYM,5947.0
CHL,CYP,13210.0
CHL,CZE,12452.0
CHL,DEU,12507.0
CHL,DJI,12919.0
CHL,DMA,5485.0
CHL,DNK,12608.0
CHL,DOM,5749.0
CHL,DZA,10900.0
CHL,ECU,3596.0
CHL,EGY,12797.0
CHL,ERI,12740.0
CHL,ESH,9044.0
CHL,ESP,10681.0
CHL,EST,13434.0
CHL,ETH,12360.0
CHL,FIN,13464.0
CHL,FJI,10735.0
CHL,FLK,2275.0
CHL,FRA,11627.0
CHL,FRO,12020.0
CHL,FSM,14212.0
CHL,GAB,9119.0
CHL,GBR,11650.0
CHL,GEO,14383.0
CHL,GHA,8511.0
CHL,GIB,10266.0
CHL,GIN,7678.0
CHL,GLP,5554.0
CHL,GMB,7725.0
CHL,GNB,7690.0
CHL,GNQ,9238.0
CHL,GRC,12546.0
CHL,GRD,5125.0
CHL,GRL,10951.0
CHL,GTM,5723.0
CHL,GUF,4667.0
CHL,GUM,15817.0
CHL,GUY,4647.0
CHL,HKG,18681.0
CHL,HND,5547.0
CHL,HRV,12346.0
CHL,HTI,5757.0
CHL,HUN,12637.0
CHL,IDN,15606.0
CHL,IND,16927.0
CHL,IOT,14058.0
CHL,IRL,11442.0
CHL,IRN,14782.0
CHL,IRQ,14089.0
CHL,ISL,11629.0
CHL,ISR,13199.0
CHL,ITA,11892.0
CHL,JAM,5731.0
CHL,JOR,13294.0
CHL,JPN,17242.0
CHL,KAZ,17008.0
CHL,KEN,11548.0
CHL,KGZ,16828.0
CHL,KHM,17538.0
CHL,KIR,12523.0
CHL,KNA,5679.0
CHL,KOR,18364.0
CHL,KWT,14257.0
CHL,LAO,18164.0
CHL,LBN,13337.0
CHL,LBR,7684.0
CHL,LBY,11435.0
CHL,LCA,5352.0
CHL,LIE,11979.0
CHL,LKA,15792.0
CHL,LSO,8956.0
CHL,LTU,13325.0
CHL,LUX,11904.0
CHL,LVA,13325.0
CHL,MAC,18693.0
CHL,MAR,9924.0
CHL,MCO,11642.0
CHL,MDA,13310.0
CHL,MDG,11269.0
CHL,MDV,15090.0
CHL,MEX,6589.0
CHL,MHL,13035.0
CHL,MKD,12557.0
CHL,MLI,8368.0
CHL,MLT,11712.0
CHL,MMR,17743.0
CHL,MNE,12416.0
CHL,MNG,18386.0
CHL,MNP,15846.0
CHL,MOZ,9571.0
CHL,MRT,8136.0
CHL,MSR,5633.0
CHL,MTQ,5416.0
CHL,MUS,11925.0
CHL,MWI,10460.0
CHL,MYS,16556.0
CHL,MYT,11522.0
CHL,NAM,8465.0
CHL,NCL,11376.0
CHL,NER,9290.0
CHL,NFK,10742.0
CHL,NGA,8945.0
CHL,NIC,5310.0
CHL,NIU,9685.0
CHL,NLD,11991.0
CHL,NOR,12709.0
CHL,NPL,17641.0
CHL,NRU,12939.0
CHL,NZL,9690.0
CHL,OMN,14991.0
CHL,PAK,15838.0
CHL,PAN,4791.0
CHL,PCN,5643.0
CHL,PER,2459.0
CHL,PHL,17615.0
CHL,PLW,16136.0
CHL,PNG,13806.0
CHL,POL,12969.0
CHL,PRI,5766.0
CHL,PRK,18426.0
CHL,PRT,10205.0
CHL,PRY,1551.0
CHL,PSE,13145.0
CHL,PYF,7951.0
CHL,QAT,14402.0
CHL,REU,11720.0
CHL,ROU,13012.0
CHL,RUS,14117.0
CHL,RWA,10887.0
CHL,SAU,13940.0
CHL,SDN,12159.0
CHL,SEN,7761.0
CHL,SGP,16398.0
CHL,SHN,6744.0
CHL,SLB,12869.0
CHL,SLE,7634.0
CHL,SLV,5576.0
CHL,SMR,12001.0
CHL,SOM,12535.0
CHL,SPM,9003.0
CHL,SRB,12616.0
CHL,SSD,11445.0
CHL,STP,8864.0
CHL,SUR,4649.0
CHL,SVK,12536.0
CHL,SVN,12256.0
CHL,SWE,13067.0
CHL,SWZ,9440.0
CHL,SXM,5754.0
CHL,SYC,12963.0
CHL,SYR,13392.0
CHL,TCA,6078.0
CHL,TCD,10353.0
CHL,TGO,8728.0
CHL,THA,17646.0
CHL,TJK,16353.0
CHL,TKL,10412.0
CHL,TKM,15442.0
CHL,TLS,15051.0
CHL,TON,10003.0
CHL,TTO,4978.0
CHL,TUN,11431.0
CHL,TUR,13091.0
CHL,TUV,11320.0
CHL,TWN,18517.0
CHL,TZA,11412.0
CHL,UGA,11260.0
CHL,UKR,13538.0
CHL,URY,1343.0
CHL,USA,8220.0
CHL,UZB,16398.0
CHL,VAT,11891.0
CHL,VCT,5255.0
CHL,VEN,4880.0
CHL,VGB,5776.0
CHL,VNM,17475.0
CHL,VUT,11580.0
CHL,WLF,10600.0
CHL,WSM,10177.0
CHL,YEM,13231.0
CHL,ZAF,9192.0
CHL,ZMB,9883.0
CHL,ZWE,9974.0
CHN,ABW,15012.0
CHN,AFG,4852.0
CHN,AGO,12250.0
CHN,AIA,14512.0
CHN,ALB,8660.0
CHN,AND,9802.0
CHN,ARE,6430.0
CHN,ARG,19629.0
CHN,ARM,6818.0
CHN,ASM,8817.0
CHN,ATG,14644.0
CHN,AUS,8024.0
CHN,AUT,8495.0
CHN,AZE,6373.0
CHN,BDI,10407.0
CHN,BEL,9030.0
CHN,BEN,12334.0
CHN,BES,15095.0
CHN,BFA,12260.0
CHN,BGD,3168.0
CHN,BGR,8333.0
CHN,BHR,6828.0
CHN,BHS,13465.0
CHN,BIH,8618.0
CHN,BLR,7509.0
CHN,BLZ,13750.0
CHN,BMU,12944.0
CHN,BOL,18112.0
CHN,BRA,18570.0
CHN,BRB,15098.0
CHN,BRN,2988.0
CHN,BTN,3107.0
CHN,BWA,11888.0
CHN,CAF,10984.0
CHN,CAN,11441.0
CHN,CCK,5477.0
CHN,CHE,9034.0
CHN,CHL,18861.0
CHN,CIV,12966.0
CHN,CMR,11669.0
CHN,COD,11798.0
CHN,COG,11798.0
CHN,COK,10209.0
CHN,COL,15713.0
CHN,COM,9584.0
CHN,CPV,13682.0
CHN,CRI,14705.0
CHN,CUB,13480.0
CHN,CUW,15084.0
CHN,CXR,4906.0
CHN,CYM,13910.0
CHN,CYP,7937.0
CHN,CZE,8503.0
CHN,DEU,8415.0
CHN,DJI,8250.0
CHN,DMA,14847.0
CHN,DNK,8271.0
CHN,DOM,14372.0
CHN,DZA,10130.0
CHN,ECU,16091.0
CHN,EGY,8370.0
CHN,ERI,8446.0
CHN,ESH,11958.0
CHN,ESP,10277.0
CHN,EST,7432.0
CHN,ETH,8809.0
CHN,FIN,7392.0
CHN,FJI,8178.0
CHN,FLK,17729.0
CHN,FRA,9284.0
CHN,FRO,8683.0
CHN,FSM,4669.0
CHN,GAB,12072.0
CHN,GBR,9217.0
CHN,GEO,6741.0
CHN,GHA,12666.0
CHN,GIB,10719.0
CHN,GIN,13441.0
CHN,GLP,14768.0
CHN,GMB,13351.0
CHN,GNB,13404.0
CHN,GNQ,11954.0
CHN,GRC,8558.0
CHN,GRD,15203.0
CHN,GRL,9411.0
CHN,GTM,13896.0
CHN,GUF,15950.0
CHN,GUM,3088.0
CHN,GUY,15796.0
CHN,HKG,1226.0
CHN,HND,14137.0
CHN,HRV,8662.0
CHN,HTI,14306.0
CHN,HUN,8364.0
CHN,IDN,4425.0
CHN,IND,4252.0
CHN,IOT,6733.0
CHN,IRL,9368.0
CHN,IRN,6390.0
CHN,IRQ,7085.0
CHN,ISL,8958.0
CHN,ISR,7966.0
CHN,ITA,9138.0
CHN,JAM,14222.0
CHN,JOR,7873.0
CHN,JPN,1763.0
CHN,KAZ,4117.0
CHN,KEN,9578.0
CHN,KGZ,4304.0
CHN,KHM,2763.0
CHN,KIR,6342.0
CHN,KNA,14617.0
CHN,KOR,867.0
CHN,KWT,6932.0
CHN,LAO,2402.0
CHN,LBN,7821.0
CHN,LBR,13466.0
CHN,LBY,9668.0
CHN,LCA,14993.0
CHN,LIE,8986.0
CHN,LKA,5091.0
CHN,LSO,11979.0
CHN,LTU,7611.0
CHN,LUX,9018.0
CHN,LVA,7576.0
CHN,MAC,1271.0
CHN,MAR,11067.0
CHN,MCO,9347.0
CHN,MDA,7728.0
CHN,MDG,9643.0
CHN,MDV,5835.0
CHN,MEX,12928.0
CHN,MHL,5827.0
CHN,MKD,8507.0
CHN,MLI,12763.0
CHN,MLT,9375.0
CHN,MMR,3017.0
CHN,MNE,8636.0
CHN,MNG,2228.0
CHN,MNP,3042.0
CHN,MOZ,11372.0
CHN,MRT,12913.0
CHN,MSR,14677.0
CHN,MTQ,14925.0
CHN,MUS,8884.0
CHN,MWI,10590.0
CHN,MYS,3737.0
CHN,MYT,9470.0
CHN,NAM,12594.0
CHN,NCL,7622.0
CHN,NER,11874.0
CHN,NFK,8293.0
CHN,NGA,12241.0
CHN,NIC,14375.0
CHN,NIU,9198.0
CHN,NLD,8894.0
CHN,NOR,8105.0
CHN,NPL,3512.0
CHN,NRU,5943.0
CHN,NZL,9361.0
CHN,OMN,6193.0
CHN,PAK,5339.0
CHN,PAN,15029.0
CHN,PCN,13220.0
CHN,PER,17167.0
CHN,PHL,1841.0
CHN,PLW,2971.0
CHN,PNG,5271.0
CHN,POL,7985.0
CHN,PRI,14447.0
CHN,PRK,951.0
CHN,PRT,10732.0
CHN,PRY,19342.0
CHN,PSE,8022.0
CHN,PYF,10910.0
CHN,QAT,6790.0
CHN,REU,9101.0
CHN,ROU,8044.0
CHN,RUS,6831.0
CHN,RWA,10259.0
CHN,SAU,7253.0
CHN,SDN,9033.0
CHN,SEN,13301.0
CHN,SGP,3797.0
CHN,SHN,14433.0
CHN,SLB,6090.0
CHN,SLE,13494.0
CHN,SLV,14061.0
CHN,SMR,9010.0
CHN,SOM,8576.0
CHN,SPM,11363.0
CHN,SRB,8418.0
CHN,SSD,9725.0
CHN,STP,12329.0
CHN,SUR,15884.0
CHN,SVK,8451.0
CHN,SVN,8743.0
CHN,SWE,7782.0
CHN,SWZ,11507.0
CHN,SXM,14533.0
CHN,SYC,8033.0
CHN,SYR,7769.0
CHN,TCA,14022.0
CHN,TCD,10837.0
CHN,TGO,12455.0
CHN,THA,2887.0
CHN,TJK,4818.0
CHN,TKL,8452.0
CHN,TKM,5725.0
CHN,TLS,4424.0
CHN,TON,8901.0
CHN,TTO,15358.0
CHN,TUN,9632.0
CHN,TUR,8004.0
CHN,TUV,7555.0
CHN,TWN,688.0
CHN,TZA,9666.0
CHN,UGA,9889.0
CHN,UKR,7466.0
CHN,URY,19551.0
CHN,USA,11883.0
CHN,UZB,4752.0
CHN,VAT,9139.0
CHN,VCT,15085.0
CHN,VEN,15304.0
CHN,VGB,14473.0
CHN,VNM,2732.0
CHN,VUT,7378.0
CHN,WLF,8279.0
CHN,WSM,8696.0
CHN,YEM,7948.0
CHN,ZAF,11775.0
CHN,ZMB,11183.0
CHN,ZWE,11058.0
CIV,ABW,7286.0
CIV,AFG,8139.0
CIV,AGO,2476.0
CIV,AIA,6561.0
CIV,ALB,4638.0
CIV,AND,4153.0
CIV,ARE,6684.0
CIV,ARG,7209.0
CIV,ARM,6189.0
CIV,ASM,18263.0
CIV,ATG,6423.0
CIV,AUS,15241.0
CIV,AUT,5131.0
CIV,AZE,6618.0
CIV,BDI,3836.0
CIV,BEL,5104.0
CIV,BEN,717.0
CIV,BES,7094.0
CIV,BFA,823.0
CIV,BGD,10229.0
CIV,BGR,4939.0
CIV,BHR,6236.0
CIV,BHS,8084.0
CIV,BIH,4796.0
CIV,BLR,6094.0
CIV,BLZ,9285.0
CIV,BMU,6958.0
CIV,BOL,7458.0
CIV,BRA,5623.0
CIV,BRB,6157.0
CIV,BRN,13158.0
CIV,BTN,10104.0
CIV,BWA,4640.0
CIV,CAF,2507.0
CIV,CAN,8427.0
CIV,CCK,11320.0
CIV,CHE,4808.0
CIV,CHL,8209.0
CIV,CHN,12966.0
CIV,CMR,1732.0
CIV,COD,2402.0
CIV,COG,2396.0
CIV,COK,16872.0
CIV,COL,7765.0
CIV,COM,5564.0
CIV,CPV,2381.0
CIV,CRI,8829.0
CIV,CUB,8593.0
CIV,CUW,7167.0
CIV,CXR,12277.0
CIV,CYM,8495.0
CIV,CYP,5060.0
CIV,CZE,5252.0
CIV,DEU,5470.0
CIV,DJI,5234.0
CIV,DMA,6361.0
CIV,DNK,5774.0
CIV,DOM,7285.0
CIV,DZA,3552.0
CIV,ECU,8477.0
CIV,EGY,4598.0
CIV,ERI,4823.0
CIV,ESH,2602.0
CIV,ESP,3885.0
CIV,EST,6483.0
CIV,ETH,4739.0
CIV,FIN,6556.0
CIV,FJI,18564.0
CIV,FLK,8114.0
CIV,FRA,4860.0
CIV,FRO,6291.0
CIV,FSM,17627.0
CIV,GAB,1595.0
CIV,GBR,5130.0
CIV,GEO,6286.0
CIV,GHA,305.0
CIV,GIB,3413.0
CIV,GIN,1160.0
CIV,GLP,6402.0
CIV,GMB,1653.0
CIV,GNB,1463.0
CIV,GNQ,1580.0
CIV,GRC,4577.0
CIV,GRD,6385.0
CIV,GRL,7546.0
CIV,GTM,9494.0
CIV,GUF,5355.0
CIV,GUM,15998.0
CIV,GUY,5991.0
CIV,HKG,12645.0
CIV,HND,9140.0
CIV,HRV,4884.0
CIV,HTI,7542.0
CIV,HUN,5165.0
CIV,IDN,12385.0
CIV,IND,8878.0
CIV,IOT,8602.0
CIV,IRL,5324.0
CIV,IRN,6576.0
CIV,IRQ,5882.0
CIV,ISL,6680.0
CIV,ISR,5003.0
CIV,ITA,4367.0
CIV,JAM,8013.0
CIV,JOR,5094.0
CIV,JPN,14101.0
CIV,KAZ,8871.0
CIV,KEN,4600.0
CIV,KGZ,8680.0
CIV,KHM,11949.0
CIV,KIR,19200.0
CIV,KNA,6518.0
CIV,KOR,13073.0
CIV,KWT,6069.0
CIV,LAO,11580.0
CIV,LBN,5157.0
CIV,LBR,757.0
CIV,LBY,3533.0
CIV,LCA,6310.0
CIV,LIE,4811.0
CIV,LKA,9273.0
CIV,LSO,5105.0
CIV,LTU,6071.0
CIV,LUX,4999.0
CIV,LVA,6232.0
CIV,MAC,12584.0
CIV,MAR,3149.0
CIV,MCO,4399.0
CIV,MDA,5587.0
CIV,MDG,6257.0
CIV,MDV,8597.0
CIV,MEX,10355.0
CIV,MHL,18541.0
CIV,MKD,4780.0
CIV,MLI,918.0
CIV,MLT,3879.0
CIV,MMR,10925.0
CIV,MNE,4710.0
CIV,MNG,11099.0
CIV,MNP,15992.0
CIV,MOZ,5245.0
CIV,MRT,1917.0
CIV,MSR,6459.0
CIV,MTQ,6322.0
CIV,MUS,7293.0
CIV,MWI,4691.0
CIV,MYS,11724.0
CIV,MYT,5804.0
CIV,NAM,3849.0
CIV,NCL,17876.0
CIV,NER,1127.0
CIV,NFK,17249.0
CIV,NGA,831.0
CIV,NIC,9050.0
CIV,NIU,17865.0
CIV,NLD,5278.0
CIV,NOR,6182.0
CIV,NPL,9677.0
CIV,NRU,18891.0
CIV,NZL,16511.0
CIV,OMN,6990.0
CIV,PAK,7861.0
CIV,PAN,8335.0
CIV,PCN,13725.0
CIV,PER,8304.0
CIV,PHL,13576.0
CIV,PLW,15217.0
CIV,PNG,16827.0
CIV,POL,5684.0
CIV,PRI,6885.0
CIV,PRK,12896.0
CIV,PRT,3732.0
CIV,PRY,6712.0
CIV,PSE,4947.0
CIV,PYF,16047.0
CIV,QAT,6299.0
CIV,REU,7111.0
CIV,ROU,5233.0
CIV,RUS,6695.0
CIV,RWA,3875.0
CIV,SAU,5819.0
CIV,SDN,4151.0
CIV,SEN,1797.0
CIV,SGP,11985.0
CIV,SHN,2361.0
CIV,SLB,18209.0
CIV,SLE,1075.0
CIV,SLV,9357.0
CIV,SMR,4570.0
CIV,SOM,5495.0
CIV,SPM,6768.0
CIV,SRB,4981.0
CIV,SSD,3948.0
CIV,STP,1317.0
CIV,SUR,5664.0
CIV,SVK,5152.0
CIV,SVN,4853.0
CIV,SWE,6279.0
CIV,SWZ,5162.0
CIV,SXM,6558.0
CIV,SYC,6703.0
CIV,SYR,5203.0
CIV,TCA,7431.0
CIV,TCD,2226.0
CIV,TGO,587.0
CIV,THA,11440.0
CIV,TJK,8148.0
CIV,TKL,18555.0
CIV,TKM,7241.0
CIV,TLS,14459.0
CIV,TON,18021.0
CIV,TTO,6357.0
CIV,TUN,3774.0
CIV,TUR,5136.0
CIV,TUV,19519.0
CIV,TWN,13244.0
CIV,TZA,4995.0
CIV,UGA,4107.0
CIV,UKR,5945.0
CIV,URY,7039.0
CIV,USA,7940.0
CIV,UZB,8221.0
CIV,VAT,4367.0
CIV,VCT,6331.0
CIV,VEN,6944.0
CIV,VGB,6727.0
CIV,VNM,12153.0
CIV,VUT,18409.0
CIV,WLF,18789.0
CIV,WSM,18386.0
CIV,YEM,5385.0
CIV,ZAF,4915.0
CIV,ZMB,4238.0
CIV,ZWE,4628.0
CMR,ABW,9008.0
CMR,AFG,6833.0
CMR,AGO,1418.0
CMR,AIA,8253.0
CMR,ALB,4232.0
CMR,AND,4394.0
CMR,ARE,5244.0
CMR,ARG,8438.0
CMR,ARM,5210.0
CMR,ASM,18828.0
CMR,ATG,8122.0
CMR,AUS,13985.0
CMR,AUT,4936.0
CMR,AZE,5579.0
CMR,BDI,2141.0
CMR,BEL,5251.0
CMR,BEN,1055.0
CMR,BES,8818.0
CMR,BFA,1717.0
CMR,BGD,8712.0
CMR,BGR,4458.0
CMR,BHR,4842.0
CMR,BHS,9720.0
CMR,BIH,4480.0
CMR,BLR,5737.0
CMR,BLZ,10980.0
CMR,BMU,8496.0
CMR,BOL,9040.0
CMR,BRA,6994.0
CMR,BRB,7877.0
CMR,BRN,11467.0
CMR,BTN,8645.0
CMR,BWA,3519.0
CMR,CAF,783.0
CMR,CAN,9791.0
CMR,CCK,9598.0
CMR,CHE,4828.0
CMR,CHL,9523.0
CMR,CHN,11669.0
CMR,CIV,1732.0
CMR,COD,1000.0
CMR,COG,992.0
CMR,COK,17870.0
CMR,COL,9497.0
CMR,COM,3913.0
CMR,CPV,4029.0
CMR,CRI,10557.0
CMR,CUB,10247.0
CMR,CUW,8890.0
CMR,CXR,10550.0
CMR,CYM,10179.0
CMR,CYP,4132.0
CMR,CZE,5130.0
CMR,DEU,5397.0
CMR,DJI,3589.0
CMR,DMA,8070.0
CMR,DNK,5746.0
CMR,DOM,8977.0
CMR,DZA,3743.0
CMR,ECU,10192.0
CMR,EGY,3564.0
CMR,ERI,3260.0
CMR,ESH,3681.0
CMR,ESP,4327.0
CMR,EST,6268.0
CMR,ETH,3064.0
CMR,FIN,6349.0
CMR,FJI,17891.0
CMR,FLK,8945.0
CMR,FRA,5061.0
CMR,FRO,6627.0
CMR,FSM,16141.0
CMR,GAB,447.0
CMR,GBR,5391.0
CMR,GEO,5343.0
CMR,GHA,1490.0
CMR,GIB,3971.0
CMR,GIN,2851.0
CMR,GLP,8107.0
CMR,GMB,3275.0
CMR,GNB,3115.0
CMR,GNQ,295.0
CMR,GRC,3975.0
CMR,GRD,8108.0
CMR,GRL,8351.0
CMR,GTM,11202.0
CMR,GUF,7085.0
CMR,GUM,14522.0
CMR,GUY,7724.0
CMR,HKG,11153.0
CMR,HND,10853.0
CMR,HRV,4668.0
CMR,HTI,9233.0
CMR,HUN,4889.0
CMR,IDN,10653.0
CMR,IND,7441.0
CMR,IOT,6874.0
CMR,IRL,5720.0
CMR,IRN,5402.0
CMR,IRQ,4722.0
CMR,ISL,7207.0
CMR,ISR,3957.0
CMR,ITA,4213.0
CMR,JAM,9707.0
CMR,JOR,4022.0
CMR,JPN,13076.0
CMR,KAZ,7737.0
CMR,KEN,2872.0
CMR,KGZ,7544.0
CMR,KHM,10302.0
CMR,KIR,17894.0
CMR,KNA,8216.0
CMR,KOR,11952.0
CMR,KWT,4769.0
CMR,LAO,10000.0
CMR,LBN,4150.0
CMR,LBR,2489.0
CMR,LBY,3216.0
CMR,LCA,8026.0
CMR,LIE,4799.0
CMR,LKA,7575.0
CMR,LSO,4049.0
CMR,LTU,5771.0
CMR,LUX,5096.0
CMR,LVA,5991.0
CMR,MAC,11089.0
CMR,MAR,3844.0
CMR,MCO,4435.0
CMR,MDA,5064.0
CMR,MDG,4682.0
CMR,MDV,6882.0
CMR,MEX,12026.0
CMR,MHL,17485.0
CMR,MKD,4338.0
CMR,MLI,2357.0
CMR,MLT,3560.0
CMR,MMR,9324.0
CMR,MNE,4342.0
CMR,MNG,10093.0
CMR,MNP,14565.0
CMR,MOZ,3999.0
CMR,MRT,3383.0
CMR,MSR,8161.0
CMR,MTQ,8036.0
CMR,MUS,5684.0
CMR,MWI,3152.0
CMR,MYS,10014.0
CMR,MYT,4157.0
CMR,NAM,2985.0
CMR,NCL,16639.0
CMR,NER,1486.0
CMR,NFK,16280.0
CMR,NGA,945.0
CMR,NIC,10771.0
CMR,NIU,18316.0
CMR,NLD,5412.0
CMR,NOR,6217.0
CMR,NPL,8221.0
CMR,NRU,17275.0
CMR,NZL,15973.0
CMR,OMN,5505.0
CMR,PAK,6376.0
CMR,PAN,10065.0
CMR,PCN,15163.0
CMR,PER,9949.0
CMR,PHL,11994.0
CMR,PLW,13580.0
CMR,PNG,15099.0
CMR,POL,5433.0
CMR,PRI,8576.0
CMR,PRK,11798.0
CMR,PRT,4390.0
CMR,PRY,8121.0
CMR,PSE,3890.0
CMR,PYF,17467.0
CMR,QAT,4879.0
CMR,REU,5520.0
CMR,ROU,4716.0
CMR,RUS,6208.0
CMR,RWA,2161.0
CMR,SAU,4417.0
CMR,SDN,2640.0
CMR,SEN,3394.0
CMR,SGP,10268.0
CMR,SHN,2898.0
CMR,SLB,16494.0
CMR,SLE,2785.0
CMR,SLV,11070.0
CMR,SMR,4440.0
CMR,SOM,3766.0
CMR,SPM,8009.0
CMR,SRB,4621.0
CMR,SSD,2230.0
CMR,STP,660.0
CMR,SUR,7396.0
CMR,SVK,4936.0
CMR,SVN,4683.0
CMR,SWE,6178.0
CMR,SWZ,3952.0
CMR,SXM,8252.0
CMR,SYC,4975.0
CMR,SYR,4170.0
CMR,TCA,9100.0
CMR,TCD,991.0
CMR,TGO,1170.0
CMR,THA,9810.0
CMR,TJK,6932.0
CMR,TKL,19328.0
CMR,TKM,6067.0
CMR,TLS,12727.0
CMR,TON,17963.0
CMR,TTO,8085.0
CMR,TUN,3651.0
CMR,TUR,4469.0
CMR,TUV,18576.0
CMR,TWN,11828.0
CMR,TZA,3303.0
CMR,UGA,2376.0
CMR,UKR,5462.0
CMR,URY,8248.0
CMR,USA,9355.0
CMR,UZB,7066.0
CMR,VAT,4214.0
CMR,VCT,8051.0
CMR,VEN,8672.0
CMR,VGB,8418.0
CMR,VNM,10500.0
CMR,VUT,17069.0
CMR,WLF,18675.0
CMR,WSM,18847.0
CMR,YEM,3799.0
CMR,ZAF,3774.0
CMR,ZMB,2821.0
CMR,ZWE,3219.0
COD,ABW,9616.0
COD,AFG,7087.0
COD,AGO,549.0
COD,AIA,8943.0
COD,ALB,5076.0
COD,AND,5371.0
COD,ARE,5422.0
COD,ARG,8250.0
COD,ARM,5761.0
COD,ASM,17845.0
COD,ATG,8799.0
COD,AUS,13040.0
COD,AUT,5821.0
COD,AZE,6079.0
COD,BDI,1564.0
COD,BEL,6203.0
COD,BEN,1869.0
COD,BES,9422.0
COD,BFA,2624.0
COD,BGD,8699.0
COD,BGR,5270.0
COD,BHR,5086.0
COD,BHS,10485.0
COD,BIH,5344.0
COD,BLR,6554.0
COD,BLZ,11655.0
COD,BMU,9341.0
COD,BOL,9185.0
COD,BRA,6967.0
COD,BRB,8501.0
COD,BRN,11126.0
COD,BTN,8700.0
COD,BWA,2519.0
COD,CAF,1026.0
COD,CAN,10722.0
COD,CCK,8995.0
COD,CHE,5764.0
COD,CHL,9376.0
COD,CHN,11798.0
COD,CIV,2402.0
COD,CMR,1000.0
COD,COG,8.0
COD,COK,17127.0
COD,COL,9990.0
COD,COM,3184.0
COD,CPV,4782.0
COD,CRI,11129.0
COD,CUB,10990.0
COD,CUW,9494.0
COD,CXR,9971.0
COD,CYM,10876.0
COD,CYP,4762.0
COD,CZE,6030.0
COD,DEU,6303.0
COD,DJI,3549.0
COD,DMA,8723.0
COD,DNK,6656.0
COD,DOM,9665.0
COD,DZA,4723.0
COD,ECU,10579.0
COD,EGY,4165.0
COD,ERI,3392.0
COD,ESH,4640.0
COD,ESP,5321.0
COD,EST,7119.0
COD,ETH,2990.0
COD,FIN,7201.0
COD,FJI,16916.0
COD,FLK,8475.0
COD,FRA,6025.0
COD,FRO,7595.0
COD,FSM,15912.0
COD,GAB,835.0
COD,GBR,6359.0
COD,GEO,5910.0
COD,GHA,2242.0
COD,GIB,4971.0
COD,GIN,3561.0
COD,GLP,8769.0
COD,GMB,4045.0
COD,GNB,3862.0
COD,GNQ,922.0
COD,GRC,4761.0
COD,GRD,8716.0
COD,GRL,9350.0
COD,GTM,11843.0
COD,GUF,7591.0
COD,GUM,14394.0
COD,GUY,8255.0
COD,HKG,11111.0
COD,HND,11484.0
COD,HRV,5554.0
COD,HTI,9921.0
COD,HUN,5753.0
COD,IDN,10136.0
COD,IND,7552.0
COD,IOT,6327.0
COD,IRL,6702.0
COD,IRN,5814.0
COD,IRQ,5174.0
COD,ISL,8193.0
COD,ISR,4526.0
COD,ITA,5127.0
COD,JAM,10387.0
COD,JOR,4571.0
COD,JPN,13362.0
COD,KAZ,8101.0
COD,KEN,2414.0
COD,KGZ,7912.0
COD,KHM,10070.0
COD,KIR,17532.0
COD,KNA,8894.0
COD,KOR,12210.0
COD,KWT,5106.0
COD,LAO,9878.0
COD,LBN,4733.0
COD,LBR,3131.0
COD,LBY,4124.0
COD,LCA,8661.0
COD,LIE,5730.0
COD,LKA,7277.0
COD,LSO,3049.0
COD,LTU,6606.0
COD,LUX,6042.0
COD,LVA,6839.0
COD,MAC,11045.0
COD,MAR,4842.0
COD,MCO,5381.0
COD,MDA,5840.0
COD,MDG,3855.0
COD,MDV,6540.0
COD,MEX,12742.0
COD,MHL,17369.0
COD,MKD,5168.0
COD,MLI,3190.0
COD,MLT,4454.0
COD,MMR,9183.0
COD,MNE,5195.0
COD,MNG,10481.0
COD,MNP,14480.0
COD,MOZ,3013.0
COD,MRT,4236.0
COD,MSR,8832.0
COD,MTQ,8679.0
COD,MUS,4892.0
COD,MWI,2291.0
COD,MYS,9643.0
COD,MYT,3419.0
COD,NAM,2026.0
COD,NCL,15716.0
COD,NER,2454.0
COD,NFK,15304.0
COD,NGA,1782.0
COD,NIC,11375.0
COD,NIU,17356.0
COD,NLD,6360.0
COD,NOR,7134.0
COD,NPL,8289.0
COD,NRU,16832.0
COD,NZL,14974.0
COD,OMN,5621.0
COD,PAK,6462.0
COD,PAN,10623.0
COD,PCN,14964.0
COD,PER,10173.0
COD,PHL,11824.0
COD,PLW,13296.0
COD,PNG,14482.0
COD,POL,6291.0
COD,PRI,9266.0
COD,PRK,12076.0
COD,PRT,5390.0
COD,PRY,8096.0
COD,PSE,4456.0
COD,PYF,17081.0
COD,QAT,5095.0
COD,REU,4710.0
COD,ROU,5507.0
COD,RUS,6966.0
COD,RWA,1660.0
COD,SAU,4675.0
COD,SDN,2904.0
COD,SEN,4182.0
COD,SGP,9867.0
COD,SHN,2634.0
COD,SLB,15825.0
COD,SLE,3471.0
COD,SLV,11698.0
COD,SMR,5353.0
COD,SOM,3414.0
COD,SPM,8967.0
COD,SRB,5467.0
COD,SSD,2074.0
COD,STP,1085.0
COD,SUR,7915.0
COD,SVK,5816.0
COD,SVN,5581.0
COD,SWE,7062.0
COD,SWZ,2960.0
COD,SXM,8939.0
COD,SYC,4454.0
COD,SYR,4735.0
COD,TCA,9825.0
COD,TCD,1818.0
COD,TGO,1948.0
COD,THA,9615.0
COD,TJK,7258.0
COD,TKL,18328.0
COD,TKM,6453.0
COD,TLS,12165.0
COD,TON,16966.0
COD,TTO,8672.0
COD,TUN,4586.0
COD,TUR,5209.0
COD,TUV,17740.0
COD,TWN,11846.0
COD,TZA,2668.0
COD,UGA,1988.0
COD,UKR,6242.0
COD,URY,8050.0
COD,USA,10265.0
COD,UZB,7434.0
COD,VAT,5128.0
COD,VCT,8674.0
COD,VEN,9253.0
COD,VGB,9109.0
COD,VNM,10255.0
COD,VUT,16184.0
COD,WLF,17689.0
COD,WSM,17853.0
COD,YEM,3858.0
COD,ZAF,2775.0
COD,ZMB,1876.0
COD,ZWE,2274.0
COG,ABW,9612.0
COG,AFG,7085.0
COG,AGO,554.0
COG,AIA,8937.0
COG,ALB,5070.0
COG,AND,5363.0
COG,ARE,5420.0
COG,ARG,8251.0
COG,ARM,5757.0
COG,ASM,17852.0
COG,ATG,8793.0
COG,AUS,13047.0
COG,AUT,5814.0
COG,AZE,6075.0
COG,BDI,1567.0
COG,BEL,6196.0
COG,BEN,1862.0
COG,BES,9417.0
COG,BFA,2617.0
COG,BGD,8699.0
COG,BGR,5264.0
COG,BHR,5084.0
COG,BHS,10479.0
COG,BIH,5338.0
COG,BLR,6548.0
COG,BLZ,11649.0
COG,BMU,9335.0
COG,BOL,9184.0
COG,BRA,6967.0
COG,BRB,8496.0
COG,BRN,11129.0
COG,BTN,8700.0
COG,BWA,2527.0
COG,CAF,1021.0
COG,CAN,10715.0
COG,CCK,9000.0
COG,CHE,5757.0
COG,CHL,9377.0
COG,CHN,11798.0
COG,CIV,2396.0
COG,CMR,992.0
COG,COD,8.0
COG,COK,17133.0
COG,COL,9986.0
COG,COM,3189.0
COG,CPV,4776.0
COG,CRI,11124.0
COG,CUB,10985.0
COG,CUW,9489.0
COG,CXR,9976.0
COG,CYM,10871.0
COG,CYP,4756.0
COG,CZE,6023.0
COG,DEU,6296.0
COG,DJI,3548.0
COG,DMA,8718.0
COG,DNK,6649.0
COG,DOM,9659.0
COG,DZA,4716.0
COG,ECU,10576.0
COG,EGY,4160.0
COG,ERI,3391.0
COG,ESH,4633.0
COG,ESP,5314.0
COG,EST,7112.0
COG,ETH,2990.0
COG,FIN,7195.0
COG,FJI,16924.0
COG,FLK,8478.0
COG,FRA,6018.0
COG,FRO,7588.0
COG,FSM,15914.0
COG,GAB,828.0
COG,GBR,6352.0
COG,GEO,5905.0
COG,GHA,2235.0
COG,GIB,4963.0
COG,GIN,3555.0
COG,GLP,8764.0
COG,GMB,4039.0
COG,GNB,3856.0
COG,GNQ,914.0
COG,GRC,4755.0
COG,GRD,8711.0
COG,GRL,9342.0
COG,GTM,11839.0
COG,GUF,7587.0
COG,GUM,14395.0
COG,GUY,8251.0
COG,HKG,11111.0
COG,HND,11479.0
COG,HRV,5548.0
COG,HTI,9916.0
COG,HUN,5746.0
COG,IDN,10140.0
COG,IND,7551.0
COG,IOT,6331.0
COG,IRL,6694.0
COG,IRN,5811.0
COG,IRQ,5170.0
COG,ISL,8186.0
COG,ISR,4521.0
COG,ITA,5120.0
COG,JAM,10382.0
COG,JOR,4567.0
COG,JPN,13361.0
COG,KAZ,8098.0
COG,KEN,2417.0
COG,KGZ,7909.0
COG,KHM,10072.0
COG,KIR,17536.0
COG,KNA,8889.0
COG,KOR,12208.0
COG,KWT,5103.0
COG,LAO,9879.0
COG,LBN,4728.0
COG,LBR,3125.0
COG,LBY,4117.0
COG,LCA,8656.0
COG,LIE,5723.0
COG,LKA,7280.0
COG,LSO,3057.0
COG,LTU,6600.0
COG,LUX,6034.0
COG,LVA,6833.0
COG,MAC,11045.0
COG,MAR,4834.0
COG,MCO,5374.0
COG,MDA,5834.0
COG,MDG,3861.0
COG,MDV,6543.0
COG,MEX,12736.0
COG,MHL,17371.0
COG,MKD,5161.0
COG,MLI,3183.0
COG,MLT,4447.0
COG,MMR,9185.0
COG,MNE,5188.0
COG,MNG,10478.0
COG,MNP,14481.0
COG,MOZ,3020.0
COG,MRT,4229.0
COG,MSR,8827.0
COG,MTQ,8674.0
COG,MUS,4898.0
COG,MWI,2297.0
COG,MYS,9646.0
COG,MYT,3425.0
COG,NAM,2033.0
COG,NCL,15723.0
COG,NER,2446.0
COG,NFK,15311.0
COG,NGA,1775.0
COG,NIC,11370.0
COG,NIU,17363.0
COG,NLD,6353.0
COG,NOR,7127.0
COG,NPL,8288.0
COG,NRU,16837.0
COG,NZL,14982.0
COG,OMN,5620.0
COG,PAK,6461.0
COG,PAN,10619.0
COG,PCN,14966.0
COG,PER,10171.0
COG,PHL,11826.0
COG,PLW,13299.0
COG,PNG,14487.0
COG,POL,6284.0
COG,PRI,9260.0
COG,PRK,12074.0
COG,PRT,5382.0
COG,PRY,8096.0
COG,PSE,4451.0
COG,PYF,17084.0
COG,QAT,5093.0
COG,REU,4716.0
COG,ROU,5501.0
COG,RUS,6961.0
COG,RWA,1662.0
COG,SAU,4672.0
COG,SDN,2901.0
COG,SEN,4175.0
COG,SGP,9870.0
COG,SHN,2635.0
COG,SLB,15831.0
COG,SLE,3465.0
COG,SLV,11693.0
COG,SMR,5346.0
COG,SOM,3416.0
COG,SPM,8960.0
COG,SRB,5461.0
COG,SSD,2074.0
COG,STP,1079.0
COG,SUR,7911.0
COG,SVK,5809.0
COG,SVN,5574.0
COG,SWE,7056.0
COG,SWZ,2968.0
COG,SXM,8933.0
COG,SYC,4458.0
COG,SYR,4731.0
COG,TCA,9819.0
COG,TCD,1811.0
COG,TGO,1942.0
COG,THA,9616.0
COG,TJK,7255.0
COG,TKL,18336.0
COG,TKM,6450.0
COG,TLS,12169.0
COG,TON,16974.0
COG,TTO,8667.0
COG,TUN,4579.0
COG,TUR,5203.0
COG,TUV,17747.0
COG,TWN,11847.0
COG,TZA,2672.0
COG,UGA,1990.0
COG,UKR,6236.0
COG,URY,8051.0
COG,USA,10258.0
COG,UZB,7431.0
COG,VAT,5121.0
COG,VCT,8669.0
COG,VEN,9249.0
COG,VGB,9103.0
COG,VNM,10257.0
COG,VUT,16191.0
COG,WLF,17696.0
COG,WSM,17860.0
COG,YEM,3857.0
COG,ZAF,2783.0
COG,ZMB,1883.0
COG,ZWE,2281.0
COK,ABW,10485.0
COK,AFG,15040.0
COK,AGO,16593.0
COK,AIA,11402.0
COK,ALB,17775.0
COK,AND,17076.0
COK,ARE,16425.0
COK,ARG,9676.0
COK,ARM,16903.0
COK,ASM,1391.0
COK,ATG,11485.0
COK,AUS,5578.0
COK,AUT,16991.0
COK,AZE,16504.0
COK,BDI,17109.0
COK,BEL,16440.0
COK,BEN,17495.0
COK,BES,10650.0
COK,BFA,17513.0
COK,BGD,12880.0
COK,BGR,17606.0
COK,BHR,16895.0
COK,BHS,10272.0
COK,BIH,17490.0
COK,BLR,16325.0
COK,BLZ,8836.0
COK,BMU,11693.0
COK,BOL,9525.0
COK,BRA,11248.0
COK,BRB,11571.0
COK,BRN,9727.0
COK,BTN,13041.0
COK,BWA,14891.0
COK,CAF,18129.0
COK,CAN,10873.0
COK,CCK,10884.0
COK,CHE,16921.0
COK,CHL,8663.0
COK,CHN,10209.0
COK,CIV,16872.0
COK,CMR,17870.0
COK,COD,17127.0
COK,COG,17133.0
COK,COL,9753.0
COK,COM,15587.0
COK,CPV,15364.0
COK,CRI,8956.0
COK,CUB,9717.0
COK,CUW,10581.0
COK,CXR,10068.0
COK,CYM,9639.0
COK,CYP,18007.0
COK,CZE,16762.0
COK,DEU,16482.0
COK,DJI,17365.0
COK,DMA,11468.0
COK,DNK,16127.0
COK,DOM,10728.0
COK,DZA,17622.0
COK,ECU,8878.0
COK,EGY,18547.0
COK,ERI,17951.0
COK,ESH,16581.0
COK,ESP,16910.0
COK,EST,15746.0
COK,ETH,17625.0
COK,FIN,15664.0
COK,FJI,2309.0
COK,FLK,8966.0
COK,FRA,16556.0
COK,FRO,15027.0
COK,FSM,5552.0
COK,GAB,17424.0
COK,GBR,16212.0
COK,GEO,16781.0
COK,GHA,17174.0
COK,GIB,17039.0
COK,GIN,16183.0
COK,GLP,11458.0
COK,GMB,16025.0
COK,GNB,16079.0
COK,GNQ,17586.0
COK,GRC,18120.0
COK,GRD,11314.0
COK,GRL,12982.0
COK,GTM,8537.0
COK,GUF,12021.0
COK,GUM,7177.0
COK,GUY,11489.0
COK,HKG,10503.0
COK,HND,8835.0
COK,HRV,17250.0
COK,HTI,10490.0
COK,HUN,17088.0
COK,IDN,10119.0
COK,IND,14269.0
COK,IOT,13519.0
COK,IRL,15793.0
COK,IRN,16596.0
COK,IRQ,17291.0
COK,ISL,14321.0
COK,ISR,18141.0
COK,ITA,17602.0
COK,JAM,10029.0
COK,JOR,18060.0
COK,JPN,8963.0
COK,KAZ,14277.0
COK,KEN,16939.0
COK,KGZ,14470.0
COK,KHM,11020.0
COK,KIR,3877.0
COK,KNA,11403.0
COK,KOR,10047.0
COK,KWT,17102.0
COK,LAO,11487.0
COK,LBN,17964.0
COK,LBR,16300.0
COK,LBY,18543.0
COK,LCA,11462.0
COK,LIE,16973.0
COK,LKA,13442.0
COK,LSO,14358.0
COK,LTU,16266.0
COK,LUX,16620.0
COK,LVA,16026.0
COK,MAC,10562.0
COK,MAR,16962.0
COK,MCO,17245.0
COK,MDA,17042.0
COK,MDG,14669.0
COK,MDV,13981.0
COK,MEX,7987.0
COK,MHL,4445.0
COK,MKD,17698.0
COK,MLI,16883.0
COK,MLT,18288.0
COK,MMR,12101.0
COK,MNE,17650.0
COK,MNG,11975.0
COK,MNP,7188.0
COK,MOZ,14620.0
COK,MRT,16227.0
COK,MSR,11437.0
COK,MTQ,11475.0
COK,MUS,13901.0
COK,MWI,15843.0
COK,MYS,11029.0
COK,MYT,15366.0
COK,NAM,15148.0
COK,NCL,3489.0
COK,NER,17924.0
COK,NFK,3356.0
COK,NGA,17579.0
COK,NIC,8839.0
COK,NIU,1089.0
COK,NLD,16306.0
COK,NOR,15643.0
COK,NPL,13466.0
COK,NRU,4283.0
COK,NZL,3010.0
COK,OMN,16086.0
COK,PAK,15237.0
COK,PAN,9377.0
COK,PCN,3239.0
COK,PER,8795.0
COK,PHL,9519.0
COK,PLW,7844.0
COK,PNG,5818.0
COK,POL,16563.0
COK,PRI,11105.0
COK,PRK,10215.0
COK,PRT,16610.0
COK,PRY,10165.0
COK,PSE,18203.0
COK,PYF,1146.0
COK,QAT,16816.0
COK,REU,13986.0
COK,ROU,17375.0
COK,RUS,15910.0
COK,RWA,17231.0
COK,SAU,17295.0
COK,SDN,18586.0
COK,SEN,15986.0
COK,SGP,10731.0
COK,SHN,15020.0
COK,SLB,4504.0
COK,SLE,16174.0
COK,SLV,8623.0
COK,SMR,17387.0
COK,SOM,16572.0
COK,SPM,12719.0
COK,SRB,17388.0
COK,SSD,17826.0
COK,STP,17275.0
COK,SUR,11763.0
COK,SVK,17005.0
COK,SVN,17202.0
COK,SWE,15769.0
COK,SWZ,14615.0
COK,SXM,11396.0
COK,SYC,15235.0
COK,SYR,17931.0
COK,TCA,10720.0
COK,TCD,18859.0
COK,TGO,17378.0
COK,THA,11549.0
COK,TJK,15026.0
COK,TKL,1799.0
COK,TKM,15928.0
COK,TLS,8092.0
COK,TON,1603.0
COK,TTO,11286.0
COK,TUN,18026.0
COK,TUR,17664.0
COK,TUV,2660.0
COK,TWN,9932.0
COK,TZA,16278.0
COK,UGA,17337.0
COK,UKR,16641.0
COK,URY,9852.0
COK,USA,11177.0
COK,UZB,14938.0
COK,VAT,17600.0
COK,VCT,11408.0
COK,VEN,10728.0
COK,VGB,11252.0
COK,VNM,10809.0
COK,VUT,3368.0
COK,WLF,1953.0
COK,WSM,1514.0
COK,YEM,17419.0
COK,ZAF,14690.0
COK,ZMB,15858.0
COK,ZWE,15527.0
COL,ABW,982.0
COL,AFG,14220.0
COL,AGO,9802.0
COL,AIA,1925.0
COL,ALB,10001.0
COL,AND,8486.0
COL,ARE,13639.0
COL,ARG,4642.0
COL,ARM,12045.0
COL,ASM,10856.0
COL,ATG,1922.0
COL,AUS,14616.0
COL,AUT,9664.0
COL,AZE,12449.0
COL,BDI,11539.0
COL,BEL,8800.0
COL,BEN,8465.0
COL,BES,1051.0
COL,BFA,8013.0
COL,BGD,16454.0
COL,BGR,10269.0
COL,BHR,13161.0
COL,BHS,2289.0
COL,BIH,9854.0
COL,BLR,10355.0
COL,BLZ,2126.0
COL,BMU,3214.0
COL,BOL,2424.0
COL,BRA,4311.0
COL,BRB,1846.0
COL,BRN,18562.0
COL,BTN,16053.0
COL,BWA,11238.0
COL,CAF,10272.0
COL,CAN,4362.0
COL,CCK,18718.0
COL,CHE,9076.0
COL,CHL,4229.0
COL,CHN,15713.0
COL,CIV,7765.0
COL,CMR,9497.0
COL,COD,9990.0
COL,COG,9986.0
COL,COK,9753.0
COL,COM,13099.0
COL,CPV,5651.0
COL,CRI,1251.0
COL,CUB,2234.0
COL,CUW,1004.0
COL,CXR,19361.0
COL,CYM,1806.0
COL,CYP,11289.0
COL,CZE,9512.0
COL,DEU,9434.0
COL,DJI,12858.0
COL,DMA,1825.0
COL,DNK,9376.0
COL,DOM,1601.0
COL,DZA,8560.0
COL,ECU,990.0
COL,EGY,11222.0
COL,ERI,12331.0
COL,ESH,6907.0
COL,ESP,8022.0
COL,EST,10066.0
COL,ETH,12432.0
COL,FIN,10062.0
COL,FJI,12023.0
COL,FLK,6428.0
COL,FRA,8632.0
COL,FRO,8385.0
COL,FSM,14093.0
COL,GAB,9298.0
COL,GBR,8500.0
COL,GEO,12003.0
COL,GHA,8024.0
COL,GIB,7804.0
COL,GIN,6691.0
COL,GLP,1847.0
COL,GMB,6373.0
COL,GNB,6482.0
COL,GNQ,9320.0
COL,GRC,10384.0
COL,GRD,1588.0
COL,GRL,6851.0
COL,GTM,2115.0
COL,GUF,2413.0
COL,GUM,15297.0
COL,GUY,1781.0
COL,HKG,16899.0
COL,HND,1781.0
COL,HRV,9650.0
COL,HTI,1553.0
COL,HUN,9869.0
COL,IDN,19806.0
COL,IND,15221.0
COL,IOT,16315.0
COL,IRL,8137.0
COL,IRN,12804.0
COL,IRQ,12318.0
COL,ISL,7798.0
COL,ISR,11500.0
COL,ITA,9387.0
COL,JAM,1510.0
COL,JOR,11610.0
COL,JPN,14330.0
COL,KAZ,13960.0
COL,KEN,12349.0
COL,KGZ,13878.0
COL,KHM,18212.0
COL,KIR,12550.0
COL,KNA,1871.0
COL,KOR,14855.0
COL,KWT,12794.0
COL,LAO,17481.0
COL,LBN,11512.0
COL,LBR,7012.0
COL,LBY,9483.0
COL,LCA,1773.0
COL,LIE,9152.0
COL,LKA,16867.0
COL,LSO,11386.0
COL,LTU,10191.0
COL,LUX,8915.0
COL,LVA,10076.0
COL,MAC,16926.0
COL,MAR,7555.0
COL,MCO,8975.0
COL,MDA,10611.0
COL,MDG,13507.0
COL,MDV,16302.0
COL,MEX,3175.0
COL,MHL,12650.0
COL,MKD,10126.0
COL,MLI,7311.0
COL,MLT,9588.0
COL,MMR,17409.0
COL,MNE,9942.0
COL,MNG,14185.0
COL,MNP,15121.0
COL,MOZ,11893.0
COL,MRT,6488.0
COL,MSR,1870.0
COL,MTQ,1805.0
COL,MUS,14518.0
COL,MWI,12069.0
COL,MYS,19033.0
COL,MYT,13310.0
COL,NAM,10331.0
COL,NCL,13239.0
COL,NER,8406.0
COL,NFK,12973.0
COL,NGA,8579.0
COL,NIC,1577.0
COL,NIU,10796.0
COL,NLD,8855.0
COL,NOR,9276.0
COL,NPL,15808.0
COL,NRU,13242.0
COL,NZL,12197.0
COL,OMN,14018.0
COL,PAK,14703.0
COL,PAN,772.0
COL,PCN,6690.0
COL,PER,1870.0
COL,PHL,17318.0
COL,PLW,16595.0
COL,PNG,15449.0
COL,POL,9953.0
COL,PRI,1761.0
COL,PRK,14763.0
COL,PRT,7528.0
COL,PRY,3757.0
COL,PSE,11486.0
COL,PYF,8639.0
COL,QAT,13278.0
COL,REU,14293.0
COL,ROU,10459.0
COL,RUS,10915.0
COL,RWA,11604.0
COL,SAU,12854.0
COL,SDN,11651.0
COL,SEN,6299.0
COL,SGP,19316.0
COL,SHN,7861.0
COL,SLB,14048.0
COL,SLE,6738.0
COL,SLV,1939.0
COL,SMR,9380.0
COL,SOM,13260.0
COL,SPM,4980.0
COL,SRB,10010.0
COL,SSD,11706.0
COL,STP,8996.0
COL,SUR,2101.0
COL,SVK,9719.0
COL,SVN,9535.0
COL,SWE,9690.0
COL,SWZ,11759.0
COL,SXM,1910.0
COL,SYC,14438.0
COL,SYR,11597.0
COL,TCA,1891.0
COL,TCD,9817.0
COL,TGO,8340.0
COL,THA,17893.0
COL,TJK,13896.0
COL,TKL,10886.0
COL,TKM,13219.0
COL,TLS,17820.0
COL,TON,11354.0
COL,TTO,1539.0
COL,TUN,9195.0
COL,TUR,10763.0
COL,TUV,11931.0
COL,TWN,16327.0
COL,TZA,12656.0
COL,UGA,11865.0
COL,UKR,10640.0
COL,URY,4752.0
COL,USA,3999.0
COL,UZB,13713.0
COL,VAT,9384.0
COL,VCT,1700.0
COL,VEN,1027.0
COL,VGB,1842.0
COL,VNM,18303.0
COL,VUT,13096.0
COL,WLF,11443.0
COL,WSM,10968.0
COL,YEM,12884.0
COL,ZAF,11451.0
COL,ZMB,11477.0
COL,ZWE,11776.0
COM,ABW,12793.0
COM,AFG,5803.0
COM,AGO,3302.0
COM,AIA,12123.0
COM,ALB,6345.0
COM,AND,7357.0
COM,ARE,4294.0
COM,ARG,10324.0
COM,ARM,5745.0
COM,ASM,15303.0
COM,ATG,11981.0
COM,AUS,10228.0
COM,AUT,7147.0
COM,AZE,5806.0
COM,BDI,1787.0
COM,BEL,7887.0
COM,BEN,4954.0
COM,BES,12598.0
COM,BFA,5619.0
COM,BGD,6455.0
COM,BGR,6357.0
COM,BHR,4269.0
COM,BHS,13631.0
COM,BIH,6649.0
COM,BLR,7420.0
COM,BLZ,14838.0
COM,BMU,12390.0
COM,BOL,11864.0
COM,BRA,9492.0
COM,BRB,11682.0
COM,BRN,8146.0
COM,BTN,6620.0
COM,BWA,2324.0
COM,CAF,3261.0
COM,CAN,13512.0
COM,CCK,5825.0
COM,CHE,7394.0
COM,CHL,11430.0
COM,CHN,9584.0
COM,CIV,5564.0
COM,CMR,3913.0
COM,COD,3184.0
COM,COG,3189.0
COM,COK,15587.0
COM,COL,13099.0
COM,CPV,7927.0
COM,CRI,14282.0
COM,CUB,14152.0
COM,CUW,12669.0
COM,CXR,6807.0
COM,CYM,14057.0
COM,CYP,5290.0
COM,CZE,7400.0
COM,DEU,7668.0
COM,DJI,2576.0
COM,DMA,11906.0
COM,DNK,7995.0
COM,DOM,12846.0
COM,DZA,6818.0
COM,ECU,13563.0
COM,EGY,4795.0
COM,ERI,3028.0
COM,ESH,7457.0
COM,ESP,7527.0
COM,EST,8059.0
COM,ETH,2346.0
COM,FIN,8133.0
COM,FJI,14099.0
COM,FLK,9748.0
COM,FRA,7817.0
COM,FRO,9248.0
COM,FSM,12879.0
COM,GAB,3969.0
COM,GBR,8153.0
COM,GEO,5914.0
COM,GHA,5369.0
COM,GIB,7351.0
COM,GIN,6721.0
COM,GLP,11952.0
COM,GMB,7177.0
COM,GNB,7007.0
COM,GNQ,3997.0
COM,GRC,5861.0
COM,GRD,11894.0
COM,GRL,11409.0
COM,GTM,15023.0
COM,GUF,10736.0
COM,GUM,11541.0
COM,GUY,11408.0
COM,HKG,8600.0
COM,HND,14662.0
COM,HRV,6932.0
COM,HTI,13102.0
COM,HUN,6983.0
COM,IDN,7006.0
COM,IND,5771.0
COM,IOT,3237.0
COM,IRL,8596.0
COM,IRN,5316.0
COM,IRQ,4986.0
COM,ISL,10012.0
COM,ISR,4928.0
COM,ITA,6719.0
COM,JAM,13570.0
COM,JOR,4893.0
COM,JPN,11340.0
COM,KAZ,6980.0
COM,KEN,1354.0
COM,KGZ,6834.0
COM,KHM,7285.0
COM,KIR,14368.0
COM,KNA,12076.0
COM,KOR,10252.0
COM,KWT,4573.0
COM,LAO,7299.0
COM,LBN,5113.0
COM,LBR,6307.0
COM,LBY,5877.0
COM,LCA,11844.0
COM,LIE,7329.0
COM,LKA,4546.0
COM,LSO,2545.0
COM,LTU,7549.0
COM,LUX,7700.0
COM,LVA,7810.0
COM,MAC,8535.0
COM,MAR,7358.0
COM,MCO,7132.0
COM,MDA,6658.0
COM,MDG,921.0
COM,MDV,3782.0
COM,MEX,15919.0
COM,MHL,14323.0
COM,MKD,6352.0
COM,MLI,6270.0
COM,MLT,6073.0
COM,MMR,6620.0
COM,MNE,6476.0
COM,MNG,9094.0
COM,MNP,11677.0
COM,MOZ,1943.0
COM,MRT,7293.0
COM,MSR,12015.0
COM,MTQ,11862.0
COM,MUS,1788.0
COM,MWI,1058.0
COM,MYS,6671.0
COM,MYT,245.0
COM,NAM,3026.0
COM,NCL,12780.0
COM,NER,5330.0
COM,NFK,12568.0
COM,NGA,4849.0
COM,NIC,14543.0
COM,NIU,15039.0
COM,NLD,7992.0
COM,NOR,8452.0
COM,NPL,6291.0
COM,NRU,13663.0
COM,NZL,12628.0
COM,OMN,4249.0
COM,PAK,4806.0
COM,PAN,13772.0
COM,PCN,15911.0
COM,PER,12930.0
COM,PHL,9051.0
COM,PLW,10314.0
COM,PNG,11299.0
COM,POL,7398.0
COM,PRI,12446.0
COM,PRK,10185.0
COM,PRT,7789.0
COM,PRY,10535.0
COM,PSE,4873.0
COM,PYF,16482.0
COM,QAT,4187.0
COM,REU,1651.0
COM,ROU,6453.0
COM,RUS,7494.0
COM,RWA,1813.0
COM,SAU,4043.0
COM,SDN,3238.0
COM,SEN,7302.0
COM,SGP,6852.0
COM,SHN,5304.0
COM,SLB,12649.0
COM,SLE,6639.0
COM,SLV,14873.0
COM,SMR,6906.0
COM,SOM,1537.0
COM,SPM,11666.0
COM,SRB,6668.0
COM,SSD,2241.0
COM,STP,4252.0
COM,SUR,11064.0
COM,SVK,7115.0
COM,SVN,7013.0
COM,SWE,8193.0
COM,SWZ,2058.0
COM,SXM,12119.0
COM,SYC,1555.0
COM,SYR,5057.0
COM,TCA,12995.0
COM,TCD,4081.0
COM,TGO,5056.0
COM,THA,6918.0
COM,TJK,6162.0
COM,TKL,15554.0
COM,TKM,5718.0
COM,TLS,8996.0
COM,TON,14465.0
COM,TTO,11845.0
COM,TUN,6391.0
COM,TUR,6019.0
COM,TUV,14666.0
COM,TWN,9398.0
COM,TZA,695.0
COM,UGA,1777.0
COM,UKR,6995.0
COM,URY,10120.0
COM,USA,13144.0
COM,UZB,6442.0
COM,VAT,6721.0
COM,VCT,11856.0
COM,VEN,12422.0
COM,VGB,12289.0
COM,VNM,7439.0
COM,VUT,13170.0
COM,WLF,14871.0
COM,WSM,15238.0
COM,YEM,2994.0
COM,ZAF,2263.0
COM,ZMB,1672.0
COM,ZWE,1477.0
CPV,ABW,5030.0
CPV,AFG,9326.0
CPV,AGO,4831.0
CPV,AIA,4229.0
CPV,ALB,5087.0
CPV,AND,3884.0
CPV,ARE,8215.0
CPV,ARG,6608.0
CPV,ARM,7095.0
CPV,ASM,16503.0
CPV,ATG,4104.0
CPV,AUS,17229.0
CPV,AUT,5188.0
CPV,AZE,7552.0
CPV,BDI,6169.0
CPV,BEL,4703.0
CPV,BEN,2977.0
CPV,BES,4847.0
CPV,BFA,2393.0
CPV,BGD,11667.0
CPV,BGR,5413.0
CPV,BHR,7731.0
CPV,BHS,5709.0
CPV,BIH,5091.0
CPV,BLR,6176.0
CPV,BLZ,6953.0
CPV,BMU,4593.0
CPV,BOL,6012.0
CPV,BRA,4944.0
CPV,BRB,3902.0
CPV,BRN,14949.0
CPV,BTN,11426.0
CPV,BWA,6925.0
CPV,CAF,4752.0
CPV,CAN,6151.0
CPV,CCK,13588.0
CPV,CHE,4654.0
CPV,CHL,7327.0
CPV,CHN,13682.0
CPV,CIV,2381.0
CPV,CMR,4029.0
CPV,COD,4782.0
CPV,COG,4776.0
CPV,COK,15364.0
CPV,COL,5651.0
CPV,COM,7927.0
CPV,CRI,6591.0
CPV,CUB,6225.0
CPV,CUW,4919.0
CPV,CXR,14504.0
CPV,CYM,6151.0
CPV,CYP,6072.0
CPV,CZE,5184.0
CPV,DEU,5289.0
CPV,DJI,7207.0
CPV,DMA,4067.0
CPV,DNK,5470.0
CPV,DOM,4951.0
CPV,DZA,3573.0
CPV,ECU,6492.0
CPV,EGY,5821.0
CPV,ERI,6686.0
CPV,ESH,1725.0
CPV,ESP,3417.0
CPV,EST,6305.0
CPV,ETH,6792.0
CPV,FIN,6355.0
CPV,FJI,17665.0
CPV,FLK,8094.0
CPV,FRA,4442.0
CPV,FRO,5394.0
CPV,FSM,17582.0
CPV,GAB,3966.0
CPV,GBR,4563.0
CPV,GEO,7129.0
CPV,GHA,2558.0
CPV,GIB,2965.0
CPV,GIN,1225.0
CPV,GLP,4097.0
CPV,GMB,755.0
CPV,GNB,921.0
CPV,GNQ,3930.0
CPV,GRC,5286.0
CPV,GRD,4147.0
CPV,GRL,5882.0
CPV,GTM,7185.0
CPV,GUF,3343.0
CPV,GUM,16612.0
CPV,GUY,3888.0
CPV,HKG,13840.0
CPV,HND,6842.0
CPV,HRV,5026.0
CPV,HTI,5207.0
CPV,HUN,5322.0
CPV,IDN,14528.0
CPV,IND,10240.0
CPV,IOT,10854.0
CPV,IRL,4523.0
CPV,IRN,7710.0
CPV,IRQ,7077.0
CPV,ISL,5466.0
CPV,ISR,6173.0
CPV,ITA,4565.0
CPV,JAM,5682.0
CPV,JOR,6282.0
CPV,JPN,14132.0
CPV,KAZ,9707.0
CPV,KEN,6877.0
CPV,KGZ,9539.0
CPV,KHM,13633.0
CPV,KIR,17465.0
CPV,KNA,4197.0
CPV,KOR,13431.0
CPV,KWT,7440.0
CPV,LAO,13086.0
CPV,LBN,6252.0
CPV,LBR,1685.0
CPV,LBY,4202.0
CPV,LCA,4038.0
CPV,LIE,4698.0
CPV,LKA,11242.0
CPV,LSO,7345.0
CPV,LTU,6080.0
CPV,LUX,4692.0
CPV,LVA,6134.0
CPV,MAC,13793.0
CPV,MAR,2616.0
CPV,MCO,4335.0
CPV,MDA,5983.0
CPV,MDG,8637.0
CPV,MDV,10651.0
CPV,MEX,7999.0
CPV,MHL,17077.0
CPV,MKD,5240.0
CPV,MLI,1695.0
CPV,MLT,4434.0
CPV,MMR,12530.0
CPV,MNE,5093.0
CPV,MNG,11493.0
CPV,MNP,16472.0
CPV,MOZ,7561.0
CPV,MRT,877.0
CPV,MSR,4144.0
CPV,MTQ,4040.0
CPV,MUS,9671.0
CPV,MWI,7072.0
CPV,MYS,13672.0
CPV,MYT,8170.0
CPV,NAM,6064.0
CPV,NCL,18693.0
CPV,NER,2768.0
CPV,NFK,18053.0
CPV,NGA,3085.0
CPV,NIC,6777.0
CPV,NIU,16433.0
CPV,NLD,4854.0
CPV,NOR,5716.0
CPV,NPL,11024.0
CPV,NRU,18053.0
CPV,NZL,16982.0
CPV,OMN,8575.0
CPV,PAK,9386.0
CPV,PAN,6121.0
CPV,PCN,12164.0
CPV,PER,6611.0
CPV,PHL,14930.0
CPV,PLW,16561.0
CPV,PNG,18847.0
CPV,POL,5700.0
CPV,PRI,4550.0
CPV,PRK,13236.0
CPV,PRT,2990.0
CPV,PRY,5788.0
CPV,PSE,6139.0
CPV,PYF,14279.0
CPV,QAT,7828.0
CPV,REU,9491.0
CPV,ROU,5689.0
CPV,RUS,6853.0
CPV,RWA,6187.0
CPV,SAU,7363.0
CPV,SDN,6003.0
CPV,SEN,653.0
CPV,SGP,13968.0
CPV,SHN,3934.0
CPV,SLB,19298.0
CPV,SLE,1327.0
CPV,SLV,7060.0
CPV,SMR,4680.0
CPV,SOM,7685.0
CPV,SPM,4652.0
CPV,SRB,5289.0
CPV,SSD,6128.0
CPV,STP,3697.0
CPV,SUR,3603.0
CPV,SVK,5231.0
CPV,SVN,4942.0
CPV,SWE,5983.0
CPV,SWZ,7467.0
CPV,SXM,4228.0
CPV,SYC,8967.0
CPV,SYR,6325.0
CPV,TCA,5072.0
CPV,TCD,4180.0
CPV,TGO,2872.0
CPV,THA,13100.0
CPV,TJK,9188.0
CPV,TKL,16474.0
CPV,TKM,8304.0
CPV,TLS,16595.0
CPV,TON,16962.0
CPV,TTO,4148.0
CPV,TUN,4120.0
CPV,TUR,5805.0
CPV,TUV,17461.0
CPV,TWN,14189.0
CPV,TZA,7331.0
CPV,UGA,6375.0
CPV,UKR,6222.0
CPV,URY,6499.0
CPV,USA,5636.0
CPV,UZB,9155.0
CPV,VAT,4564.0
CPV,VCT,4074.0
CPV,VEN,4729.0
CPV,VGB,4393.0
CPV,VNM,13844.0
CPV,VUT,18731.0
CPV,WLF,17080.0
CPV,WSM,16612.0
CPV,YEM,7245.0
CPV,ZAF,7199.0
CPV,ZMB,6611.0
CPV,ZWE,6998.0
CRI,ABW,1561.0
CRI,AFG,14339.0
CRI,AGO,10979.0
CRI,AIA,2446.0
CRI,ALB,10426.0
CRI,AND,8913.0
CRI,ARE,14144.0
CRI,ARG,5624.0
CRI,ARM,12356.0
CRI,ASM,9927.0
CRI,ATG,2532.0
CRI,AUS,14241.0
CRI,AUT,9957.0
CRI,AZE,12709.0
CRI,BDI,12652.0
CRI,BEL,9050.0
CRI,BEN,9507.0
CRI,BES,1745.0
CRI,BFA,8983.0
CRI,BGD,16236.0
CRI,BGR,10655.0
CRI,BHR,13696.0
CRI,BHS,1820.0
CRI,BIH,10232.0
CRI,BLR,10494.0
CRI,BLZ,956.0
CRI,BMU,3174.0
CRI,BOL,3409.0
CRI,BRA,5507.0
CRI,BRB,2691.0
CRI,BRN,17349.0
CRI,BTN,15813.0
CRI,BWA,12485.0
CRI,CAF,11315.0
CRI,CAN,3770.0
CRI,CCK,19739.0
CRI,CHE,9398.0
CRI,CHL,5008.0
CRI,CHN,14705.0
CRI,CIV,8829.0
CRI,CMR,10557.0
CRI,COD,11129.0
CRI,COG,11124.0
CRI,COK,8956.0
CRI,COL,1251.0
CRI,COM,14282.0
CRI,CPV,6591.0
CRI,CUB,1471.0
CRI,CUW,1672.0
CRI,CXR,18966.0
CRI,CYM,1076.0
CRI,CYP,11776.0
CRI,CZE,9769.0
CRI,DEU,9641.0
CRI,DJI,13727.0
CRI,DMA,2534.0
CRI,DNK,9516.0
CRI,DOM,1798.0
CRI,DZA,9104.0
CRI,ECU,1415.0
CRI,EGY,11819.0
CRI,ERI,13155.0
CRI,ESH,7630.0
CRI,ESP,8490.0
CRI,EST,10100.0
CRI,ETH,13361.0
CRI,FIN,10080.0
CRI,FJI,11139.0
CRI,FLK,7278.0
CRI,FRA,8925.0
CRI,FRO,8374.0
CRI,FSM,12888.0
CRI,GAB,10398.0
CRI,GBR,8733.0
CRI,GEO,12282.0
CRI,GHA,9068.0
CRI,GIB,8359.0
CRI,GIN,7712.0
CRI,GLP,2515.0
CRI,GMB,7337.0
CRI,GNB,7471.0
CRI,GNQ,10404.0
CRI,GRC,10862.0
CRI,GRD,2451.0
CRI,GRL,6534.0
CRI,GTM,872.0
CRI,GUF,3546.0
CRI,GUM,14047.0
CRI,GUY,2875.0
CRI,HKG,15929.0
CRI,HND,572.0
CRI,HRV,9994.0
CRI,HTI,1585.0
CRI,HUN,10170.0
CRI,IDN,18761.0
CRI,IND,15289.0
CRI,IOT,17431.0
CRI,IRL,8320.0
CRI,IRN,13140.0
CRI,IRQ,12765.0
CRI,ISL,7689.0
CRI,ISR,12039.0
CRI,ITA,9818.0
CRI,JAM,1190.0
CRI,JOR,12144.0
CRI,JPN,13191.0
CRI,KAZ,13810.0
CRI,KEN,13428.0
CRI,KGZ,13772.0
CRI,KHM,17432.0
CRI,KIR,11410.0
CRI,KNA,2448.0
CRI,KOR,13838.0
CRI,KWT,13289.0
CRI,LAO,16834.0
CRI,LBN,12012.0
CRI,LBR,8072.0
CRI,LBY,10090.0
CRI,LCA,2554.0
CRI,LIE,9478.0
CRI,LKA,17441.0
CRI,LSO,12637.0
CRI,LTU,10323.0
CRI,LUX,9191.0
CRI,LVA,10164.0
CRI,MAC,15970.0
CRI,MAR,8158.0
CRI,MCO,9374.0
CRI,MDA,10886.0
CRI,MDG,14739.0
CRI,MDV,17094.0
CRI,MEX,1931.0
CRI,MHL,11461.0
CRI,MKD,10532.0
CRI,MLI,8283.0
CRI,MLT,10135.0
CRI,MMR,17047.0
CRI,MNE,10347.0
CRI,MNG,13508.0
CRI,MNP,13871.0
CRI,MOZ,13142.0
CRI,MRT,7376.0
CRI,MSR,2486.0
CRI,MTQ,2555.0
CRI,MUS,15761.0
CRI,MWI,13271.0
CRI,MYS,18429.0
CRI,MYT,14502.0
CRI,NAM,11574.0
CRI,NCL,12424.0
CRI,NER,9356.0
CRI,NFK,12286.0
CRI,NGA,9621.0
CRI,NIC,340.0
CRI,NIU,9941.0
CRI,NLD,9072.0
CRI,NOR,9326.0
CRI,NPL,15689.0
CRI,NRU,12112.0
CRI,NZL,11658.0
CRI,OMN,14520.0
CRI,PAK,15052.0
CRI,PAN,511.0
CRI,PCN,6124.0
CRI,PER,2552.0
CRI,PHL,16146.0
CRI,PLW,15349.0
CRI,PNG,14416.0
CRI,POL,10149.0
CRI,PRI,2156.0
CRI,PRK,13772.0
CRI,PRT,8023.0
CRI,PRY,4839.0
CRI,PSE,12038.0
CRI,PYF,7814.0
CRI,QAT,13823.0
CRI,REU,15537.0
CRI,ROU,10799.0
CRI,RUS,10970.0
CRI,RWA,12702.0
CRI,SAU,13453.0
CRI,SDN,12498.0
CRI,SEN,7244.0
CRI,SGP,18494.0
CRI,SHN,9094.0
CRI,SLB,13021.0
CRI,SLE,7773.0
CRI,SLV,695.0
CRI,SMR,9769.0
CRI,SOM,14276.0
CRI,SPM,4861.0
CRI,SRB,10362.0
CRI,SSD,12717.0
CRI,STP,10100.0
CRI,SUR,3218.0
CRI,SVK,10011.0
CRI,SVN,9877.0
CRI,SWE,9743.0
CRI,SWZ,13008.0
CRI,SXM,2440.0
CRI,SYC,15532.0
CRI,SYR,12099.0
CRI,TCA,1883.0
CRI,TCD,10765.0
CRI,TGO,9388.0
CRI,THA,17341.0
CRI,TJK,13950.0
CRI,TKL,9889.0
CRI,TKM,13431.0
CRI,TLS,16776.0
CRI,TON,10524.0
CRI,TTO,2472.0
CRI,TUN,9732.0
CRI,TUR,11158.0
CRI,TUV,10909.0
CRI,TWN,15258.0
CRI,TZA,13794.0
CRI,UGA,12932.0
CRI,UKR,10838.0
CRI,URY,5762.0
CRI,USA,3553.0
CRI,UZB,13715.0
CRI,VAT,9816.0
CRI,VCT,2518.0
CRI,VEN,1886.0
CRI,VGB,2299.0
CRI,VNM,17433.0
CRI,VUT,12201.0
CRI,WLF,10492.0
CRI,WSM,10031.0
CRI,YEM,13680.0
CRI,ZAF,12700.0
CRI,ZMB,12689.0
CRI,ZWE,13000.0
CUB,ABW,1756.0
CUB,AFG,12956.0
CUB,AGO,10968.0
CUB,AIA,2083.0
CUB,ALB,9300.0
CUB,AND,7829.0
CUB,ARE,12981.0
CUB,ARG,6873.0
CUB,ARM,11105.0
CUB,ASM,10461.0
CUB,ATG,2245.0
CUB,AUS,15253.0
CUB,AUT,8743.0
CUB,AZE,11420.0
CUB,BDI,12387.0
CUB,BEL,7826.0
CUB,BEN,9200.0
CUB,BES,1925.0
CUB,BFA,8559.0
CUB,BGD,14765.0
CUB,BGR,9493.0
CUB,BHR,12571.0
CUB,BHS,555.0
CUB,BIH,9074.0
CUB,BLR,9177.0
CUB,BLZ,931.0
CUB,BMU,2007.0
CUB,BOL,4648.0
CUB,BRA,6450.0
CUB,BRB,2647.0
CUB,BRN,16381.0
CUB,BTN,14342.0
CUB,BWA,12814.0
CUB,CAF,10940.0
CUB,CAN,2299.0
CUB,CCK,18791.0
CUB,CHE,8219.0
CUB,CHL,6384.0
CUB,CHN,13480.0
CUB,CIV,8593.0
CUB,CMR,10247.0
CUB,COD,10990.0
CUB,COG,10985.0
CUB,COK,9717.0
CUB,COL,2234.0
CUB,COM,14152.0
CUB,CPV,6225.0
CUB,CRI,1471.0
CUB,CUW,1874.0
CUB,CXR,18366.0
CUB,CYM,437.0
CUB,CYP,10667.0
CUB,CZE,8535.0
CUB,DEU,8378.0
CUB,DJI,12959.0
CUB,DMA,2367.0
CUB,DNK,8216.0
CUB,DOM,1396.0
CUB,DZA,8122.0
CUB,ECU,2810.0
CUB,EGY,10807.0
CUB,ERI,12351.0
CUB,ESH,6901.0
CUB,ESP,7454.0
CUB,EST,8737.0
CUB,ETH,12700.0
CUB,FIN,8710.0
CUB,FJI,11698.0
CUB,FLK,8628.0
CUB,FRA,7733.0
CUB,FRO,7013.0
CUB,FSM,12656.0
CUB,GAB,10187.0
CUB,GBR,7505.0
CUB,GEO,11013.0
CUB,GHA,8783.0
CUB,GIB,7410.0
CUB,GIN,7434.0
CUB,GLP,2303.0
CUB,GMB,6975.0
CUB,GNB,7145.0
CUB,GNQ,10155.0
CUB,GRC,9770.0
CUB,GRD,2504.0
CUB,GRL,5085.0
CUB,GTM,1274.0
CUB,GUF,3803.0
CUB,GUM,13486.0
CUB,GUY,3160.0
CUB,HKG,14674.0
CUB,HND,1122.0
CUB,HRV,8816.0
CUB,HTI,1161.0
CUB,HUN,8958.0
CUB,IDN,17894.0
CUB,IND,13874.0
CUB,IOT,16806.0
CUB,IRL,7068.0
CUB,IRN,11888.0
CUB,IRQ,11599.0
CUB,ISL,6295.0
CUB,ISR,10967.0
CUB,ITA,8713.0
CUB,JAM,813.0
CUB,JOR,11065.0
CUB,JPN,12139.0
CUB,KAZ,12358.0
CUB,KEN,13046.0
CUB,KGZ,12328.0
CUB,KHM,16087.0
CUB,KIR,11454.0
CUB,KNA,2150.0
CUB,KOR,12621.0
CUB,KWT,12145.0
CUB,LAO,15427.0
CUB,LBN,10907.0
CUB,LBR,7860.0
CUB,LBY,9140.0
CUB,LCA,2469.0
CUB,LIE,8299.0
CUB,LKA,16166.0
CUB,LSO,13088.0
CUB,LTU,9005.0
CUB,LUX,7982.0
CUB,LVA,8826.0
CUB,MAC,14705.0
CUB,MAR,7268.0
CUB,MCO,8255.0
CUB,MDA,9642.0
CUB,MDG,14829.0
CUB,MDV,16020.0
CUB,MEX,1786.0
CUB,MHL,11348.0
CUB,MKD,9389.0
CUB,MLI,7891.0
CUB,MLT,9123.0
CUB,MMR,15585.0
CUB,MNE,9206.0
CUB,MNG,12084.0
CUB,MNP,13282.0
CUB,MOZ,13490.0
CUB,MRT,6887.0
CUB,MSR,2222.0
CUB,MTQ,2431.0
CUB,MUS,15879.0
CUB,MWI,13266.0
CUB,MYS,17066.0
CUB,MYT,14395.0
CUB,NAM,11885.0
CUB,NCL,13029.0
CUB,NER,8882.0
CUB,NFK,13062.0
CUB,NGA,9306.0
CUB,NIC,1283.0
CUB,NIU,10588.0
CUB,NLD,7825.0
CUB,NOR,7981.0
CUB,NPL,14229.0
CUB,NRU,12154.0
CUB,NZL,12621.0
CUB,OMN,13342.0
CUB,PAK,13759.0
CUB,PAN,1592.0
CUB,PCN,7228.0
CUB,PER,3933.0
CUB,PHL,15125.0
CUB,PLW,14784.0
CUB,PNG,14552.0
CUB,POL,8870.0
CUB,PRI,1769.0
CUB,PRK,12530.0
CUB,PRT,7028.0
CUB,PRY,5986.0
CUB,PSE,10977.0
CUB,PYF,8579.0
CUB,QAT,12702.0
CUB,REU,15685.0
CUB,ROU,9600.0
CUB,RUS,9605.0
CUB,RWA,12394.0
CUB,SAU,12392.0
CUB,SDN,11752.0
CUB,SEN,6853.0
CUB,SGP,17222.0
CUB,SHN,9393.0
CUB,SLB,13248.0
CUB,SLE,7521.0
CUB,SLV,1267.0
CUB,SMR,8631.0
CUB,SOM,13719.0
CUB,SPM,3518.0
CUB,SRB,9182.0
CUB,SSD,12224.0
CUB,STP,9910.0
CUB,SUR,3487.0
CUB,SVK,8796.0
CUB,SVN,8700.0
CUB,SWE,8393.0
CUB,SWZ,13368.0
CUB,SXM,2091.0
CUB,SYC,15060.0
CUB,SYR,10994.0
CUB,TCA,1172.0
CUB,TCD,10237.0
CUB,TGO,9096.0
CUB,THA,15916.0
CUB,TJK,12549.0
CUB,TKL,10306.0
CUB,TKM,12104.0
CUB,TLS,16639.0
CUB,TON,11186.0
CUB,TTO,2610.0
CUB,TUN,8723.0
CUB,TUR,9992.0
CUB,TUV,11241.0
CUB,TWN,14095.0
CUB,TZA,13546.0
CUB,UGA,12544.0
CUB,UKR,9547.0
CUB,URY,6986.0
CUB,USA,2103.0
CUB,UZB,12300.0
CUB,VAT,8710.0
CUB,VCT,2491.0
CUB,VEN,2161.0
CUB,VGB,1920.0
CUB,VNM,16132.0
CUB,VUT,12698.0
CUB,WLF,10967.0
CUB,WSM,10548.0
CUB,YEM,12819.0
CUB,ZAF,13065.0
CUB,ZMB,12755.0
CUB,ZWE,13120.0
CUW,ABW,128.0
CUW,AFG,13218.0
CUW,AGO,9380.0
CUW,AIA,925.0
CUW,ALB,9029.0
CUW,AND,7510.0
CUW,ARE,12701.0
CUW,ARG,5288.0
CUW,ARM,11058.0
CUW,ASM,11593.0
CUW,ATG,943.0
CUW,AUS,15611.0
CUW,AUT,8669.0
CUW,AZE,11456.0
CUW,BDI,10999.0
CUW,BEL,7800.0
CUW,BEN,7839.0
CUW,BES,73.0
CUW,BFA,7311.0
CUW,BGD,15456.0
CUW,BGR,9290.0
CUW,BHR,12230.0
CUW,BHS,1685.0
CUW,BIH,8872.0
CUW,BLR,9351.0
CUW,BLZ,2209.0
CUW,BMU,2275.0
CUW,BOL,3165.0
CUW,BRA,4632.0
CUW,BRB,1018.0
CUW,BRN,18072.0
CUW,BTN,15059.0
CUW,BWA,11052.0
CUW,CAF,9644.0
CUW,CAN,3643.0
CUW,CCK,18486.0
CUW,CHE,8083.0
CUW,CHL,5046.0
CUW,CHN,15084.0
CUW,CIV,7167.0
CUW,CMR,8890.0
CUW,COD,9494.0
CUW,COG,9489.0
CUW,COK,10581.0
CUW,COL,1004.0
CUW,COM,12669.0
CUW,CPV,4919.0
CUW,CRI,1672.0
CUW,CUB,1874.0
CUW,CXR,19415.0
CUW,CYM,1551.0
CUW,CYP,10336.0
CUW,CZE,8513.0
CUW,DEU,8432.0
CUW,DJI,12083.0
CUW,DMA,889.0
CUW,DNK,8372.0
CUW,DOM,714.0
CUW,DZA,7615.0
CUW,ECU,1991.0
CUW,EGY,10305.0
CUW,ERI,11526.0
CUW,ESH,6028.0
CUW,ESP,7054.0
CUW,EST,9064.0
CUW,ETH,11700.0
CUW,FIN,9061.0
CUW,FJI,12798.0
CUW,FLK,7150.0
CUW,FRA,7636.0
CUW,FRO,7389.0
CUW,FSM,14412.0
CUW,GAB,8745.0
CUW,GBR,7499.0
CUW,GEO,11011.0
CUW,GHA,7401.0
CUW,GIB,6860.0
CUW,GIN,6042.0
CUW,GLP,889.0
CUW,GMB,5665.0
CUW,GNB,5799.0
CUW,GNQ,8745.0
CUW,GRC,9426.0
CUW,GRD,782.0
CUW,GRL,5935.0
CUW,GTM,2355.0
CUW,GUF,1991.0
CUW,GUM,15353.0
CUW,GUY,1321.0
CUW,HKG,16185.0
CUW,HND,1993.0
CUW,HRV,8662.0
CUW,HTI,800.0
CUW,HUN,8876.0
CUW,IDN,19214.0
CUW,IND,14218.0
CUW,IOT,15762.0
CUW,IRL,7133.0
CUW,IRN,11824.0
CUW,IRQ,11359.0
CUW,ISL,6818.0
CUW,ISR,10563.0
CUW,ITA,8414.0
CUW,JAM,1067.0
CUW,JOR,10672.0
CUW,JPN,13923.0
CUW,KAZ,12966.0
CUW,KEN,11762.0
CUW,KGZ,12880.0
CUW,KHM,17301.0
CUW,KIR,13034.0
CUW,KNA,881.0
CUW,KOR,14262.0
CUW,KWT,11850.0
CUW,LAO,16552.0
CUW,LBN,10564.0
CUW,LBR,6410.0
CUW,LBY,8563.0
CUW,LCA,887.0
CUW,LIE,8160.0
CUW,LKA,15982.0
CUW,LSO,11280.0
CUW,LTU,9187.0
CUW,LUX,7917.0
CUW,LVA,9071.0
CUW,MAC,16199.0
CUW,MAR,6626.0
CUW,MCO,7995.0
CUW,MDA,9616.0
CUW,MDG,13209.0
CUW,MDV,15502.0
CUW,MEX,3331.0
CUW,MHL,13030.0
CUW,MKD,9150.0
CUW,MLI,6611.0
CUW,MLT,8648.0
CUW,MMR,16417.0
CUW,MNE,8966.0
CUW,MNG,13344.0
CUW,MNP,15151.0
CUW,MOZ,11725.0
CUW,MRT,5713.0
CUW,MSR,891.0
CUW,MTQ,895.0
CUW,MUS,14258.0
CUW,MWI,11689.0
CUW,MYS,18033.0
CUW,MYT,12898.0
CUW,NAM,10124.0
CUW,NCL,14065.0
CUW,NER,7686.0
CUW,NFK,13869.0
CUW,NGA,7952.0
CUW,NIC,1885.0
CUW,NIU,11589.0
CUW,NLD,7853.0
CUW,NOR,8274.0
CUW,NPL,14806.0
CUW,NRU,13739.0
CUW,NZL,13147.0
CUW,OMN,13081.0
CUW,PAK,13732.0
CUW,PAN,1209.0
CUW,PCN,7610.0
CUW,PER,2817.0
CUW,PHL,16858.0
CUW,PLW,16656.0
CUW,PNG,16078.0
CUW,POL,8950.0
CUW,PRI,766.0
CUW,PRK,14143.0
CUW,PRT,6565.0
CUW,PRY,4316.0
CUW,PSE,10553.0
CUW,PYF,9446.0
CUW,QAT,12350.0
CUW,REU,14044.0
CUW,ROU,9472.0
CUW,RUS,9912.0
CUW,RWA,11042.0
CUW,SAU,11943.0
CUW,SDN,10858.0
CUW,SEN,5573.0
CUW,SGP,18328.0
CUW,SHN,7621.0
CUW,SLB,14688.0
CUW,SLE,6105.0
CUW,SLV,2204.0
CUW,SMR,8399.0
CUW,SOM,12604.0
CUW,SPM,4026.0
CUW,SRB,9024.0
CUW,SSD,11044.0
CUW,STP,8450.0
CUW,SUR,1663.0
CUW,SVK,8724.0
CUW,SVN,8546.0
CUW,SWE,8688.0
CUW,SWZ,11597.0
CUW,SXM,911.0
CUW,SYC,13865.0
CUW,SYR,10650.0
CUW,TCA,1061.0
CUW,TCD,9096.0
CUW,TGO,7721.0
CUW,THA,16924.0
CUW,TJK,12891.0
CUW,TKL,11562.0
CUW,TKM,12222.0
CUW,TLS,18399.0
CUW,TON,12165.0
CUW,TTO,825.0
CUW,TUN,8250.0
CUW,TUR,9787.0
CUW,TUV,12580.0
CUW,TWN,15747.0
CUW,TZA,12150.0
CUW,UGA,11264.0
CUW,UKR,9638.0
CUW,URY,5367.0
CUW,USA,3209.0
CUW,UZB,12708.0
CUW,VAT,8412.0
CUW,VCT,845.0
CUW,VEN,287.0
CUW,VGB,838.0
CUW,VNM,17431.0
CUW,VUT,13865.0
CUW,WLF,12162.0
CUW,WSM,11699.0
CUW,YEM,12064.0
CUW,ZAF,11289.0
CUW,ZMB,11130.0
CUW,ZWE,11465.0
CXR,ABW,19505.0
CXR,AFG,6291.0
CXR,AGO,10106.0
CXR,AIA,18535.0
CXR,ALB,10426.0
CXR,AND,11946.0
CXR,ARE,6738.0
CXR,ARG,14748.0
CXR,ARM,8416.0
CXR,ASM,9057.0
CXR,ATG,18489.0
CXR,AUS,5307.0
CXR,AUT,10814.0
CXR,AZE,8027.0
CXR,BDI,8453.0
CXR,BEL,11695.0
CXR,BEN,11599.0
CXR,BES,19345.0
CXR,BFA,12114.0
CXR,BGD,4125.0
CXR,BGR,10172.0
CXR,BHR,7205.0
CXR,BHS,18354.0
CXR,BIH,10592.0
CXR,BLR,10169.0
CXR,BLZ,18296.0
CXR,BMU,17395.0
CXR,BOL,16952.0
CXR,BRA,15199.0
CXR,BRB,18405.0
CXR,BRN,1986.0
CXR,BTN,4535.0
CXR,BWA,8511.0
CXR,CAF,9790.0
CXR,CAN,16283.0
CXR,CCK,986.0
CXR,CHE,11394.0
CXR,CHL,15133.0
CXR,CHN,4906.0
CXR,CIV,12277.0
CXR,CMR,10550.0
CXR,COD,9971.0
CXR,COG,9976.0
CXR,COK,10068.0
CXR,COL,19361.0
CXR,COM,6807.0
CXR,CPV,14504.0
CXR,CRI,18966.0
CXR,CUB,18366.0
CXR,CUW,19415.0
CXR,CYM,18776.0
CXR,CYP,9107.0
CXR,CZE,10979.0
CXR,DEU,11072.0
CXR,DJI,7332.0
CXR,DMA,18527.0
CXR,DNK,11151.0
CXR,DOM,18998.0
CXR,DZA,11822.0
CXR,ECU,18486.0
CXR,EGY,9124.0
CXR,ERI,7889.0
CXR,ESH,13390.0
CXR,ESP,12395.0
CXR,EST,10488.0
CXR,ETH,7719.0
CXR,FIN,10496.0
CXR,FJI,7853.0
CXR,FLK,12942.0
CXR,FRA,11850.0
CXR,FRO,12186.0
CXR,FSM,6125.0
CXR,GAB,10707.0
CXR,GBR,12002.0
CXR,GEO,8469.0
CXR,GHA,12038.0
CXR,GIB,12576.0
CXR,GIN,13393.0
CXR,GLP,18532.0
CXR,GMB,13761.0
CXR,GNB,13630.0
CXR,GNQ,10702.0
CXR,GRC,10019.0
CXR,GRD,18650.0
CXR,GRL,13779.0
CXR,GTM,18213.0
CXR,GUF,17535.0
CXR,GUM,5061.0
CXR,GUY,18211.0
CXR,HKG,3735.0
CXR,HND,18575.0
CXR,HRV,10809.0
CXR,HTI,19082.0
CXR,HUN,10605.0
CXR,IDN,483.0
CXR,IND,5298.0
CXR,IOT,3675.0
CXR,IRL,12382.0
CXR,IRN,7644.0
CXR,IRQ,8090.0
CXR,ISL,12797.0
CXR,ISR,8872.0
CXR,ITA,11040.0
CXR,JAM,19127.0
CXR,JOR,8764.0
CXR,JPN,6230.0
CXR,KAZ,6621.0
CXR,KEN,7678.0
CXR,KGZ,6694.0
CXR,KHM,2432.0
CXR,KIR,7565.0
CXR,KNA,18561.0
CXR,KOR,5758.0
CXR,KWT,7591.0
CXR,LAO,3158.0
CXR,LBN,8877.0
CXR,LBR,13034.0
CXR,LBY,10866.0
CXR,LCA,18530.0
CXR,LIE,11316.0
CXR,LKA,3446.0
CXR,LSO,8314.0
CXR,LTU,10335.0
CXR,LUX,11572.0
CXR,LVA,10464.0
CXR,MAC,3709.0
CXR,MAR,12803.0
CXR,MCO,11466.0
CXR,MDA,9868.0
CXR,MDG,6307.0
CXR,MDV,3914.0
CXR,MEX,17186.0
CXR,MHL,7535.0
CXR,MKD,10308.0
CXR,MLI,12815.0
CXR,MLT,10788.0
CXR,MMR,3188.0
CXR,MNE,10493.0
CXR,MNG,6462.0
CXR,MNP,5251.0
CXR,MOZ,7843.0
CXR,MRT,13705.0
CXR,MSR,18540.0
CXR,MTQ,18520.0
CXR,MUS,5267.0
CXR,MWI,7804.0
CXR,MYS,1563.0
CXR,MYT,6583.0
CXR,NAM,9434.0
CXR,NCL,6585.0
CXR,NER,11736.0
CXR,NFK,6769.0
CXR,NGA,11485.0
CXR,NIC,18720.0
CXR,NIU,9062.0
CXR,NLD,11651.0
CXR,NOR,11276.0
CXR,NPL,4755.0
CXR,NRU,6862.0
CXR,NZL,7466.0
CXR,OMN,6358.0
CXR,PAK,5728.0
CXR,PAN,19443.0
CXR,PCN,13011.0
CXR,PER,17502.0
CXR,PHL,3242.0
CXR,PLW,3771.0
CXR,PNG,4550.0
CXR,POL,10555.0
CXR,PRI,18763.0
CXR,PRK,5857.0
CXR,PRT,12880.0
CXR,PRY,15663.0
CXR,PSE,8881.0
CXR,PYF,11203.0
CXR,QAT,7084.0
CXR,REU,5485.0
CXR,ROU,9998.0
CXR,RUS,9630.0
CXR,RWA,8405.0
CXR,SAU,7485.0
CXR,SDN,8557.0
CXR,SEN,13850.0
CXR,SGP,1311.0
CXR,SHN,11932.0
CXR,SLB,5946.0
CXR,SLE,13333.0
CXR,SLV,18377.0
CXR,SMR,11064.0
CXR,SOM,6823.0
CXR,SPM,15628.0
CXR,SRB,10445.0
CXR,SSD,8383.0
CXR,STP,11004.0
CXR,SUR,17865.0
CXR,SVK,10758.0
CXR,SVN,10926.0
CXR,SWE,10860.0
CXR,SWZ,7974.0
CXR,SXM,18546.0
CXR,SYC,5574.0
CXR,SYR,8791.0
CXR,TCA,18738.0
CXR,TCD,10325.0
CXR,TGO,11718.0
CXR,THA,2730.0
CXR,TJK,6636.0
CXR,TKL,9082.0
CXR,TKM,7269.0
CXR,TLS,2194.0
CXR,TON,8485.0
CXR,TTO,18634.0
CXR,TUN,11187.0
CXR,TUR,9673.0
CXR,TUV,8059.0
CXR,TWN,4278.0
CXR,TZA,7308.0
CXR,UGA,8174.0
CXR,UKR,9865.0
CXR,URY,14646.0
CXR,USA,16647.0
CXR,UZB,6834.0
CXR,VAT,11042.0
CXR,VCT,18575.0
CXR,VEN,19221.0
CXR,VGB,18652.0
CXR,VNM,2344.0
CXR,VUT,6786.0
CXR,WLF,8487.0
CXR,WSM,8950.0
CXR,YEM,7351.0
CXR,ZAF,8283.0
CXR,ZMB,8376.0
CXR,ZWE,8052.0
CYM,ABW,1426.0
CYM,AFG,13288.0
CYM,AGO,10818.0
CYM,AIA,1934.0
CYM,ALB,9509.0
CYM,AND,8016.0
CYM,ARE,13215.0
CYM,ARG,6441.0
CYM,ARM,11371.0
CYM,ASM,10463.0
CYM,ATG,2079.0
CYM,AUS,15108.0
CYM,AUT,8988.0
CYM,AZE,11703.0
CYM,BDI,12318.0
CYM,BEL,8073.0
CYM,BEN,9126.0
CYM,BES,1610.0
CYM,BFA,8518.0
CYM,BGD,15165.0
CYM,BGR,9717.0
CYM,BHR,12789.0
CYM,BHS,762.0
CYM,BIH,9296.0
CYM,BLR,9471.0
CYM,BLZ,813.0
CYM,BMU,2196.0
CYM,BOL,4215.0
CYM,BRA,6057.0
CYM,BRB,2423.0
CYM,BRN,16792.0
CYM,BTN,14742.0
CYM,BWA,12582.0
CYM,CAF,10896.0
CYM,CAN,2713.0
CYM,CCK,19196.0
CYM,CHE,8447.0
CYM,CHL,5947.0
CYM,CHN,13910.0
CYM,CIV,8495.0
CYM,CMR,10179.0
CYM,COD,10876.0
CYM,COG,10871.0
CYM,COK,9639.0
CYM,COL,1806.0
CYM,COM,14057.0
CYM,CPV,6151.0
CYM,CRI,1076.0
CYM,CUB,437.0
CYM,CUW,1551.0
CYM,CXR,18776.0
CYM,CYP,10873.0
CYM,CZE,8788.0
CYM,DEU,8644.0
CYM,DJI,13052.0
CYM,DMA,2169.0
CYM,DNK,8500.0
CYM,DOM,1212.0
CYM,DZA,8271.0
CYM,ECU,2378.0
CYM,EGY,10976.0
CYM,ERI,12452.0
CYM,ESH,6951.0
CYM,ESP,7621.0
CYM,EST,9054.0
CYM,ETH,12756.0
CYM,FIN,9031.0
CYM,FJI,11698.0
CYM,FLK,8191.0
CYM,FRA,7966.0
CYM,FRO,7327.0
CYM,FSM,12892.0
CYM,GAB,10090.0
CYM,GBR,7753.0
CYM,GEO,11287.0
CYM,GHA,8700.0
CYM,GIB,7543.0
CYM,GIN,7341.0
CYM,GLP,2115.0
CYM,GMB,6905.0
CYM,GNB,7065.0
CYM,GNQ,10069.0
CYM,GRC,9966.0
CYM,GRD,2249.0
CYM,GRL,5459.0
CYM,GTM,1104.0
CYM,GUF,3528.0
CYM,GUM,13805.0
CYM,GUY,2866.0
CYM,HKG,15108.0
CYM,HND,848.0
CYM,HRV,9045.0
CYM,HTI,956.0
CYM,HUN,9202.0
CYM,IDN,18314.0
CYM,IND,14225.0
CYM,IOT,16897.0
CYM,IRL,7327.0
CYM,IRN,12156.0
CYM,IRQ,11830.0
CYM,ISL,6628.0
CYM,ISR,11159.0
CYM,ITA,8912.0
CYM,JAM,504.0
CYM,JOR,11261.0
CYM,JPN,12546.0
CYM,KAZ,12735.0
CYM,KEN,13017.0
CYM,KGZ,12697.0
CYM,KHM,16524.0
CYM,KIR,11608.0
CYM,KNA,1983.0
CYM,KOR,13050.0
CYM,KWT,12369.0
CYM,LAO,15861.0
CYM,LBN,11112.0
CYM,LBR,7750.0
CYM,LBY,9280.0
CYM,LCA,2250.0
CYM,LIE,8528.0
CYM,LKA,16458.0
CYM,LSO,12826.0
CYM,LTU,9299.0
CYM,LUX,8223.0
CYM,LVA,9129.0
CYM,MAC,15139.0
CYM,MAR,7378.0
CYM,MCO,8458.0
CYM,MDA,9902.0
CYM,MDG,14677.0
CYM,MDV,16239.0
CYM,MEX,1866.0
CYM,MHL,11545.0
CYM,MKD,9605.0
CYM,MLI,7836.0
CYM,MLT,9287.0
CYM,MMR,16003.0
CYM,MNE,9421.0
CYM,MNG,12517.0
CYM,MNP,13606.0
CYM,MOZ,13257.0
CYM,MRT,6856.0
CYM,MSR,2047.0
CYM,MTQ,2222.0
CYM,MUS,15732.0
CYM,MWI,13128.0
CYM,MYS,17501.0
CYM,MYT,14295.0
CYM,NAM,11653.0
CYM,NCL,13021.0
CYM,NER,8858.0
CYM,NFK,12995.0
CYM,NGA,9235.0
CYM,NIC,948.0
CYM,NIU,10553.0
CYM,NLD,8083.0
CYM,NOR,8287.0
CYM,NPL,14613.0
CYM,NRU,12313.0
CYM,NZL,12483.0
CYM,OMN,13583.0
CYM,PAK,14049.0
CYM,PAN,1156.0
CYM,PCN,7017.0
CYM,PER,3498.0
CYM,PHL,15535.0
CYM,PLW,15112.0
CYM,PNG,14702.0
CYM,POL,9145.0
CYM,PRI,1611.0
CYM,PRK,12961.0
CYM,PRT,7177.0
CYM,PRY,5562.0
CYM,PSE,11165.0
CYM,PYF,8495.0
CYM,QAT,12919.0
CYM,REU,15527.0
CYM,ROU,9840.0
CYM,RUS,9924.0
CYM,RWA,12338.0
CYM,SAU,12585.0
CYM,SDN,11831.0
CYM,SEN,6791.0
CYM,SGP,17659.0
CYM,SHN,9151.0
CYM,SLB,13361.0
CYM,SLE,7420.0
CYM,SLV,1039.0
CYM,SMR,8843.0
CYM,SOM,13749.0
CYM,SPM,3816.0
CYM,SRB,9413.0
CYM,SSD,12224.0
CYM,STP,9805.0
CYM,SUR,3204.0
CYM,SVK,9042.0
CYM,SVN,8928.0
CYM,SWE,8703.0
CYM,SWZ,13132.0
CYM,SXM,1938.0
CYM,SYC,15076.0
CYM,SYR,11199.0
CYM,TCA,1095.0
CYM,TCD,10237.0
CYM,TGO,9017.0
CYM,THA,16347.0
CYM,TJK,12891.0
CYM,TKL,10344.0
CYM,TKM,12407.0
CYM,TLS,16893.0
CYM,TON,11149.0
CYM,TTO,2336.0
CYM,TUN,8884.0
CYM,TUR,10219.0
CYM,TUV,11310.0
CYM,TWN,14521.0
CYM,TZA,13481.0
CYM,UGA,12514.0
CYM,UKR,9828.0
CYM,URY,6556.0
CYM,USA,2477.0
CYM,UZB,12650.0
CYM,VAT,8909.0
CYM,VCT,2256.0
CYM,VEN,1837.0
CYM,VGB,1768.0
CYM,VNM,16569.0
CYM,VUT,12724.0
CYM,WLF,10990.0
CYM,WSM,10556.0
CYM,YEM,12942.0
CYM,ZAF,12825.0
CYM,ZMB,12594.0
CYM,ZWE,12946.0
CYP,ABW,10404.0
CYP,AFG,3258.0
CYP,AGO,5310.0
CYP,AIA,9428.0
CYP,ALB,1367.0
CYP,AND,2864.0
CYP,ARE,2372.0
CYP,ARG,12260.0
CYP,ARM,1129.0
CYP,ASM,16678.0
CYP,ATG,9393.0
CYP,AUS,14028.0
CYP,AUT,2017.0
CYP,AZE,1564.0
CYP,BDI,4287.0
CYP,BEL,2907.0
CYP,BEN,4492.0
CYP,BES,10275.0
CYP,BFA,4325.0
CYP,BGD,5602.0
CYP,BGR,1206.0
CYP,BHR,1920.0
CYP,BHS,10141.0
CYP,BIH,1607.0
CYP,BLR,2131.0
CYP,BLZ,11599.0
CYP,BMU,8680.0
CYP,BOL,12083.0
CYP,BRA,10636.0
CYP,BRB,9451.0
CYP,BRN,8933.0
CYP,BTN,5354.0
CYP,BWA,6667.0
CYP,CAF,3736.0
CYP,CAN,8947.0
CYP,CCK,8485.0
CYP,CHE,2468.0
CYP,CHL,13210.0
CYP,CHN,7937.0
CYP,CIV,5060.0
CYP,CMR,4132.0
CYP,COD,4762.0
CYP,COG,4756.0
CYP,COK,18007.0
CYP,COL,11289.0
CYP,COM,5290.0
CYP,CPV,6072.0
CYP,CRI,11776.0
CYP,CUB,10667.0
CYP,CUW,10336.0
CYP,CXR,9107.0
CYP,CYM,10873.0
CYP,CZE,2260.0
CYP,DEU,2492.0
CYP,DJI,2792.0
CYP,DMA,9468.0
CYP,DNK,2778.0
CYP,DOM,9993.0
CYP,DZA,2730.0
CYP,ECU,12257.0
CYP,EGY,602.0
CYP,ERI,2266.0
CYP,ESH,4487.0
CYP,ESP,3292.0
CYP,EST,2771.0
CYP,ETH,2946.0
CYP,FIN,2846.0
CYP,FJI,16098.0
CYP,FLK,13055.0
CYP,FRA,2956.0
CYP,FRO,4086.0
CYP,FSM,12600.0
CYP,GAB,4580.0
CYP,GBR,3224.0
CYP,GEO,1235.0
CYP,GHA,4768.0
CYP,GIB,3485.0
CYP,GIN,5539.0
CYP,GLP,9454.0
CYP,GMB,5549.0
CYP,GNB,5555.0
CYP,GNQ,4422.0
CYP,GRC,915.0
CYP,GRD,9707.0
CYP,GRL,6320.0
CYP,GTM,11938.0
CYP,GUF,9309.0
CYP,GUM,11018.0
CYP,GUY,9719.0
CYP,HKG,7817.0
CYP,HND,11721.0
CYP,HRV,1883.0
CYP,HTI,10193.0
CYP,HUN,1815.0
CYP,IDN,8925.0
CYP,IND,4176.0
CYP,IOT,6228.0
CYP,IRL,3684.0
CYP,IRN,1638.0
CYP,IRQ,1036.0
CYP,ISL,4882.0
CYP,ISR,366.0
CYP,ITA,1962.0
CYP,JAM,10598.0
CYP,JOR,428.0
CYP,JPN,9073.0
CYP,KAZ,3821.0
CYP,KEN,4050.0
CYP,KGZ,3633.0
CYP,KHM,7608.0
CYP,KIR,14193.0
CYP,KNA,9458.0
CYP,KOR,8016.0
CYP,KWT,1517.0
CYP,LAO,7019.0
CYP,LBN,239.0
CYP,LBR,5530.0
CYP,LBY,1878.0
CYP,LCA,9516.0
CYP,LIE,2388.0
CYP,LKA,5678.0
CYP,LSO,7163.0
CYP,LTU,2259.0
CYP,LUX,2733.0
CYP,LVA,2520.0
CYP,MAC,7765.0
CYP,MAR,3747.0
CYP,MCO,2415.0
CYP,MDA,1368.0
CYP,MDG,6169.0
CYP,MDV,5366.0
CYP,MEX,12165.0
CYP,MHL,13595.0
CYP,MKD,1286.0
CYP,MLI,4843.0
CYP,MLT,1709.0
CYP,MMR,6499.0
CYP,MNE,1465.0
CYP,MNG,6058.0
CYP,MNP,10978.0
CYP,MOZ,6766.0
CYP,MRT,5205.0
CYP,MSR,9445.0
CYP,MTQ,9485.0
CYP,MUS,6632.0
CYP,MWI,5437.0
CYP,MYS,7846.0
CYP,MYT,5451.0
CYP,NAM,6615.0
CYP,NCL,15273.0
CYP,NER,3946.0
CYP,NFK,15726.0
CYP,NGA,4418.0
CYP,NIC,11791.0
CYP,NIU,17115.0
CYP,NLD,2952.0
CYP,NOR,3201.0
CYP,NPL,4953.0
CYP,NRU,13872.0
CYP,NZL,16564.0
CYP,OMN,2751.0
CYP,PAK,3425.0
CYP,PAN,11460.0
CYP,PCN,17891.0
CYP,PER,12625.0
CYP,PHL,8879.0
CYP,PLW,10546.0
CYP,PNG,12775.0
CYP,POL,2135.0
CYP,PRI,9673.0
CYP,PRK,7841.0
CYP,PRT,3773.0
CYP,PRY,11670.0
CYP,PSE,417.0
CYP,PYF,18030.0
CYP,QAT,2049.0
CYP,REU,6627.0
CYP,ROU,1202.0
CYP,RUS,2312.0
CYP,RWA,4122.0
CYP,SAU,1731.0
CYP,SDN,2174.0
CYP,SEN,5539.0
CYP,SGP,8161.0
CYP,SHN,7001.0
CYP,SLB,13918.0
CYP,SLE,5578.0
CYP,SLV,11906.0
CYP,SMR,2037.0
CYP,SOM,3870.0
CYP,SPM,7235.0
CYP,SRB,1534.0
CYP,SSD,3361.0
CYP,STP,4744.0
CYP,SUR,9508.0
CYP,SVK,1971.0
CYP,SVN,1994.0
CYP,SWE,2910.0
CYP,SWZ,6808.0
CYP,SXM,9439.0
CYP,SYC,4972.0
CYP,SYR,327.0
CYP,TCA,9896.0
CYP,TCD,3152.0
CYP,TGO,4601.0
CYP,THA,7078.0
CYP,TJK,3161.0
CYP,TKL,16220.0
CYP,TKM,2254.0
CYP,TLS,10755.0
CYP,TON,16833.0
CYP,TTO,9776.0
CYP,TUN,2095.0
CYP,TUR,756.0
CYP,TUV,15460.0
CYP,TWN,8294.0
CYP,TZA,4688.0
CYP,UGA,3858.0
CYP,UKR,1714.0
CYP,URY,12095.0
CYP,USA,8806.0
CYP,UZB,3188.0
CYP,VAT,1965.0
CYP,VCT,9590.0
CYP,VEN,10263.0
CYP,VGB,9549.0
CYP,VNM,7817.0
CYP,VUT,15186.0
CYP,WLF,16191.0
CYP,WSM,16564.0
CYP,YEM,2447.0
CYP,ZAF,6815.0
CYP,ZMB,5623.0
CYP,ZWE,5869.0
CZE,ABW,8556.0
CZE,AFG,4712.0
CZE,AGO,6529.0
CZE,AIA,7588.0
CZE,ALB,1060.0
CZE,AND,1300.0
CZE,ARE,4451.0
CZE,ARG,11791.0
CZE,ARM,2587.0
CZE,ASM,16006.0
CZE,ATG,7592.0
CZE,AUS,15906.0
CZE,AUT,253.0
CZE,AZE,2953.0
CZE,BDI,6096.0
CZE,BEL,719.0
CZE,BEN,4967.0
CZE,BES,8462.0
CZE,BFA,4430.0
CZE,BGD,7040.0
CZE,BGR,1068.0
CZE,BHR,4064.0
CZE,BHS,8034.0
CZE,BIH,755.0
CZE,BLR,996.0
CZE,BLZ,9461.0
CZE,BMU,6602.0
CZE,BOL,10881.0
CZE,BRA,10126.0
CZE,BRB,7764.0
CZE,BRN,10337.0
CZE,BTN,6691.0
CZE,BWA,8356.0
CZE,CAF,5083.0
CZE,CAN,6699.0
CZE,CCK,10504.0
CZE,CHE,531.0
CZE,CHL,12452.0
CZE,CHN,8503.0
CZE,CIV,5252.0
CZE,CMR,5130.0
CZE,COD,6030.0
CZE,COG,6023.0
CZE,COK,16762.0
CZE,COL,9512.0
CZE,COM,7400.0
CZE,CPV,5184.0
CZE,CRI,9769.0
CZE,CUB,8535.0
CZE,CUW,8513.0
CZE,CXR,10979.0
CZE,CYM,8788.0
CZE,CYP,2260.0
CZE,DEU,280.0
CZE,DJI,5013.0
CZE,DMA,7708.0
CZE,DNK,634.0
CZE,DOM,8054.0
CZE,DZA,1740.0
CZE,ECU,10502.0
CZE,EGY,2635.0
CZE,ERI,4444.0
CZE,ESH,3464.0
CZE,ESP,1775.0
CZE,EST,1232.0
CZE,ETH,5078.0
CZE,FIN,1304.0
CZE,FJI,16187.0
CZE,FLK,13177.0
CZE,FRA,885.0
CZE,FRO,1856.0
CZE,FSM,12790.0
CZE,GAB,5527.0
CZE,GBR,1036.0
CZE,GEO,2516.0
CZE,GHA,5039.0
CZE,GIB,2221.0
CZE,GIN,5184.0
CZE,GLP,7675.0
CZE,GMB,4947.0
CZE,GNB,5048.0
CZE,GNQ,5363.0
CZE,GRC,1539.0
CZE,GRD,8003.0
CZE,GRL,4075.0
CZE,GTM,9807.0
CZE,GUF,7943.0
CZE,GUM,11468.0
CZE,GUY,8190.0
CZE,HKG,8804.0
CZE,HND,9629.0
CZE,HRV,489.0
CZE,HTI,8222.0
CZE,HUN,445.0
CZE,IDN,10708.0
CZE,IND,5714.0
CZE,IOT,8446.0
CZE,IRL,1468.0
CZE,IRN,3372.0
CZE,IRQ,3077.0
CZE,ISL,2642.0
CZE,ISR,2614.0
CZE,ITA,923.0
CZE,JAM,8579.0
CZE,JOR,2688.0
CZE,JPN,9093.0
CZE,KAZ,4700.0
CZE,KEN,6081.0
CZE,KGZ,4561.0
CZE,KHM,9067.0
CZE,KIR,13953.0
CZE,KNA,7640.0
CZE,KOR,8270.0
CZE,KWT,3632.0
CZE,LAO,8369.0
CZE,LBN,2489.0
CZE,LBR,5394.0
CZE,LBY,1914.0
CZE,LCA,7787.0
CZE,LIE,488.0
CZE,LKA,7678.0
CZE,LSO,8889.0
CZE,LTU,898.0
CZE,LUX,598.0
CZE,LVA,996.0
CZE,MAC,8768.0
CZE,MAR,2571.0
CZE,MCO,884.0
CZE,MDA,1118.0
CZE,MDG,8308.0
CZE,MDV,7489.0
CZE,MEX,9939.0
CZE,MHL,13291.0
CZE,MKD,1049.0
CZE,MLI,4628.0
CZE,MLT,1576.0
CZE,MMR,8008.0
CZE,MNE,928.0
CZE,MNG,6311.0
CZE,MNP,11356.0
CZE,MOZ,8610.0
CZE,MRT,4463.0
CZE,MSR,7644.0
CZE,MTQ,7743.0
CZE,MUS,8860.0
CZE,MWI,7344.0
CZE,MYS,9547.0
CZE,MYT,7586.0
CZE,NAM,8051.0
CZE,NCL,16077.0
CZE,NER,4208.0
CZE,NFK,16788.0
CZE,NGA,4945.0
CZE,NIC,9731.0
CZE,NIU,16540.0
CZE,NLD,712.0
CZE,NOR,1118.0
CZE,NPL,6366.0
CZE,NRU,13927.0
CZE,NZL,17861.0
CZE,OMN,4808.0
CZE,PAK,5285.0
CZE,PAN,9528.0
CZE,PCN,15723.0
CZE,PER,11129.0
CZE,PHL,9915.0
CZE,PLW,11436.0
CZE,PNG,13763.0
CZE,POL,519.0
CZE,PRI,7786.0
CZE,PRK,8076.0
CZE,PRT,2247.0
CZE,PRY,10943.0
CZE,PSE,2650.0
CZE,PYF,16122.0
CZE,QAT,4197.0
CZE,REU,8838.0
CZE,ROU,1083.0
CZE,RUS,1673.0
CZE,RWA,5957.0
CZE,SAU,3958.0
CZE,SDN,4164.0
CZE,SEN,4867.0
CZE,SGP,9859.0
CZE,SHN,7576.0
CZE,SLB,14498.0
CZE,SLE,5275.0
CZE,SLV,9797.0
CZE,SMR,700.0
CZE,SOM,6073.0
CZE,SPM,5039.0
CZE,SRB,742.0
CZE,SSD,5266.0
CZE,STP,5562.0
CZE,SUR,8060.0
CZE,SVK,291.0
CZE,SVN,449.0
CZE,SWE,1055.0
CZE,SWZ,8622.0
CZE,SXM,7603.0
CZE,SYC,7226.0
CZE,SYR,2570.0
CZE,TCA,7898.0
CZE,TCD,4212.0
CZE,TGO,5026.0
CZE,THA,8575.0
CZE,TJK,4416.0
CZE,TKL,15460.0
CZE,TKM,3710.0
CZE,TLS,12239.0
CZE,TON,16683.0
CZE,TTO,8103.0
CZE,TUN,1513.0
CZE,TUR,1513.0
CZE,TUV,15186.0
CZE,TWN,9040.0
CZE,TZA,6747.0
CZE,UGA,5780.0
CZE,UKR,1146.0
CZE,URY,11681.0
CZE,USA,6588.0
CZE,UZB,4279.0
CZE,VAT,922.0
CZE,VCT,7874.0
CZE,VEN,8501.0
CZE,VGB,7684.0
CZE,VNM,9260.0
CZE,VUT,15732.0
CZE,WLF,15811.0
CZE,WSM,15944.0
CZE,YEM,4695.0
CZE,ZAF,8557.0
CZE,ZMB,7382.0
CZE,ZWE,7699.0
DEU,ABW,8470.0
DEU,AFG,4787.0
DEU,AGO,6799.0
DEU,AIA,7509.0
DEU,ALB,1336.0
DEU,AND,1425.0
DEU,ARE,4624.0
DEU,ARG,11889.0
DEU,ARM,2728.0
DEU,ASM,15746.0
DEU,ATG,7521.0
DEU,AUS,15965.0
DEU,AUT,524.0
DEU,AZE,3068.0
DEU,BDI,6375.0
DEU,BEL,653.0
DEU,BEN,5208.0
DEU,BES,8383.0
DEU,BFA,4651.0
DEU,BGD,7084.0
DEU,BGR,1320.0
DEU,BHR,4254.0
DEU,BHS,7886.0
DEU,BIH,1032.0
DEU,BLR,956.0
DEU,BLZ,9300.0
DEU,BMU,6468.0
DEU,BOL,10890.0
DEU,BRA,10232.0
DEU,BRB,7715.0
DEU,BRN,10351.0
DEU,BTN,6724.0
DEU,BWA,8636.0
DEU,CAF,5360.0
DEU,CAN,6493.0
DEU,CCK,10633.0
DEU,CHE,674.0
DEU,CHL,12507.0
DEU,CHN,8415.0
DEU,CIV,5470.0
DEU,CMR,5397.0
DEU,COD,6303.0
DEU,COG,6296.0
DEU,COK,16482.0
DEU,COL,9434.0
DEU,COM,7668.0
DEU,CPV,5289.0
DEU,CRI,9641.0
DEU,CUB,8378.0
DEU,CUW,8432.0
DEU,CXR,11072.0
DEU,CYM,8644.0
DEU,CYP,2492.0
DEU,CZE,280.0
DEU,DJI,5263.0
DEU,DMA,7645.0
DEU,DNK,355.0
DEU,DOM,7949.0
DEU,DZA,1932.0
DEU,ECU,10423.0
DEU,EGY,2892.0
DEU,ERI,4700.0
DEU,ESH,3581.0
DEU,ESP,1872.0
DEU,EST,1043.0
DEU,ETH,5341.0
DEU,FIN,1107.0
DEU,FJI,15974.0
DEU,FLK,13329.0
DEU,FRA,881.0
DEU,FRO,1600.0
DEU,FSM,12625.0
DEU,GAB,5790.0
DEU,GBR,935.0
DEU,GEO,2643.0
DEU,GHA,5265.0
DEU,GIB,2342.0
DEU,GIN,5353.0
DEU,GLP,7608.0
DEU,GMB,5091.0
DEU,GNB,5202.0
DEU,GNQ,5626.0
DEU,GRC,1807.0
DEU,GRD,7949.0
DEU,GRL,3830.0
DEU,GTM,9647.0
DEU,GUF,7949.0
DEU,GUM,11343.0
DEU,GUY,8166.0
DEU,HKG,8768.0
DEU,HND,9480.0
DEU,HRV,769.0
DEU,HTI,8109.0
DEU,HUN,689.0
DEU,IDN,10785.0
DEU,IND,5786.0
DEU,IOT,8641.0
DEU,IRL,1321.0
DEU,IRN,3512.0
DEU,IRQ,3264.0
DEU,ISL,2393.0
DEU,ISR,2851.0
DEU,ITA,1184.0
DEU,JAM,8454.0
DEU,JOR,2920.0
DEU,JPN,8938.0
DEU,KAZ,4699.0
DEU,KEN,6353.0
DEU,KGZ,4570.0
DEU,KHM,9098.0
DEU,KIR,13739.0
DEU,KNA,7565.0
DEU,KOR,8147.0
DEU,KWT,3820.0
DEU,LAO,8389.0
DEU,LBN,2716.0
DEU,LBR,5582.0
DEU,LBY,2183.0
DEU,LCA,7729.0
DEU,LIE,661.0
DEU,LKA,7815.0
DEU,LSO,9169.0
DEU,LTU,821.0
DEU,LUX,604.0
DEU,LVA,845.0
DEU,MAC,8734.0
DEU,MAR,2692.0
DEU,MCO,1074.0
DEU,MDA,1267.0
DEU,MDG,8574.0
DEU,MDV,7655.0
DEU,MEX,9743.0
DEU,MHL,13077.0
DEU,MKD,1316.0
DEU,MLI,4818.0
DEU,MLT,1849.0
DEU,MMR,8055.0
DEU,MNE,1204.0
DEU,MNG,6207.0
DEU,MNP,11223.0
DEU,MOZ,8890.0
DEU,MRT,4598.0
DEU,MSR,7573.0
DEU,MTQ,7683.0
DEU,MUS,9110.0
DEU,MWI,7623.0
DEU,MYS,9616.0
DEU,MYT,7852.0
DEU,NAM,8325.0
DEU,NCL,15941.0
DEU,NER,4443.0
DEU,NFK,16671.0
DEU,NGA,5190.0
DEU,NIC,9590.0
DEU,NIU,16279.0
DEU,NLD,579.0
DEU,NOR,839.0
DEU,NPL,6413.0
DEU,NRU,13739.0
DEU,NZL,17742.0
DEU,OMN,4973.0
DEU,PAK,5412.0
DEU,PAN,9418.0
DEU,PCN,15530.0
DEU,PER,11090.0
DEU,PHL,9877.0
DEU,PLW,11365.0
DEU,PNG,13685.0
DEU,POL,518.0
DEU,PRI,7695.0
DEU,PRK,7953.0
DEU,PRT,2316.0
DEU,PRY,11016.0
DEU,PSE,2890.0
DEU,PYF,15848.0
DEU,QAT,4386.0
DEU,REU,9093.0
DEU,ROU,1297.0
DEU,RUS,1614.0
DEU,RWA,6236.0
DEU,SAU,4169.0
DEU,SDN,4435.0
DEU,SEN,5004.0
DEU,SGP,9925.0
DEU,SHN,7806.0
DEU,SLB,14359.0
DEU,SLE,5448.0
DEU,SLV,9643.0
DEU,SMR,958.0
DEU,SOM,6328.0
DEU,SPM,4868.0
DEU,SRB,1001.0
DEU,SSD,5543.0
DEU,STP,5818.0
DEU,SUR,8051.0
DEU,SVK,553.0
DEU,SVN,724.0
DEU,SWE,811.0
DEU,SWZ,8902.0
DEU,SXM,7525.0
DEU,SYC,7464.0
DEU,SYR,2794.0
DEU,TCA,7781.0
DEU,TCD,4485.0
DEU,TGO,5263.0
DEU,THA,8615.0
DEU,TJK,4470.0
DEU,TKL,15201.0
DEU,TKM,3807.0
DEU,TLS,12252.0
DEU,TON,16444.0
DEU,TTO,8054.0
DEU,TUN,1764.0
DEU,TUR,1738.0
DEU,TUV,14958.0
DEU,TWN,8970.0
DEU,TZA,7018.0
DEU,UGA,6056.0
DEU,UKR,1208.0
DEU,URY,11786.0
DEU,USA,6402.0
DEU,UZB,4314.0
DEU,VAT,1183.0
DEU,VCT,7818.0
DEU,VEN,8433.0
DEU,VGB,7598.0
DEU,VNM,9287.0
DEU,VUT,15571.0
DEU,WLF,15569.0
DEU,WSM,15688.0
DEU,YEM,4936.0
DEU,ZAF,8837.0
DEU,ZMB,7662.0
DEU,ZWE,7978.0
DJI,ABW,12184.0
DJI,AFG,3661.0
DJI,AGO,4008.0
DJI,AIA,11284.0
DJI,ALB,4005.0
DJI,AND,5280.0
DJI,ARE,1984.0
DJI,ARG,11788.0
DJI,ARM,3171.0
DJI,ASM,16354.0
DJI,ATG,11195.0
DJI,AUS,11828.0
DJI,AUT,4762.0
DJI,AZE,3258.0
DJI,BDI,2251.0
DJI,BEL,5596.0
DJI,BEN,4517.0
DJI,BES,12012.0
DJI,BFA,4862.0
DJI,BGD,5166.0
DJI,BGR,3945.0
DJI,BHR,1798.0
DJI,BHS,12405.0
DJI,BIH,4295.0
DJI,BLR,4892.0
DJI,BLZ,13852.0
DJI,BMU,10965.0
DJI,BOL,12626.0
DJI,BRA,10501.0
DJI,BRB,11079.0
DJI,BRN,7927.0
DJI,BTN,5152.0
DJI,BWA,4425.0
DJI,CAF,2824.0
DJI,CAN,11582.0
DJI,CCK,6488.0
DJI,CHE,5118.0
DJI,CHL,12919.0
DJI,CHN,8250.0
DJI,CIV,5234.0
DJI,CMR,3589.0
DJI,COD,3549.0
DJI,COG,3548.0
DJI,COK,17365.0
DJI,COL,12858.0
DJI,COM,2576.0
DJI,CPV,7207.0
DJI,CRI,13727.0
DJI,CUB,12959.0
DJI,CUW,12083.0
DJI,CXR,7332.0
DJI,CYM,13052.0
DJI,CYP,2792.0
DJI,CZE,5013.0
DJI,DEU,5263.0
DJI,DMA,11201.0
DJI,DNK,5564.0
DJI,DOM,11964.0
DJI,DZA,4881.0
DJI,ECU,13667.0
DJI,EGY,2385.0
DJI,ERI,616.0
DJI,ESH,6113.0
DJI,ESP,5580.0
DJI,EST,5527.0
DJI,ETH,559.0
DJI,FIN,5597.0
DJI,FJI,15181.0
DJI,FLK,11769.0
DJI,FRA,5585.0
DJI,FRO,6862.0
DJI,FSM,12554.0
DJI,GAB,3924.0
DJI,GBR,5895.0
DJI,GEO,3340.0
DJI,GHA,4946.0
DJI,GIB,5563.0
DJI,GIN,6209.0
DJI,GLP,11216.0
DJI,GMB,6490.0
DJI,GNB,6391.0
DJI,GNQ,3839.0
DJI,GRC,3501.0
DJI,GRD,11332.0
DJI,GRL,9088.0
DJI,GTM,14155.0
DJI,GUF,10504.0
DJI,GUM,10947.0
DJI,GUY,11088.0
DJI,HKG,7598.0
DJI,HND,13859.0
DJI,HRV,4583.0
DJI,HTI,12204.0
DJI,HUN,4575.0
DJI,IDN,7322.0
DJI,IND,4011.0
DJI,IOT,3851.0
DJI,IRL,6357.0
DJI,IRN,2798.0
DJI,IRQ,2412.0
DJI,ISL,7654.0
DJI,ISR,2426.0
DJI,ITA,4489.0
DJI,JAM,12665.0
DJI,JOR,2373.0
DJI,JPN,9851.0
DJI,KAZ,4782.0
DJI,KEN,1586.0
DJI,KGZ,4607.0
DJI,KHM,6723.0
DJI,KIR,14306.0
DJI,KNA,11279.0
DJI,KOR,8696.0
DJI,KWT,2032.0
DJI,LAO,6415.0
DJI,LBN,2591.0
DJI,LBR,5953.0
DJI,LBY,3860.0
DJI,LCA,11197.0
DJI,LIE,5043.0
DJI,LKA,4063.0
DJI,LSO,4828.0
DJI,LTU,5032.0
DJI,LUX,5412.0
DJI,LVA,5291.0
DJI,MAC,7533.0
DJI,MAR,5691.0
DJI,MCO,4942.0
DJI,MDA,4150.0
DJI,MDG,3408.0
DJI,MDV,3444.0
DJI,MEX,14650.0
DJI,MHL,13941.0
DJI,MKD,3976.0
DJI,MLI,5560.0
DJI,MLT,3942.0
DJI,MMR,5736.0
DJI,MNE,4129.0
DJI,MNG,7110.0
DJI,MNP,11004.0
DJI,MOZ,4312.0
DJI,MRT,6379.0
DJI,MSR,11242.0
DJI,MTQ,11189.0
DJI,MUS,3848.0
DJI,MWI,3009.0
DJI,MYS,6519.0
DJI,MYT,2705.0
DJI,NAM,4728.0
DJI,NCL,13913.0
DJI,NER,4460.0
DJI,NFK,14009.0
DJI,NGA,4403.0
DJI,NIC,13854.0
DJI,NIU,16394.0
DJI,NLD,5671.0
DJI,NOR,5992.0
DJI,NPL,4740.0
DJI,NRU,13705.0
DJI,NZL,14448.0
DJI,OMN,2108.0
DJI,PAK,2921.0
DJI,PAN,13291.0
DJI,PCN,18334.0
DJI,PER,13530.0
DJI,PHL,8406.0
DJI,PLW,10000.0
DJI,PNG,11742.0
DJI,POL,4927.0
DJI,PRI,11584.0
DJI,PRK,8575.0
DJI,PRT,5964.0
DJI,PRY,11633.0
DJI,PSE,2380.0
DJI,PYF,18510.0
DJI,QAT,1750.0
DJI,REU,3836.0
DJI,ROU,3989.0
DJI,RUS,4923.0
DJI,RWA,2083.0
DJI,SAU,1498.0
DJI,SDN,1229.0
DJI,SEN,6560.0
DJI,SGP,6797.0
DJI,SHN,6183.0
DJI,SLB,13128.0
DJI,SLE,6181.0
DJI,SLV,14071.0
DJI,SMR,4637.0
DJI,SOM,1083.0
DJI,SPM,9778.0
DJI,SRB,4272.0
DJI,SSD,1475.0
DJI,STP,4213.0
DJI,SUR,10789.0
DJI,SVK,4722.0
DJI,SVN,4681.0
DJI,SWE,5695.0
DJI,SWZ,4390.0
DJI,SXM,11289.0
DJI,SYC,2251.0
DJI,SYR,2526.0
DJI,TCA,11974.0
DJI,TCD,3061.0
DJI,TGO,4647.0
DJI,THA,6224.0
DJI,TJK,3921.0
DJI,TKL,16265.0
DJI,TKM,3291.0
DJI,TLS,9390.0
DJI,TON,15813.0
DJI,TTO,11346.0
DJI,TUN,4323.0
DJI,TUR,3544.0
DJI,TUV,15211.0
DJI,TWN,8311.0
DJI,TZA,2081.0
DJI,UGA,1708.0
DJI,UKR,4461.0
DJI,URY,11585.0
DJI,USA,11355.0
DJI,UZB,4158.0
DJI,VAT,4491.0
DJI,VCT,11246.0
DJI,VEN,11918.0
DJI,VGB,11436.0
DJI,VNM,6924.0
DJI,VUT,14109.0
DJI,WLF,15761.0
DJI,WSM,16239.0
DJI,YEM,432.0
DJI,ZAF,4489.0
DJI,ZMB,3406.0
DJI,ZWE,3515.0
DMA,ABW,983.0
DMA,AFG,12420.0
DMA,AGO,8650.0
DMA,AIA,368.0
DMA,ALB,8176.0
DMA,AND,6662.0
DMA,ARE,11827.0
DMA,ARG,5532.0
DMA,ARM,10224.0
DMA,ASM,12461.0
DMA,ATG,207.0
DMA,AUS,16421.0
DMA,AUT,7852.0
DMA,AZE,10633.0
DMA,BDI,10197.0
DMA,BEL,7003.0
DMA,BEN,7016.0
DMA,BES,822.0
DMA,BFA,6459.0
DMA,BGD,14719.0
DMA,BGR,8446.0
DMA,BHR,11353.0
DMA,BHS,1984.0
DMA,BIH,8031.0
DMA,BLR,8580.0
DMA,BLZ,2932.0
DMA,BMU,1913.0
DMA,BOL,3595.0
DMA,BRA,4588.0
DMA,BRB,310.0
DMA,BRN,17730.0
DMA,BTN,14341.0
DMA,BWA,10447.0
DMA,CAF,8812.0
DMA,CAN,3583.0
DMA,CCK,17654.0
DMA,CHE,7261.0
DMA,CHL,5485.0
DMA,CHN,14847.0
DMA,CIV,6361.0
DMA,CMR,8070.0
DMA,COD,8723.0
DMA,COG,8718.0
DMA,COK,11468.0
DMA,COL,1825.0
DMA,COM,11906.0
DMA,CPV,4067.0
DMA,CRI,2534.0
DMA,CUB,2367.0
DMA,CUW,889.0
DMA,CXR,18527.0
DMA,CYM,2169.0
DMA,CYP,9468.0
DMA,CZE,7708.0
DMA,DEU,7645.0
DMA,DJI,11201.0
DMA,DNK,7610.0
DMA,DOM,973.0
DMA,DZA,6742.0
DMA,ECU,2809.0
DMA,EGY,9422.0
DMA,ERI,10640.0
DMA,ESH,5139.0
DMA,ESP,6197.0
DMA,EST,8337.0
DMA,ETH,10827.0
DMA,FIN,8341.0
DMA,FJI,13673.0
DMA,FLK,7430.0
DMA,FRA,6825.0
DMA,FRO,6707.0
DMA,FSM,15022.0
DMA,GAB,7951.0
DMA,GBR,6710.0
DMA,GEO,10185.0
DMA,GHA,6582.0
DMA,GIB,5986.0
DMA,GIN,5219.0
DMA,GLP,85.0
DMA,GMB,4818.0
DMA,GNB,4962.0
DMA,GNQ,7940.0
DMA,GRC,8561.0
DMA,GRD,361.0
DMA,GRL,5478.0
DMA,GTM,3134.0
DMA,GUF,1516.0
DMA,GUM,15727.0
DMA,GUY,1004.0
DMA,HKG,15819.0
DMA,HND,2782.0
DMA,HRV,7831.0
DMA,HTI,1220.0
DMA,HUN,8055.0
DMA,IDN,18391.0
DMA,IND,13422.0
DMA,IOT,14921.0
DMA,IRL,6368.0
DMA,IRN,10981.0
DMA,IRQ,10496.0
DMA,ISL,6201.0
DMA,ISR,9688.0
DMA,ITA,7562.0
DMA,JAM,1670.0
DMA,JOR,9797.0
DMA,JPN,13943.0
DMA,KAZ,12260.0
DMA,KEN,10936.0
DMA,KGZ,12159.0
DMA,KHM,16678.0
DMA,KIR,13776.0
DMA,KNA,263.0
DMA,KOR,14087.0
DMA,KWT,10978.0
DMA,LAO,15932.0
DMA,LBN,9694.0
DMA,LBR,5609.0
DMA,LBY,7680.0
DMA,LCA,150.0
DMA,LIE,7336.0
DMA,LKA,15096.0
DMA,LSO,10727.0
DMA,LTU,8421.0
DMA,LUX,7110.0
DMA,LVA,8323.0
DMA,MAC,15819.0
DMA,MAR,5746.0
DMA,MCO,7151.0
DMA,MDA,8799.0
DMA,MDG,12509.0
DMA,MDV,14614.0
DMA,MEX,4030.0
DMA,MHL,13707.0
DMA,MKD,8301.0
DMA,MLI,5762.0
DMA,MLT,7773.0
DMA,MMR,15691.0
DMA,MNE,8118.0
DMA,MNG,12907.0
DMA,MNP,15512.0
DMA,MOZ,11122.0
DMA,MRT,4841.0
DMA,MSR,187.0
DMA,MTQ,84.0
DMA,MUS,13563.0
DMA,MWI,10961.0
DMA,MYS,17255.0
DMA,MYT,12141.0
DMA,NAM,9518.0
DMA,NCL,14950.0
DMA,NER,6826.0
DMA,NFK,14757.0
DMA,NGA,7127.0
DMA,NIC,2710.0
DMA,NIU,12471.0
DMA,NLD,7067.0
DMA,NOR,7551.0
DMA,NPL,14054.0
DMA,NRU,14481.0
DMA,NZL,14018.0
DMA,OMN,12207.0
DMA,PAK,12878.0
DMA,PAN,2092.0
DMA,PCN,8491.0
DMA,PER,3481.0
DMA,PHL,16686.0
DMA,PLW,16959.0
DMA,PNG,16864.0
DMA,POL,8163.0
DMA,PRI,613.0
DMA,PRK,13944.0
DMA,PRT,5704.0
DMA,PRY,4510.0
DMA,PSE,9676.0
DMA,PYF,10332.0
DMA,QAT,11472.0
DMA,REU,13359.0
DMA,ROU,8638.0
DMA,RUS,9167.0
DMA,RWA,10229.0
DMA,SAU,11060.0
DMA,SDN,9975.0
DMA,SEN,4718.0
DMA,SGP,17567.0
DMA,SHN,7027.0
DMA,SLB,15500.0
DMA,SLE,5290.0
DMA,SLV,3000.0
DMA,SMR,7556.0
DMA,SOM,11750.0
DMA,SPM,3523.0
DMA,SRB,8189.0
DMA,SSD,10194.0
DMA,STP,7661.0
DMA,SUR,1246.0
DMA,SVK,7907.0
DMA,SVN,7716.0
DMA,SWE,7958.0
DMA,SWZ,11001.0
DMA,SXM,350.0
DMA,SYC,13032.0
DMA,SYR,9779.0
DMA,TCA,1235.0
DMA,TCD,8233.0
DMA,TGO,6901.0
DMA,THA,16235.0
DMA,TJK,12115.0
DMA,TKL,12408.0
DMA,TKM,11407.0
DMA,TLS,18957.0
DMA,TON,13050.0
DMA,TTO,513.0
DMA,TUN,7377.0
DMA,TUR,8938.0
DMA,TUV,13411.0
DMA,TWN,15534.0
DMA,TZA,11355.0
DMA,UGA,10435.0
DMA,UKR,8845.0
DMA,URY,5576.0
DMA,USA,3070.0
DMA,UZB,11951.0
DMA,VAT,7560.0
DMA,VCT,238.0
DMA,VEN,799.0
DMA,VGB,487.0
DMA,VNM,16842.0
DMA,VUT,14736.0
DMA,WLF,13022.0
DMA,WSM,12564.0
DMA,YEM,11177.0
DMA,ZAF,10698.0
DMA,ZMB,10425.0
DMA,ZWE,10778.0
DNK,ABW,8403.0
DNK,AFG,4861.0
DNK,AGO,7150.0
DNK,AIA,7454.0
DNK,ALB,1681.0
DNK,AND,1667.0
DNK,ARE,4825.0
DNK,ARG,12044.0
DNK,ARM,2902.0
DNK,ASM,15402.0
DNK,ATG,7476.0
DNK,AUS,15978.0
DNK,AUT,871.0
DNK,AZE,3205.0
DNK,BDI,6725.0
DNK,BEL,767.0
DNK,BEN,5534.0
DNK,BES,8326.0
DNK,BFA,4958.0
DNK,BGD,7109.0
DNK,BGR,1638.0
DNK,BHR,4477.0
DNK,BHS,7739.0
DNK,BIH,1379.0
DNK,BLR,983.0
DNK,BLZ,9130.0
DNK,BMU,6344.0
DNK,BOL,10937.0
DNK,BRA,10402.0
DNK,BRB,7697.0
DNK,BRN,10327.0
DNK,BTN,6736.0
DNK,BWA,8990.0
DNK,CAF,5715.0
DNK,CAN,6266.0
DNK,CCK,10760.0
DNK,CHE,967.0
DNK,CHL,12608.0
DNK,CHN,8271.0
DNK,CIV,5774.0
DNK,CMR,5746.0
DNK,COD,6656.0
DNK,COG,6649.0
DNK,COK,16127.0
DNK,COL,9376.0
DNK,COM,7995.0
DNK,CPV,5470.0
DNK,CRI,9516.0
DNK,CUB,8216.0
DNK,CUW,8372.0
DNK,CXR,11151.0
DNK,CYM,8500.0
DNK,CYP,2778.0
DNK,CZE,634.0
DNK,DEU,355.0
DNK,DJI,5564.0
DNK,DMA,7610.0
DNK,DOM,7860.0
DNK,DZA,2223.0
DNK,ECU,10360.0
DNK,EGY,3208.0
DNK,ERI,5011.0
DNK,ESH,3784.0
DNK,ESP,2074.0
DNK,EST,839.0
DNK,ETH,5661.0
DNK,FIN,886.0
DNK,FJI,15672.0
DNK,FLK,13547.0
DNK,FRA,1029.0
DNK,FRO,1313.0
DNK,FSM,12381.0
DNK,GAB,6136.0
DNK,GBR,958.0
DNK,GEO,2800.0
DNK,GHA,5577.0
DNK,GIB,2561.0
DNK,GIN,5605.0
DNK,GLP,7569.0
DNK,GMB,5318.0
DNK,GNB,5439.0
DNK,GNQ,5972.0
DNK,GRC,2141.0
DNK,GRD,7925.0
DNK,GRL,3547.0
DNK,GTM,9478.0
DNK,GUF,8001.0
DNK,GUM,11147.0
DNK,GUY,8181.0
DNK,HKG,8687.0
DNK,HND,9327.0
DNK,HRV,1123.0
DNK,HTI,8008.0
DNK,HUN,1013.0
DNK,IDN,10843.0
DNK,IND,5853.0
DNK,IOT,8861.0
DNK,IRL,1242.0
DNK,IRN,3678.0
DNK,IRQ,3488.0
DNK,ISL,2111.0
DNK,ISR,3142.0
DNK,ITA,1533.0
DNK,JAM,8334.0
DNK,JOR,3204.0
DNK,JPN,8712.0
DNK,KAZ,4678.0
DNK,KEN,6688.0
DNK,KGZ,4562.0
DNK,KHM,9101.0
DNK,KIR,13440.0
DNK,KNA,7516.0
DNK,KOR,7961.0
DNK,KWT,4044.0
DNK,LAO,8379.0
DNK,LBN,2994.0
DNK,LBR,5855.0
DNK,LBY,2534.0
DNK,LCA,7702.0
DNK,LIE,973.0
DNK,LKA,7959.0
DNK,LSO,9523.0
DNK,LTU,816.0
DNK,LUX,802.0
DNK,LVA,727.0
DNK,MAC,8656.0
DNK,MAR,2907.0
DNK,MCO,1378.0
DNK,MDA,1483.0
DNK,MDG,8898.0
DNK,MDV,7838.0
DNK,MEX,9524.0
DNK,MHL,12779.0
DNK,MKD,1651.0
DNK,MLI,5094.0
DNK,MLT,2203.0
DNK,MMR,8081.0
DNK,MNE,1549.0
DNK,MNG,6050.0
DNK,MNP,11018.0
DNK,MOZ,9241.0
DNK,MRT,4816.0
DNK,MSR,7528.0
DNK,MTQ,7652.0
DNK,MUS,9409.0
DNK,MWI,7969.0
DNK,MYS,9666.0
DNK,MYT,8175.0
DNK,NAM,8679.0
DNK,NCL,15720.0
DNK,NER,4764.0
DNK,NFK,16466.0
DNK,NGA,5519.0
DNK,NIC,9448.0
DNK,NIU,15934.0
DNK,NLD,622.0
DNK,NOR,484.0
DNK,NPL,6445.0
DNK,NRU,13468.0
DNK,NZL,17524.0
DNK,OMN,5163.0
DNK,PAK,5550.0
DNK,PAN,9318.0
DNK,PCN,15304.0
DNK,PER,11078.0
DNK,PHL,9791.0
DNK,PLW,11235.0
DNK,PNG,13539.0
DNK,POL,674.0
DNK,PRI,7624.0
DNK,PRK,7766.0
DNK,PRT,2481.0
DNK,PRY,11143.0
DNK,PSE,3185.0
DNK,PYF,15511.0
DNK,QAT,4608.0
DNK,REU,9398.0
DNK,ROU,1577.0
DNK,RUS,1566.0
DNK,RWA,6584.0
DNK,SAU,4419.0
DNK,SDN,4768.0
DNK,SEN,5222.0
DNK,SGP,9970.0
DNK,SHN,8119.0
DNK,SLB,14140.0
DNK,SLE,5704.0
DNK,SLV,9483.0
DNK,SMR,1306.0
DNK,SOM,6635.0
DNK,SPM,4698.0
DNK,SRB,1331.0
DNK,SSD,5886.0
DNK,STP,6158.0
DNK,SUR,8085.0
DNK,SVK,893.0
DNK,SVN,1079.0
DNK,SWE,524.0
DNK,SWZ,9255.0
DNK,SXM,7470.0
DNK,SYC,7746.0
DNK,SYR,3069.0
DNK,TCA,7674.0
DNK,TCD,4838.0
DNK,TGO,5586.0
DNK,THA,8632.0
DNK,TJK,4520.0
DNK,TKL,14858.0
DNK,TKM,3915.0
DNK,TLS,12222.0
DNK,TON,16116.0
DNK,TTO,8037.0
DNK,TUN,2104.0
DNK,TUR,2022.0
DNK,TUV,14644.0
DNK,TWN,8847.0
DNK,TZA,7352.0
DNK,UGA,6399.0
DNK,UKR,1332.0
DNK,URY,11950.0
DNK,USA,6204.0
DNK,UZB,4342.0
DNK,VAT,1532.0
DNK,VCT,7793.0
DNK,VEN,8389.0
DNK,VGB,7535.0
DNK,VNM,9284.0
DNK,VUT,15325.0
DNK,WLF,15241.0
DNK,WSM,15346.0
DNK,YEM,5225.0
DNK,ZAF,9190.0
DNK,ZMB,8014.0
DNK,ZWE,8329.0
DOM,ABW,660.0
DOM,AFG,12721.0
DOM,AGO,9609.0
DOM,AIA,724.0
DOM,ALB,8654.0
DOM,AND,7135.0
DOM,ARE,12365.0
DOM,ARG,6001.0
DOM,ARM,10630.0
DOM,ASM,11627.0
DOM,ATG,867.0
DOM,AUS,16019.0
DOM,AUT,8227.0
DOM,AZE,11007.0
DOM,BDI,11113.0
DOM,BEL,7335.0
DOM,BEN,7922.0
DOM,BES,723.0
DOM,BFA,7329.0
DOM,BGD,14874.0
DOM,BGR,8895.0
DOM,BHR,11910.0
DOM,BHS,1058.0
DOM,BIH,8472.0
DOM,BLR,8843.0
DOM,BLZ,2003.0
DOM,BMU,1613.0
DOM,BOL,3875.0
DOM,BRA,5293.0
DOM,BRB,1252.0
DOM,BRN,17360.0
DOM,BTN,14466.0
DOM,BWA,11420.0
DOM,CAF,9702.0
DOM,CAN,2934.0
DOM,CCK,18443.0
DOM,CHE,7654.0
DOM,CHL,5749.0
DOM,CHN,14372.0
DOM,CIV,7285.0
DOM,CMR,8977.0
DOM,COD,9665.0
DOM,COG,9659.0
DOM,COK,10728.0
DOM,COL,1601.0
DOM,COM,12846.0
DOM,CPV,4951.0
DOM,CRI,1798.0
DOM,CUB,1396.0
DOM,CUW,714.0
DOM,CXR,18998.0
DOM,CYM,1212.0
DOM,CYP,9993.0
DOM,CZE,8054.0
DOM,DEU,7949.0
DOM,DJI,11964.0
DOM,DMA,973.0
DOM,DNK,7860.0
DOM,DZA,7308.0
DOM,ECU,2534.0
DOM,EGY,10022.0
DOM,ERI,11380.0
DOM,ESH,5852.0
DOM,ESP,6702.0
DOM,EST,8513.0
DOM,ETH,11630.0
DOM,FIN,8504.0
DOM,FJI,12856.0
DOM,FLK,7863.0
DOM,FRA,7190.0
DOM,FRO,6813.0
DOM,FSM,14052.0
DOM,GAB,8880.0
DOM,GBR,7024.0
DOM,GEO,10569.0
DOM,GHA,7494.0
DOM,GIB,6561.0
DOM,GIN,6133.0
DOM,GLP,912.0
DOM,GMB,5706.0
DOM,GNB,5861.0
DOM,GNQ,8861.0
DOM,GRC,9079.0
DOM,GRD,1128.0
DOM,GRL,5257.0
DOM,GTM,2242.0
DOM,GUF,2428.0
DOM,GUM,14829.0
DOM,GUY,1815.0
DOM,HKG,15472.0
DOM,HND,1912.0
DOM,HRV,8245.0
DOM,HTI,257.0
DOM,HUN,8438.0
DOM,IDN,18602.0
DOM,IND,13710.0
DOM,IOT,15767.0
DOM,IRL,6635.0
DOM,IRN,11408.0
DOM,IRQ,10995.0
DOM,ISL,6204.0
DOM,ISR,10248.0
DOM,ITA,8042.0
DOM,JAM,731.0
DOM,JOR,10354.0
DOM,JPN,13250.0
DOM,KAZ,12378.0
DOM,KEN,11826.0
DOM,KGZ,12304.0
DOM,KHM,16633.0
DOM,KIR,12816.0
DOM,KNA,772.0
DOM,KOR,13554.0
DOM,KWT,11510.0
DOM,LAO,15890.0
DOM,LBN,10227.0
DOM,LBR,6539.0
DOM,LBY,8292.0
DOM,LCA,1074.0
DOM,LIE,7733.0
DOM,LKA,15671.0
DOM,LSO,11694.0
DOM,LTU,8676.0
DOM,LUX,7465.0
DOM,LVA,8542.0
DOM,MAC,15487.0
DOM,MAR,6360.0
DOM,MCO,7605.0
DOM,MDA,9168.0
DOM,MDG,13472.0
DOM,MDV,15296.0
DOM,MEX,3078.0
DOM,MHL,12735.0
DOM,MKD,8765.0
DOM,MLI,6641.0
DOM,MLT,8340.0
DOM,MMR,15816.0
DOM,MNE,8580.0
DOM,MNG,12644.0
DOM,MNP,14619.0
DOM,MOZ,12095.0
DOM,MRT,5679.0
DOM,MSR,837.0
DOM,MTQ,1035.0
DOM,MUS,14526.0
DOM,MWI,11918.0
DOM,MYS,17444.0
DOM,MYT,13083.0
DOM,NAM,10490.0
DOM,NCL,14167.0
DOM,NER,7679.0
DOM,NFK,14073.0
DOM,NGA,8032.0
DOM,NIC,1890.0
DOM,NIU,11685.0
DOM,NLD,7372.0
DOM,NOR,7726.0
DOM,NPL,14244.0
DOM,NRU,13521.0
DOM,NZL,13455.0
DOM,OMN,12743.0
DOM,PAK,13327.0
DOM,PAN,1477.0
DOM,PCN,7914.0
DOM,PER,3467.0
DOM,PHL,16157.0
DOM,PLW,16103.0
DOM,PNG,15913.0
DOM,POL,8465.0
DOM,PRI,401.0
DOM,PRK,13432.0
DOM,PRT,6230.0
DOM,PRY,5023.0
DOM,PSE,10245.0
DOM,PYF,9583.0
DOM,QAT,12035.0
DOM,REU,14324.0
DOM,ROU,9054.0
DOM,RUS,9373.0
DOM,RWA,11137.0
DOM,SAU,11657.0
DOM,SDN,10735.0
DOM,SEN,5595.0
DOM,SGP,17715.0
DOM,SHN,7997.0
DOM,SLB,14572.0
DOM,SLE,6211.0
DOM,SLV,2129.0
DOM,SMR,8004.0
DOM,SOM,12594.0
DOM,SPM,3379.0
DOM,SRB,8612.0
DOM,SSD,11052.0
DOM,STP,8594.0
DOM,SUR,2124.0
DOM,SVK,8282.0
DOM,SVN,8128.0
DOM,SWE,8142.0
DOM,SWZ,11973.0
DOM,SXM,727.0
DOM,SYC,13904.0
DOM,SYR,10315.0
DOM,TCA,354.0
DOM,TCD,9072.0
DOM,TGO,7812.0
DOM,THA,16292.0
DOM,TJK,12369.0
DOM,TKL,11533.0
DOM,TKM,11756.0
DOM,TLS,18025.0
DOM,TON,12276.0
DOM,TTO,1251.0
DOM,TUN,7937.0
DOM,TUR,9397.0
DOM,TUV,12512.0
DOM,TWN,15038.0
DOM,TZA,12275.0
DOM,UGA,11323.0
DOM,UKR,9156.0
DOM,URY,6078.0
DOM,USA,2495.0
DOM,UZB,12167.0
DOM,VAT,8040.0
DOM,VCT,1101.0
DOM,VEN,943.0
DOM,VGB,558.0
DOM,VNM,16748.0
DOM,VUT,13899.0
DOM,WLF,12168.0
DOM,WSM,11724.0
DOM,YEM,11895.0
DOM,ZAF,11669.0
DOM,ZMB,11390.0
DOM,ZWE,11746.0
DZA,ABW,7686.0
DZA,AFG,5871.0
DZA,AGO,5158.0
DZA,AIA,6714.0
DZA,ALB,1536.0
DZA,AND,652.0
DZA,ARE,5086.0
DZA,ARG,10143.0
DZA,ARM,3606.0
DZA,ASM,17439.0
DZA,ATG,6672.0
DZA,AUS,16669.0
DZA,AUT,1674.0
DZA,AZE,4055.0
DZA,BDI,5215.0
DZA,BEL,1569.0
DZA,BEN,3357.0
DZA,BES,7553.0
DZA,BFA,2740.0
DZA,BGD,8252.0
DZA,BGR,1854.0
DZA,BHR,4617.0
DZA,BHS,7575.0
DZA,BIH,1518.0
DZA,BLR,2681.0
DZA,BLZ,9040.0
DZA,BMU,6115.0
DZA,BOL,9503.0
DZA,BRA,8468.0
DZA,BRB,6721.0
DZA,BRN,11604.0
DZA,BTN,7960.0
DZA,BWA,7208.0
DZA,CAF,3922.0
DZA,CAN,6766.0
DZA,CCK,11147.0
DZA,CHE,1261.0
DZA,CHL,10900.0
DZA,CHN,10130.0
DZA,CIV,3552.0
DZA,CMR,3743.0
DZA,COD,4723.0
DZA,COG,4716.0
DZA,COK,17622.0
DZA,COL,8560.0
DZA,COM,6818.0
DZA,CPV,3573.0
DZA,CRI,9104.0
DZA,CUB,8122.0
DZA,CUW,7615.0
DZA,CXR,11822.0
DZA,CYM,8271.0
DZA,CYP,2730.0
DZA,CZE,1740.0
DZA,DEU,1932.0
DZA,DJI,4881.0
DZA,DMA,6742.0
DZA,DNK,2223.0
DZA,DOM,7308.0
DZA,ECU,9527.0
DZA,EGY,2716.0
DZA,ERI,4265.0
DZA,ESH,1864.0
DZA,ESP,714.0
DZA,EST,2966.0
DZA,ETH,4730.0
DZA,FIN,3034.0
DZA,FJI,17894.0
DZA,FLK,11447.0
DZA,FRA,1345.0
DZA,FRO,2891.0
DZA,FSM,14524.0
DZA,GAB,4080.0
DZA,GBR,1659.0
DZA,GEO,3614.0
DZA,GHA,3363.0
DZA,GIB,755.0
DZA,GIN,3449.0
DZA,GLP,6729.0
DZA,GMB,3244.0
DZA,GNB,3329.0
DZA,GNQ,3924.0
DZA,GRC,1836.0
DZA,GRD,6977.0
DZA,GRL,4709.0
DZA,GTM,9365.0
DZA,GUF,6634.0
DZA,GUM,13156.0
DZA,GUY,7006.0
DZA,HKG,10284.0
DZA,HND,9110.0
DZA,HRV,1475.0
DZA,HTI,7521.0
DZA,HUN,1775.0
DZA,IDN,11653.0
DZA,IND,6841.0
DZA,IOT,8690.0
DZA,IRL,1979.0
DZA,IRN,4304.0
DZA,IRQ,3763.0
DZA,ISL,3473.0
DZA,ISR,2950.0
DZA,ITA,993.0
DZA,JAM,7948.0
DZA,JOR,3058.0
DZA,JPN,10823.0
DZA,KAZ,6142.0
DZA,KEN,5468.0
DZA,KGZ,5978.0
DZA,KHM,10285.0
DZA,KIR,15663.0
DZA,KNA,6740.0
DZA,KOR,9964.0
DZA,KWT,4236.0
DZA,LAO,9653.0
DZA,LBN,2953.0
DZA,LBR,3654.0
DZA,LBY,1022.0
DZA,LCA,6787.0
DZA,LIE,1272.0
DZA,LKA,8379.0
DZA,LSO,7747.0
DZA,LTU,2617.0
DZA,LUX,1450.0
DZA,LVA,2736.0
DZA,MAC,10240.0
DZA,MAR,1032.0
DZA,MCO,860.0
DZA,MDA,2411.0
DZA,MDG,7733.0
DZA,MDV,7998.0
DZA,MEX,9771.0
DZA,MHL,15002.0
DZA,MKD,1684.0
DZA,MLI,2889.0
DZA,MLT,1034.0
DZA,MMR,9182.0
DZA,MNE,1526.0
DZA,MNG,7982.0
DZA,MNP,13057.0
DZA,MOZ,7596.0
DZA,MRT,2784.0
DZA,MSR,6724.0
DZA,MTQ,6756.0
DZA,MUS,8506.0
DZA,MWI,6475.0
DZA,MYS,10574.0
DZA,MYT,7042.0
DZA,NAM,6729.0
DZA,NCL,17752.0
DZA,NER,2576.0
DZA,NFK,18376.0
DZA,NGA,3356.0
DZA,NIC,9153.0
DZA,NIU,17929.0
DZA,NLD,1742.0
DZA,NOR,2634.0
DZA,NPL,7584.0
DZA,NRU,15667.0
DZA,NZL,19287.0
DZA,OMN,5466.0
DZA,PAK,6154.0
DZA,PAN,8759.0
DZA,PCN,15217.0
DZA,PER,9938.0
DZA,PHL,11387.0
DZA,PLW,12991.0
DZA,PNG,15311.0
DZA,POL,2224.0
DZA,PRI,6972.0
DZA,PRK,9772.0
DZA,PRT,1095.0
DZA,PRY,9359.0
DZA,PSE,2942.0
DZA,PYF,16591.0
DZA,QAT,4738.0
DZA,REU,8424.0
DZA,ROU,2121.0
DZA,RUS,3343.0
DZA,RWA,5116.0
DZA,SAU,4349.0
DZA,SDN,3742.0
DZA,SEN,3178.0
DZA,SGP,10889.0
DZA,SHN,5904.0
DZA,SLB,16196.0
DZA,SLE,3537.0
DZA,SLV,9309.0
DZA,SMR,1128.0
DZA,SOM,5793.0
DZA,SPM,4928.0
DZA,SRB,1716.0
DZA,SSD,4577.0
DZA,STP,4050.0
DZA,SUR,6811.0
DZA,SVK,1710.0
DZA,SVN,1406.0
DZA,SWE,2734.0
DZA,SWZ,7577.0
DZA,SXM,6725.0
DZA,SYC,7105.0
DZA,SYR,3038.0
DZA,TCA,7243.0
DZA,TCD,2983.0
DZA,TGO,3395.0
DZA,THA,9762.0
DZA,TJK,5676.0
DZA,TKL,16919.0
DZA,TKM,4831.0
DZA,TLS,13462.0
DZA,TON,18265.0
DZA,TTO,7046.0
DZA,TUN,636.0
DZA,TUR,2288.0
DZA,TUV,16853.0
DZA,TWN,10617.0
DZA,TZA,6125.0
DZA,UGA,5053.0
DZA,UKR,2665.0
DZA,URY,10018.0
DZA,USA,6491.0
DZA,UZB,5614.0
DZA,VAT,992.0
DZA,VCT,6861.0
DZA,VEN,7535.0
DZA,VGB,6842.0
DZA,VNM,10491.0
DZA,VUT,17457.0
DZA,WLF,17403.0
DZA,WSM,17414.0
DZA,YEM,4701.0
DZA,ZAF,7445.0
DZA,ZMB,6353.0
DZA,ZWE,6720.0
ECU,ABW,1957.0
ECU,AFG,15209.0
ECU,AGO,10326.0
ECU,AIA,2914.0
ECU,ALB,10982.0
ECU,AND,9470.0
ECU,ARE,14592.0
ECU,ARG,4227.0
ECU,ARM,13032.0
ECU,ASM,10045.0
ECU,ATG,2912.0
ECU,AUS,13626.0
ECU,AUT,10654.0
ECU,AZE,13439.0
ECU,BDI,12143.0
ECU,BEL,9790.0
ECU,BEN,9190.0
ECU,BES,2040.0
ECU,BFA,8806.0
ECU,BGD,17406.0
ECU,BGR,11254.0
ECU,BHR,14110.0
ECU,BHS,3025.0
ECU,BIH,10840.0
ECU,BLR,11340.0
ECU,BLZ,2358.0
ECU,BMU,4134.0
ECU,BOL,2042.0
ECU,BRA,4294.0
ECU,BRB,2806.0
ECU,BRN,18358.0
ECU,BTN,16995.0
ECU,BWA,11508.0
ECU,CAF,10975.0
ECU,CAN,5080.0
ECU,CCK,18377.0
ECU,CHE,10065.0
ECU,CHL,3596.0
ECU,CHN,16091.0
ECU,CIV,8477.0
ECU,CMR,10192.0
ECU,COD,10579.0
ECU,COG,10576.0
ECU,COK,8878.0
ECU,COL,990.0
ECU,COM,13563.0
ECU,CPV,6492.0
ECU,CRI,1415.0
ECU,CUB,2810.0
ECU,CUW,1991.0
ECU,CXR,18486.0
ECU,CYM,2378.0
ECU,CYP,12257.0
ECU,CZE,10502.0
ECU,DEU,10423.0
ECU,DJI,13667.0
ECU,DMA,2809.0
ECU,DNK,10360.0
ECU,DOM,2534.0
ECU,DZA,9527.0
ECU,EGY,12166.0
ECU,ERI,13173.0
ECU,ESH,7837.0
ECU,ESP,9003.0
ECU,EST,11039.0
ECU,ETH,13205.0
ECU,FIN,11032.0
ECU,FJI,11173.0
ECU,FLK,5863.0
ECU,FRA,9622.0
ECU,FRO,9345.0
ECU,FSM,13577.0
ECU,GAB,9948.0
ECU,GBR,9489.0
ECU,GEO,12992.0
ECU,GHA,8752.0
ECU,GIB,8773.0
ECU,GIN,7458.0
ECU,GLP,2835.0
ECU,GMB,7188.0
ECU,GNB,7278.0
ECU,GNQ,9989.0
ECU,GRC,11357.0
ECU,GRD,2551.0
ECU,GRL,7717.0
ECU,GTM,2195.0
ECU,GUF,3165.0
ECU,GUM,14965.0
ECU,GUY,2612.0
ECU,HKG,17317.0
ECU,HND,1970.0
ECU,HRV,10638.0
ECU,HTI,2436.0
ECU,HUN,10859.0
ECU,IDN,18825.0
ECU,IND,16209.0
ECU,IOT,16786.0
ECU,IRL,9123.0
ECU,IRN,13789.0
ECU,IRQ,13290.0
ECU,ISL,8734.0
ECU,ISR,12457.0
ECU,ITA,10369.0
ECU,JAM,2256.0
ECU,JOR,12567.0
ECU,JPN,14505.0
ECU,KAZ,14911.0
ECU,KEN,12984.0
ECU,KGZ,14838.0
ECU,KHM,18843.0
ECU,KIR,11928.0
ECU,KNA,2862.0
ECU,KOR,15226.0
ECU,KWT,13754.0
ECU,LAO,18236.0
ECU,LBN,12477.0
ECU,LBR,7737.0
ECU,LBY,10432.0
ECU,LCA,2748.0
ECU,LIE,10141.0
ECU,LKA,17728.0
ECU,LSO,11574.0
ECU,LTU,11176.0
ECU,LUX,9905.0
ECU,LVA,11055.0
ECU,MAC,17362.0
ECU,MAR,8514.0
ECU,MCO,9960.0
ECU,MDA,11601.0
ECU,MDG,13827.0
ECU,MDV,17074.0
ECU,MEX,3183.0
ECU,MHL,12116.0
ECU,MKD,11109.0
ECU,MLI,8109.0
ECU,MLT,10552.0
ECU,MMR,18330.0
ECU,MNE,10926.0
ECU,MNG,14894.0
ECU,MNP,14821.0
ECU,MOZ,12130.0
ECU,MRT,7350.0
ECU,MSR,2859.0
ECU,MTQ,2784.0
ECU,MUS,14764.0
ECU,MWI,12508.0
ECU,MYS,19819.0
ECU,MYT,13751.0
ECU,NAM,10642.0
ECU,NCL,12343.0
ECU,NER,9210.0
ECU,NFK,12032.0
ECU,NGA,9304.0
ECU,NIC,1730.0
ECU,NIU,9941.0
ECU,NLD,9844.0
ECU,NOR,10249.0
ECU,NPL,16777.0
ECU,NRU,12596.0
ECU,NZL,11226.0
ECU,OMN,14968.0
ECU,PAK,15679.0
ECU,PAN,1235.0
ECU,PCN,5751.0
ECU,PER,1137.0
ECU,PHL,17352.0
ECU,PLW,16182.0
ECU,PNG,14659.0
ECU,POL,10941.0
ECU,PRI,2737.0
ECU,PRK,15170.0
ECU,PRT,8506.0
ECU,PRY,3501.0
ECU,PSE,12440.0
ECU,PYF,7788.0
ECU,QAT,14222.0
ECU,REU,14536.0
ECU,ROU,11447.0
ECU,RUS,11893.0
ECU,RWA,12229.0
ECU,SAU,13786.0
ECU,SDN,12486.0
ECU,SEN,7129.0
ECU,SGP,19607.0
ECU,SHN,8259.0
ECU,SLB,13277.0
ECU,SLE,7491.0
ECU,SLV,2031.0
ECU,SMR,10365.0
ECU,SOM,13946.0
ECU,SPM,5898.0
ECU,SRB,10997.0
ECU,SSD,12421.0
ECU,STP,9645.0
ECU,SUR,2890.0
ECU,SVK,10709.0
ECU,SVN,10523.0
ECU,SWE,10665.0
ECU,SWZ,11992.0
ECU,SXM,2899.0
ECU,SYC,15014.0
ECU,SYR,12562.0
ECU,TCA,2782.0
ECU,TCD,10606.0
ECU,TGO,9061.0
ECU,THA,18725.0
ECU,TJK,14880.0
ECU,TKL,10128.0
ECU,TKM,14209.0
ECU,TLS,16967.0
ECU,TON,10480.0
ECU,TTO,2482.0
ECU,TUN,10162.0
ECU,TUR,11745.0
ECU,TUV,11181.0
ECU,TWN,16605.0
ECU,TZA,13206.0
ECU,UGA,12521.0
ECU,UKR,11629.0
ECU,URY,4373.0
ECU,USA,4786.0
ECU,UZB,14690.0
ECU,VAT,10366.0
ECU,VCT,2670.0
ECU,VEN,2010.0
ECU,VGB,2826.0
ECU,VNM,18821.0
ECU,VUT,12242.0
ECU,WLF,10642.0
ECU,WSM,10162.0
ECU,YEM,13735.0
ECU,ZAF,11692.0
ECU,ZMB,11898.0
ECU,ZWE,12154.0
EGY,ABW,10382.0
EGY,AFG,3587.0
EGY,AGO,4714.0
EGY,AIA,9417.0
EGY,ALB,1621.0
EGY,AND,2986.0
EGY,ARE,2428.0
EGY,ARG,11805.0
EGY,ARM,1649.0
EGY,ASM,17174.0
EGY,ATG,9365.0
EGY,AUS,13962.0
EGY,AUT,2382.0
EGY,AZE,2043.0
EGY,BDI,3704.0
EGY,BEL,3212.0
EGY,BEN,3994.0
EGY,BES,10240.0
EGY,BFA,3903.0
EGY,BGD,5858.0
EGY,BGR,1572.0
EGY,BHR,1945.0
EGY,BHS,10267.0
EGY,BIH,1910.0
EGY,BLR,2667.0
EGY,BLZ,11733.0
EGY,BMU,8802.0
EGY,BOL,11801.0
EGY,BRA,10212.0
EGY,BRB,9376.0
EGY,BRN,9136.0
EGY,BTN,5649.0
EGY,BWA,6079.0
EGY,CAF,3140.0
EGY,CAN,9228.0
EGY,CCK,8431.0
EGY,CHE,2739.0
EGY,CHL,12797.0
EGY,CHN,8370.0
EGY,CIV,4598.0
EGY,CMR,3564.0
EGY,COD,4165.0
EGY,COG,4160.0
EGY,COK,18547.0
EGY,COL,11222.0
EGY,COM,4795.0
EGY,CPV,5821.0
EGY,CRI,11819.0
EGY,CUB,10807.0
EGY,CUW,10305.0
EGY,CXR,9124.0
EGY,CYM,10976.0
EGY,CYP,602.0
EGY,CZE,2635.0
EGY,DEU,2892.0
EGY,DJI,2385.0
EGY,DMA,9422.0
EGY,DNK,3208.0
EGY,DOM,10022.0
EGY,DZA,2716.0
EGY,ECU,12166.0
EGY,ERI,1809.0
EGY,ESH,4332.0
EGY,ESP,3357.0
EGY,EST,3303.0
EGY,ETH,2454.0
EGY,FIN,3382.0
EGY,FJI,16458.0
EGY,FLK,12505.0
EGY,FRA,3213.0
EGY,FRO,4490.0
EGY,FSM,13038.0
EGY,GAB,4011.0
EGY,GBR,3515.0
EGY,GEO,1779.0
EGY,GHA,4300.0
EGY,GIB,3461.0
EGY,GIN,5175.0
EGY,GLP,9415.0
EGY,GMB,5242.0
EGY,GNB,5226.0
EGY,GNQ,3856.0
EGY,GRC,1117.0
EGY,GRD,9635.0
EGY,GRL,6707.0
EGY,GTM,12064.0
EGY,GUF,9123.0
EGY,GUM,11431.0
EGY,GUY,9581.0
EGY,HKG,8159.0
EGY,HND,11820.0
EGY,HRV,2198.0
EGY,HTI,10237.0
EGY,HUN,2203.0
EGY,IDN,8986.0
EGY,IND,4437.0
EGY,IOT,6029.0
EGY,IRL,3978.0
EGY,IRN,1986.0
EGY,IRQ,1299.0
EGY,ISL,5276.0
EGY,ISR,407.0
EGY,ITA,2135.0
EGY,JAM,10663.0
EGY,JOR,497.0
EGY,JPN,9584.0
EGY,KAZ,4278.0
EGY,KEN,3517.0
EGY,KGZ,4086.0
EGY,KHM,7815.0
EGY,KIR,14681.0
EGY,KNA,9437.0
EGY,KOR,8503.0
EGY,KWT,1620.0
EGY,LAO,7274.0
EGY,LBN,587.0
EGY,LBR,5120.0
EGY,LBY,1742.0
EGY,LCA,9456.0
EGY,LIE,2663.0
EGY,LKA,5678.0
EGY,LSO,6581.0
EGY,LTU,2779.0
EGY,LUX,3029.0
EGY,LVA,3041.0
EGY,MAC,8104.0
EGY,MAR,3679.0
EGY,MCO,2596.0
EGY,MDA,1895.0
EGY,MDG,5692.0
EGY,MDV,5282.0
EGY,MEX,12389.0
EGY,MHL,14103.0
EGY,MKD,1592.0
EGY,MLI,4472.0
EGY,MLT,1690.0
EGY,MMR,6710.0
EGY,MNE,1743.0
EGY,MNG,6572.0
EGY,MNP,11406.0
EGY,MOZ,6198.0
EGY,MRT,4945.0
EGY,MSR,9417.0
EGY,MTQ,9431.0
EGY,MUS,6227.0
EGY,MWI,4877.0
EGY,MYS,7959.0
EGY,MYT,4970.0
EGY,NAM,6014.0
EGY,NCL,15499.0
EGY,NER,3508.0
EGY,NFK,15859.0
EGY,NGA,3912.0
EGY,NIC,11867.0
EGY,NIU,17566.0
EGY,NLD,3285.0
EGY,NOR,3658.0
EGY,NPL,5233.0
EGY,NRU,14312.0
EGY,NZL,16573.0
EGY,OMN,2803.0
EGY,PAK,3573.0
EGY,PAN,11466.0
EGY,PCN,17912.0
EGY,PER,12426.0
EGY,PHL,9190.0
EGY,PLW,10867.0
EGY,PNG,13030.0
EGY,POL,2604.0
EGY,PRI,9681.0
EGY,PRK,8334.0
EGY,PRT,3804.0
EGY,PRY,11276.0
EGY,PSE,349.0
EGY,PYF,18616.0
EGY,QAT,2057.0
EGY,REU,6203.0
EGY,ROU,1660.0
EGY,RUS,2901.0
EGY,RWA,3542.0
EGY,SAU,1639.0
EGY,SDN,1610.0
EGY,SEN,5250.0
EGY,SGP,8270.0
EGY,SHN,6449.0
EGY,SLB,14246.0
EGY,SLE,5202.0
EGY,SLV,12015.0
EGY,SMR,2265.0
EGY,SOM,3438.0
EGY,SPM,7461.0
EGY,SRB,1893.0
EGY,SSD,2788.0
EGY,STP,4189.0
EGY,SUR,9345.0
EGY,SVK,2344.0
EGY,SVN,2296.0
EGY,SWE,3404.0
EGY,SWZ,6236.0
EGY,SXM,9426.0
EGY,SYC,4623.0
EGY,SYR,615.0
EGY,TCA,9958.0
EGY,TCD,2596.0
EGY,TGO,4109.0
EGY,THA,7282.0
EGY,TJK,3556.0
EGY,TKL,16748.0
EGY,TKM,2645.0
EGY,TLS,10901.0
EGY,TON,17202.0
EGY,TTO,9690.0
EGY,TUN,2093.0
EGY,TUR,1235.0
EGY,TUV,15924.0
EGY,TWN,8684.0
EGY,TZA,4168.0
EGY,UGA,3293.0
EGY,UKR,2267.0
EGY,URY,11632.0
EGY,USA,9041.0
EGY,UZB,3624.0
EGY,VAT,2137.0
EGY,VCT,9525.0
EGY,VEN,10205.0
EGY,VGB,9548.0
EGY,VNM,8026.0
EGY,VUT,15480.0
EGY,WLF,16649.0
EGY,WSM,17055.0
EGY,YEM,2099.0
EGY,ZAF,6233.0
EGY,ZMB,5039.0
EGY,ZWE,5297.0
ERI,ABW,11623.0
ERI,AFG,3697.0
ERI,AGO,3896.0
ERI,AIA,10709.0
ERI,ALB,3419.0
ERI,AND,4667.0
ERI,ARE,2031.0
ERI,ARG,11627.0
ERI,ARM,2807.0
ERI,ASM,16845.0
ERI,ATG,10625.0
ERI,AUS,12440.0
ERI,AUT,4191.0
ERI,AZE,2972.0
ERI,BDI,2323.0
ERI,BEL,5007.0
ERI,BEN,4111.0
ERI,BES,11456.0
ERI,BFA,4381.0
ERI,BGD,5454.0
ERI,BGR,3380.0
ERI,BHR,1708.0
ERI,BHS,11797.0
ERI,BIH,3714.0
ERI,BLR,4392.0
ERI,BLZ,13249.0
ERI,BMU,10354.0
ERI,BOL,12272.0
ERI,BRA,10247.0
ERI,BRB,10530.0
ERI,BRN,8374.0
ERI,BTN,5389.0
ERI,BWA,4644.0
ERI,CAF,2540.0
ERI,CAN,10972.0
ERI,CCK,7067.0
ERI,CHE,4524.0
ERI,CHL,12740.0
ERI,CHN,8446.0
ERI,CIV,4823.0
ERI,CMR,3260.0
ERI,COD,3392.0
ERI,COG,3391.0
ERI,COK,17951.0
ERI,COL,12331.0
ERI,COM,3028.0
ERI,CPV,6686.0
ERI,CRI,13155.0
ERI,CUB,12351.0
ERI,CUW,11526.0
ERI,CXR,7889.0
ERI,CYM,12452.0
ERI,CYP,2266.0
ERI,CZE,4444.0
ERI,DEU,4700.0
ERI,DJI,616.0
ERI,DMA,10640.0
ERI,DNK,5011.0
ERI,DOM,11380.0
ERI,DZA,4265.0
ERI,ECU,13173.0
ERI,EGY,1809.0
ERI,ESH,5528.0
ERI,ESP,4964.0
ERI,EST,5032.0
ERI,ETH,698.0
ERI,FIN,5105.0
ERI,FJI,15714.0
ERI,FLK,11797.0
ERI,FRA,4987.0
ERI,FRO,6299.0
ERI,FSM,12894.0
ERI,GAB,3638.0
ERI,GBR,5301.0
ERI,GEO,2976.0
ERI,GHA,4526.0
ERI,GIB,4949.0
ERI,GIN,5739.0
ERI,GLP,10651.0
ERI,GMB,5985.0
ERI,GNB,5899.0
ERI,GNQ,3532.0
ERI,GRC,2918.0
ERI,GRD,10785.0
ERI,GRL,8515.0
ERI,GTM,13556.0
ERI,GUF,10009.0
ERI,GUM,11266.0
ERI,GUY,10574.0
ERI,HKG,7894.0
ERI,HND,13267.0
ERI,HRV,4002.0
ERI,HTI,11617.0
ERI,HUN,4011.0
ERI,IDN,7856.0
ERI,IND,4197.0
ERI,IOT,4456.0
ERI,IRL,5762.0
ERI,IRN,2576.0
ERI,IRQ,2069.0
ERI,ISL,7085.0
ERI,ISR,1902.0
ERI,ITA,3886.0
ERI,JAM,12075.0
ERI,JOR,1866.0
ERI,JPN,9970.0
ERI,KAZ,4747.0
ERI,KEN,1852.0
ERI,KGZ,4562.0
ERI,KHM,7131.0
ERI,KIR,14651.0
ERI,KNA,10708.0
ERI,KOR,8819.0
ERI,KWT,1810.0
ERI,LAO,6765.0
ERI,LBN,2086.0
ERI,LBR,5517.0
ERI,LBY,3244.0
ERI,LCA,10642.0
ERI,LIE,4451.0
ERI,LKA,4557.0
ERI,LSO,5091.0
ERI,LTU,4524.0
ERI,LUX,4821.0
ERI,LVA,4785.0
ERI,MAC,7830.0
ERI,MAR,5083.0
ERI,MCO,4337.0
ERI,MDA,3634.0
ERI,MDG,3904.0
ERI,MDV,3982.0
ERI,MEX,14035.0
ERI,MHL,14230.0
ERI,MKD,3399.0
ERI,MLI,5070.0
ERI,MLT,3329.0
ERI,MMR,6103.0
ERI,MNE,3545.0
ERI,MNG,7118.0
ERI,MNP,11305.0
ERI,MOZ,4622.0
ERI,MRT,5843.0
ERI,MSR,10673.0
ERI,MTQ,10631.0
ERI,MUS,4421.0
ERI,MWI,3290.0
ERI,MYS,7002.0
ERI,MYT,3186.0
ERI,NAM,4821.0
ERI,NCL,14474.0
ERI,NER,3971.0
ERI,NFK,14602.0
ERI,NGA,4001.0
ERI,NIC,13269.0
ERI,NIU,16940.0
ERI,NLD,5087.0
ERI,NOR,5452.0
ERI,NPL,4966.0
ERI,NRU,14089.0
ERI,NZL,15062.0
ERI,OMN,2255.0
ERI,PAK,3121.0
ERI,PAN,12732.0
ERI,PCN,18356.0
ERI,PER,13122.0
ERI,PHL,8764.0
ERI,PLW,10394.0
ERI,PNG,12237.0
ERI,POL,4390.0
ERI,PRI,11005.0
ERI,PRK,8684.0
ERI,PRT,5349.0
ERI,PRY,11377.0
ERI,PSE,1849.0
ERI,PYF,19093.0
ERI,QAT,1706.0
ERI,REU,4394.0
ERI,ROU,3446.0
ERI,RUS,4487.0
ERI,RWA,2147.0
ERI,SAU,1316.0
ERI,SDN,687.0
ERI,SEN,6045.0
ERI,SGP,7290.0
ERI,SHN,6004.0
ERI,SLB,13606.0
ERI,SLE,5720.0
ERI,SLV,13477.0
ERI,SMR,4041.0
ERI,SOM,1630.0
ERI,SPM,9164.0
ERI,SRB,3702.0
ERI,SSD,1411.0
ERI,STP,3910.0
ERI,SUR,10284.0
ERI,SVK,4153.0
ERI,SVN,4096.0
ERI,SWE,5175.0
ERI,SWZ,4685.0
ERI,SXM,10715.0
ERI,SYC,2861.0
ERI,SYR,2031.0
ERI,TCA,11380.0
ERI,TCD,2607.0
ERI,TGO,4242.0
ERI,THA,6618.0
ERI,TJK,3891.0
ERI,TKL,16690.0
ERI,TKM,3152.0
ERI,TLS,9909.0
ERI,TON,16373.0
ERI,TTO,10806.0
ERI,TUN,3708.0
ERI,TUR,3005.0
ERI,TUV,15648.0
ERI,TWN,8571.0
ERI,TZA,2451.0
ERI,UGA,1802.0
ERI,UKR,3968.0
ERI,URY,11429.0
ERI,USA,10740.0
ERI,UZB,4093.0
ERI,VAT,3888.0
ERI,VCT,10694.0
ERI,VEN,11371.0
ERI,VGB,10858.0
ERI,VNM,7337.0
ERI,VUT,14641.0
ERI,WLF,16245.0
ERI,WSM,16726.0
ERI,YEM,566.0
ERI,ZAF,4744.0
ERI,ZMB,3597.0
ERI,ZWE,3768.0
ESH,ABW,6117.0
ESH,AFG,7704.0
ESH,AGO,4898.0
ESH,AIA,5185.0
ESH,ALB,3395.0
ESH,AND,2165.0
ESH,ARE,6760.0
ESH,ARG,8330.0
ESH,ARM,5446.0
ESH,ASM,17290.0
ESH,ATG,5108.0
ESH,AUS,17662.0
ESH,AUT,3463.0
ESH,AZE,5900.0
ESH,BDI,5683.0
ESH,BEL,3021.0
ESH,BEN,2822.0
ESH,BES,5960.0
ESH,BFA,2040.0
ESH,BGD,10076.0
ESH,BGR,3717.0
ESH,BHR,6276.0
ESH,BHS,6348.0
ESH,BIH,3378.0
ESH,BLR,4454.0
ESH,BLZ,7760.0
ESH,BMU,4976.0
ESH,BOL,7649.0
ESH,BRA,6663.0
ESH,BRB,5064.0
ESH,BRN,13419.0
ESH,BTN,9802.0
ESH,BWA,7106.0
ESH,CAF,4211.0
ESH,CAN,6118.0
ESH,CCK,12595.0
ESH,CHE,2935.0
ESH,CHL,9044.0
ESH,CHN,11958.0
ESH,CIV,2602.0
ESH,CMR,3681.0
ESH,COD,4640.0
ESH,COG,4633.0
ESH,COK,16581.0
ESH,COL,6907.0
ESH,COM,7457.0
ESH,CPV,1725.0
ESH,CRI,7630.0
ESH,CUB,6901.0
ESH,CUW,6028.0
ESH,CXR,13390.0
ESH,CYM,6951.0
ESH,CYP,4487.0
ESH,CZE,3464.0
ESH,DEU,3581.0
ESH,DJI,6113.0
ESH,DMA,5139.0
ESH,DNK,3784.0
ESH,DOM,5852.0
ESH,DZA,1864.0
ESH,ECU,7837.0
ESH,EGY,4332.0
ESH,ERI,5528.0
ESH,ESP,1712.0
ESH,EST,4610.0
ESH,ETH,5806.0
ESH,FIN,4664.0
ESH,FJI,18464.0
ESH,FLK,9763.0
ESH,FRA,2757.0
ESH,FRO,3903.0
ESH,FSM,16123.0
ESH,GAB,3826.0
ESH,GBR,2919.0
ESH,GEO,5465.0
ESH,GHA,2575.0
ESH,GIB,1243.0
ESH,GIN,1947.0
ESH,GLP,5142.0
ESH,GMB,1559.0
ESH,GNB,1711.0
ESH,GNQ,3720.0
ESH,GRC,3643.0
ESH,GRD,5323.0
ESH,GRL,4944.0
ESH,GTM,8051.0
ESH,GUF,4822.0
ESH,GUM,14923.0
ESH,GUY,5251.0
ESH,HKG,12148.0
ESH,HND,7748.0
ESH,HRV,3303.0
ESH,HTI,6091.0
ESH,HUN,3598.0
ESH,IDN,13297.0
ESH,IND,8654.0
ESH,IOT,9946.0
ESH,IRL,2963.0
ESH,IRN,6109.0
ESH,IRQ,5517.0
ESH,ISL,4158.0
ESH,ISR,4642.0
ESH,ITA,2851.0
ESH,JAM,6553.0
ESH,JOR,4753.0
ESH,JPN,12492.0
ESH,KAZ,8006.0
ESH,KEN,6208.0
ESH,KGZ,7842.0
ESH,KHM,12094.0
ESH,KIR,16785.0
ESH,KNA,5188.0
ESH,KOR,11727.0
ESH,KWT,5938.0
ESH,LAO,11487.0
ESH,LBN,4689.0
ESH,LBR,2322.0
ESH,LBY,2616.0
ESH,LCA,5157.0
ESH,LIE,2977.0
ESH,LKA,9967.0
ESH,LSO,7607.0
ESH,LTU,4361.0
ESH,LUX,2992.0
ESH,LVA,4425.0
ESH,MAC,12104.0
ESH,MAR,893.0
ESH,MCO,2610.0
ESH,MDA,4269.0
ESH,MDG,8299.0
ESH,MDV,9480.0
ESH,MEX,8665.0
ESH,MHL,16184.0
ESH,MKD,3546.0
ESH,MLI,1695.0
ESH,MLT,2793.0
ESH,MMR,10985.0
ESH,MNE,3391.0
ESH,MNG,9774.0
ESH,MNP,14800.0
ESH,MOZ,7648.0
ESH,MRT,1044.0
ESH,MSR,5158.0
ESH,MTQ,5138.0
ESH,MUS,9242.0
ESH,MWI,6816.0
ESH,MYS,12291.0
ESH,MYT,7700.0
ESH,NAM,6394.0
ESH,NCL,19463.0
ESH,NER,2195.0
ESH,NFK,19768.0
ESH,NGA,2887.0
ESH,NIC,7742.0
ESH,NIU,17486.0
ESH,NLD,3181.0
ESH,NOR,4072.0
ESH,NPL,9416.0
ESH,NRU,17058.0
ESH,NZL,18699.0
ESH,OMN,7135.0
ESH,PAK,7890.0
ESH,PAN,7223.0
ESH,PCN,13588.0
ESH,PER,8138.0
ESH,PHL,13251.0
ESH,PLW,14851.0
ESH,PNG,17174.0
ESH,POL,3979.0
ESH,PRI,5477.0
ESH,PRK,11533.0
ESH,PRT,1337.0
ESH,PRY,7510.0
ESH,PSE,4618.0
ESH,PYF,15435.0
ESH,QAT,6387.0
ESH,REU,9105.0
ESH,ROU,3985.0
ESH,RUS,5130.0
ESH,RWA,5644.0
ESH,SAU,5950.0
ESH,SDN,4886.0
ESH,SEN,1448.0
ESH,SGP,12602.0
ESH,SHN,4836.0
ESH,SLB,17918.0
ESH,SLE,2066.0
ESH,SLV,7961.0
ESH,SMR,2958.0
ESH,SOM,6818.0
ESH,SPM,4330.0
ESH,SRB,3574.0
ESH,SSD,5349.0
ESH,STP,3653.0
ESH,SUR,5025.0
ESH,SVK,3506.0
ESH,SVN,3217.0
ESH,SWE,4304.0
ESH,SWZ,7587.0
ESH,SXM,5191.0
ESH,SYC,8160.0
ESH,SYR,4768.0
ESH,TCA,5865.0
ESH,TCD,3385.0
ESH,TGO,2782.0
ESH,THA,11564.0
ESH,TJK,7529.0
ESH,TKL,16989.0
ESH,TKM,6668.0
ESH,TLS,15229.0
ESH,TON,18084.0
ESH,TTO,5369.0
ESH,TUN,2446.0
ESH,TUR,4135.0
ESH,TUV,17571.0
ESH,TWN,12468.0
ESH,TZA,6785.0
ESH,UGA,5721.0
ESH,UKR,4499.0
ESH,URY,8218.0
ESH,USA,5703.0
ESH,UZB,7475.0
ESH,VAT,2850.0
ESH,VCT,5219.0
ESH,VEN,5903.0
ESH,VGB,5332.0
ESH,VNM,12303.0
ESH,VUT,18950.0
ESH,WLF,17675.0
ESH,WSM,17353.0
ESH,YEM,6050.0
ESH,ZAF,7375.0
ESH,ZMB,6500.0
ESH,ZWE,6898.0
ESP,ABW,7117.0
ESP,AFG,6295.0
ESP,AGO,5724.0
ESP,AIA,6140.0
ESP,ALB,1979.0
ESP,AND,494.0
ESP,ARE,5665.0
ESP,ARG,10022.0
ESP,ARM,4047.0
ESP,ASM,16847.0
ESP,ATG,6112.0
ESP,AUS,17312.0
ESP,AUT,1813.0
ESP,AZE,4477.0
ESP,BDI,5904.0
ESP,BEL,1317.0
ESP,BEN,3811.0
ESP,BES,6995.0
ESP,BFA,3116.0
ESP,BGD,8670.0
ESP,BGR,2259.0
ESP,BHR,5208.0
ESP,BHS,6911.0
ESP,BIH,1857.0
ESP,BLR,2771.0
ESP,BLZ,8378.0
ESP,BMU,5447.0
ESP,BOL,9160.0
ESP,BRA,8361.0
ESP,BRB,6205.0
ESP,BRN,12013.0
ESP,BTN,8351.0
ESP,BWA,7830.0
ESP,CAF,4574.0
ESP,CAN,6052.0
ESP,CCK,11768.0
ESP,CHE,1245.0
ESP,CHL,10681.0
ESP,CHN,10277.0
ESP,CIV,3885.0
ESP,CMR,4327.0
ESP,COD,5321.0
ESP,COG,5314.0
ESP,COK,16910.0
ESP,COL,8022.0
ESP,COM,7527.0
ESP,CPV,3417.0
ESP,CRI,8490.0
ESP,CUB,7454.0
ESP,CUW,7054.0
ESP,CXR,12395.0
ESP,CYM,7621.0
ESP,CYP,3292.0
ESP,CZE,1775.0
ESP,DEU,1872.0
ESP,DJI,5580.0
ESP,DMA,6197.0
ESP,DNK,2074.0
ESP,DOM,6702.0
ESP,DZA,714.0
ESP,ECU,9003.0
ESP,EGY,3357.0
ESP,ERI,4964.0
ESP,ESH,1712.0
ESP,EST,2898.0
ESP,ETH,5442.0
ESP,FIN,2953.0
ESP,FJI,17526.0
ESP,FLK,11473.0
ESP,FRA,1053.0
ESP,FRO,2411.0
ESP,FSM,14446.0
ESP,GAB,4628.0
ESP,GBR,1263.0
ESP,GEO,4028.0
ESP,GHA,3742.0
ESP,GIB,496.0
ESP,GIN,3556.0
ESP,GLP,6178.0
ESP,GMB,3245.0
ESP,GNB,3372.0
ESP,GNQ,4481.0
ESP,GRC,2378.0
ESP,GRD,6456.0
ESP,GRL,4050.0
ESP,GTM,8707.0
ESP,GUF,6240.0
ESP,GUM,13213.0
ESP,GUY,6550.0
ESP,HKG,10560.0
ESP,HND,8465.0
ESP,HRV,1705.0
ESP,HTI,6905.0
ESP,HUN,1978.0
ESP,IDN,12194.0
ESP,IND,7286.0
ESP,IOT,9368.0
ESP,IRL,1449.0
ESP,IRN,4788.0
ESP,IRQ,4306.0
ESP,ISL,2892.0
ESP,ISR,3550.0
ESP,ITA,1366.0
ESP,JAM,7319.0
ESP,JOR,3655.0
ESP,JPN,10786.0
ESP,KAZ,6430.0
ESP,KEN,6179.0
ESP,KGZ,6281.0
ESP,KHM,10711.0
ESP,KIR,15369.0
ESP,KNA,6174.0
ESP,KOR,10018.0
ESP,KWT,4809.0
ESP,LAO,10044.0
ESP,LBN,3525.0
ESP,LBR,3845.0
ESP,LBY,1722.0
ESP,LCA,6255.0
ESP,LIE,1298.0
ESP,LKA,8970.0
ESP,LSO,8365.0
ESP,LTU,2666.0
ESP,LUX,1280.0
ESP,LVA,2717.0
ESP,MAC,10522.0
ESP,MAR,833.0
ESP,MCO,990.0
ESP,MDA,2703.0
ESP,MDG,8440.0
ESP,MDV,8629.0
ESP,MEX,9078.0
ESP,MHL,14720.0
ESP,MKD,2108.0
ESP,MLI,3105.0
ESP,MLT,1670.0
ESP,MMR,9622.0
ESP,MNE,1927.0
ESP,MNG,8077.0
ESP,MNP,13089.0
ESP,MOZ,8247.0
ESP,MRT,2741.0
ESP,MSR,6164.0
ESP,MTQ,6219.0
ESP,MUS,9220.0
ESP,MWI,7158.0
ESP,MYS,11080.0
ESP,MYT,7753.0
ESP,NAM,7297.0
ESP,NCL,17793.0
ESP,NER,3035.0
ESP,NFK,18539.0
ESP,NGA,3828.0
ESP,NIC,8520.0
ESP,NIU,17300.0
ESP,NLD,1482.0
ESP,NOR,2390.0
ESP,NPL,7996.0
ESP,NRU,15487.0
ESP,NZL,19590.0
ESP,OMN,6044.0
ESP,PAK,6681.0
ESP,PAN,8168.0
ESP,PCN,14613.0
ESP,PER,9501.0
ESP,PHL,11672.0
ESP,PLW,13210.0
ESP,PNG,15538.0
ESP,POL,2294.0
ESP,PRI,6382.0
ESP,PRK,9824.0
ESP,PRT,504.0
ESP,PRY,9168.0
ESP,PSE,3551.0
ESP,PYF,15879.0
ESP,QAT,5334.0
ESP,REU,9137.0
ESP,ROU,2479.0
ESP,RUS,3448.0
ESP,RWA,5811.0
ESP,SAU,4970.0
ESP,SDN,4453.0
ESP,SEN,3148.0
ESP,SGP,11396.0
ESP,SHN,6242.0
ESP,SLB,16215.0
ESP,SLE,3662.0
ESP,SLV,8659.0
ESP,SMR,1388.0
ESP,SOM,6505.0
ESP,SPM,4216.0
ESP,SRB,2034.0
ESP,SSD,5287.0
ESP,STP,4563.0
ESP,SUR,6386.0
ESP,SVK,1862.0
ESP,SVN,1601.0
ESP,SWE,2596.0
ESP,SWZ,8221.0
ESP,SXM,6152.0
ESP,SYC,7812.0
ESP,SYR,3613.0
ESP,TCA,6615.0
ESP,TCD,3635.0
ESP,TGO,3829.0
ESP,THA,10199.0
ESP,TJK,6056.0
ESP,TKL,16354.0
ESP,TKM,5258.0
ESP,TLS,13902.0
ESP,TON,17723.0
ESP,TTO,6537.0
ESP,TUN,1270.0
ESP,TUR,2744.0
ESP,TUV,16459.0
ESP,TWN,10815.0
ESP,TZA,6833.0
ESP,UGA,5759.0
ESP,UKR,2869.0
ESP,URY,9916.0
ESP,USA,5782.0
ESP,UZB,5957.0
ESP,VAT,1364.0
ESP,VCT,6334.0
ESP,VEN,6996.0
ESP,VGB,6259.0
ESP,VNM,10912.0
ESP,VUT,17378.0
ESP,WLF,16910.0
ESP,WSM,16840.0
ESP,YEM,5386.0
ESP,ZAF,8074.0
ESP,ZMB,7010.0
ESP,ZWE,7384.0
EST,ABW,9085.0
EST,AFG,4239.0
EST,AGO,7638.0
EST,AIA,8158.0
EST,ALB,2043.0
EST,AND,2466.0
EST,ARE,4472.0
EST,ARG,12883.0
EST,ARM,2549.0
EST,ASM,14834.0
EST,ATG,8193.0
EST,AUS,15208.0
EST,AUT,1364.0
EST,AZE,2751.0
EST,BDI,6977.0
EST,BEL,1604.0
EST,BEN,6179.0
EST,BES,9022.0
EST,BFA,5660.0
EST,BGD,6394.0
EST,BGR,1865.0
EST,BHR,4194.0
EST,BHS,8292.0
EST,BIH,1788.0
EST,BLR,640.0
EST,BLZ,9628.0
EST,BMU,6952.0
EST,BOL,11734.0
EST,BRA,11240.0
EST,BRB,8444.0
EST,BRN,9548.0
EST,BTN,6006.0
EST,BWA,9320.0
EST,CAF,6132.0
EST,CAN,6655.0
EST,CCK,10178.0
EST,CHE,1715.0
EST,CHL,13434.0
EST,CHN,7432.0
EST,CIV,6483.0
EST,CMR,6268.0
EST,COD,7119.0
EST,COG,7112.0
EST,COK,15746.0
EST,COL,10066.0
EST,COM,8059.0
EST,CPV,6305.0
EST,CRI,10100.0
EST,CUB,8737.0
EST,CUW,9064.0
EST,CXR,10488.0
EST,CYM,9054.0
EST,CYP,2771.0
EST,CZE,1232.0
EST,DEU,1043.0
EST,DJI,5527.0
EST,DMA,8337.0
EST,DNK,839.0
EST,DOM,8513.0
EST,DZA,2966.0
EST,ECU,11039.0
EST,EGY,3303.0
EST,ERI,5032.0
EST,ESH,4610.0
EST,ESP,2898.0
EST,ETH,5716.0
EST,FIN,82.0
EST,FJI,14955.0
EST,FLK,14368.0
EST,FRA,1863.0
EST,FRO,1726.0
EST,FSM,11582.0
EST,GAB,6682.0
EST,GBR,1789.0
EST,GEO,2412.0
EST,GHA,6265.0
EST,GIB,3377.0
EST,GIN,6396.0
EST,GLP,8291.0
EST,GMB,6131.0
EST,GNB,6244.0
EST,GNQ,6516.0
EST,GRC,2390.0
EST,GRD,8664.0
EST,GRL,3819.0
EST,GTM,9974.0
EST,GUF,8807.0
EST,GUM,10316.0
EST,GUY,8957.0
EST,HKG,7869.0
EST,HND,9859.0
EST,HRV,1625.0
EST,HTI,8642.0
EST,HUN,1381.0
EST,IDN,10151.0
EST,IND,5207.0
EST,IOT,8504.0
EST,IRL,2010.0
EST,IRN,3269.0
EST,IRQ,3243.0
EST,ISL,2457.0
EST,ISR,3131.0
EST,ITA,2128.0
EST,JAM,8935.0
EST,JOR,3167.0
EST,JPN,7897.0
EST,KAZ,3924.0
EST,KEN,6815.0
EST,KGZ,3823.0
EST,KHM,8351.0
EST,KIR,12722.0
EST,KNA,8226.0
EST,KOR,7126.0
EST,KWT,3775.0
EST,LAO,7617.0
EST,LBN,2947.0
EST,LBR,6620.0
EST,LBY,3074.0
EST,LCA,8437.0
EST,LIE,1696.0
EST,LKA,7431.0
EST,LSO,9839.0
EST,LTU,530.0
EST,LUX,1618.0
EST,LVA,280.0
EST,MAC,7840.0
EST,MAR,3725.0
EST,MCO,2106.0
EST,MDA,1410.0
EST,MDG,8928.0
EST,MDV,7398.0
EST,MEX,9902.0
EST,MHL,12060.0
EST,MKD,1953.0
EST,MLI,5855.0
EST,MLT,2720.0
EST,MMR,7361.0
EST,MNE,1928.0
EST,MNG,5211.0
EST,MNP,10191.0
EST,MOZ,9491.0
EST,MRT,5634.0
EST,MSR,8244.0
EST,MTQ,8385.0
EST,MUS,9313.0
EST,MWI,8177.0
EST,MYS,8969.0
EST,MYT,8215.0
EST,NAM,9114.0
EST,NCL,14903.0
EST,NER,5429.0
EST,NFK,15641.0
EST,NGA,6152.0
EST,NIC,9999.0
EST,NIU,15369.0
EST,NLD,1462.0
EST,NOR,790.0
EST,NPL,5742.0
EST,NRU,12701.0
EST,NZL,16707.0
EST,OMN,4776.0
EST,PAK,5038.0
EST,PAN,9945.0
EST,PCN,15584.0
EST,PER,11817.0
EST,PHL,8968.0
EST,PLW,10398.0
EST,PNG,12699.0
EST,POL,836.0
EST,PRI,8305.0
EST,PRK,6931.0
EST,PRT,3317.0
EST,PRY,11979.0
EST,PSE,3188.0
EST,PYF,15329.0
EST,QAT,4320.0
EST,REU,9332.0
EST,ROU,1672.0
EST,RUS,870.0
EST,RWA,6823.0
EST,SAU,4222.0
EST,SDN,4913.0
EST,SEN,6041.0
EST,SGP,9267.0
EST,SHN,8798.0
EST,SLB,13322.0
EST,SLE,6490.0
EST,SLV,9997.0
EST,SMR,1916.0
EST,SOM,6610.0
EST,SPM,5240.0
EST,SRB,1652.0
EST,SSD,6083.0
EST,STP,6739.0
EST,SUR,8877.0
EST,SVK,1352.0
EST,SVN,1638.0
EST,SWE,380.0
EST,SWZ,9521.0
EST,SXM,8175.0
EST,SYC,7599.0
EST,SYR,3006.0
EST,TCA,8301.0
EST,TCD,5314.0
EST,TGO,6243.0
EST,THA,7898.0
EST,TJK,3863.0
EST,TKL,14290.0
EST,TKM,3374.0
EST,TLS,11433.0
EST,TON,15467.0
EST,TTO,8782.0
EST,TUN,2725.0
EST,TUR,2070.0
EST,TUV,13960.0
EST,TWN,8011.0
EST,TZA,7458.0
EST,UGA,6592.0
EST,UKR,1066.0
EST,URY,12790.0
EST,USA,6668.0
EST,UZB,3654.0
EST,VAT,2128.0
EST,VCT,8530.0
EST,VEN,9102.0
EST,VGB,8226.0
EST,VNM,8527.0
EST,VUT,14528.0
EST,WLF,14599.0
EST,WSM,14763.0
EST,YEM,5146.0
EST,ZAF,9495.0
EST,ZMB,8302.0
EST,ZWE,8583.0
ETH,ABW,11805.0
ETH,AFG,4195.0
ETH,AGO,3450.0
ETH,AIA,10934.0
ETH,ALB,4035.0
ETH,AND,5189.0
ETH,ARE,2512.0
ETH,ARG,11230.0
ETH,ARM,3499.0
ETH,ASM,16774.0
ETH,ATG,10834.0
ETH,AUS,12047.0
ETH,AUT,4825.0
ETH,AZE,3645.0
ETH,BDI,1722.0
ETH,BEL,5607.0
ETH,BEN,4023.0
ETH,BES,11628.0
ETH,BFA,4419.0
ETH,BGD,5720.0
ETH,BGR,4024.0
ETH,BHR,2276.0
ETH,BHS,12145.0
ETH,BIH,4335.0
ETH,BLR,5076.0
ETH,BLZ,13566.0
ETH,BMU,10732.0
ETH,BOL,12091.0
ETH,BRA,9946.0
ETH,BRB,10687.0
ETH,BRN,8419.0
ETH,BTN,5710.0
ETH,BWA,3978.0
ETH,CAF,2291.0
ETH,CAN,11490.0
ETH,CCK,6840.0
ETH,CHE,5118.0
ETH,CHL,12360.0
ETH,CHN,8809.0
ETH,CIV,4739.0
ETH,CMR,3064.0
ETH,COD,2990.0
ETH,COG,2990.0
ETH,COK,17625.0
ETH,COL,12432.0
ETH,COM,2346.0
ETH,CPV,6792.0
ETH,CRI,13361.0
ETH,CUB,12700.0
ETH,CUW,11700.0
ETH,CXR,7719.0
ETH,CYM,12756.0
ETH,CYP,2946.0
ETH,CZE,5078.0
ETH,DEU,5341.0
ETH,DJI,559.0
ETH,DMA,10827.0
ETH,DNK,5661.0
ETH,DOM,11630.0
ETH,DZA,4730.0
ETH,ECU,13205.0
ETH,EGY,2454.0
ETH,ERI,698.0
ETH,ESH,5806.0
ETH,ESP,5442.0
ETH,EST,5716.0
ETH,FIN,5791.0
ETH,FJI,15567.0
ETH,FLK,11245.0
ETH,FRA,5566.0
ETH,FRO,6933.0
ETH,FSM,13086.0
ETH,GAB,3384.0
ETH,GBR,5891.0
ETH,GEO,3669.0
ETH,GHA,4458.0
ETH,GIB,5370.0
ETH,GIN,5751.0
ETH,GLP,10847.0
ETH,GMB,6061.0
ETH,GNB,5950.0
ETH,GNQ,3306.0
ETH,GRC,3540.0
ETH,GRD,10936.0
ETH,GRL,9131.0
ETH,GTM,13852.0
ETH,GUF,10051.0
ETH,GUM,11488.0
ETH,GUY,10653.0
ETH,HKG,8148.0
ETH,HND,13539.0
ETH,HRV,4622.0
ETH,HTI,11876.0
ETH,HUN,4653.0
ETH,IDN,7740.0
ETH,IND,4569.0
ETH,IOT,4144.0
ETH,IRL,6346.0
ETH,IRN,3222.0
ETH,IRQ,2754.0
ETH,ISL,7711.0
ETH,ISR,2585.0
ETH,ITA,4460.0
ETH,JAM,12345.0
ETH,JOR,2555.0
ETH,JPN,10407.0
ETH,KAZ,5298.0
ETH,KEN,1160.0
ETH,KGZ,5120.0
ETH,KHM,7238.0
ETH,KIR,14833.0
ETH,KNA,10922.0
ETH,KOR,9252.0
ETH,KWT,2450.0
ETH,LAO,6953.0
ETH,LBN,2775.0
ETH,LBR,5471.0
ETH,LBY,3725.0
ETH,LCA,10814.0
ETH,LIE,5048.0
ETH,LKA,4535.0
ETH,LSO,4411.0
ETH,LTU,5204.0
ETH,LUX,5420.0
ETH,LVA,5465.0
ETH,MAC,8082.0
ETH,MAR,5463.0
ETH,MCO,4898.0
ETH,MDA,4313.0
ETH,MDG,3237.0
ETH,MDV,3879.0
ETH,MEX,14438.0
ETH,MHL,14485.0
ETH,MKD,4029.0
ETH,MLI,5121.0
ETH,MLT,3859.0
ETH,MMR,6269.0
ETH,MNE,4164.0
ETH,MNG,7643.0
ETH,MNP,11550.0
ETH,MOZ,3930.0
ETH,MRT,5987.0
ETH,MSR,10880.0
ETH,MTQ,10809.0
ETH,MUS,3827.0
ETH,MWI,2601.0
ETH,MYS,6990.0
ETH,MYT,2516.0
ETH,NAM,4218.0
ETH,NCL,14267.0
ETH,NER,4027.0
ETH,NFK,14295.0
ETH,NGA,3909.0
ETH,NIC,13513.0
ETH,NIU,16748.0
ETH,NLD,5699.0
ETH,NOR,6112.0
ETH,NPL,5298.0
ETH,NRU,14216.0
ETH,NZL,14630.0
ETH,OMN,2659.0
ETH,PAK,3479.0
ETH,PAN,12907.0
ETH,PCN,17831.0
ETH,PER,13013.0
ETH,PHL,8939.0
ETH,PLW,10516.0
ETH,PNG,12187.0
ETH,POL,5054.0
ETH,PRI,11242.0
ETH,PRK,9129.0
ETH,PRT,5788.0
ETH,PRY,11078.0
ETH,PSE,2529.0
ETH,PYF,18716.0
ETH,QAT,2246.0
ETH,REU,3779.0
ETH,ROU,4109.0
ETH,RUS,5184.0
ETH,RWA,1550.0
ETH,SAU,1929.0
ETH,SDN,989.0
ETH,SEN,6140.0
ETH,SGP,7259.0
ETH,SHN,5625.0
ETH,SLB,13583.0
ETH,SLE,5714.0
ETH,SLV,13755.0
ETH,SMR,4630.0
ETH,SOM,1063.0
ETH,SPM,9658.0
ETH,SRB,4340.0
ETH,SSD,916.0
ETH,STP,3677.0
ETH,SUR,10345.0
ETH,SVK,4790.0
ETH,SVN,4710.0
ETH,SWE,5848.0
ETH,SWZ,3996.0
ETH,SXM,10938.0
ETH,SYC,2390.0
ETH,SYR,2723.0
ETH,TCA,11667.0
ETH,TCD,2615.0
ETH,TGO,4153.0
ETH,THA,6747.0
ETH,TJK,4437.0
ETH,TKL,16741.0
ETH,TKM,3761.0
ETH,TLS,9820.0
ETH,TON,16154.0
ETH,TTO,10941.0
ETH,TUN,4217.0
ETH,TUR,3674.0
ETH,TUV,15687.0
ETH,TWN,8866.0
ETH,TZA,1754.0
ETH,UGA,1181.0
ETH,UKR,4655.0
ETH,URY,11027.0
ETH,USA,11219.0
ETH,UZB,4662.0
ETH,VAT,4462.0
ETH,VCT,10857.0
ETH,VEN,11520.0
ETH,VGB,11090.0
ETH,VNM,7436.0
ETH,VUT,14504.0
ETH,WLF,16195.0
ETH,WSM,16666.0
ETH,YEM,918.0
ETH,ZAF,4066.0
ETH,ZMB,2939.0
ETH,ZWE,3088.0
FIN,ABW,9081.0
FIN,AFG,4259.0
FIN,AGO,7720.0
FIN,AIA,8157.0
FIN,ALB,2125.0
FIN,AND,2526.0
FIN,ARE,4522.0
FIN,ARG,12926.0
FIN,ARM,2604.0
FIN,ASM,14754.0
FIN,ATG,8194.0
FIN,AUS,15194.0
FIN,AUT,1441.0
FIN,AZE,2795.0
FIN,BDI,7058.0
FIN,BEL,1652.0
FIN,BEN,6256.0
FIN,BES,9020.0
FIN,BFA,5734.0
FIN,BGD,6396.0
FIN,BGR,1947.0
FIN,BHR,4250.0
FIN,BHS,8270.0
FIN,BIH,1869.0
FIN,BLR,716.0
FIN,BLZ,9598.0
FIN,BMU,6937.0
FIN,BOL,11753.0
FIN,BRA,11287.0
FIN,BRB,8452.0
FIN,BRN,9533.0
FIN,BTN,6005.0
FIN,BWA,9401.0
FIN,CAF,6215.0
FIN,CAN,6616.0
FIN,CCK,10198.0
FIN,CHE,1781.0
FIN,CHL,13464.0
FIN,CHN,7392.0
FIN,CIV,6556.0
FIN,CMR,6349.0
FIN,COD,7201.0
FIN,COG,7195.0
FIN,COK,15664.0
FIN,COL,10062.0
FIN,COM,8133.0
FIN,CPV,6355.0
FIN,CRI,10080.0
FIN,CUB,8710.0
FIN,CUW,9061.0
FIN,CXR,10496.0
FIN,CYM,9031.0
FIN,CYP,2846.0
FIN,CZE,1304.0
FIN,DEU,1107.0
FIN,DJI,5597.0
FIN,DMA,8341.0
FIN,DNK,886.0
FIN,DOM,8504.0
FIN,DZA,3034.0
FIN,ECU,11032.0
FIN,EGY,3382.0
FIN,ERI,5105.0
FIN,ESH,4664.0
FIN,ESP,2953.0
FIN,EST,82.0
FIN,ETH,5791.0
FIN,FJI,14883.0
FIN,FLK,14425.0
FIN,FRA,1913.0
FIN,FRO,1706.0
FIN,FSM,11519.0
FIN,GAB,6763.0
FIN,GBR,1826.0
FIN,GEO,2464.0
FIN,GHA,6340.0
FIN,GIB,3434.0
FIN,GIN,6459.0
FIN,GLP,8294.0
FIN,GMB,6190.0
FIN,GNB,6305.0
FIN,GNQ,6597.0
FIN,GRC,2472.0
FIN,GRD,8669.0
FIN,GRL,3773.0
FIN,GTM,9943.0
FIN,GUF,8829.0
FIN,GUM,10263.0
FIN,GUY,8971.0
FIN,HKG,7843.0
FIN,HND,9832.0
FIN,HRV,1703.0
FIN,HTI,8630.0
FIN,HUN,1461.0
FIN,IDN,10155.0
FIN,IND,5222.0
FIN,IOT,8550.0
FIN,IRL,2031.0
FIN,IRN,3317.0
FIN,IRQ,3304.0
FIN,ISL,2423.0
FIN,ISR,3205.0
FIN,ITA,2204.0
FIN,JAM,8918.0
FIN,JOR,3240.0
FIN,JPN,7838.0
FIN,KAZ,3919.0
FIN,KEN,6892.0
FIN,KGZ,3822.0
FIN,KHM,8344.0
FIN,KIR,12649.0
FIN,KNA,8226.0
FIN,KOR,7076.0
FIN,KWT,3834.0
FIN,LAO,7608.0
FIN,LBN,3020.0
FIN,LBR,6688.0
FIN,LBY,3154.0
FIN,LCA,8442.0
FIN,LIE,1763.0
FIN,LKA,7460.0
FIN,LSO,9920.0
FIN,LTU,611.0
FIN,LUX,1673.0
FIN,LVA,362.0
FIN,MAC,7815.0
FIN,MAR,3782.0
FIN,MCO,2175.0
FIN,MDA,1487.0
FIN,MDG,9000.0
FIN,MDV,7437.0
FIN,MEX,9859.0
FIN,MHL,11987.0
FIN,MKD,2035.0
FIN,MLI,5923.0
FIN,MLT,2800.0
FIN,MMR,7362.0
FIN,MNE,2010.0
FIN,MNG,5168.0
FIN,MNP,10136.0
FIN,MOZ,9570.0
FIN,MRT,5692.0
FIN,MSR,8245.0
FIN,MTQ,8389.0
FIN,MUS,9378.0
FIN,MWI,8256.0
FIN,MYS,8972.0
FIN,MYT,8287.0
FIN,NAM,9197.0
FIN,NCL,14846.0
FIN,NER,5505.0
FIN,NFK,15586.0
FIN,NGA,6230.0
FIN,NIC,9975.0
FIN,NIU,15289.0
FIN,NLD,1506.0
FIN,NOR,790.0
FIN,NPL,5747.0
FIN,NRU,12634.0
FIN,NZL,16650.0
FIN,OMN,4823.0
FIN,PAK,5071.0
FIN,PAN,9932.0
FIN,PCN,15528.0
FIN,PER,11822.0
FIN,PHL,8940.0
FIN,PLW,10359.0
FIN,PNG,12656.0
FIN,POL,917.0
FIN,PRI,8301.0
FIN,PRK,6881.0
FIN,PRT,3366.0
FIN,PRY,12016.0
FIN,PSE,3263.0
FIN,PYF,15250.0
FIN,QAT,4376.0
FIN,REU,9399.0
FIN,ROU,1753.0
FIN,RUS,895.0
FIN,RWA,6903.0
FIN,SAU,4284.0
FIN,SDN,4991.0
FIN,SEN,6098.0
FIN,SGP,9269.0
FIN,SHN,8874.0
FIN,SLB,13264.0
FIN,SLE,6555.0
FIN,SLV,9969.0
FIN,SMR,1992.0
FIN,SOM,6680.0
FIN,SPM,5219.0
FIN,SRB,1734.0
FIN,SSD,6162.0
FIN,STP,6819.0
FIN,SUR,8896.0
FIN,SVK,1430.0
FIN,SVN,1715.0
FIN,SWE,397.0
FIN,SWZ,9602.0
FIN,SXM,8174.0
FIN,SYC,7662.0
FIN,SYR,3078.0
FIN,TCA,8288.0
FIN,TCD,5396.0
FIN,TGO,6320.0
FIN,THA,7895.0
FIN,TJK,3877.0
FIN,TKL,14210.0
FIN,TKM,3407.0
FIN,TLS,11415.0
FIN,TON,15390.0
FIN,TTO,8789.0
FIN,TUN,2802.0
FIN,TUR,2149.0
FIN,TUV,13885.0
FIN,TWN,7975.0
FIN,TZA,7534.0
FIN,UGA,6671.0
FIN,UKR,1138.0
FIN,URY,12835.0
FIN,USA,6636.0
FIN,UZB,3664.0
FIN,VAT,2204.0
FIN,VCT,8535.0
FIN,VEN,9103.0
FIN,VGB,8224.0
FIN,VNM,8518.0
FIN,VUT,14466.0
FIN,WLF,14522.0
FIN,WSM,14684.0
FIN,YEM,5215.0
FIN,ZAF,9576.0
FIN,ZMB,8383.0
FIN,ZWE,8663.0
FJI,ABW,12694.0
FJI,AFG,12875.0
FJI,AGO,16613.0
FJI,AIA,13561.0
FJI,ALB,16734.0
FJI,AND,17287.0
FJI,ARE,14135.0
FJI,ARG,11641.0
FJI,ARM,14992.0
FJI,ASM,1237.0
FJI,ATG,13665.0
FJI,AUS,3916.0
FJI,AUT,16299.0
FJI,AZE,14542.0
FJI,BDI,15882.0
FJI,BEL,16338.0
FJI,BEN,18645.0
FJI,BES,12869.0
FJI,BFA,19365.0
FJI,BGD,10616.0
FJI,BGR,16419.0
FJI,BHR,14614.0
FJI,BHS,12244.0
FJI,BIH,16604.0
FJI,BLR,15320.0
FJI,BLZ,10884.0
FJI,BMU,13557.0
FJI,BOL,11789.0
FJI,BRA,13293.0
FJI,BRB,13807.0
FJI,BRN,7419.0
FJI,BTN,10811.0
FJI,BWA,14419.0
FJI,CAF,17357.0
FJI,CAN,12347.0
FJI,CCK,8729.0
FJI,CHE,16637.0
FJI,CHL,10735.0
FJI,CHN,8178.0
FJI,CIV,18564.0
FJI,CMR,17891.0
FJI,COD,16916.0
FJI,COG,16924.0
FJI,COK,2309.0
FJI,COL,12023.0
FJI,COM,14099.0
FJI,CPV,17665.0
FJI,CRI,11139.0
FJI,CUB,11698.0
FJI,CUW,12798.0
FJI,CXR,7853.0
FJI,CYM,11698.0
FJI,CYP,16098.0
FJI,CZE,16187.0
FJI,DEU,15974.0
FJI,DJI,15181.0
FJI,DMA,13673.0
FJI,DNK,15672.0
FJI,DOM,12856.0
FJI,DZA,17894.0
FJI,ECU,11173.0
FJI,EGY,16458.0
FJI,ERI,15714.0
FJI,ESH,18464.0
FJI,ESP,17526.0
FJI,EST,14955.0
FJI,ETH,15567.0
FJI,FIN,14883.0
FJI,FLK,10550.0
FJI,FRA,16579.0
FJI,FRO,15116.0
FJI,FSM,3556.0
FJI,GAB,17709.0
FJI,GBR,16300.0
FJI,GEO,14919.0
FJI,GHA,18737.0
FJI,GIB,17975.0
FJI,GIN,18411.0
FJI,GLP,13653.0
FJI,GMB,18332.0
FJI,GNB,18369.0
FJI,GNQ,17830.0
FJI,GRC,16720.0
FJI,GRD,13555.0
FJI,GRL,13676.0
FJI,GTM,10619.0
FJI,GUF,14326.0
FJI,GUM,5090.0
FJI,GUY,13779.0
FJI,HKG,8301.0
FJI,HND,10945.0
FJI,HRV,16539.0
FJI,HTI,12606.0
FJI,HUN,16251.0
FJI,IDN,7861.0
FJI,IND,12029.0
FJI,IOT,11443.0
FJI,IRL,16078.0
FJI,IRN,14489.0
FJI,IRQ,15163.0
FJI,ISL,14670.0
FJI,ISR,16074.0
FJI,ITA,17057.0
FJI,JAM,12133.0
FJI,JOR,15971.0
FJI,JPN,7224.0
FJI,KAZ,12293.0
FJI,KEN,15310.0
FJI,KGZ,12478.0
FJI,KHM,8717.0
FJI,KIR,2235.0
FJI,KNA,13576.0
FJI,KOR,8187.0
FJI,KWT,14868.0
FJI,LAO,9209.0
FJI,LBN,15957.0
FJI,LBR,18366.0
FJI,LBY,17816.0
FJI,LCA,13685.0
FJI,LIE,16634.0
FJI,LKA,11160.0
FJI,LSO,13904.0
FJI,LTU,15353.0
FJI,LUX,16446.0
FJI,LVA,15201.0
FJI,MAC,8356.0
FJI,MAR,18191.0
FJI,MCO,17046.0
FJI,MDA,15776.0
FJI,MDG,13271.0
FJI,MDV,11739.0
FJI,MEX,9915.0
FJI,MHL,2896.0
FJI,MKD,16586.0
FJI,MLI,19101.0
FJI,MLT,17489.0
FJI,MMR,9805.0
FJI,MNE,16675.0
FJI,MNG,10182.0
FJI,MNP,5144.0
FJI,MOZ,13903.0
FJI,MRT,18508.0
FJI,MSR,13620.0
FJI,MTQ,13690.0
FJI,MUS,12312.0
FJI,MWI,14762.0
FJI,MYS,8729.0
FJI,MYT,13855.0
FJI,NAM,15071.0
FJI,NCL,1333.0
FJI,NER,19369.0
FJI,NFK,1613.0
FJI,NGA,18608.0
FJI,NIC,10982.0
FJI,NIU,1232.0
FJI,NLD,16164.0
FJI,NOR,15263.0
FJI,NPL,11229.0
FJI,NRU,2321.0
FJI,NZL,2106.0
FJI,OMN,13787.0
FJI,PAK,12951.0
FJI,PAN,11590.0
FJI,PCN,5536.0
FJI,PER,11099.0
FJI,PHL,7270.0
FJI,PLW,5592.0
FJI,PNG,3509.0
FJI,POL,15743.0
FJI,PRI,13249.0
FJI,PRK,8372.0
FJI,PRT,17610.0
FJI,PRY,12279.0
FJI,PSE,16119.0
FJI,PYF,3388.0
FJI,QAT,14526.0
FJI,REU,12456.0
FJI,ROU,16123.0
FJI,RUS,14699.0
FJI,RWA,15911.0
FJI,SAU,15000.0
FJI,SDN,16395.0
FJI,SEN,18295.0
FJI,SGP,8435.0
FJI,SHN,16207.0
FJI,SLB,2217.0
FJI,SLE,18368.0
FJI,SLV,10727.0
FJI,SMR,16861.0
FJI,SOM,14614.0
FJI,SPM,14136.0
FJI,SRB,16414.0
FJI,SSD,16139.0
FJI,STP,17841.0
FJI,SUR,14062.0
FJI,SVK,16275.0
FJI,SVN,16577.0
FJI,SWE,15165.0
FJI,SWZ,13957.0
FJI,SXM,13558.0
FJI,SYC,13290.0
FJI,SYR,15895.0
FJI,TCA,12792.0
FJI,TCD,18127.0
FJI,TGO,18644.0
FJI,THA,9247.0
FJI,TJK,12939.0
FJI,TKL,1476.0
FJI,TKM,13849.0
FJI,TLS,5806.0
FJI,TON,744.0
FJI,TTO,13541.0
FJI,TUN,17643.0
FJI,TUR,16160.0
FJI,TUV,1068.0
FJI,TWN,7805.0
FJI,TZA,14761.0
FJI,UGA,15807.0
FJI,UKR,15438.0
FJI,URY,11793.0
FJI,USA,12770.0
FJI,UZB,12913.0
FJI,VAT,17057.0
FJI,VCT,13639.0
FJI,VEN,12969.0
FJI,VGB,13403.0
FJI,VNM,8506.0
FJI,VUT,1073.0
FJI,WLF,789.0
FJI,WSM,1151.0
FJI,YEM,15156.0
FJI,ZAF,14155.0
FJI,ZMB,15070.0
FJI,ZWE,14673.0
FLK,ABW,7212.0
FLK,AFG,15425.0
FLK,AGO,7940.0
FLK,AIA,7762.0
FLK,ALB,12738.0
FLK,AND,11904.0
FLK,ARE,13752.0
FLK,ARG,1900.0
FLK,ARM,14154.0
FLK,ASM,10273.0
FLK,ATG,7633.0
FLK,AUS,9842.0
FLK,AUT,13120.0
FLK,AZE,14521.0
FLK,BDI,9523.0
FLK,BEL,12783.0
FLK,BEN,8598.0
FLK,BES,7145.0
FLK,BFA,8918.0
FLK,BGD,15893.0
FLK,BGR,13047.0
FLK,BHR,13501.0
FLK,BHS,8714.0
FLK,BIH,12866.0
FLK,BLR,14123.0
FLK,BLZ,8207.0
FLK,BMU,9329.0
FLK,BOL,4010.0
FLK,BRA,3269.0
FLK,BRB,7181.0
FLK,BRN,14778.0
FLK,BTN,16193.0
FLK,BWA,7477.0
FLK,CAF,9457.0
FLK,CAN,10773.0
FLK,CCK,12519.0
FLK,CHE,12664.0
FLK,CHL,2275.0
FLK,CHN,17729.0
FLK,CIV,8114.0
FLK,CMR,8945.0
FLK,COD,8475.0
FLK,COG,8478.0
FLK,COK,8966.0
FLK,COL,6428.0
FLK,COM,9748.0
FLK,CPV,8094.0
FLK,CRI,7278.0
FLK,CUB,8628.0
FLK,CUW,7150.0
FLK,CXR,12942.0
FLK,CYM,8191.0
FLK,CYP,13055.0
FLK,CZE,13177.0
FLK,DEU,13329.0
FLK,DJI,11769.0
FLK,DMA,7430.0
FLK,DNK,13547.0
FLK,DOM,7863.0
FLK,DZA,11447.0
FLK,ECU,5863.0
FLK,EGY,12505.0
FLK,ERI,11797.0
FLK,ESH,9763.0
FLK,ESP,11473.0
FLK,EST,14368.0
FLK,ETH,11245.0
FLK,FIN,14425.0
FLK,FJI,10550.0
FLK,FRA,12519.0
FLK,FRO,13388.0
FLK,FSM,14050.0
FLK,GAB,8499.0
FLK,GBR,12657.0
FLK,GEO,14282.0
FLK,GHA,8380.0
FLK,GIB,10991.0
FLK,GIN,7998.0
FLK,GLP,7509.0
FLK,GMB,8238.0
FLK,GNB,8130.0
FLK,GNQ,8651.0
FLK,GRC,12687.0
FLK,GRD,7073.0
FLK,GRL,12861.0
FLK,GTM,7998.0
FLK,GUF,6298.0
FLK,GUM,15309.0
FLK,GUY,6483.0
FLK,HKG,16668.0
FLK,HND,7821.0
FLK,HRV,12903.0
FLK,HTI,7908.0
FLK,HUN,13199.0
FLK,IDN,13424.0
FLK,IND,15517.0
FLK,IOT,11949.0
FLK,IRL,12595.0
FLK,IRN,14289.0
FLK,IRQ,13638.0
FLK,ISL,13217.0
FLK,ISR,12901.0
FLK,ITA,12389.0
FLK,JAM,7938.0
FLK,JOR,12967.0
FLK,JPN,17750.0
FLK,KAZ,16541.0
FLK,KEN,10219.0
FLK,KGZ,16358.0
FLK,KHM,15290.0
FLK,KIR,12702.0
FLK,KNA,7658.0
FLK,KOR,18389.0
FLK,KWT,13572.0
FLK,LAO,15889.0
FLK,LBN,13092.0
FLK,LBR,7826.0
FLK,LBY,11641.0
FLK,LCA,7285.0
FLK,LIE,12694.0
FLK,LKA,13720.0
FLK,LSO,7203.0
FLK,LTU,14064.0
FLK,LUX,12752.0
FLK,LVA,14167.0
FLK,MAC,16648.0
FLK,MAR,10643.0
FLK,MCO,12294.0
FLK,MDA,13694.0
FLK,MDG,9391.0
FLK,MDV,13098.0
FLK,MEX,8843.0
FLK,MHL,13336.0
FLK,MKD,12884.0
FLK,MLI,8589.0
FLK,MLT,11980.0
FLK,MMR,15509.0
FLK,MNE,12799.0
FLK,MNG,18841.0
FLK,MNP,15449.0
FLK,MOZ,7808.0
FLK,MRT,8734.0
FLK,MSR,7599.0
FLK,MTQ,7352.0
FLK,MUS,9887.0
FLK,MWI,8914.0
FLK,MYS,14297.0
FLK,MYT,9783.0
FLK,NAM,7045.0
FLK,NCL,10747.0
FLK,NER,9237.0
FLK,NFK,10005.0
FLK,NGA,8662.0
FLK,NIC,7584.0
FLK,NIU,9792.0
FLK,NLD,12940.0
FLK,NOR,13810.0
FLK,NPL,15954.0
FLK,NRU,12867.0
FLK,NZL,8943.0
FLK,OMN,13844.0
FLK,PAK,14530.0
FLK,PAN,7039.0
FLK,PCN,6588.0
FLK,PER,4726.0
FLK,PHL,15888.0
FLK,PLW,14958.0
FLK,PNG,12819.0
FLK,POL,13670.0
FLK,PRI,7814.0
FLK,PRK,18569.0
FLK,PRT,11077.0
FLK,PRY,2931.0
FLK,PSE,12834.0
FLK,PYF,8614.0
FLK,QAT,13485.0
FLK,REU,9700.0
FLK,ROU,13342.0
FLK,RUS,14768.0
FLK,RWA,9695.0
FLK,SAU,13111.0
FLK,SDN,11376.0
FLK,SEN,8327.0
FLK,SGP,14162.0
FLK,SHN,6056.0
FLK,SLB,12329.0
FLK,SLE,7912.0
FLK,SLV,7851.0
FLK,SMR,12562.0
FLK,SOM,11094.0
FLK,SPM,10913.0
FLK,SRB,13059.0
FLK,SSD,10389.0
FLK,STP,8317.0
FLK,SUR,6384.0
FLK,SVK,13152.0
FLK,SVN,12847.0
FLK,SWE,14066.0
FLK,SWZ,7691.0
FLK,SXM,7741.0
FLK,SYC,11176.0
FLK,SYR,13115.0
FLK,TCA,8208.0
FLK,TCD,9910.0
FLK,TGO,8499.0
FLK,THA,15371.0
FLK,TJK,15680.0
FLK,TKL,10752.0
FLK,TKM,14925.0
FLK,TLS,13319.0
FLK,TON,9913.0
FLK,TTO,6919.0
FLK,TUN,11822.0
FLK,TUR,13242.0
FLK,TUV,11413.0
FLK,TWN,17041.0
FLK,TZA,9906.0
FLK,UGA,10066.0
FLK,UKR,14037.0
FLK,URY,1879.0
FLK,USA,10358.0
FLK,UZB,15889.0
FLK,VAT,12388.0
FLK,VCT,7193.0
FLK,VEN,6945.0
FLK,VGB,7795.0
FLK,VNM,15252.0
FLK,VUT,11111.0
FLK,WLF,10697.0
FLK,WSM,10379.0
FLK,YEM,12163.0
FLK,ZAF,7494.0
FLK,ZMB,8413.0
FLK,ZWE,8398.0
FRA,ABW,7681.0
FRA,AFG,5594.0
FRA,AGO,6479.0
FRA,AIA,6711.0
FRA,ALB,1604.0
FRA,AND,708.0
FRA,ARE,5251.0
FRA,ARG,11026.0
FRA,ARM,3439.0
FRA,ASM,16118.0
FRA,ATG,6711.0
FRA,AUS,16788.0
FRA,AUT,1037.0
FRA,AZE,3823.0
FRA,BDI,6350.0
FRA,BEL,264.0
FRA,BEN,4700.0
FRA,BES,7584.0
FRA,BFA,4062.0
FRA,BGD,7924.0
FRA,BGR,1762.0
FRA,BHR,4838.0
FRA,BHS,7219.0
FRA,BIH,1348.0
FRA,BLR,1832.0
FRA,BLZ,8664.0
FRA,BMU,5771.0
FRA,BOL,10015.0
FRA,BRA,9378.0
FRA,BRB,6879.0
FRA,BRN,11215.0
FRA,BTN,7574.0
FRA,BWA,8472.0
FRA,CAF,5165.0
FRA,CAN,6017.0
FRA,CCK,11345.0
FRA,CHE,487.0
FRA,CHL,11627.0
FRA,CHN,9284.0
FRA,CIV,4860.0
FRA,CMR,5061.0
FRA,COD,6025.0
FRA,COG,6018.0
FRA,COK,16556.0
FRA,COL,8632.0
FRA,COM,7817.0
FRA,CPV,4442.0
FRA,CRI,8925.0
FRA,CUB,7733.0
FRA,CUW,7636.0
FRA,CXR,11850.0
FRA,CYM,7966.0
FRA,CYP,2956.0
FRA,CZE,885.0
FRA,DEU,881.0
FRA,DJI,5585.0
FRA,DMA,6825.0
FRA,DNK,1029.0
FRA,DOM,7190.0
FRA,DZA,1345.0
FRA,ECU,9622.0
FRA,EGY,3213.0
FRA,ERI,4987.0
FRA,ESH,2757.0
FRA,ESP,1053.0
FRA,EST,1863.0
FRA,ETH,5566.0
FRA,FIN,1913.0
FRA,FJI,16579.0
FRA,FLK,12519.0
FRA,FRO,1571.0
FRA,FSM,13394.0
FRA,GAB,5413.0
FRA,GBR,344.0
FRA,GEO,3380.0
FRA,GHA,4689.0
FRA,GIB,1545.0
FRA,GIN,4603.0
FRA,GLP,6793.0
FRA,GMB,4298.0
FRA,GNB,4425.0
FRA,GNQ,5255.0
FRA,GRC,2103.0
FRA,GRD,7119.0
FRA,GRL,3593.0
FRA,GTM,9007.0
FRA,GUF,7074.0
FRA,GUM,12176.0
FRA,GUY,7308.0
FRA,HKG,9648.0
FRA,HND,8811.0
FRA,HRV,1082.0
FRA,HTI,7365.0
FRA,HUN,1248.0
FRA,IDN,11587.0
FRA,IND,6596.0
FRA,IOT,9183.0
FRA,IRL,781.0
FRA,IRN,4220.0
FRA,IRQ,3867.0
FRA,ISL,2236.0
FRA,ISR,3282.0
FRA,ITA,1106.0
FRA,JAM,7735.0
FRA,JOR,3371.0
FRA,JPN,9736.0
FRA,KAZ,5569.0
FRA,KEN,6469.0
FRA,KGZ,5435.0
FRA,KHM,9950.0
FRA,KIR,14372.0
FRA,KNA,6761.0
FRA,KOR,8989.0
FRA,KWT,4412.0
FRA,LAO,9249.0
FRA,LBN,3194.0
FRA,LBR,4877.0
FRA,LBY,1991.0
FRA,LCA,6903.0
FRA,LIE,568.0
FRA,LKA,8517.0
FRA,LSO,9012.0
FRA,LTU,1701.0
FRA,LUX,288.0
FRA,LVA,1708.0
FRA,MAC,9615.0
FRA,MAR,1886.0
FRA,MCO,690.0
FRA,MDA,1981.0
FRA,MDG,8738.0
FRA,MDV,8287.0
FRA,MEX,9211.0
FRA,MHL,13715.0
FRA,MKD,1670.0
FRA,MLI,4126.0
FRA,MLT,1749.0
FRA,MMR,8893.0
FRA,MNE,1494.0
FRA,MNG,7068.0
FRA,MNP,12047.0
FRA,MOZ,8811.0
FRA,MRT,3792.0
FRA,MSR,6764.0
FRA,MTQ,6859.0
FRA,MUS,9392.0
FRA,MWI,7618.0
FRA,MYS,10430.0
FRA,MYT,8023.0
FRA,NAM,8044.0
FRA,NCL,16741.0
FRA,NER,3919.0
FRA,NFK,17493.0
FRA,NGA,4701.0
FRA,NIC,8902.0
FRA,NIU,16627.0
FRA,NLD,431.0
FRA,NOR,1344.0
FRA,NPL,7251.0
FRA,NRU,14450.0
FRA,NZL,18540.0
FRA,OMN,5617.0
FRA,PAK,6138.0
FRA,PAN,8667.0
FRA,PCN,14957.0
FRA,PER,10245.0
FRA,PHL,10758.0
FRA,PLW,12240.0
FRA,PNG,14554.0
FRA,POL,1371.0
FRA,PRI,6914.0
FRA,PRK,8794.0
FRA,PRT,1454.0
FRA,PRY,10141.0
FRA,PSE,3305.0
FRA,PYF,15712.0
FRA,QAT,4970.0
FRA,REU,9344.0
FRA,ROU,1875.0
FRA,RUS,2494.0
FRA,RWA,6231.0
FRA,SAU,4686.0
FRA,SDN,4602.0
FRA,SEN,4198.0
FRA,SGP,10742.0
FRA,SHN,7220.0
FRA,SLB,15164.0
FRA,SLE,4707.0
FRA,SLV,8986.0
FRA,SMR,949.0
FRA,SOM,6605.0
FRA,SPM,4280.0
FRA,SRB,1449.0
FRA,SSD,5606.0
FRA,STP,5393.0
FRA,SUR,7183.0
FRA,SVK,1092.0
FRA,SVN,967.0
FRA,SWE,1547.0
FRA,SWZ,8805.0
FRA,SXM,6725.0
FRA,SYC,7833.0
FRA,SYR,3280.0
FRA,TCA,7047.0
FRA,TCD,4240.0
FRA,TGO,4736.0
FRA,THA,9459.0
FRA,TJK,5301.0
FRA,TKL,15588.0
FRA,TKM,4587.0
FRA,TLS,13117.0
FRA,TON,16922.0
FRA,TTO,7218.0
FRA,TUN,1480.0
FRA,TUR,2259.0
FRA,TUV,15523.0
FRA,TWN,9846.0
FRA,TZA,7139.0
FRA,UGA,6109.0
FRA,UKR,2030.0
FRA,URY,10929.0
FRA,USA,5852.0
FRA,UZB,5162.0
FRA,VAT,1104.0
FRA,VCT,6990.0
FRA,VEN,7620.0
FRA,VGB,6809.0
FRA,VNM,10142.0
FRA,VUT,16329.0
FRA,WLF,16057.0
FRA,WSM,16083.0
FRA,YEM,5312.0
FRA,ZAF,8697.0
FRA,ZMB,7566.0
FRA,ZWE,7914.0
FRO,ABW,7402.0
FRO,AFG,5965.0
FRO,AGO,8044.0
FRO,AIA,6499.0
FRO,ALB,2903.0
FRO,AND,2238.0
FRO,ARE,6106.0
FRO,ARG,11666.0
FRO,ARM,4172.0
FRO,ASM,14554.0
FRO,ATG,6549.0
FRO,AUS,16693.0
FRO,AUT,2109.0
FRO,AZE,4433.0
FRO,BDI,7875.0
FRO,BEL,1415.0
FRO,BEN,6211.0
FRO,BES,7352.0
FRO,BFA,5527.0
FRO,BGD,8070.0
FRO,BGR,2919.0
FRO,BHR,5776.0
FRO,BHS,6566.0
FRO,BIH,2600.0
FRO,BLR,2191.0
FRO,BLZ,7910.0
FRO,BMU,5235.0
FRO,BOL,10214.0
FRO,BRA,10125.0
FRO,BRB,6844.0
FRO,BRN,11101.0
FRO,BTN,7670.0
FRO,BWA,10039.0
FRO,CAF,6732.0
FRO,CAN,4980.0
FRO,CCK,11904.0
FRO,CHE,1895.0
FRO,CHL,12020.0
FRO,CHN,8683.0
FRO,CIV,6291.0
FRO,CMR,6627.0
FRO,COD,7595.0
FRO,COG,7588.0
FRO,COK,15027.0
FRO,COL,8385.0
FRO,COM,9248.0
FRO,CPV,5394.0
FRO,CRI,8374.0
FRO,CUB,7013.0
FRO,CUW,7389.0
FRO,CXR,12186.0
FRO,CYM,7327.0
FRO,CYP,4086.0
FRO,CZE,1856.0
FRO,DEU,1600.0
FRO,DJI,6862.0
FRO,DMA,6707.0
FRO,DNK,1313.0
FRO,DOM,6813.0
FRO,DZA,2891.0
FRO,ECU,9345.0
FRO,EGY,4490.0
FRO,ERI,6299.0
FRO,ESH,3903.0
FRO,ESP,2411.0
FRO,EST,1726.0
FRO,ETH,6933.0
FRO,FIN,1706.0
FRO,FJI,15116.0
FRO,FLK,13388.0
FRO,FRA,1571.0
FRO,FSM,12252.0
FRO,GAB,6970.0
FRO,GBR,1236.0
FRO,GEO,4056.0
FRO,GHA,6153.0
FRO,GIB,2878.0
FRO,GIN,5846.0
FRO,GLP,6654.0
FRO,GMB,5448.0
FRO,GNB,5611.0
FRO,GNQ,6814.0
FRO,GRC,3393.0
FRO,GRD,7047.0
FRO,GRL,2235.0
FRO,GTM,8257.0
FRO,GUF,7354.0
FRO,GUM,11274.0
FRO,GUY,7411.0
FRO,HKG,9312.0
FRO,HND,8134.0
FRO,HRV,2316.0
FRO,HTI,6932.0
FRO,HUN,2288.0
FRO,IDN,11830.0
FRO,IND,6926.0
FRO,IOT,10150.0
FRO,IRL,967.0
FRO,IRN,4932.0
FRO,IRQ,4791.0
FRO,ISL,798.0
FRO,ISR,4447.0
FRO,ITA,2578.0
FRO,JAM,7213.0
FRO,JOR,4513.0
FRO,JPN,8764.0
FRO,KAZ,5577.0
FRO,KEN,7919.0
FRO,KGZ,5495.0
FRO,KHM,9971.0
FRO,KIR,12979.0
FRO,KNA,6574.0
FRO,KOR,8214.0
FRO,KWT,5344.0
FRO,LAO,9225.0
FRO,LBN,4305.0
FRO,LBR,6190.0
FRO,LBY,3538.0
FRO,LCA,6817.0
FRO,LIE,1950.0
FRO,LKA,9153.0
FRO,LSO,10578.0
FRO,LTU,2020.0
FRO,LUX,1593.0
FRO,LVA,1818.0
FRO,MAC,9293.0
FRO,MAR,3160.0
FRO,MCO,2236.0
FRO,MDA,2792.0
FRO,MDG,10160.0
FRO,MDV,9090.0
FRO,MEX,8240.0
FRO,MHL,12340.0
FRO,MKD,2904.0
FRO,MLI,5480.0
FRO,MLT,3261.0
FRO,MMR,9028.0
FRO,MNE,2772.0
FRO,MNG,6477.0
FRO,MNP,11111.0
FRO,MOZ,10361.0
FRO,MRT,4930.0
FRO,MSR,6599.0
FRO,MTQ,6761.0
FRO,MUS,10710.0
FRO,MWI,9137.0
FRO,MYS,10649.0
FRO,MYT,9438.0
FRO,NAM,9612.0
FRO,NCL,15560.0
FRO,NER,5430.0
FRO,NFK,16322.0
FRO,NGA,6221.0
FRO,NIC,8273.0
FRO,NIU,15059.0
FRO,NLD,1280.0
FRO,NOR,974.0
FRO,NPL,7432.0
FRO,NRU,13164.0
FRO,NZL,17206.0
FRO,OMN,6433.0
FRO,PAK,6752.0
FRO,PAN,8229.0
FRO,PCN,14004.0
FRO,PER,10180.0
FRO,PHL,10373.0
FRO,PLW,11628.0
FRO,PNG,13801.0
FRO,POL,1981.0
FRO,PRI,6625.0
FRO,PRK,8023.0
FRO,PRT,2596.0
FRO,PRY,10682.0
FRO,PSE,4488.0
FRO,PYF,14283.0
FRO,QAT,5907.0
FRO,REU,10692.0
FRO,ROU,2885.0
FRO,RUS,2596.0
FRO,RWA,7746.0
FRO,SAU,5730.0
FRO,SDN,6011.0
FRO,SEN,5321.0
FRO,SGP,10940.0
FRO,SHN,8641.0
FRO,SLB,14070.0
FRO,SLE,5963.0
FRO,SLV,8276.0
FRO,SMR,2370.0
FRO,SOM,7927.0
FRO,SPM,3513.0
FRO,SRB,2596.0
FRO,SSD,7085.0
FRO,STP,6935.0
FRO,SUR,7377.0
FRO,SVK,2146.0
FRO,SVN,2236.0
FRO,SWE,1381.0
FRO,SWZ,10359.0
FRO,SXM,6518.0
FRO,SYC,9057.0
FRO,SYR,4381.0
FRO,TCA,6588.0
FRO,TCD,5810.0
FRO,TGO,6234.0
FRO,THA,9545.0
FRO,TJK,5582.0
FRO,TKL,14029.0
FRO,TKM,5092.0
FRO,TLS,12938.0
FRO,TON,15379.0
FRO,TTO,7175.0
FRO,TUN,3038.0
FRO,TUR,3330.0
FRO,TUV,14048.0
FRO,TWN,9322.0
FRO,TZA,8588.0
FRO,UGA,7596.0
FRO,UKR,2596.0
FRO,URY,11613.0
FRO,USA,4957.0
FRO,UZB,5363.0
FRO,VAT,2576.0
FRO,VCT,6913.0
FRO,VEN,7448.0
FRO,VGB,6556.0
FRO,VNM,10135.0
FRO,VUT,15073.0
FRO,WLF,14529.0
FRO,WSM,14524.0
FRO,YEM,6532.0
FRO,ZAF,10261.0
FRO,ZMB,9117.0
FRO,ZWE,9457.0
FSM,ABW,14284.0
FSM,AFG,9489.0
FSM,AGO,16164.0
FSM,AIA,14715.0
FSM,ALB,13192.0
FSM,AND,14044.0
FSM,ARE,10968.0
FSM,ARG,15181.0
FSM,ARM,11475.0
FSM,ASM,4162.0
FSM,ATG,14886.0
FSM,AUS,5138.0
FSM,AUT,12852.0
FSM,AZE,11036.0
FSM,BDI,14349.0
FSM,BEL,13130.0
FSM,BEN,16962.0
FSM,BES,14478.0
FSM,BFA,16924.0
FSM,BGD,7445.0
FSM,BGR,12872.0
FSM,BHR,11406.0
FSM,BHS,13056.0
FSM,BIH,13090.0
FSM,BLR,11848.0
FSM,BLZ,12204.0
FSM,BMU,13732.0
FSM,BOL,14888.0
FSM,BRA,16798.0
FSM,BRB,15302.0
FSM,BRN,4788.0
FSM,BTN,7544.0
FSM,BWA,14585.0
FSM,CAF,15376.0
FSM,CAN,11972.0
FSM,CCK,7109.0
FSM,CHE,13296.0
FSM,CHL,14212.0
FSM,CHN,4669.0
FSM,CIV,17627.0
FSM,CMR,16141.0
FSM,COD,15912.0
FSM,COG,15914.0
FSM,COK,5552.0
FSM,COL,14093.0
FSM,COM,12879.0
FSM,CPV,17582.0
FSM,CRI,12888.0
FSM,CUB,12656.0
FSM,CUW,14412.0
FSM,CXR,6125.0
FSM,CYM,12892.0
FSM,CYP,12600.0
FSM,CZE,12790.0
FSM,DEU,12625.0
FSM,DJI,12554.0
FSM,DMA,15022.0
FSM,DNK,12381.0
FSM,DOM,14052.0
FSM,DZA,14524.0
FSM,ECU,13577.0
FSM,EGY,13038.0
FSM,ERI,12894.0
FSM,ESH,16123.0
FSM,ESP,14446.0
FSM,EST,11582.0
FSM,ETH,13086.0
FSM,FIN,11519.0
FSM,FJI,3556.0
FSM,FLK,14050.0
FSM,FRA,13394.0
FSM,FRO,12252.0
FSM,GAB,16467.0
FSM,GBR,13207.0
FSM,GEO,11389.0
FSM,GHA,17324.0
FSM,GIB,14938.0
FSM,GIN,17973.0
FSM,GLP,14955.0
FSM,GMB,17682.0
FSM,GNB,17818.0
FSM,GNQ,16392.0
FSM,GRC,13165.0
FSM,GRD,15141.0
FSM,GRL,11735.0
FSM,GTM,12088.0
FSM,GUF,16401.0
FSM,GUM,1638.0
FSM,GUY,15724.0
FSM,HKG,5010.0
FSM,HND,12451.0
FSM,HRV,13067.0
FSM,HTI,13814.0
FSM,HUN,12769.0
FSM,IDN,5882.0
FSM,IND,8766.0
FSM,IOT,9649.0
FSM,IRL,13168.0
FSM,IRN,11055.0
FSM,IRQ,11749.0
FSM,ISL,12124.0
FSM,ISR,12635.0
FSM,ITA,13579.0
FSM,JAM,13395.0
FSM,JOR,12541.0
FSM,JPN,3702.0
FSM,KAZ,8778.0
FSM,KEN,13498.0
FSM,KGZ,8968.0
FSM,KHM,5865.0
FSM,KIR,1757.0
FSM,KNA,14794.0
FSM,KOR,4631.0
FSM,KWT,11561.0
FSM,LAO,6140.0
FSM,LBN,12489.0
FSM,LBR,18109.0
FSM,LBY,14261.0
FSM,LCA,15125.0
FSM,LIE,13270.0
FSM,LKA,8642.0
FSM,LSO,14304.0
FSM,LTU,11907.0
FSM,LUX,13183.0
FSM,LVA,11796.0
FSM,MAC,5072.0
FSM,MAR,15279.0
FSM,MCO,13674.0
FSM,MDA,12234.0
FSM,MDG,12431.0
FSM,MDV,9373.0
FSM,MEX,11081.0
FSM,MHL,1461.0
FSM,MKD,13041.0
FSM,MLI,17364.0
FSM,MLT,13940.0
FSM,MMR,6819.0
FSM,MNE,13143.0
FSM,MNG,6626.0
FSM,MNP,1636.0
FSM,MOZ,13910.0
FSM,MRT,17166.0
FSM,MSR,14869.0
FSM,MTQ,15087.0
FSM,MUS,11390.0
FSM,MWI,13908.0
FSM,MYS,6273.0
FSM,MYT,12668.0
FSM,NAM,15515.0
FSM,NCL,3354.0
FSM,NER,16542.0
FSM,NFK,4118.0
FSM,NGA,16861.0
FSM,NIC,12602.0
FSM,NIU,4529.0
FSM,NLD,12964.0
FSM,NOR,12060.0
FSM,NPL,7971.0
FSM,NRU,1274.0
FSM,NZL,5147.0
FSM,OMN,10677.0
FSM,PAK,9803.0
FSM,PAN,13399.0
FSM,PCN,8682.0
FSM,PER,13959.0
FSM,PHL,4148.0
FSM,PLW,2616.0
FSM,PNG,2181.0
FSM,POL,12301.0
FSM,PRI,14416.0
FSM,PRK,4816.0
FSM,PRT,14786.0
FSM,PRY,15714.0
FSM,PSE,12690.0
FSM,PYF,6351.0
FSM,QAT,11349.0
FSM,REU,11606.0
FSM,ROU,12576.0
FSM,RUS,11197.0
FSM,RWA,14254.0
FSM,SAU,11826.0
FSM,SDN,13543.0
FSM,SEN,17566.0
FSM,SGP,6059.0
FSM,SHN,18007.0
FSM,SLB,1819.0
FSM,SLE,18059.0
FSM,SLV,12252.0
FSM,SMR,13409.0
FSM,SOM,12508.0
FSM,SPM,13164.0
FSM,SRB,12894.0
FSM,SSD,13959.0
FSM,STP,16763.0
FSM,SUR,16070.0
FSM,SVK,12819.0
FSM,SVN,13125.0
FSM,SWE,11857.0
FSM,SWZ,14033.0
FSM,SXM,14726.0
FSM,SYC,11481.0
FSM,SYR,12438.0
FSM,TCA,13797.0
FSM,TCD,15437.0
FSM,TGO,17090.0
FSM,THA,6344.0
FSM,TJK,9483.0
FSM,TKL,3842.0
FSM,TKM,10393.0
FSM,TLS,4001.0
FSM,TON,4255.0
FSM,TTO,15224.0
FSM,TUN,14135.0
FSM,TUR,12604.0
FSM,TUV,2892.0
FSM,TWN,4386.0
FSM,TZA,13288.0
FSM,UGA,13941.0
FSM,UKR,11915.0
FSM,URY,15340.0
FSM,USA,12525.0
FSM,UZB,9420.0
FSM,VAT,13579.0
FSM,VCT,15142.0
FSM,VEN,14683.0
FSM,VGB,14559.0
FSM,VNM,5674.0
FSM,VUT,2947.0
FSM,WLF,3612.0
FSM,WSM,4039.0
FSM,YEM,12346.0
FSM,ZAF,14337.0
FSM,ZMB,14493.0
FSM,ZWE,14176.0
GAB,ABW,8865.0
GAB,AFG,7250.0
GAB,AGO,1103.0
GAB,AIA,8156.0
GAB,ALB,4652.0
GAB,AND,4732.0
GAB,ARE,5642.0
GAB,ARG,8024.0
GAB,ARM,5657.0
GAB,ASM,18468.0
GAB,ATG,8017.0
GAB,AUS,13865.0
GAB,AUT,5340.0
GAB,AZE,6024.0
GAB,BDI,2254.0
GAB,BEL,5612.0
GAB,BEN,1034.0
GAB,BES,8673.0
GAB,BFA,1796.0
GAB,BGD,9077.0
GAB,BGR,4887.0
GAB,BHR,5252.0
GAB,BHS,9674.0
GAB,BIH,4894.0
GAB,BLR,6161.0
GAB,BLZ,10878.0
GAB,BMU,8510.0
GAB,BOL,8707.0
GAB,BRA,6609.0
GAB,BRB,7740.0
GAB,BRN,11733.0
GAB,BTN,9026.0
GAB,BWA,3291.0
GAB,CAF,1103.0
GAB,CAN,9890.0
GAB,CCK,9741.0
GAB,CHE,5204.0
GAB,CHL,9119.0
GAB,CHN,12072.0
GAB,CIV,1595.0
GAB,CMR,447.0
GAB,COD,835.0
GAB,COG,828.0
GAB,COK,17424.0
GAB,COL,9298.0
GAB,COM,3969.0
GAB,CPV,3966.0
GAB,CRI,10398.0
GAB,CUB,10187.0
GAB,CUW,8745.0
GAB,CXR,10707.0
GAB,CYM,10090.0
GAB,CYP,4580.0
GAB,CZE,5527.0
GAB,DEU,5790.0
GAB,DJI,3924.0
GAB,DMA,7951.0
GAB,DNK,6136.0
GAB,DOM,8880.0
GAB,DZA,4080.0
GAB,ECU,9948.0
GAB,EGY,4011.0
GAB,ERI,3638.0
GAB,ESH,3826.0
GAB,ESP,4628.0
GAB,EST,6682.0
GAB,ETH,3384.0
GAB,FIN,6763.0
GAB,FJI,17709.0
GAB,FLK,8499.0
GAB,FRA,5413.0
GAB,FRO,6970.0
GAB,FSM,16467.0
GAB,GBR,5736.0
GAB,GEO,5790.0
GAB,GHA,1414.0
GAB,GIB,4244.0
GAB,GIN,2753.0
GAB,GLP,7993.0
GAB,GMB,3223.0
GAB,GNB,3045.0
GAB,GNQ,166.0
GAB,GRC,4410.0
GAB,GRD,7963.0
GAB,GRL,8612.0
GAB,GTM,11082.0
GAB,GUF,6886.0
GAB,GUM,14871.0
GAB,GUY,7539.0
GAB,HKG,11515.0
GAB,HND,10726.0
GAB,HRV,5073.0
GAB,HTI,9137.0
GAB,HUN,5301.0
GAB,IDN,10841.0
GAB,IND,7832.0
GAB,IOT,7039.0
GAB,IRL,6046.0
GAB,IRN,5839.0
GAB,IRQ,5161.0
GAB,ISL,7519.0
GAB,ISR,4403.0
GAB,ITA,4607.0
GAB,JAM,9606.0
GAB,JOR,4468.0
GAB,JPN,13508.0
GAB,KAZ,8171.0
GAB,KEN,3051.0
GAB,KGZ,7978.0
GAB,KHM,10605.0
GAB,KIR,18194.0
GAB,KNA,8112.0
GAB,KOR,12378.0
GAB,KWT,5194.0
GAB,LAO,10337.0
GAB,LBN,4597.0
GAB,LBR,2342.0
GAB,LBY,3617.0
GAB,LCA,7897.0
GAB,LIE,5180.0
GAB,LKA,7847.0
GAB,LSO,3806.0
GAB,LTU,6191.0
GAB,LUX,5463.0
GAB,LVA,6406.0
GAB,MAC,11450.0
GAB,MAR,4085.0
GAB,MCO,4805.0
GAB,MDA,5498.0
GAB,MDG,4677.0
GAB,MDV,7135.0
GAB,MEX,11951.0
GAB,MHL,17861.0
GAB,MKD,4763.0
GAB,MLI,2356.0
GAB,MLT,3966.0
GAB,MMR,9653.0
GAB,MNE,4760.0
GAB,MNG,10532.0
GAB,MNP,14926.0
GAB,MOZ,3822.0
GAB,MRT,3401.0
GAB,MSR,8052.0
GAB,MTQ,7911.0
GAB,MUS,5706.0
GAB,MWI,3117.0
GAB,MYS,10265.0
GAB,MYT,4209.0
GAB,NAM,2671.0
GAB,NCL,16545.0
GAB,NER,1662.0
GAB,NFK,16105.0
GAB,NGA,950.0
GAB,NIC,10630.0
GAB,NIU,17938.0
GAB,NLD,5777.0
GAB,NOR,6602.0
GAB,NPL,8604.0
GAB,NRU,17528.0
GAB,NZL,15695.0
GAB,OMN,5891.0
GAB,PAK,6758.0
GAB,PAN,9899.0
GAB,PCN,14762.0
GAB,PER,9644.0
GAB,PHL,12322.0
GAB,PLW,13874.0
GAB,PNG,15247.0
GAB,POL,5846.0
GAB,PRI,8479.0
GAB,PRK,12226.0
GAB,PRT,4649.0
GAB,PRY,7740.0
GAB,PSE,4336.0
GAB,PYF,17044.0
GAB,QAT,5284.0
GAB,REU,5528.0
GAB,ROU,5149.0
GAB,RUS,6644.0
GAB,RWA,2308.0
GAB,SAU,4828.0
GAB,SDN,3040.0
GAB,SEN,3356.0
GAB,SGP,10507.0
GAB,SHN,2458.0
GAB,SLB,16616.0
GAB,SLE,2670.0
GAB,SLV,10942.0
GAB,SMR,4832.0
GAB,SOM,3998.0
GAB,SPM,8146.0
GAB,SRB,5040.0
GAB,SSD,2509.0
GAB,STP,304.0
GAB,SUR,7204.0
GAB,SVK,5343.0
GAB,SVN,5083.0
GAB,SWE,6579.0
GAB,SWZ,3761.0
GAB,SXM,8153.0
GAB,SYC,5145.0
GAB,SYR,4616.0
GAB,TCA,9026.0
GAB,TCD,1435.0
GAB,TGO,1114.0
GAB,THA,10123.0
GAB,TJK,7360.0
GAB,TKL,19007.0
GAB,TKM,6501.0
GAB,TLS,12898.0
GAB,TON,17655.0
GAB,TTO,7929.0
GAB,TUN,4034.0
GAB,TUR,4910.0
GAB,TUV,18575.0
GAB,TWN,12207.0
GAB,TZA,3406.0
GAB,UGA,2575.0
GAB,UKR,5895.0
GAB,URY,7832.0
GAB,USA,9431.0
GAB,UZB,7500.0
GAB,VAT,4607.0
GAB,VCT,7915.0
GAB,VEN,8514.0
GAB,VGB,8322.0
GAB,VNM,10799.0
GAB,VUT,17018.0
GAB,WLF,18454.0
GAB,WSM,18512.0
GAB,YEM,4163.0
GAB,ZAF,3556.0
GAB,ZMB,2710.0
GAB,ZWE,3108.0
GBR,ABW,7538.0
GBR,AFG,5720.0
GBR,AGO,6808.0
GBR,AIA,6576.0
GBR,ALB,1895.0
GBR,AND,1008.0
GBR,ARE,5477.0
GBR,ARG,11103.0
GBR,ARM,3623.0
GBR,ASM,15790.0
GBR,ATG,6586.0
GBR,AUS,16898.0
GBR,AUT,1239.0
GBR,AZE,3984.0
GBR,BDI,6694.0
GBR,BEL,321.0
GBR,BEN,5001.0
GBR,BES,7449.0
GBR,BFA,4343.0
GBR,BGD,8017.0
GBR,BGR,2019.0
GBR,BHR,5079.0
GBR,BHS,7001.0
GBR,BIH,1621.0
GBR,BLR,1878.0
GBR,BLZ,8433.0
GBR,BMU,5566.0
GBR,BOL,9986.0
GBR,BRA,9473.0
GBR,BRB,6782.0
GBR,BRN,11269.0
GBR,BTN,7654.0
GBR,BWA,8813.0
GBR,CAF,5507.0
GBR,CAN,5728.0
GBR,CCK,11539.0
GBR,CHE,777.0
GBR,CHL,11650.0
GBR,CHN,9217.0
GBR,CIV,5130.0
GBR,CMR,5391.0
GBR,COD,6359.0
GBR,COG,6352.0
GBR,COK,16212.0
GBR,COL,8500.0
GBR,COM,8153.0
GBR,CPV,4563.0
GBR,CRI,8733.0
GBR,CUB,7505.0
GBR,CUW,7499.0
GBR,CXR,12002.0
GBR,CYM,7753.0
GBR,CYP,3224.0
GBR,CZE,1036.0
GBR,DEU,935.0
GBR,DJI,5895.0
GBR,DMA,6710.0
GBR,DNK,958.0
GBR,DOM,7024.0
GBR,DZA,1659.0
GBR,ECU,9489.0
GBR,EGY,3515.0
GBR,ERI,5301.0
GBR,ESH,2919.0
GBR,ESP,1263.0
GBR,EST,1789.0
GBR,ETH,5891.0
GBR,FIN,1826.0
GBR,FJI,16300.0
GBR,FLK,12657.0
GBR,FRA,344.0
GBR,FRO,1236.0
GBR,FSM,13207.0
GBR,GAB,5736.0
GBR,GEO,3550.0
GBR,GHA,4971.0
GBR,GIB,1757.0
GBR,GIN,4811.0
GBR,GLP,6673.0
GBR,GMB,4475.0
GBR,GNB,4614.0
GBR,GNQ,5580.0
GBR,GRC,2399.0
GBR,GRD,7015.0
GBR,GRL,3257.0
GBR,GTM,8778.0
GBR,GUF,7048.0
GBR,GUM,12049.0
GBR,GUY,7244.0
GBR,HKG,9644.0
GBR,HND,8595.0
GBR,HRV,1341.0
GBR,HTI,7189.0
GBR,HUN,1453.0
GBR,IDN,11719.0
GBR,IND,6720.0
GBR,IOT,9446.0
GBR,IRL,463.0
GBR,IRN,4408.0
GBR,IRQ,4098.0
GBR,ISL,1892.0
GBR,ISR,3561.0
GBR,ITA,1435.0
GBR,JAM,7544.0
GBR,JOR,3646.0
GBR,JPN,9582.0
GBR,KAZ,5616.0
GBR,KEN,6806.0
GBR,KGZ,5492.0
GBR,KHM,10027.0
GBR,KIR,14113.0
GBR,KNA,6631.0
GBR,KOR,8880.0
GBR,KWT,4649.0
GBR,LAO,9312.0
GBR,LBN,3460.0
GBR,LBR,5108.0
GBR,LBY,2335.0
GBR,LCA,6795.0
GBR,LIE,852.0
GBR,LKA,8714.0
GBR,LSO,9353.0
GBR,LTU,1728.0
GBR,LUX,491.0
GBR,LVA,1681.0
GBR,MAC,9614.0
GBR,MAR,2080.0
GBR,MCO,1033.0
GBR,MDA,2153.0
GBR,MDG,9072.0
GBR,MDV,8516.0
GBR,MEX,8943.0
GBR,MHL,13461.0
GBR,MKD,1946.0
GBR,MLI,4368.0
GBR,MLT,2089.0
GBR,MMR,8988.0
GBR,MNE,1778.0
GBR,MNG,6992.0
GBR,MNP,11911.0
GBR,MOZ,9155.0
GBR,MRT,3963.0
GBR,MSR,6638.0
GBR,MTQ,6749.0
GBR,MUS,9713.0
GBR,MWI,7961.0
GBR,MYS,10551.0
GBR,MYT,8356.0
GBR,NAM,8375.0
GBR,NCL,16561.0
GBR,NER,4219.0
GBR,NFK,17325.0
GBR,NGA,5006.0
GBR,NIC,8695.0
GBR,NIU,16295.0
GBR,NLD,358.0
GBR,NOR,1156.0
GBR,NPL,7347.0
GBR,NRU,14225.0
GBR,NZL,18329.0
GBR,OMN,5837.0
GBR,PAK,6320.0
GBR,PAN,8497.0
GBR,PCN,14712.0
GBR,PER,10160.0
GBR,PHL,10748.0
GBR,PLW,12185.0
GBR,PNG,14478.0
GBR,POL,1453.0
GBR,PRI,6764.0
GBR,PRK,8685.0
GBR,PRT,1586.0
GBR,PRY,10191.0
GBR,PSE,3588.0
GBR,PYF,15380.0
GBR,QAT,5212.0
GBR,REU,9670.0
GBR,ROU,2096.0
GBR,RUS,2509.0
GBR,RWA,6574.0
GBR,SAU,4947.0
GBR,SDN,4931.0
GBR,SEN,4367.0
GBR,SGP,10860.0
GBR,SHN,7491.0
GBR,SLB,15000.0
GBR,SLE,4919.0
GBR,SLV,8765.0
GBR,SMR,1262.0
GBR,SOM,6924.0
GBR,SPM,4022.0
GBR,SRB,1695.0
GBR,SSD,5946.0
GBR,STP,5708.0
GBR,SUR,7138.0
GBR,SVK,1291.0
GBR,SVN,1232.0
GBR,SWE,1436.0
GBR,SWZ,9148.0
GBR,SXM,6591.0
GBR,SYC,8137.0
GBR,SYR,3544.0
GBR,TCA,6864.0
GBR,TCD,4580.0
GBR,TGO,5032.0
GBR,THA,9547.0
GBR,TJK,5405.0
GBR,TKL,15263.0
GBR,TKM,4733.0
GBR,TLS,13168.0
GBR,TON,16607.0
GBR,TTO,7121.0
GBR,TUN,1824.0
GBR,TUR,2504.0
GBR,TUV,15237.0
GBR,TWN,9800.0
GBR,TZA,7476.0
GBR,UGA,6450.0
GBR,UKR,2140.0
GBR,URY,11015.0
GBR,USA,5585.0
GBR,UZB,5247.0
GBR,VAT,1433.0
GBR,VCT,6884.0
GBR,VEN,7498.0
GBR,VGB,6666.0
GBR,VNM,10213.0
GBR,VUT,16122.0
GBR,WLF,15749.0
GBR,WSM,15759.0
GBR,YEM,5610.0
GBR,ZAF,9039.0
GBR,ZMB,7909.0
GBR,ZWE,8258.0
GEO,ABW,11060.0
GEO,AFG,2268.0
GEO,AGO,6458.0
GEO,AIA,10087.0
GEO,ALB,2081.0
GEO,AND,3544.0
GEO,ARE,2062.0
GEO,ARG,13470.0
GEO,ARM,170.0
GEO,ASM,15443.0
GEO,ATG,10080.0
GEO,AUS,13417.0
GEO,AUT,2344.0
GEO,AZE,450.0
GEO,BDI,5232.0
GEO,BEL,3236.0
GEO,BEN,5726.0
GEO,BES,10957.0
GEO,BFA,5536.0
GEO,BGD,4648.0
GEO,BGR,1775.0
GEO,BHR,1796.0
GEO,BHS,10528.0
GEO,BIH,2171.0
GEO,BLR,1865.0
GEO,BLZ,11930.0
GEO,BMU,9110.0
GEO,BOL,13114.0
GEO,BRA,11829.0
GEO,BRB,10216.0
GEO,BRN,7999.0
GEO,BTN,4347.0
GEO,BWA,7600.0
GEO,CAF,4892.0
GEO,CAN,9035.0
GEO,CCK,7992.0
GEO,CHE,2928.0
GEO,CHL,14383.0
GEO,CHN,6741.0
GEO,CIV,6286.0
GEO,CMR,5343.0
GEO,COD,5910.0
GEO,COG,5905.0
GEO,COK,16781.0
GEO,COL,12003.0
GEO,COM,5914.0
GEO,CPV,7129.0
GEO,CRI,12282.0
GEO,CUB,11013.0
GEO,CUW,11011.0
GEO,CXR,8469.0
GEO,CYM,11287.0
GEO,CYP,1235.0
GEO,CZE,2516.0
GEO,DEU,2643.0
GEO,DJI,3340.0
GEO,DMA,10185.0
GEO,DNK,2800.0
GEO,DOM,10569.0
GEO,DZA,3614.0
GEO,ECU,12992.0
GEO,EGY,1779.0
GEO,ERI,2976.0
GEO,ESH,5465.0
GEO,ESP,4028.0
GEO,EST,2412.0
GEO,ETH,3669.0
GEO,FIN,2464.0
GEO,FJI,14919.0
GEO,FLK,14282.0
GEO,FRA,3380.0
GEO,FRO,4056.0
GEO,FSM,11389.0
GEO,GAB,5790.0
GEO,GBR,3550.0
GEO,GHA,5997.0
GEO,GIB,4334.0
GEO,GIN,6706.0
GEO,GLP,10157.0
GEO,GMB,6668.0
GEO,GNB,6695.0
GEO,GNQ,5635.0
GEO,GRC,1847.0
GEO,GRD,10463.0
GEO,GRL,6225.0
GEO,GTM,12278.0
GEO,GUF,10242.0
GEO,GUM,9829.0
GEO,GUY,10578.0
GEO,HKG,6713.0
GEO,HND,12120.0
GEO,HRV,2355.0
GEO,HTI,10738.0
GEO,HUN,2136.0
GEO,IDN,8216.0
GEO,IND,3258.0
GEO,IOT,6103.0
GEO,IRL,3963.0
GEO,IRN,878.0
GEO,IRQ,928.0
GEO,ISL,4832.0
GEO,ISR,1391.0
GEO,ITA,2673.0
GEO,JAM,11093.0
GEO,JOR,1339.0
GEO,JPN,7838.0
GEO,KAZ,2627.0
GEO,KEN,4828.0
GEO,KGZ,2445.0
GEO,KHM,6688.0
GEO,KIR,12961.0
GEO,KNA,10133.0
GEO,KOR,6788.0
GEO,KWT,1397.0
GEO,LAO,6040.0
GEO,LBN,1193.0
GEO,LBR,6729.0
GEO,LBY,2952.0
GEO,LCA,10254.0
GEO,LIE,2851.0
GEO,LKA,5173.0
GEO,LSO,8062.0
GEO,LTU,2036.0
GEO,LUX,3104.0
GEO,LVA,2251.0
GEO,MAC,6665.0
GEO,MAR,4643.0
GEO,MCO,3047.0
GEO,MDA,1400.0
GEO,MDG,6716.0
GEO,MDV,5041.0
GEO,MEX,12293.0
GEO,MHL,12361.0
GEO,MKD,1938.0
GEO,MLI,6022.0
GEO,MLT,2696.0
GEO,MMR,5595.0
GEO,MNE,2110.0
GEO,MNG,4824.0
GEO,MNP,9779.0
GEO,MOZ,7598.0
GEO,MRT,6284.0
GEO,MSR,10133.0
GEO,MTQ,10214.0
GEO,MUS,6971.0
GEO,MWI,6266.0
GEO,MYS,7073.0
GEO,MYT,6031.0
GEO,NAM,7667.0
GEO,NCL,14223.0
GEO,NER,5166.0
GEO,NFK,14768.0
GEO,NGA,5652.0
GEO,NIC,12233.0
GEO,NIU,15887.0
GEO,NLD,3210.0
GEO,NOR,3084.0
GEO,NPL,3976.0
GEO,NRU,12657.0
GEO,NZL,15730.0
GEO,OMN,2378.0
GEO,PAK,2770.0
GEO,PAN,12044.0
GEO,PCN,17984.0
GEO,PER,13527.0
GEO,PHL,7801.0
GEO,PLW,9444.0
GEO,PNG,11728.0
GEO,POL,2143.0
GEO,PRI,10294.0
GEO,PRK,6611.0
GEO,PRT,4531.0
GEO,PRY,12833.0
GEO,PSE,1460.0
GEO,PYF,16999.0
GEO,QAT,1918.0
GEO,REU,7014.0
GEO,ROU,1552.0
GEO,RUS,1649.0
GEO,RWA,5058.0
GEO,SAU,1894.0
GEO,SDN,3130.0
GEO,SEN,6642.0
GEO,SGP,7388.0
GEO,SHN,8225.0
GEO,SLB,12785.0
GEO,SLE,6755.0
GEO,SLV,12280.0
GEO,SMR,2643.0
GEO,SOM,4392.0
GEO,SPM,7496.0
GEO,SRB,2001.0
GEO,SSD,4289.0
GEO,STP,5965.0
GEO,SUR,10405.0
GEO,SVK,2289.0
GEO,SVN,2470.0
GEO,SWE,2695.0
GEO,SWZ,7661.0
GEO,SXM,10101.0
GEO,SYC,5240.0
GEO,SYR,1179.0
GEO,TCA,10414.0
GEO,TCD,4372.0
GEO,TGO,5835.0
GEO,THA,6173.0
GEO,TJK,2064.0
GEO,TKL,14988.0
GEO,TKM,1231.0
GEO,TLS,9877.0
GEO,TON,15640.0
GEO,TTO,10552.0
GEO,TUN,3020.0
GEO,TUR,1329.0
GEO,TUV,14233.0
GEO,TWN,7134.0
GEO,TZA,5402.0
GEO,UGA,4745.0
GEO,UKR,1469.0
GEO,URY,13310.0
GEO,USA,9000.0
GEO,UZB,2030.0
GEO,VAT,2675.0
GEO,VCT,10338.0
GEO,VEN,10983.0
GEO,VGB,10188.0
GEO,VNM,6891.0
GEO,VUT,14069.0
GEO,WLF,14963.0
GEO,WSM,15330.0
GEO,YEM,2920.0
GEO,ZAF,7714.0
GEO,ZMB,6548.0
GEO,ZWE,6741.0
GHA,ABW,7518.0
GHA,AFG,7835.0
GHA,AGO,2380.0
GHA,AIA,6770.0
GHA,ALB,4386.0
GHA,AND,3981.0
GHA,ARE,6380.0
GHA,ARG,7506.0
GHA,ARM,5897.0
GHA,ASM,18565.0
GHA,ATG,6637.0
GHA,AUS,15195.0
GHA,AUT,4907.0
GHA,AZE,6324.0
GHA,BDI,3619.0
GHA,BEL,4927.0
GHA,BEN,441.0
GHA,BES,7328.0
GHA,BFA,628.0
GHA,BGD,9926.0
GHA,BGR,4682.0
GHA,BHR,5931.0
GHA,BHS,8266.0
GHA,BIH,4556.0
GHA,BLR,5857.0
GHA,BLZ,9497.0
GHA,BMU,7099.0
GHA,BOL,7758.0
GHA,BRA,5926.0
GHA,BRB,6387.0
GHA,BRN,12872.0
GHA,BTN,9800.0
GHA,BWA,4576.0
GHA,CAF,2250.0
GHA,CAN,8518.0
GHA,CCK,11088.0
GHA,CHE,4610.0
GHA,CHL,8511.0
GHA,CHN,12666.0
GHA,CIV,305.0
GHA,CMR,1490.0
GHA,COD,2242.0
GHA,COG,2235.0
GHA,COK,17174.0
GHA,COL,8024.0
GHA,COM,5369.0
GHA,CPV,2558.0
GHA,CRI,9068.0
GHA,CUB,8783.0
GHA,CUW,7401.0
GHA,CXR,12038.0
GHA,CYM,8700.0
GHA,CYP,4768.0
GHA,CZE,5039.0
GHA,DEU,5265.0
GHA,DJI,4946.0
GHA,DMA,6582.0
GHA,DNK,5577.0
GHA,DOM,7494.0
GHA,DZA,3363.0
GHA,ECU,8752.0
GHA,EGY,4300.0
GHA,ERI,4526.0
GHA,ESH,2575.0
GHA,ESP,3742.0
GHA,EST,6265.0
GHA,ETH,4458.0
GHA,FIN,6340.0
GHA,FJI,18737.0
GHA,FLK,8380.0
GHA,FRA,4689.0
GHA,FRO,6153.0
GHA,FSM,17324.0
GHA,GAB,1414.0
GHA,GBR,4971.0
GHA,GEO,5997.0
GHA,GIB,3284.0
GHA,GIN,1363.0
GHA,GLP,6620.0
GHA,GMB,1811.0
GHA,GNB,1638.0
GHA,GNQ,1372.0
GHA,GRC,4307.0
GHA,GRD,6619.0
GHA,GRL,7502.0
GHA,GTM,9715.0
GHA,GUF,5617.0
GHA,GUM,15694.0
GHA,GUY,6246.0
GHA,HKG,12341.0
GHA,HND,9364.0
GHA,HRV,4656.0
GHA,HTI,7751.0
GHA,HUN,4932.0
GHA,IDN,12131.0
GHA,IND,8573.0
GHA,IOT,8363.0
GHA,IRL,5189.0
GHA,IRN,6276.0
GHA,IRQ,5581.0
GHA,ISL,6577.0
GHA,ISR,4705.0
GHA,ITA,4142.0
GHA,JAM,8224.0
GHA,JOR,4796.0
GHA,JPN,13822.0
GHA,KAZ,8575.0
GHA,KEN,4361.0
GHA,KGZ,8384.0
GHA,KHM,11655.0
GHA,KIR,18944.0
GHA,KNA,6731.0
GHA,KOR,12784.0
GHA,KWT,5765.0
GHA,LAO,11279.0
GHA,LBN,4861.0
GHA,LBR,1015.0
GHA,LBY,3279.0
GHA,LCA,6537.0
GHA,LIE,4608.0
GHA,LKA,8993.0
GHA,LSO,5058.0
GHA,LTU,5841.0
GHA,LUX,4813.0
GHA,LVA,6010.0
GHA,MAC,12280.0
GHA,MAR,3042.0
GHA,MCO,4199.0
GHA,MDA,5330.0
GHA,MDG,6090.0
GHA,MDV,8324.0
GHA,MEX,10554.0
GHA,MHL,18300.0
GHA,MKD,4526.0
GHA,MLI,961.0
GHA,MLT,3630.0
GHA,MMR,10626.0
GHA,MNE,4463.0
GHA,MNG,10815.0
GHA,MNP,15689.0
GHA,MOZ,5159.0
GHA,MRT,2004.0
GHA,MSR,6674.0
GHA,MTQ,6547.0
GHA,MUS,7117.0
GHA,MWI,4530.0
GHA,MYS,11446.0
GHA,MYT,5612.0
GHA,NAM,3824.0
GHA,NCL,17867.0
GHA,NER,859.0
GHA,NFK,17301.0
GHA,NGA,556.0
GHA,NIC,9281.0
GHA,NIU,18153.0
GHA,NLD,5100.0
GHA,NOR,5997.0
GHA,NPL,9373.0
GHA,NRU,18586.0
GHA,NZL,16642.0
GHA,OMN,6687.0
GHA,PAK,7558.0
GHA,PAN,8579.0
GHA,PCN,14029.0
GHA,PER,8598.0
GHA,PHL,13275.0
GHA,PLW,14919.0
GHA,PNG,16586.0
GHA,POL,5458.0
GHA,PRI,7093.0
GHA,PRK,12608.0
GHA,PRT,3627.0
GHA,PRY,7016.0
GHA,PSE,4648.0
GHA,PYF,16350.0
GHA,QAT,5994.0
GHA,REU,6941.0
GHA,ROU,4974.0
GHA,RUS,6447.0
GHA,RWA,3648.0
GHA,SAU,5515.0
GHA,SDN,3852.0
GHA,SEN,1942.0
GHA,SGP,11712.0
GHA,SHN,2543.0
GHA,SLB,17983.0
GHA,SLE,1296.0
GHA,SLV,9581.0
GHA,SMR,4349.0
GHA,SOM,5236.0
GHA,SPM,6820.0
GHA,SRB,4737.0
GHA,SSD,3683.0
GHA,STP,1163.0
GHA,SUR,5923.0
GHA,SVK,4926.0
GHA,SVN,4630.0
GHA,SWE,6076.0
GHA,SWZ,5084.0
GHA,SXM,6768.0
GHA,SYC,6464.0
GHA,SYR,4907.0
GHA,TCA,7628.0
GHA,TCD,1926.0
GHA,TGO,320.0
GHA,THA,11144.0
GHA,TJK,7848.0
GHA,TKL,18853.0
GHA,TKM,6941.0
GHA,TLS,14210.0
GHA,TON,18267.0
GHA,TTO,6597.0
GHA,TUN,3545.0
GHA,TUR,4863.0
GHA,TUV,19786.0
GHA,TWN,12940.0
GHA,TZA,4781.0
GHA,UGA,3863.0
GHA,UKR,5694.0
GHA,URY,7334.0
GHA,USA,8044.0
GHA,UZB,7923.0
GHA,VAT,4142.0
GHA,VCT,6562.0
GHA,VEN,7184.0
GHA,VGB,6936.0
GHA,VNM,11859.0
GHA,VUT,18379.0
GHA,WLF,19074.0
GHA,WSM,18687.0
GHA,YEM,5089.0
GHA,ZAF,4849.0
GHA,ZMB,4105.0
GHA,ZWE,4500.0
GIB,ABW,6932.0
GIB,AFG,6599.0
GIB,AGO,5346.0
GIB,AIA,5961.0
GIB,ALB,2254.0
GIB,AND,921.0
GIB,ARE,5842.0
GIB,ARG,9572.0
GIB,ARM,4336.0
GIB,ASM,17182.0
GIB,ATG,5917.0
GIB,AUS,17386.0
GIB,AUT,2227.0
GIB,AZE,4779.0
GIB,BDI,5671.0
GIB,BEL,1809.0
GIB,BEN,3381.0
GIB,BES,6797.0
GIB,BFA,2662.0
GIB,BGD,8981.0
GIB,BGR,2560.0
GIB,BHR,5371.0
GIB,BHS,6859.0
GIB,BIH,2188.0
GIB,BLR,3212.0
GIB,BLZ,8322.0
GIB,BMU,5407.0
GIB,BOL,8802.0
GIB,BRA,7906.0
GIB,BRB,5967.0
GIB,BRN,12333.0
GIB,BTN,8679.0
GIB,BWA,7489.0
GIB,CAF,4288.0
GIB,CAN,6175.0
GIB,CCK,11890.0
GIB,CHE,1692.0
GIB,CHL,10266.0
GIB,CHN,10719.0
GIB,CIV,3413.0
GIB,CMR,3971.0
GIB,COD,4971.0
GIB,COG,4963.0
GIB,COK,17039.0
GIB,COL,7804.0
GIB,COM,7351.0
GIB,CPV,2965.0
GIB,CRI,8359.0
GIB,CUB,7410.0
GIB,CUW,6860.0
GIB,CXR,12576.0
GIB,CYM,7543.0
GIB,CYP,3485.0
GIB,CZE,2221.0
GIB,DEU,2342.0
GIB,DJI,5563.0
GIB,DMA,5986.0
GIB,DNK,2561.0
GIB,DOM,6561.0
GIB,DZA,755.0
GIB,ECU,8773.0
GIB,EGY,3461.0
GIB,ERI,4949.0
GIB,ESH,1243.0
GIB,ESP,496.0
GIB,EST,3377.0
GIB,ETH,5370.0
GIB,FIN,3434.0
GIB,FJI,17975.0
GIB,FLK,10991.0
GIB,FRA,1545.0
GIB,FRO,2878.0
GIB,FSM,14938.0
GIB,GAB,4244.0
GIB,GBR,1757.0
GIB,GEO,4334.0
GIB,GHA,3284.0
GIB,GIN,3060.0
GIB,GLP,5974.0
GIB,GMB,2757.0
GIB,GNB,2880.0
GIB,GNQ,4103.0
GIB,GRC,2586.0
GIB,GRD,6223.0
GIB,GRL,4379.0
GIB,GTM,8642.0
GIB,GUF,5908.0
GIB,GUM,13683.0
GIB,GUY,6262.0
GIB,HKG,10952.0
GIB,HND,8379.0
GIB,HRV,2082.0
GIB,HTI,6777.0
GIB,HUN,2371.0
GIB,IDN,12409.0
GIB,IND,7577.0
GIB,IOT,9396.0
GIB,IRL,1911.0
GIB,IRN,5048.0
GIB,IRQ,4517.0
GIB,ISL,3307.0
GIB,ISR,3704.0
GIB,ITA,1667.0
GIB,JAM,7209.0
GIB,JOR,3813.0
GIB,JPN,11271.0
GIB,KAZ,6810.0
GIB,KEN,6017.0
GIB,KGZ,6654.0
GIB,KHM,11018.0
GIB,KIR,15852.0
GIB,KNA,5986.0
GIB,KOR,10486.0
GIB,KWT,4992.0
GIB,LAO,10373.0
GIB,LBN,3708.0
GIB,LBR,3351.0
GIB,LBY,1738.0
GIB,LCA,6032.0
GIB,LIE,1734.0
GIB,LKA,9132.0
GIB,LSO,8020.0
GIB,LTU,3118.0
GIB,LUX,1761.0
GIB,LVA,3185.0
GIB,MAC,10911.0
GIB,MAR,351.0
GIB,MCO,1376.0
GIB,MDA,3067.0
GIB,MDG,8252.0
GIB,MDV,8739.0
GIB,MEX,9089.0
GIB,MHL,15206.0
GIB,MKD,2396.0
GIB,MLI,2616.0
GIB,MLT,1788.0
GIB,MMR,9918.0
GIB,MNE,2226.0
GIB,MNG,8531.0
GIB,MNP,13564.0
GIB,MOZ,7939.0
GIB,MRT,2258.0
GIB,MSR,5969.0
GIB,MTQ,6001.0
GIB,MUS,9083.0
GIB,MWI,6906.0
GIB,MYS,11326.0
GIB,MYT,7583.0
GIB,NAM,6913.0
GIB,NCL,18280.0
GIB,NER,2616.0
GIB,NFK,19009.0
GIB,NGA,3407.0
GIB,NIC,8415.0
GIB,NIU,17591.0
GIB,NLD,1976.0
GIB,NOR,2885.0
GIB,NPL,8310.0
GIB,NRU,15982.0
GIB,NZL,19923.0
GIB,OMN,6221.0
GIB,PAK,6907.0
GIB,PAN,8007.0
GIB,PCN,14465.0
GIB,PER,9202.0
GIB,PHL,12061.0
GIB,PLW,13630.0
GIB,PNG,15960.0
GIB,POL,2736.0
GIB,PRI,6221.0
GIB,PRK,10291.0
GIB,PRT,440.0
GIB,PRY,8741.0
GIB,PSE,3695.0
GIB,PYF,15946.0
GIB,QAT,5492.0
GIB,REU,8984.0
GIB,ROU,2808.0
GIB,RUS,3889.0
GIB,RWA,5591.0
GIB,SAU,5099.0
GIB,SDN,4388.0
GIB,SEN,2664.0
GIB,SGP,11642.0
GIB,SHN,5765.0
GIB,SLB,16698.0
GIB,SLE,3166.0
GIB,SLV,8580.0
GIB,SMR,1743.0
GIB,SOM,6429.0
GIB,SPM,4327.0
GIB,SRB,2378.0
GIB,SSD,5124.0
GIB,STP,4157.0
GIB,SUR,6075.0
GIB,SVK,2272.0
GIB,SVN,1990.0
GIB,SWE,3084.0
GIB,SWZ,7904.0
GIB,SXM,5971.0
GIB,SYC,7758.0
GIB,SYR,3793.0
GIB,TCA,6504.0
GIB,TCD,3358.0
GIB,TGO,3390.0
GIB,THA,10498.0
GIB,TJK,6387.0
GIB,TKL,16719.0
GIB,TKM,5558.0
GIB,TLS,14202.0
GIB,TON,18077.0
GIB,TTO,6293.0
GIB,TUN,1391.0
GIB,TUR,3017.0
GIB,TUV,16910.0
GIB,TWN,11240.0
GIB,TZA,6656.0
GIB,UGA,5573.0
GIB,UKR,3272.0
GIB,URY,9461.0
GIB,USA,5861.0
GIB,UZB,6308.0
GIB,VAT,1665.0
GIB,VCT,6106.0
GIB,VEN,6779.0
GIB,VGB,6090.0
GIB,VNM,11223.0
GIB,VUT,17873.0
GIB,WLF,17313.0
GIB,WSM,17191.0
GIB,YEM,5409.0
GIB,ZAF,7741.0
GIB,ZMB,6715.0
GIB,ZWE,7098.0
GIN,ABW,6158.0
GIN,AFG,8761.0
GIN,AGO,3609.0
GIN,AIA,5409.0
GIN,ALB,4812.0
GIN,AND,3938.0
GIN,ARE,7455.0
GIN,ARG,6792.0
GIN,ARM,6639.0
GIN,ASM,17483.0
GIN,ATG,5275.0
GIN,AUS,16220.0
GIN,AUT,5122.0
GIN,AZE,7091.0
GIN,BDI,4981.0
GIN,BEL,4865.0
GIN,BEN,1797.0
GIN,BES,5969.0
GIN,BFA,1359.0
GIN,BGD,10996.0
GIN,BGR,5136.0
GIN,BHR,6983.0
GIN,BHS,6924.0
GIN,BIH,4896.0
GIN,BLR,6127.0
GIN,BLZ,8135.0
GIN,BMU,5815.0
GIN,BOL,6658.0
GIN,BRA,5130.0
GIN,BRB,5027.0
GIN,BRN,14111.0
GIN,BTN,10816.0
GIN,BWA,5725.0
GIN,CAF,3603.0
GIN,CAN,7337.0
GIN,CCK,12449.0
GIN,CHE,4681.0
GIN,CHL,7678.0
GIN,CHN,13441.0
GIN,CIV,1160.0
GIN,CMR,2851.0
GIN,COD,3561.0
GIN,COG,3555.0
GIN,COK,16183.0
GIN,COL,6691.0
GIN,COM,6721.0
GIN,CPV,1225.0
GIN,CRI,7712.0
GIN,CUB,7434.0
GIN,CUW,6042.0
GIN,CXR,13393.0
GIN,CYM,7341.0
GIN,CYP,5539.0
GIN,CZE,5184.0
GIN,DEU,5353.0
GIN,DJI,6209.0
GIN,DMA,5219.0
GIN,DNK,5605.0
GIN,DOM,6133.0
GIN,DZA,3449.0
GIN,ECU,7458.0
GIN,EGY,5175.0
GIN,ERI,5739.0
GIN,ESH,1947.0
GIN,ESP,3556.0
GIN,EST,6396.0
GIN,ETH,5751.0
GIN,FIN,6459.0
GIN,FJI,18411.0
GIN,FLK,7998.0
GIN,FRA,4603.0
GIN,FRO,5846.0
GIN,FSM,17973.0
GIN,GAB,2753.0
GIN,GBR,4811.0
GIN,GEO,6706.0
GIN,GHA,1363.0
GIN,GIB,3060.0
GIN,GLP,5257.0
GIN,GMB,542.0
GIN,GNB,331.0
GIN,GNQ,2728.0
GIN,GRC,4884.0
GIN,GRD,5261.0
GIN,GRL,6755.0
GIN,GTM,8352.0
GIN,GUF,4300.0
GIN,GUM,16527.0
GIN,GUY,4911.0
GIN,HKG,13335.0
GIN,HND,8002.0
GIN,HRV,4909.0
GIN,HTI,6390.0
GIN,HUN,5208.0
GIN,IDN,13471.0
GIN,IND,9594.0
GIN,IOT,9720.0
GIN,IRL,4899.0
GIN,IRN,7148.0
GIN,IRQ,6473.0
GIN,ISL,6091.0
GIN,ISR,5562.0
GIN,ITA,4400.0
GIN,JAM,6862.0
GIN,JOR,5665.0
GIN,JPN,14272.0
GIN,KAZ,9334.0
GIN,KEN,5721.0
GIN,KGZ,9151.0
GIN,KHM,12845.0
GIN,KIR,18601.0
GIN,KNA,5369.0
GIN,KOR,13379.0
GIN,KWT,6751.0
GIN,LAO,12393.0
GIN,LBN,5681.0
GIN,LBR,479.0
GIN,LBY,3774.0
GIN,LCA,5175.0
GIN,LIE,4704.0
GIN,LKA,10272.0
GIN,LSO,6162.0
GIN,LTU,6066.0
GIN,LUX,4803.0
GIN,LVA,6178.0
GIN,MAC,13279.0
GIN,MAR,2731.0
GIN,MCO,4300.0
GIN,MDA,5764.0
GIN,MDG,7416.0
GIN,MDV,9630.0
GIN,MEX,9199.0
GIN,MHL,18082.0
GIN,MKD,4964.0
GIN,MLI,705.0
GIN,MLT,4077.0
GIN,MMR,11775.0
GIN,MNE,4852.0
GIN,MNG,11383.0
GIN,MNP,16457.0
GIN,MOZ,6352.0
GIN,MRT,975.0
GIN,MSR,5312.0
GIN,MTQ,5184.0
GIN,MUS,8453.0
GIN,MWI,5850.0
GIN,MYS,12729.0
GIN,MYT,6962.0
GIN,NAM,4885.0
GIN,NCL,18598.0
GIN,NER,1773.0
GIN,NFK,17839.0
GIN,NGA,1910.0
GIN,NIC,7921.0
GIN,NIU,17268.0
GIN,NLD,5034.0
GIN,NOR,5945.0
GIN,NPL,10395.0
GIN,NRU,19002.0
GIN,NZL,16866.0
GIN,OMN,7791.0
GIN,PAK,8643.0
GIN,PAN,7226.0
GIN,PCN,12945.0
GIN,PER,7407.0
GIN,PHL,14353.0
GIN,PLW,16031.0
GIN,PNG,17932.0
GIN,POL,5672.0
GIN,PRI,5732.0
GIN,PRK,13189.0
GIN,PRT,3260.0
GIN,PRY,6133.0
GIN,PSE,5516.0
GIN,PYF,15194.0
GIN,QAT,7064.0
GIN,REU,8271.0
GIN,ROU,5430.0
GIN,RUS,6781.0
GIN,RWA,5010.0
GIN,SAU,6586.0
GIN,SDN,5052.0
GIN,SEN,701.0
GIN,SGP,13006.0
GIN,SHN,2954.0
GIN,SLB,19333.0
GIN,SLE,129.0
GIN,SLV,8219.0
GIN,SMR,4566.0
GIN,SOM,6578.0
GIN,SPM,5752.0
GIN,SRB,5094.0
GIN,SSD,5019.0
GIN,STP,2477.0
GIN,SUR,4596.0
GIN,SVK,5155.0
GIN,SVN,4850.0
GIN,SWE,6128.0
GIN,SWZ,6261.0
GIN,SXM,5407.0
GIN,SYC,7823.0
GIN,SYR,5743.0
GIN,TCA,6274.0
GIN,TCD,3148.0
GIN,TGO,1682.0
GIN,THA,12320.0
GIN,TJK,8699.0
GIN,TKL,17577.0
GIN,TKM,7789.0
GIN,TLS,15554.0
GIN,TON,17672.0
GIN,TTO,5243.0
GIN,TUN,3855.0
GIN,TUR,5440.0
GIN,TUV,18619.0
GIN,TWN,13831.0
GIN,TZA,6142.0
GIN,UGA,5222.0
GIN,UKR,6072.0
GIN,URY,6647.0
GIN,USA,6834.0
GIN,UZB,8721.0
GIN,VAT,4399.0
GIN,VCT,5201.0
GIN,VEN,5830.0
GIN,VGB,5575.0
GIN,VNM,13054.0
GIN,VUT,19078.0
GIN,WLF,18085.0
GIN,WSM,17604.0
GIN,YEM,6305.0
GIN,ZAF,6000.0
GIN,ZMB,5386.0
GIN,ZWE,5773.0
GLP,ABW,975.0
GLP,AFG,12387.0
GLP,AGO,8702.0
GLP,AIA,284.0
GLP,ALB,8156.0
GLP,AND,6639.0
GLP,ARE,11815.0
GLP,ARG,5611.0
GLP,ARM,10198.0
GLP,ASM,12437.0
GLP,ATG,124.0
GLP,AUS,16455.0
GLP,AUT,7822.0
GLP,AZE,10605.0
GLP,BDI,10237.0
GLP,BEL,6968.0
GLP,BEN,7053.0
GLP,BES,825.0
GLP,BFA,6488.0
GLP,BGD,14677.0
GLP,BGR,8423.0
GLP,BHR,11343.0
GLP,BHS,1910.0
GLP,BIH,8007.0
GLP,BLR,8540.0
GLP,BLZ,2886.0
GLP,BMU,1831.0
GLP,BOL,3663.0
GLP,BRA,4673.0
GLP,BRB,393.0
GLP,BRN,17660.0
GLP,BTN,14297.0
GLP,BWA,10512.0
GLP,CAF,8846.0
GLP,CAN,3498.0
GLP,CCK,17681.0
GLP,CHE,7232.0
GLP,CHL,5554.0
GLP,CHN,14768.0
GLP,CIV,6402.0
GLP,CMR,8107.0
GLP,COD,8769.0
GLP,COG,8764.0
GLP,COK,11458.0
GLP,COL,1847.0
GLP,COM,11952.0
GLP,CPV,4097.0
GLP,CRI,2515.0
GLP,CUB,2303.0
GLP,CUW,889.0
GLP,CXR,18532.0
GLP,CYM,2115.0
GLP,CYP,9454.0
GLP,CZE,7675.0
GLP,DEU,7608.0
GLP,DJI,11216.0
GLP,DMA,85.0
GLP,DNK,7569.0
GLP,DOM,912.0
GLP,DZA,6729.0
GLP,ECU,2835.0
GLP,EGY,9415.0
GLP,ERI,10651.0
GLP,ESH,5142.0
GLP,ESP,6178.0
GLP,EST,8291.0
GLP,ETH,10847.0
GLP,FIN,8294.0
GLP,FJI,13653.0
GLP,FLK,7509.0
GLP,FRA,6793.0
GLP,FRO,6654.0
GLP,FSM,14955.0
GLP,GAB,7993.0
GLP,GBR,6673.0
GLP,GEO,10157.0
GLP,GHA,6620.0
GLP,GIB,5974.0
GLP,GIN,5257.0
GLP,GMB,4850.0
GLP,GNB,4996.0
GLP,GNQ,7981.0
GLP,GRC,8545.0
GLP,GRD,436.0
GLP,GRL,5405.0
GLP,GTM,3095.0
GLP,GUF,1597.0
GLP,GUM,15646.0
GLP,GUY,1089.0
GLP,HKG,15747.0
GLP,HND,2747.0
GLP,HRV,7804.0
GLP,HTI,1162.0
GLP,HUN,8026.0
GLP,IDN,18370.0
GLP,IND,13389.0
GLP,IOT,14950.0
GLP,IRL,6326.0
GLP,IRN,10957.0
GLP,IRQ,10479.0
GLP,ISL,6140.0
GLP,ISR,9677.0
GLP,ITA,7541.0
GLP,JAM,1619.0
GLP,JOR,9786.0
GLP,JPN,13858.0
GLP,KAZ,12212.0
GLP,KEN,10971.0
GLP,KGZ,12113.0
GLP,KHM,16625.0
GLP,KIR,13724.0
GLP,KNA,179.0
GLP,KOR,14006.0
GLP,KWT,10965.0
GLP,LAO,15878.0
GLP,LBN,9680.0
GLP,LBR,5651.0
GLP,LBY,7673.0
GLP,LCA,234.0
GLP,LIE,7307.0
GLP,LKA,15092.0
GLP,LSO,10795.0
GLP,LTU,8380.0
GLP,LUX,7077.0
GLP,LVA,8279.0
GLP,MAC,15748.0
GLP,MAR,5737.0
GLP,MCO,7127.0
GLP,MDA,8769.0
GLP,MDG,12563.0
GLP,MDV,14621.0
GLP,MEX,3980.0
GLP,MHL,13647.0
GLP,MKD,8279.0
GLP,MLI,5793.0
GLP,MLT,7761.0
GLP,MMR,15648.0
GLP,MNE,8096.0
GLP,MNG,12837.0
GLP,MNP,15431.0
GLP,MOZ,11187.0
GLP,MRT,4864.0
GLP,MSR,102.0
GLP,MTQ,169.0
GLP,MUS,13617.0
GLP,MWI,11013.0
GLP,MYS,17222.0
GLP,MYT,12188.0
GLP,NAM,9583.0
GLP,NCL,14937.0
GLP,NER,6852.0
GLP,NFK,14757.0
GLP,NGA,7164.0
GLP,NIC,2681.0
GLP,NIU,12455.0
GLP,NLD,7030.0
GLP,NOR,7504.0
GLP,NPL,14014.0
GLP,NRU,14429.0
GLP,NZL,14031.0
GLP,OMN,12195.0
GLP,PAK,12859.0
GLP,PAN,2082.0
GLP,PCN,8498.0
GLP,PER,3530.0
GLP,PHL,16606.0
GLP,PLW,16875.0
GLP,PNG,16816.0
GLP,POL,8126.0
GLP,PRI,540.0
GLP,PRK,13863.0
GLP,PRT,5686.0
GLP,PRY,4590.0
GLP,PSE,9666.0
GLP,PYF,10320.0
GLP,QAT,11463.0
GLP,REU,13414.0
GLP,ROU,8612.0
GLP,RUS,9124.0
GLP,RWA,10267.0
GLP,SAU,11054.0
GLP,SDN,9988.0
GLP,SEN,4748.0
GLP,SGP,17533.0
GLP,SHN,7094.0
GLP,SLB,15459.0
GLP,SLE,5330.0
GLP,SLV,2965.0
GLP,SMR,7532.0
GLP,SOM,11776.0
GLP,SPM,3451.0
GLP,SRB,8163.0
GLP,SSD,10223.0
GLP,STP,7704.0
GLP,SUR,1330.0
GLP,SVK,7877.0
GLP,SVN,7689.0
GLP,SWE,7912.0
GLP,SWZ,11066.0
GLP,SXM,265.0
GLP,SYC,13064.0
GLP,SYR,9766.0
GLP,TCA,1162.0
GLP,TCD,8257.0
GLP,TGO,6939.0
GLP,THA,16189.0
GLP,TJK,12078.0
GLP,TKL,12377.0
GLP,TKM,11377.0
GLP,TLS,18876.0
GLP,TON,13036.0
GLP,TTO,590.0
GLP,TUN,7365.0
GLP,TUR,8916.0
GLP,TUV,13376.0
GLP,TWN,15454.0
GLP,TZA,11396.0
GLP,UGA,10469.0
GLP,UKR,8810.0
GLP,URY,5656.0
GLP,USA,2985.0
GLP,UZB,11910.0
GLP,VAT,7539.0
GLP,VCT,319.0
GLP,VEN,827.0
GLP,VGB,408.0
GLP,VNM,16786.0
GLP,VUT,14713.0
GLP,WLF,12995.0
GLP,WSM,12540.0
GLP,YEM,11185.0
GLP,ZAF,10763.0
GLP,ZMB,10480.0
GLP,ZWE,10835.0
GMB,ABW,5777.0
GMB,AFG,8802.0
GMB,AGO,4124.0
GMB,AIA,4984.0
GMB,ALB,4691.0
GMB,AND,3666.0
GMB,ARE,7594.0
GMB,ARG,6908.0
GMB,ARM,6617.0
GMB,ASM,17227.0
GMB,ATG,4858.0
GMB,AUS,16758.0
GMB,AUT,4912.0
GMB,AZE,7073.0
GMB,BDI,5416.0
GMB,BEL,4562.0
GMB,BEN,2225.0
GMB,BES,5592.0
GMB,BFA,1647.0
GMB,BGD,11098.0
GMB,BGR,5019.0
GMB,BHR,7114.0
GMB,BHS,6455.0
GMB,BIH,4740.0
GMB,BLR,5917.0
GMB,BLZ,7708.0
GMB,BMU,5305.0
GMB,BOL,6559.0
GMB,BRA,5234.0
GMB,BRB,4647.0
GMB,BRN,14313.0
GMB,BTN,10886.0
GMB,BWA,6259.0
GMB,CAF,3998.0
GMB,CAN,6802.0
GMB,CCK,12838.0
GMB,CHE,4428.0
GMB,CHL,7725.0
GMB,CHN,13351.0
GMB,CIV,1653.0
GMB,CMR,3275.0
GMB,COD,4045.0
GMB,COG,4039.0
GMB,COK,16025.0
GMB,COL,6373.0
GMB,COM,7177.0
GMB,CPV,755.0
GMB,CRI,7337.0
GMB,CUB,6975.0
GMB,CUW,5665.0
GMB,CXR,13761.0
GMB,CYM,6905.0
GMB,CYP,5549.0
GMB,CZE,4947.0
GMB,DEU,5091.0
GMB,DJI,6490.0
GMB,DMA,4818.0
GMB,DNK,5318.0
GMB,DOM,5706.0
GMB,DZA,3244.0
GMB,ECU,7188.0
GMB,EGY,5242.0
GMB,ERI,5985.0
GMB,ESH,1559.0
GMB,ESP,3245.0
GMB,EST,6131.0
GMB,ETH,6061.0
GMB,FIN,6190.0
GMB,FJI,18332.0
GMB,FLK,8238.0
GMB,FRA,4298.0
GMB,FRO,5448.0
GMB,FSM,17682.0
GMB,GAB,3223.0
GMB,GBR,4475.0
GMB,GEO,6668.0
GMB,GHA,1811.0
GMB,GIB,2757.0
GMB,GIN,542.0
GMB,GLP,4850.0
GMB,GNB,211.0
GMB,GNQ,3182.0
GMB,GRC,4824.0
GMB,GRD,4890.0
GMB,GRL,6245.0
GMB,GTM,7940.0
GMB,GUF,4025.0
GMB,GUM,16400.0
GMB,GUY,4599.0
GMB,HKG,13365.0
GMB,HND,7595.0
GMB,HRV,4719.0
GMB,HTI,5962.0
GMB,HUN,5019.0
GMB,IDN,13801.0
GMB,IND,9679.0
GMB,IOT,10104.0
GMB,IRL,4519.0
GMB,IRN,7181.0
GMB,IRQ,6524.0
GMB,ISL,5642.0
GMB,ISR,5613.0
GMB,ITA,4226.0
GMB,JAM,6436.0
GMB,JOR,5719.0
GMB,JPN,14028.0
GMB,KAZ,9284.0
GMB,KEN,6123.0
GMB,KGZ,9107.0
GMB,KHM,13015.0
GMB,KIR,18062.0
GMB,KNA,4951.0
GMB,KOR,13207.0
GMB,KWT,6849.0
GMB,LAO,12512.0
GMB,LBN,5711.0
GMB,LBR,1021.0
GMB,LBY,3716.0
GMB,LCA,4786.0
GMB,LIE,4461.0
GMB,LKA,10541.0
GMB,LSO,6700.0
GMB,LTU,5841.0
GMB,LUX,4518.0
GMB,LVA,5931.0
GMB,MAC,13313.0
GMB,MAR,2412.0
GMB,MCO,4069.0
GMB,MDA,5626.0
GMB,MDG,7899.0
GMB,MDV,9931.0
GMB,MEX,8751.0
GMB,MHL,17568.0
GMB,MKD,4845.0
GMB,MLI,946.0
GMB,MLT,3987.0
GMB,MMR,11924.0
GMB,MNE,4716.0
GMB,MNG,11226.0
GMB,MNP,16299.0
GMB,MOZ,6880.0
GMB,MRT,518.0
GMB,MSR,4898.0
GMB,MTQ,4790.0
GMB,MUS,8928.0
GMB,MWI,6336.0
GMB,MYS,12986.0
GMB,MYT,7420.0
GMB,NAM,5425.0
GMB,NCL,18975.0
GMB,NER,2034.0
GMB,NFK,18212.0
GMB,NGA,2332.0
GMB,NIC,7528.0
GMB,NIU,17110.0
GMB,NLD,4726.0
GMB,NOR,5625.0
GMB,NPL,10474.0
GMB,NRU,18523.0
GMB,NZL,17175.0
GMB,OMN,7945.0
GMB,PAK,8777.0
GMB,PAN,6863.0
GMB,PCN,12796.0
GMB,PER,7233.0
GMB,PHL,14424.0
GMB,PLW,16094.0
GMB,PNG,18219.0
GMB,POL,5451.0
GMB,PRI,5305.0
GMB,PRK,13014.0
GMB,PRT,2896.0
GMB,PRY,6174.0
GMB,PSE,5573.0
GMB,PYF,14971.0
GMB,QAT,7204.0
GMB,REU,8751.0
GMB,ROU,5307.0
GMB,RUS,6585.0
GMB,RWA,5433.0
GMB,SAU,6732.0
GMB,SDN,5299.0
GMB,SEN,160.0
GMB,SGP,13275.0
GMB,SHN,3467.0
GMB,SLB,19439.0
GMB,SLE,666.0
GMB,SLV,7814.0
GMB,SMR,4371.0
GMB,SOM,6938.0
GMB,SPM,5211.0
GMB,SRB,4939.0
GMB,SSD,5380.0
GMB,STP,2961.0
GMB,SUR,4301.0
GMB,SVK,4949.0
GMB,SVN,4648.0
GMB,SWE,5841.0
GMB,SWZ,6792.0
GMB,SXM,4983.0
GMB,SYC,8214.0
GMB,SYR,5779.0
GMB,TCA,5825.0
GMB,TCD,3445.0
GMB,TGO,2122.0
GMB,THA,12484.0
GMB,TJK,8701.0
GMB,TKL,17225.0
GMB,TKM,7801.0
GMB,TLS,15879.0
GMB,TON,17597.0
GMB,TTO,4885.0
GMB,TUN,3719.0
GMB,TUR,5366.0
GMB,TUV,18215.0
GMB,TWN,13796.0
GMB,TZA,6578.0
GMB,UGA,5620.0
GMB,UKR,5905.0
GMB,URY,6778.0
GMB,USA,6303.0
GMB,UZB,8697.0
GMB,VAT,4225.0
GMB,VCT,4820.0
GMB,VEN,5469.0
GMB,VGB,5148.0
GMB,VNM,13226.0
GMB,VUT,19305.0
GMB,WLF,17815.0
GMB,WSM,17341.0
GMB,YEM,6548.0
GMB,ZAF,6533.0
GMB,ZMB,5890.0
GMB,ZWE,6281.0
GNB,ABW,5913.0
GNB,AFG,8800.0
GNB,AGO,3927.0
GNB,AIA,5138.0
GNB,ALB,4747.0
GNB,AND,3779.0
GNB,ARE,7553.0
GNB,ARG,6845.0
GNB,ARM,6637.0
GNB,ASM,17324.0
GNB,ATG,5008.0
GNB,AUS,16547.0
GNB,AUT,5003.0
GNB,AZE,7093.0
GNB,BDI,5254.0
GNB,BEL,4688.0
GNB,BEN,2061.0
GNB,BES,5726.0
GNB,BFA,1531.0
GNB,BGD,11074.0
GNB,BGR,5074.0
GNB,BHR,7075.0
GNB,BHS,6630.0
GNB,BIH,4810.0
GNB,BLR,6009.0
GNB,BLZ,7864.0
GNB,BMU,5498.0
GNB,BOL,6580.0
GNB,BRA,5174.0
GNB,BRB,4781.0
GNB,BRN,14252.0
GNB,BTN,10874.0
GNB,BWA,6053.0
GNB,CAF,3851.0
GNB,CAN,7008.0
GNB,CCK,12698.0
GNB,CHE,4535.0
GNB,CHL,7690.0
GNB,CHN,13404.0
GNB,CIV,1463.0
GNB,CMR,3115.0
GNB,COD,3862.0
GNB,COG,3856.0
GNB,COK,16079.0
GNB,COL,6482.0
GNB,COM,7007.0
GNB,CPV,921.0
GNB,CRI,7471.0
GNB,CUB,7145.0
GNB,CUW,5799.0
GNB,CXR,13630.0
GNB,CYM,7065.0
GNB,CYP,5555.0
GNB,CZE,5048.0
GNB,DEU,5202.0
GNB,DJI,6391.0
GNB,DMA,4962.0
GNB,DNK,5439.0
GNB,DOM,5861.0
GNB,DZA,3329.0
GNB,ECU,7278.0
GNB,EGY,5226.0
GNB,ERI,5899.0
GNB,ESH,1711.0
GNB,ESP,3372.0
GNB,EST,6244.0
GNB,ETH,5950.0
GNB,FIN,6305.0
GNB,FJI,18369.0
GNB,FLK,8130.0
GNB,FRA,4425.0
GNB,FRO,5611.0
GNB,FSM,17818.0
GNB,GAB,3045.0
GNB,GBR,4614.0
GNB,GEO,6695.0
GNB,GHA,1638.0
GNB,GIB,2880.0
GNB,GIN,331.0
GNB,GLP,4996.0
GNB,GMB,211.0
GNB,GNQ,3010.0
GNB,GRC,4856.0
GNB,GRD,5021.0
GNB,GRL,6448.0
GNB,GTM,8090.0
GNB,GUF,4114.0
GNB,GUM,16472.0
GNB,GUY,4704.0
GNB,HKG,13371.0
GNB,HND,7743.0
GNB,HRV,4802.0
GNB,HTI,6118.0
GNB,HUN,5102.0
GNB,IDN,13687.0
GNB,IND,9660.0
GNB,IOT,9965.0
GNB,IRL,4674.0
GNB,IRN,7180.0
GNB,IRQ,6516.0
GNB,ISL,5824.0
GNB,ISR,5603.0
GNB,ITA,4302.0
GNB,JAM,6592.0
GNB,JOR,5709.0
GNB,JPN,14139.0
GNB,KAZ,9318.0
GNB,KEN,5975.0
GNB,KGZ,9138.0
GNB,KHM,12966.0
GNB,KIR,18273.0
GNB,KNA,5102.0
GNB,KOR,13291.0
GNB,KWT,6823.0
GNB,LAO,12482.0
GNB,LBN,5710.0
GNB,LBR,810.0
GNB,LBY,3745.0
GNB,LCA,4924.0
GNB,LIE,4564.0
GNB,LKA,10449.0
GNB,LSO,6493.0
GNB,LTU,5939.0
GNB,LUX,4637.0
GNB,LVA,6037.0
GNB,MAC,13318.0
GNB,MAR,2540.0
GNB,MCO,4166.0
GNB,MDA,5690.0
GNB,MDG,7717.0
GNB,MDV,9826.0
GNB,MEX,8917.0
GNB,MHL,17774.0
GNB,MKD,4900.0
GNB,MLI,831.0
GNB,MLT,4029.0
GNB,MMR,11882.0
GNB,MNE,4778.0
GNB,MNG,11302.0
GNB,MNP,16382.0
GNB,MOZ,6677.0
GNB,MRT,690.0
GNB,MSR,5047.0
GNB,MTQ,4930.0
GNB,MUS,8750.0
GNB,MWI,6153.0
GNB,MYS,12901.0
GNB,MYT,7249.0
GNB,NAM,5216.0
GNB,NCL,18832.0
GNB,NER,1932.0
GNB,NFK,18065.0
GNB,NGA,2171.0
GNB,NIC,7670.0
GNB,NIU,17168.0
GNB,NLD,4854.0
GNB,NOR,5759.0
GNB,NPL,10458.0
GNB,NRU,18722.0
GNB,NZL,17049.0
GNB,OMN,7897.0
GNB,PAK,8738.0
GNB,PAN,6992.0
GNB,PCN,12842.0
GNB,PER,7285.0
GNB,PHL,14415.0
GNB,PLW,16092.0
GNB,PNG,18133.0
GNB,POL,5547.0
GNB,PRI,5460.0
GNB,PRK,13099.0
GNB,PRT,3043.0
GNB,PRY,6139.0
GNB,PSE,5561.0
GNB,PYF,15049.0
GNB,QAT,7161.0
GNB,REU,8571.0
GNB,ROU,5365.0
GNB,RUS,6672.0
GNB,RWA,5276.0
GNB,SAU,6686.0
GNB,SDN,5212.0
GNB,SEN,372.0
GNB,SGP,13185.0
GNB,SHN,3262.0
GNB,SLB,19472.0
GNB,SLE,455.0
GNB,SLV,7961.0
GNB,SMR,4456.0
GNB,SOM,6808.0
GNB,SPM,5422.0
GNB,SRB,5009.0
GNB,SSD,5247.0
GNB,STP,2777.0
GNB,SUR,4399.0
GNB,SVK,5039.0
GNB,SVN,4735.0
GNB,SWE,5962.0
GNB,SWZ,6588.0
GNB,SXM,5136.0
GNB,SYC,8071.0
GNB,SYR,5776.0
GNB,TCA,5990.0
GNB,TCD,3336.0
GNB,TGO,1953.0
GNB,THA,12436.0
GNB,TJK,8714.0
GNB,TKL,17359.0
GNB,TKM,7809.0
GNB,TLS,15769.0
GNB,TON,17625.0
GNB,TTO,5010.0
GNB,TUN,3779.0
GNB,TUR,5405.0
GNB,TUV,18372.0
GNB,TWN,13828.0
GNB,TZA,6416.0
GNB,UGA,5473.0
GNB,UKR,5980.0
GNB,URY,6710.0
GNB,USA,6507.0
GNB,UZB,8720.0
GNB,VAT,4301.0
GNB,VCT,4955.0
GNB,VEN,5595.0
GNB,VGB,5303.0
GNB,VNM,13176.0
GNB,VUT,19238.0
GNB,WLF,17920.0
GNB,WSM,17441.0
GNB,YEM,6464.0
GNB,ZAF,6328.0
GNB,ZMB,5699.0
GNB,ZWE,6088.0
GNQ,ABW,8864.0
GNQ,AFG,7122.0
GNQ,AGO,1244.0
GNQ,AIA,8137.0
GNQ,ALB,4486.0
GNQ,AND,4576.0
GNQ,ARE,5526.0
GNQ,ARG,8150.0
GNQ,ARM,5503.0
GNQ,ASM,18630.0
GNQ,ATG,8001.0
GNQ,AUS,13961.0
GNQ,AUT,5174.0
GNQ,AZE,5874.0
GNQ,BDI,2257.0
GNQ,BEL,5453.0
GNQ,BEN,966.0
GNQ,BES,8672.0
GNQ,BFA,1704.0
GNQ,BGD,8979.0
GNQ,BGR,4720.0
GNQ,BHR,5128.0
GNQ,BHS,9637.0
GNQ,BIH,4728.0
GNQ,BLR,5995.0
GNQ,BLZ,10862.0
GNQ,BMU,8451.0
GNQ,BOL,8788.0
GNQ,BRA,6717.0
GNQ,BRB,7736.0
GNQ,BRN,11683.0
GNQ,BTN,8920.0
GNQ,BWA,3413.0
GNQ,CAF,1015.0
GNQ,CAN,9803.0
GNQ,CCK,9741.0
GNQ,CHE,5042.0
GNQ,CHL,9238.0
GNQ,CHN,11954.0
GNQ,CIV,1580.0
GNQ,CMR,295.0
GNQ,COD,922.0
GNQ,COG,914.0
GNQ,COK,17586.0
GNQ,COL,9320.0
GNQ,COM,3997.0
GNQ,CPV,3930.0
GNQ,CRI,10404.0
GNQ,CUB,10155.0
GNQ,CUW,8745.0
GNQ,CXR,10702.0
GNQ,CYM,10069.0
GNQ,CYP,4422.0
GNQ,CZE,5363.0
GNQ,DEU,5626.0
GNQ,DJI,3839.0
GNQ,DMA,7940.0
GNQ,DNK,5972.0
GNQ,DOM,8861.0
GNQ,DZA,3924.0
GNQ,ECU,9989.0
GNQ,EGY,3856.0
GNQ,ERI,3532.0
GNQ,ESH,3720.0
GNQ,ESP,4481.0
GNQ,EST,6516.0
GNQ,ETH,3306.0
GNQ,FIN,6597.0
GNQ,FJI,17830.0
GNQ,FLK,8651.0
GNQ,FRA,5255.0
GNQ,FRO,6814.0
GNQ,FSM,16392.0
GNQ,GAB,166.0
GNQ,GBR,5580.0
GNQ,GEO,5635.0
GNQ,GHA,1372.0
GNQ,GIB,4103.0
GNQ,GIN,2728.0
GNQ,GLP,7981.0
GNQ,GMB,3182.0
GNQ,GNB,3010.0
GNQ,GRC,4244.0
GNQ,GRD,7963.0
GNQ,GRL,8476.0
GNQ,GTM,11073.0
GNQ,GUF,6907.0
GNQ,GUM,14783.0
GNQ,GUY,7554.0
GNQ,HKG,11419.0
GNQ,HND,10720.0
GNQ,HRV,4907.0
GNQ,HTI,9118.0
GNQ,HUN,5135.0
GNQ,IDN,10824.0
GNQ,IND,7720.0
GNQ,IOT,7029.0
GNQ,IRL,5893.0
GNQ,IRN,5697.0
GNQ,IRQ,5017.0
GNQ,ISL,7370.0
GNQ,ISR,4250.0
GNQ,ITA,4442.0
GNQ,JAM,9589.0
GNQ,JOR,4316.0
GNQ,JPN,13370.0
GNQ,KAZ,8031.0
GNQ,KEN,3031.0
GNQ,KGZ,7838.0
GNQ,KHM,10538.0
GNQ,KIR,18135.0
GNQ,KNA,8096.0
GNQ,KOR,12245.0
GNQ,KWT,5060.0
GNQ,LAO,10254.0
GNQ,LBN,4443.0
GNQ,LBR,2335.0
GNQ,LBY,3451.0
GNQ,LCA,7890.0
GNQ,LIE,5017.0
GNQ,LKA,7793.0
GNQ,LSO,3933.0
GNQ,LTU,6024.0
GNQ,LUX,5303.0
GNQ,LVA,6240.0
GNQ,MAC,11355.0
GNQ,MAR,3952.0
GNQ,MCO,4644.0
GNQ,MDA,5333.0
GNQ,MDG,4728.0
GNQ,MDV,7089.0
GNQ,MEX,11925.0
GNQ,MHL,17761.0
GNQ,MKD,4596.0
GNQ,MLI,2293.0
GNQ,MLT,3800.0
GNQ,MMR,9573.0
GNQ,MNE,4593.0
GNQ,MNG,10387.0
GNQ,MNP,14832.0
GNQ,MOZ,3930.0
GNQ,MRT,3336.0
GNQ,MSR,8037.0
GNQ,MTQ,7902.0
GNQ,MUS,5749.0
GNQ,MWI,3176.0
GNQ,MYS,10221.0
GNQ,MYT,4240.0
GNQ,NAM,2816.0
GNQ,NCL,16636.0
GNQ,NER,1540.0
GNQ,NFK,16220.0
GNQ,NGA,870.0
GNQ,NIC,10629.0
GNQ,NIU,18102.0
GNQ,NLD,5617.0
GNQ,NOR,6439.0
GNQ,NPL,8496.0
GNQ,NRU,17490.0
GNQ,NZL,15837.0
GNQ,OMN,5781.0
GNQ,PAK,6651.0
GNQ,PAN,9908.0
GNQ,PCN,14880.0
GNQ,PER,9712.0
GNQ,PHL,12243.0
GNQ,PLW,13812.0
GNQ,PNG,15249.0
GNQ,POL,5680.0
GNQ,PRI,8460.0
GNQ,PRK,12091.0
GNQ,PRT,4512.0
GNQ,PRY,7845.0
GNQ,PSE,4183.0
GNQ,PYF,17176.0
GNQ,QAT,5163.0
GNQ,REU,5576.0
GNQ,ROU,4983.0
GNQ,RUS,6478.0
GNQ,RWA,2297.0
GNQ,SAU,4704.0
GNQ,SDN,2921.0
GNQ,SEN,3310.0
GNQ,SGP,10468.0
GNQ,SHN,2603.0
GNQ,SLB,16630.0
GNQ,SLE,2651.0
GNQ,SLV,10936.0
GNQ,SMR,4668.0
GNQ,SOM,3958.0
GNQ,SPM,8046.0
GNQ,SRB,4873.0
GNQ,SSD,2447.0
GNQ,STP,378.0
GNQ,SUR,7222.0
GNQ,SVK,5177.0
GNQ,SVN,4917.0
GNQ,SWE,6414.0
GNQ,SWZ,3873.0
GNQ,SXM,8134.0
GNQ,SYC,5132.0
GNQ,SYR,4463.0
GNQ,TCA,8999.0
GNQ,TCD,1274.0
GNQ,TGO,1061.0
GNQ,THA,10051.0
GNQ,TJK,7225.0
GNQ,TKL,19166.0
GNQ,TKM,6361.0
GNQ,TLS,12889.0
GNQ,TON,17806.0
GNQ,TTO,7933.0
GNQ,TUN,3871.0
GNQ,TUR,4746.0
GNQ,TUV,18645.0
GNQ,TWN,12102.0
GNQ,TZA,3416.0
GNQ,UGA,2545.0
GNQ,UKR,5729.0
GNQ,URY,7959.0
GNQ,USA,9351.0
GNQ,UZB,7360.0
GNQ,VAT,4443.0
GNQ,VCT,7911.0
GNQ,VEN,8519.0
GNQ,VGB,8303.0
GNQ,VNM,10734.0
GNQ,VUT,17096.0
GNQ,WLF,18588.0
GNQ,WSM,18670.0
GNQ,YEM,4064.0
GNQ,ZAF,3675.0
GNQ,ZMB,2794.0
GNQ,ZWE,3193.0
GRC,ABW,9492.0
GRC,AFG,4060.0
GRC,AGO,5294.0
GRC,AIA,8516.0
GRC,ALB,504.0
GRC,AND,1952.0
GRC,ARE,3287.0
GRC,ARG,11673.0
GRC,ARM,1810.0
GRC,ASM,17024.0
GRC,ATG,8483.0
GRC,AUS,14942.0
GRC,AUT,1286.0
GRC,AZE,2267.0
GRC,BDI,4613.0
GRC,BEL,2095.0
GRC,BEN,4104.0
GRC,BES,9366.0
GRC,BFA,3786.0
GRC,BGD,6434.0
GRC,BGR,528.0
GRC,BHR,2834.0
GRC,BHS,9239.0
GRC,BIH,796.0
GRC,BLR,1796.0
GRC,BLZ,10700.0
GRC,BMU,7776.0
GRC,BOL,11285.0
GRC,BRA,10014.0
GRC,BRB,8551.0
GRC,BRN,9782.0
GRC,BTN,6160.0
GRC,BWA,6934.0
GRC,CAF,3757.0
GRC,CAN,8119.0
GRC,CCK,9398.0
GRC,CHE,1624.0
GRC,CHL,12546.0
GRC,CHN,8558.0
GRC,CIV,4577.0
GRC,CMR,3975.0
GRC,COD,4761.0
GRC,COG,4755.0
GRC,COK,18120.0
GRC,COL,10384.0
GRC,COM,5861.0
GRC,CPV,5286.0
GRC,CRI,10862.0
GRC,CUB,9770.0
GRC,CUW,9426.0
GRC,CXR,10019.0
GRC,CYM,9966.0
GRC,CYP,915.0
GRC,CZE,1539.0
GRC,DEU,1807.0
GRC,DJI,3501.0
GRC,DMA,8561.0
GRC,DNK,2141.0
GRC,DOM,9079.0
GRC,DZA,1836.0
GRC,ECU,11357.0
GRC,EGY,1117.0
GRC,ERI,2918.0
GRC,ESH,3643.0
GRC,ESP,2378.0
GRC,EST,2390.0
GRC,ETH,3540.0
GRC,FIN,2472.0
GRC,FJI,16720.0
GRC,FLK,12687.0
GRC,FRA,2103.0
GRC,FRO,3393.0
GRC,FSM,13165.0
GRC,GAB,4410.0
GRC,GBR,2399.0
GRC,GEO,1847.0
GRC,GHA,4307.0
GRC,GIB,2586.0
GRC,GIN,4884.0
GRC,GLP,8545.0
GRC,GMB,4824.0
GRC,GNB,4856.0
GRC,GNQ,4244.0
GRC,GRD,8806.0
GRC,GRL,5598.0
GRC,GTM,11038.0
GRC,GUF,8456.0
GRC,GUM,11644.0
GRC,GUY,8841.0
GRC,HKG,8560.0
GRC,HND,10814.0
GRC,HRV,1084.0
GRC,HTI,9279.0
GRC,HUN,1128.0
GRC,IDN,9831.0
GRC,IND,5015.0
GRC,IOT,7099.0
GRC,IRL,2862.0
GRC,IRN,2472.0
GRC,IRQ,1934.0
GRC,ISL,4172.0
GRC,ISR,1198.0
GRC,ITA,1057.0
GRC,JAM,9686.0
GRC,JOR,1296.0
GRC,JPN,9527.0
GRC,KAZ,4462.0
GRC,KEN,4547.0
GRC,KGZ,4284.0
GRC,KHM,8460.0
GRC,KIR,14637.0
GRC,KNA,8547.0
GRC,KOR,8536.0
GRC,KWT,2431.0
GRC,LAO,7844.0
GRC,LBN,1149.0
GRC,LBR,4944.0
GRC,LBY,1111.0
GRC,LCA,8612.0
GRC,LIE,1547.0
GRC,LKA,6593.0
GRC,LSO,7457.0
GRC,LTU,1864.0
GRC,LUX,1912.0
GRC,LVA,2112.0
GRC,MAC,8511.0
GRC,MAR,2863.0
GRC,MCO,1516.0
GRC,MDA,1089.0
GRC,MDG,6769.0
GRC,MDV,6273.0
GRC,MEX,11303.0
GRC,MHL,14002.0
GRC,MKD,491.0
GRC,MLI,4213.0
GRC,MLT,853.0
GRC,MMR,7354.0
GRC,MNE,628.0
GRC,MNG,6543.0
GRC,MNP,11580.0
GRC,MOZ,7133.0
GRC,MRT,4437.0
GRC,MSR,8535.0
GRC,MTQ,8579.0
GRC,MUS,7338.0
GRC,MWI,5842.0
GRC,MYS,8740.0
GRC,MYT,6047.0
GRC,NAM,6734.0
GRC,NCL,16067.0
GRC,NER,3452.0
GRC,NFK,16581.0
GRC,NGA,4050.0
GRC,NIC,10880.0
GRC,NIU,17532.0
GRC,NLD,2170.0
GRC,NOR,2610.0
GRC,NPL,5772.0
GRC,NRU,14416.0
GRC,NZL,17466.0
GRC,OMN,3666.0
GRC,PAK,4322.0
GRC,PAN,10546.0
GRC,PCN,16981.0
GRC,PER,11767.0
GRC,PHL,9644.0
GRC,PLW,11291.0
GRC,PNG,13568.0
GRC,POL,1601.0
GRC,PRI,8759.0
GRC,PRK,8352.0
GRC,PRT,2861.0
GRC,PRY,10995.0
GRC,PSE,1212.0
GRC,PYF,17651.0
GRC,QAT,2961.0
GRC,REU,7309.0
GRC,ROU,746.0
GRC,RUS,2234.0
GRC,RWA,4465.0
GRC,SAU,2622.0
GRC,SDN,2628.0
GRC,SEN,4796.0
GRC,SGP,9056.0
GRC,SHN,6714.0
GRC,SLB,14626.0
GRC,SLE,4940.0
GRC,SLV,11001.0
GRC,SMR,1159.0
GRC,SOM,4547.0
GRC,SPM,6370.0
GRC,SRB,810.0
GRC,SSD,3751.0
GRC,STP,4516.0
GRC,SUR,8641.0
GRC,SVK,1254.0
GRC,SVN,1180.0
GRC,SWE,2412.0
GRC,SWZ,7156.0
GRC,SXM,8527.0
GRC,SYC,5739.0
GRC,SYR,1237.0
GRC,TCA,8983.0
GRC,TCD,2991.0
GRC,TGO,4196.0
GRC,THA,7934.0
GRC,TJK,3902.0
GRC,TKL,16505.0
GRC,TKM,3026.0
GRC,TLS,11628.0
GRC,TON,17410.0
GRC,TTO,8878.0
GRC,TUN,1208.0
GRC,TUR,562.0
GRC,TUV,15926.0
GRC,TWN,8974.0
GRC,TZA,5212.0
GRC,UGA,4265.0
GRC,UKR,1488.0
GRC,URY,11523.0
GRC,USA,7948.0
GRC,UZB,3877.0
GRC,VAT,1059.0
GRC,VCT,8688.0
GRC,VEN,9357.0
GRC,VGB,8636.0
GRC,VNM,8667.0
GRC,VUT,15913.0
GRC,WLF,16642.0
GRC,WSM,16929.0
GRC,YEM,3212.0
GRC,ZAF,7116.0
GRC,ZMB,5926.0
GRC,ZWE,6222.0
GRD,ABW,902.0
GRD,AFG,12710.0
GRD,AGO,8611.0
GRD,AIA,696.0
GRD,ALB,8435.0
GRD,AND,6928.0
GRD,ARE,12052.0
GRD,ARG,5176.0
GRD,ARM,10495.0
GRD,ASM,12359.0
GRD,ATG,560.0
GRD,AUS,16118.0
GRD,AUT,8140.0
GRD,AZE,10912.0
GRD,BDI,10217.0
GRD,BEL,7304.0
GRD,BEN,7057.0
GRD,BES,710.0
GRD,BFA,6537.0
GRD,BGD,15032.0
GRD,BGR,8712.0
GRD,BHR,11574.0
GRD,BHS,2183.0
GRD,BIH,8301.0
GRD,BLR,8890.0
GRD,BLZ,2964.0
GRD,BMU,2262.0
GRD,BOL,3236.0
GRD,BRA,4269.0
GRD,BRB,259.0
GRD,BRN,18090.0
GRD,BTN,14661.0
GRD,BWA,10334.0
GRD,CAF,8864.0
GRD,CAN,3896.0
GRD,CCK,17704.0
GRD,CHE,7546.0
GRD,CHL,5125.0
GRD,CHN,15203.0
GRD,CIV,6385.0
GRD,CMR,8108.0
GRD,COD,8716.0
GRD,COG,8711.0
GRD,COK,11314.0
GRD,COL,1588.0
GRD,COM,11894.0
GRD,CPV,4147.0
GRD,CRI,2451.0
GRD,CUB,2504.0
GRD,CUW,782.0
GRD,CXR,18650.0
GRD,CYM,2249.0
GRD,CYP,9707.0
GRD,CZE,8003.0
GRD,DEU,7949.0
GRD,DJI,11332.0
GRD,DMA,361.0
GRD,DNK,7925.0
GRD,DOM,1128.0
GRD,DZA,6977.0
GRD,ECU,2551.0
GRD,EGY,9635.0
GRD,ERI,10785.0
GRD,ESH,5323.0
GRD,ESP,6456.0
GRD,EST,8664.0
GRD,ETH,10936.0
GRD,FIN,8669.0
GRD,FJI,13555.0
GRD,FLK,7073.0
GRD,FRA,7119.0
GRD,FRO,7047.0
GRD,FSM,15141.0
GRD,GAB,7963.0
GRD,GBR,7015.0
GRD,GEO,10463.0
GRD,GHA,6619.0
GRD,GIB,6223.0
GRD,GIN,5261.0
GRD,GLP,436.0
GRD,GMB,4890.0
GRD,GNB,5021.0
GRD,GNQ,7963.0
GRD,GRC,8806.0
GRD,GRL,5840.0
GRD,GTM,3129.0
GRD,GUF,1301.0
GRD,GUM,15955.0
GRD,GUY,702.0
GRD,HKG,16180.0
GRD,HND,2769.0
GRD,HRV,8108.0
GRD,HTI,1344.0
GRD,HUN,8340.0
GRD,IDN,18619.0
GRD,IND,13711.0
GRD,IOT,14981.0
GRD,IRL,6683.0
GRD,IRN,11244.0
GRD,IRQ,10739.0
GRD,ISL,6552.0
GRD,ISR,9914.0
GRD,ITA,7822.0
GRD,JAM,1745.0
GRD,JOR,10024.0
GRD,JPN,14262.0
GRD,KAZ,12587.0
GRD,KEN,10980.0
GRD,KGZ,12482.0
GRD,KHM,17013.0
GRD,KIR,13807.0
GRD,KNA,589.0
GRD,KOR,14437.0
GRD,KWT,11209.0
GRD,LAO,16271.0
GRD,LBN,9929.0
GRD,LBR,5628.0
GRD,LBY,7895.0
GRD,LCA,231.0
GRD,LIE,7620.0
GRD,LKA,15289.0
GRD,LSO,10588.0
GRD,LTU,8733.0
GRD,LUX,7405.0
GRD,LVA,8642.0
GRD,MAC,16181.0
GRD,MAR,5969.0
GRD,MCO,7421.0
GRD,MDA,9085.0
GRD,MDG,12453.0
GRD,MDV,14766.0
GRD,MEX,4081.0
GRD,MHL,13783.0
GRD,MKD,8564.0
GRD,MLI,5835.0
GRD,MLT,8004.0
GRD,MMR,16003.0
GRD,MNE,8381.0
GRD,MNG,13268.0
GRD,MNP,15744.0
GRD,MOZ,11009.0
GRD,MRT,4954.0
GRD,MSR,526.0
GRD,MTQ,292.0
GRD,MUS,13506.0
GRD,MWI,10923.0
GRD,MYS,17535.0
GRD,MYT,12124.0
GRD,NAM,9404.0
GRD,NCL,14803.0
GRD,NER,6915.0
GRD,NFK,14560.0
GRD,NGA,7170.0
GRD,NIC,2666.0
GRD,NIU,12338.0
GRD,NLD,7373.0
GRD,NOR,7879.0
GRD,NPL,14362.0
GRD,NRU,14513.0
GRD,NZL,13777.0
GRD,OMN,12431.0
GRD,PAK,13128.0
GRD,PAN,1974.0
GRD,PCN,8277.0
GRD,PER,3155.0
GRD,PHL,17040.0
GRD,PLW,17219.0
GRD,PNG,16860.0
GRD,POL,8466.0
GRD,PRI,850.0
GRD,PRK,14295.0
GRD,PRT,5958.0
GRD,PRY,4157.0
GRD,PSE,9899.0
GRD,PYF,10188.0
GRD,QAT,11690.0
GRD,REU,13295.0
GRD,ROU,8913.0
GRD,RUS,9486.0
GRD,RWA,10259.0
GRD,SAU,11267.0
GRD,SDN,10112.0
GRD,SEN,4801.0
GRD,SGP,17850.0
GRD,SHN,6903.0
GRD,SLB,15470.0
GRD,SLE,5323.0
GRD,SLV,2982.0
GRD,SMR,7826.0
GRD,SOM,11827.0
GRD,SPM,3884.0
GRD,SRB,8463.0
GRD,SSD,10268.0
GRD,STP,7669.0
GRD,SUR,996.0
GRD,SVK,8195.0
GRD,SVN,7995.0
GRD,SWE,8284.0
GRD,SWZ,10884.0
GRD,SXM,675.0
GRD,SYC,13083.0
GRD,SYR,10014.0
GRD,TCA,1443.0
GRD,TCD,8327.0
GRD,TGO,6939.0
GRD,THA,16557.0
GRD,TJK,12417.0
GRD,TKL,12339.0
GRD,TKM,11689.0
GRD,TLS,19140.0
GRD,TON,12908.0
GRD,TTO,156.0
GRD,TUN,7613.0
GRD,TUR,9200.0
GRD,TUV,13361.0
GRD,TWN,15889.0
GRD,TZA,11369.0
GRD,UGA,10482.0
GRD,UKR,9144.0
GRD,URY,5223.0
GRD,USA,3395.0
GRD,UZB,12261.0
GRD,VAT,7820.0
GRD,VCT,135.0
GRD,VEN,586.0
GRD,VGB,768.0
GRD,VNM,17182.0
GRD,VUT,14625.0
GRD,WLF,12932.0
GRD,WSM,12467.0
GRD,YEM,11330.0
GRD,ZAF,10578.0
GRD,ZMB,10370.0
GRD,ZWE,10713.0
GRL,ABW,5909.0
GRL,AFG,7911.0
GRL,AGO,9715.0
GRL,AIA,5177.0
GRL,ALB,5098.0
GRL,AND,4106.0
GRL,ARE,8287.0
GRL,ARG,10967.0
GRL,ARM,6355.0
GRL,ASM,12809.0
GRL,ATG,5284.0
GRL,AUS,16869.0
GRL,AUT,4327.0
GRL,AZE,6568.0
GRL,BDI,9911.0
GRL,BEL,3527.0
GRL,BEN,7690.0
GRL,BES,5919.0
GRL,BFA,6923.0
GRL,BGD,9724.0
GRL,BGR,5143.0
GRL,BHR,7984.0
GRL,BHS,4728.0
GRL,BIH,4801.0
GRL,BLR,4373.0
GRL,BLZ,5914.0
GRL,BMU,3660.0
GRL,BOL,9056.0
GRL,BRA,9736.0
GRL,BRB,5705.0
GRL,BRN,12258.0
GRL,BTN,9303.0
GRL,BWA,11868.0
GRL,CAF,8623.0
GRL,CAN,2868.0
GRL,CCK,13739.0
GRL,CHE,4018.0
GRL,CHL,10951.0
GRL,CHN,9411.0
GRL,CIV,7546.0
GRL,CMR,8351.0
GRL,COD,9350.0
GRL,COG,9342.0
GRL,COK,12982.0
GRL,COL,6851.0
GRL,COM,11409.0
GRL,CPV,5882.0
GRL,CRI,6534.0
GRL,CUB,5085.0
GRL,CUW,5935.0
GRL,CXR,13779.0
GRL,CYM,5459.0
GRL,CYP,6320.0
GRL,CZE,4075.0
GRL,DEU,3830.0
GRL,DJI,9088.0
GRL,DMA,5478.0
GRL,DNK,3547.0
GRL,DOM,5257.0
GRL,DZA,4709.0
GRL,ECU,7717.0
GRL,EGY,6707.0
GRL,ERI,8515.0
GRL,ESH,4944.0
GRL,ESP,4050.0
GRL,EST,3819.0
GRL,ETH,9131.0
GRL,FIN,3773.0
GRL,FJI,13676.0
GRL,FLK,12861.0
GRL,FRA,3593.0
GRL,FRO,2235.0
GRL,FSM,11735.0
GRL,GAB,8612.0
GRL,GBR,3257.0
GRL,GEO,6225.0
GRL,GHA,7502.0
GRL,GIB,4379.0
GRL,GIN,6755.0
GRL,GLP,5405.0
GRL,GMB,6245.0
GRL,GNB,6448.0
GRL,GNQ,8476.0
GRL,GRC,5598.0
GRL,GRD,5840.0
GRL,GTM,6252.0
GRL,GUF,6575.0
GRL,GUM,11280.0
GRL,GUY,6389.0
GRL,HKG,10341.0
GRL,HND,6193.0
GRL,HRV,4513.0
GRL,HTI,5302.0
GRL,HUN,4515.0
GRL,IDN,13348.0
GRL,IND,8797.0
GRL,IOT,12323.0
GRL,IRL,2817.0
GRL,IRN,7088.0
GRL,IRQ,7007.0
GRL,ISL,1438.0
GRL,ISR,6681.0
GRL,ITA,4691.0
GRL,JAM,5468.0
GRL,JOR,6748.0
GRL,JPN,8887.0
GRL,KAZ,7277.0
GRL,KEN,10062.0
GRL,KGZ,7243.0
GRL,KHM,11376.0
GRL,KIR,11877.0
GRL,KNA,5274.0
GRL,KOR,8723.0
GRL,KWT,7556.0
GRL,LAO,10633.0
GRL,LBN,6540.0
GRL,LBR,7197.0
GRL,LBY,5562.0
GRL,LCA,5617.0
GRL,LIE,4086.0
GRL,LKA,11157.0
GRL,LSO,12399.0
GRL,LTU,4207.0
GRL,LUX,3714.0
GRL,LVA,3978.0
GRL,MAC,10343.0
GRL,MAR,4527.0
GRL,MCO,4281.0
GRL,MDA,5020.0
GRL,MDG,12329.0
GRL,MDV,11199.0
GRL,MEX,6087.0
GRL,MHL,11327.0
GRL,MKD,5115.0
GRL,MLI,6637.0
GRL,MLT,5341.0
GRL,MMR,10614.0
GRL,MNE,4971.0
GRL,MNG,7436.0
GRL,MNP,11075.0
GRL,MOZ,12297.0
GRL,MRT,5781.0
GRL,MSR,5323.0
GRL,MTQ,5552.0
GRL,MUS,12934.0
GRL,MWI,11176.0
GRL,MYS,12221.0
GRL,MYT,11612.0
GRL,NAM,11270.0
GRL,NCL,14575.0
GRL,NER,6959.0
GRL,NFK,15213.0
GRL,NGA,7733.0
GRL,NIC,6368.0
GRL,NIU,13250.0
GRL,NLD,3432.0
GRL,NOR,3167.0
GRL,NPL,9155.0
GRL,NRU,12280.0
GRL,NZL,15694.0
GRL,OMN,8595.0
GRL,PAK,8813.0
GRL,PAN,6505.0
GRL,PCN,11794.0
GRL,PER,8721.0
GRL,PHL,11246.0
GRL,PLW,12055.0
GRL,PNG,13749.0
GRL,POL,4211.0
GRL,PRI,5193.0
GRL,PRK,8559.0
GRL,PRT,3964.0
GRL,PRY,9933.0
GRL,PSE,6720.0
GRL,PYF,12125.0
GRL,QAT,8113.0
GRL,REU,12906.0
GRL,ROU,5120.0
GRL,RUS,4650.0
GRL,RWA,9801.0
GRL,SAU,7958.0
GRL,SDN,8183.0
GRL,SEN,6089.0
GRL,SGP,12470.0
GRL,SHN,9708.0
GRL,SLB,13440.0
GRL,SLE,6883.0
GRL,SLV,6301.0
GRL,SMR,4508.0
GRL,SOM,10144.0
GRL,SPM,1957.0
GRL,SRB,4817.0
GRL,SSD,9197.0
GRL,STP,8500.0
GRL,SUR,6478.0
GRL,SVK,4367.0
GRL,SVN,4422.0
GRL,SWE,3535.0
GRL,SWZ,12271.0
GRL,SXM,5198.0
GRL,SYC,11292.0
GRL,SYR,6616.0
GRL,TCA,4960.0
GRL,TCD,7684.0
GRL,TGO,7674.0
GRL,THA,11050.0
GRL,TJK,7489.0
GRL,TKL,12340.0
GRL,TKM,7155.0
GRL,TLS,13826.0
GRL,TON,13699.0
GRL,TTO,5990.0
GRL,TUN,5044.0
GRL,TUR,5564.0
GRL,TUV,12661.0
GRL,TWN,10098.0
GRL,TZA,10732.0
GRL,UGA,9697.0
GRL,UKR,4796.0
GRL,URY,10983.0
GRL,USA,2983.0
GRL,UZB,7228.0
GRL,VAT,4689.0
GRL,VCT,5713.0
GRL,VEN,6078.0
GRL,VGB,5176.0
GRL,VNM,11497.0
GRL,VUT,14036.0
GRL,WLF,12952.0
GRL,WSM,12812.0
GRL,YEM,8765.0
GRL,ZAF,12118.0
GRL,ZMB,11059.0
GRL,ZWE,11429.0
GTM,ABW,2230.0
GTM,AFG,14161.0
GTM,AGO,11735.0
GTM,AIA,2959.0
GTM,ALB,10571.0
GTM,AND,9092.0
GTM,ARE,14255.0
GTM,ARG,6420.0
GTM,ARM,12373.0
GTM,ASM,9387.0
GTM,ATG,3082.0
GTM,AUS,14015.0
GTM,AUT,10017.0
GTM,AZE,12679.0
GTM,BDI,13330.0
GTM,BEL,9099.0
GTM,BEN,10147.0
GTM,BES,2426.0
GTM,BFA,9569.0
GTM,BGD,15763.0
GTM,BGR,10766.0
GTM,BHR,13844.0
GTM,BHS,1799.0
GTM,BIH,10347.0
GTM,BLR,10433.0
GTM,BLZ,348.0
GTM,BMU,3264.0
GTM,BOL,4230.0
GTM,BRA,6375.0
GTM,BRB,3344.0
GTM,BRN,16477.0
GTM,BTN,15348.0
GTM,BWA,13328.0
GTM,CAF,11938.0
GTM,CAN,3393.0
GTM,CCK,19192.0
GTM,CHE,9492.0
GTM,CHL,5723.0
GTM,CHN,13896.0
GTM,CIV,9494.0
GTM,CMR,11202.0
GTM,COD,11843.0
GTM,COG,11839.0
GTM,COK,8537.0
GTM,COL,2115.0
GTM,COM,15023.0
GTM,CPV,7185.0
GTM,CRI,872.0
GTM,CUB,1274.0
GTM,CUW,2355.0
GTM,CXR,18213.0
GTM,CYM,1104.0
GTM,CYP,11938.0
GTM,CZE,9807.0
GTM,DEU,9647.0
GTM,DJI,14155.0
GTM,DMA,3134.0
GTM,DNK,9478.0
GTM,DOM,2242.0
GTM,DZA,9365.0
GTM,ECU,2195.0
GTM,EGY,12064.0
GTM,ERI,13556.0
GTM,ESH,8051.0
GTM,ESP,8707.0
GTM,EST,9974.0
GTM,ETH,13852.0
GTM,FIN,9943.0
GTM,FJI,10619.0
GTM,FLK,7998.0
GTM,FRA,9007.0
GTM,FRO,8257.0
GTM,FSM,12088.0
GTM,GAB,11082.0
GTM,GBR,8778.0
GTM,GEO,12278.0
GTM,GHA,9715.0
GTM,GIB,8642.0
GTM,GIN,8352.0
GTM,GLP,3095.0
GTM,GMB,7940.0
GTM,GNB,8090.0
GTM,GNQ,11073.0
GTM,GRC,11038.0
GTM,GRD,3129.0
GTM,GRL,6252.0
GTM,GUF,4318.0
GTM,GUM,13193.0
GTM,GUY,3641.0
GTM,HKG,15122.0
GTM,HND,363.0
GTM,HRV,10089.0
GTM,HTI,1989.0
GTM,HUN,10231.0
GTM,IDN,17915.0
GTM,IND,15039.0
GTM,IOT,17996.0
GTM,IRL,8340.0
GTM,IRN,13154.0
GTM,IRQ,12873.0
GTM,ISL,7521.0
GTM,ISR,12234.0
GTM,ITA,9981.0
GTM,JAM,1515.0
GTM,JOR,12333.0
GTM,JPN,12341.0
GTM,KAZ,13472.0
GTM,KEN,14063.0
GTM,KGZ,13462.0
GTM,KHM,16653.0
GTM,KIR,10679.0
GTM,KNA,2989.0
GTM,KOR,13031.0
GTM,KWT,13419.0
GTM,LAO,16127.0
GTM,LBN,12177.0
GTM,LBR,8741.0
GTM,LBY,10378.0
GTM,LCA,3185.0
GTM,LIE,9573.0
GTM,LKA,17401.0
GTM,LSO,13497.0
GTM,LTU,10260.0
GTM,LUX,9256.0
GTM,LVA,10074.0
GTM,MAC,15167.0
GTM,MAR,8481.0
GTM,MCO,9524.0
GTM,MDA,10913.0
GTM,MDG,15548.0
GTM,MDV,17294.0
GTM,MEX,1060.0
GTM,MHL,10684.0
GTM,MKD,10661.0
GTM,MLI,8879.0
GTM,MLT,10376.0
GTM,MMR,16454.0
GTM,MNE,10478.0
GTM,MNG,12868.0
GTM,MNP,13012.0
GTM,MOZ,13990.0
GTM,MRT,7921.0
GTM,MSR,3043.0
GTM,MTQ,3172.0
GTM,MUS,16587.0
GTM,MWI,14042.0
GTM,MYS,17633.0
GTM,MYT,15252.0
GTM,NAM,12410.0
GTM,NCL,11936.0
GTM,NER,9921.0
GTM,NFK,11893.0
GTM,NGA,10258.0
GTM,NIC,539.0
GTM,NIU,9461.0
GTM,NLD,9097.0
GTM,NOR,9228.0
GTM,NPL,15301.0
GTM,NRU,11385.0
GTM,NZL,11386.0
GTM,OMN,14615.0
GTM,PAK,15009.0
GTM,PAN,1351.0
GTM,PCN,5956.0
GTM,PER,3303.0
GTM,PHL,15280.0
GTM,PLW,14500.0
GTM,PNG,13740.0
GTM,POL,10136.0
GTM,PRI,2640.0
GTM,PRK,12977.0
GTM,PRT,8271.0
GTM,PRY,5677.0
GTM,PSE,12243.0
GTM,PYF,7392.0
GTM,QAT,13976.0
GTM,REU,16366.0
GTM,ROU,10873.0
GTM,RUS,10838.0
GTM,RWA,13362.0
GTM,SAU,13660.0
GTM,SDN,12933.0
GTM,SEN,7833.0
GTM,SGP,17651.0
GTM,SHN,9917.0
GTM,SLB,12366.0
GTM,SLE,8424.0
GTM,SLV,177.0
GTM,SMR,9903.0
GTM,SOM,14832.0
GTM,SPM,4781.0
GTM,SRB,10456.0
GTM,SSD,13294.0
GTM,STP,10790.0
GTM,SUR,3987.0
GTM,SVK,10070.0
GTM,SVN,9973.0
GTM,SWE,9638.0
GTM,SWZ,13858.0
GTM,SXM,2959.0
GTM,SYC,16146.0
GTM,SYR,12265.0
GTM,TCA,2186.0
GTM,TCD,11312.0
GTM,TGO,10034.0
GTM,THA,16646.0
GTM,TJK,13741.0
GTM,TKL,9293.0
GTM,TKM,13348.0
GTM,TLS,16046.0
GTM,TON,10056.0
GTM,TTO,3180.0
GTM,TUN,9974.0
GTM,TUR,11265.0
GTM,TUV,10282.0
GTM,TWN,14424.0
GTM,TZA,14488.0
GTM,UGA,13560.0
GTM,UKR,10809.0
GTM,URY,6568.0
GTM,USA,3308.0
GTM,UZB,13478.0
GTM,VAT,9978.0
GTM,VCT,3170.0
GTM,VEN,2609.0
GTM,VGB,2796.0
GTM,VNM,16628.0
GTM,VUT,11657.0
GTM,WLF,9926.0
GTM,WSM,9484.0
GTM,YEM,14044.0
GTM,ZAF,13549.0
GTM,ZMB,13477.0
GTM,ZWE,13803.0
GUF,ABW,2119.0
GUF,AFG,12505.0
GUF,AGO,7434.0
GUF,AIA,1876.0
GUF,ALB,8162.0
GUF,AND,6733.0
GUF,ARE,11540.0
GUF,ARG,4422.0
GUF,ARM,10240.0
GUF,ASM,13210.0
GUF,ATG,1701.0
GUF,AUS,15966.0
GUF,AUT,8031.0
GUF,AZE,10687.0
GUF,BDI,9132.0
GUF,BEL,7297.0
GUF,BEN,6058.0
GUF,BES,1926.0
GUF,BFA,5642.0
GUF,BGD,14886.0
GUF,BGR,8468.0
GUF,BHR,11055.0
GUF,BHS,3478.0
GUF,BIH,8087.0
GUF,BLR,8905.0
GUF,BLZ,4197.0
GUF,BMU,3294.0
GUF,BOL,2941.0
GUF,BRA,3211.0
GUF,BRB,1207.0
GUF,BRN,18238.0
GUF,BTN,14586.0
GUF,BWA,9061.0
GUF,CAF,7862.0
GUF,CAN,5050.0
GUF,CCK,16549.0
GUF,CHE,7438.0
GUF,CHL,4667.0
GUF,CHN,15950.0
GUF,CIV,5355.0
GUF,CMR,7085.0
GUF,COD,7591.0
GUF,COG,7587.0
GUF,COK,12021.0
GUF,COL,2413.0
GUF,COM,10736.0
GUF,CPV,3343.0
GUF,CRI,3546.0
GUF,CUB,3803.0
GUF,CUW,1991.0
GUF,CXR,17535.0
GUF,CYM,3528.0
GUF,CYP,9309.0
GUF,CZE,7943.0
GUF,DEU,7949.0
GUF,DJI,10504.0
GUF,DMA,1516.0
GUF,DNK,8001.0
GUF,DOM,2428.0
GUF,DZA,6634.0
GUF,ECU,3165.0
GUF,EGY,9123.0
GUF,ERI,10009.0
GUF,ESH,4822.0
GUF,ESP,6240.0
GUF,EST,8807.0
GUF,ETH,10051.0
GUF,FIN,8829.0
GUF,FJI,14326.0
GUF,FLK,6298.0
GUF,FRA,7074.0
GUF,FRO,7354.0
GUF,FSM,16401.0
GUF,GAB,6886.0
GUF,GBR,7048.0
GUF,GEO,10242.0
GUF,GHA,5617.0
GUF,GIB,5908.0
GUF,GIN,4300.0
GUF,GLP,1597.0
GUF,GMB,4025.0
GUF,GNB,4114.0
GUF,GNQ,6907.0
GUF,GRC,8456.0
GUF,GRD,1301.0
GUF,GRL,6575.0
GUF,GTM,4318.0
GUF,GUM,17242.0
GUF,GUY,677.0
GUF,HKG,16661.0
GUF,HND,3955.0
GUF,HRV,7944.0
GUF,HTI,2644.0
GUF,HUN,8211.0
GUF,IDN,17726.0
GUF,IND,13471.0
GUF,IOT,13917.0
GUF,IRL,6799.0
GUF,IRN,10927.0
GUF,IRQ,10338.0
GUF,ISL,7008.0
GUF,ISR,9453.0
GUF,ITA,7573.0
GUF,JAM,3029.0
GUF,JOR,9564.0
GUF,JPN,15337.0
GUF,KAZ,12642.0
GUF,KEN,9937.0
GUF,KGZ,12504.0
GUF,KHM,16915.0
GUF,KIR,14950.0
GUF,KNA,1776.0
GUF,KOR,15298.0
GUF,KWT,10742.0
GUF,LAO,16281.0
GUF,LBN,9509.0
GUF,LBR,4603.0
GUF,LBY,7435.0
GUF,LCA,1382.0
GUF,LIE,7504.0
GUF,LKA,14563.0
GUF,LSO,9299.0
GUF,LTU,8766.0
GUF,LUX,7360.0
GUF,LVA,8727.0
GUF,MAC,16638.0
GUF,MAR,5603.0
GUF,MCO,7230.0
GUF,MDA,8942.0
GUF,MDG,11231.0
GUF,MDV,13931.0
GUF,MEX,5319.0
GUF,MHL,15000.0
GUF,MKD,8305.0
GUF,MLI,4945.0
GUF,MLT,7611.0
GUF,MMR,15807.0
GUF,MNE,8134.0
GUF,MNG,13810.0
GUF,MNP,17028.0
GUF,MOZ,9734.0
GUF,MRT,4213.0
GUF,MSR,1698.0
GUF,MTQ,1436.0
GUF,MUS,12276.0
GUF,MWI,9731.0
GUF,MYS,17010.0
GUF,MYT,10957.0
GUF,NAM,8133.0
GUF,NCL,15436.0
GUF,NER,6045.0
GUF,NFK,15012.0
GUF,NGA,6173.0
GUF,NIC,3814.0
GUF,NIU,13095.0
GUF,NLD,7400.0
GUF,NOR,8059.0
GUF,NPL,14217.0
GUF,NRU,15647.0
GUF,NZL,14070.0
GUF,OMN,11906.0
GUF,PAK,12696.0
GUF,PAN,3037.0
GUF,PCN,8831.0
GUF,PER,3316.0
GUF,PHL,17724.0
GUF,PLW,18457.0
GUF,PNG,17824.0
GUF,POL,8444.0
GUF,PRI,2117.0
GUF,PRK,15132.0
GUF,PRT,5738.0
GUF,PRY,3394.0
GUF,PSE,9426.0
GUF,PYF,10947.0
GUF,QAT,11156.0
GUF,REU,12059.0
GUF,ROU,8710.0
GUF,RUS,9554.0
GUF,RWA,9194.0
GUF,SAU,10698.0
GUF,SDN,9323.0
GUF,SEN,3970.0
GUF,SGP,17299.0
GUF,SHN,5630.0
GUF,SLB,16438.0
GUF,SLE,4339.0
GUF,SLV,4157.0
GUF,SMR,7625.0
GUF,SOM,10850.0
GUF,SPM,4651.0
GUF,SRB,8270.0
GUF,SSD,9300.0
GUF,STP,6585.0
GUF,SUR,331.0
GUF,SVK,8083.0
GUF,SVN,7839.0
GUF,SWE,8432.0
GUF,SWZ,9607.0
GUF,SXM,1859.0
GUF,SYC,12030.0
GUF,SYR,9587.0
GUF,TCA,2732.0
GUF,TCD,7444.0
GUF,TGO,5932.0
GUF,THA,16386.0
GUF,TJK,12292.0
GUF,TKL,13279.0
GUF,TKM,11464.0
GUF,TLS,19548.0
GUF,TON,13619.0
GUF,TTO,1195.0
GUF,TUN,7249.0
GUF,TUR,8922.0
GUF,TUV,14329.0
GUF,TWN,16625.0
GUF,TZA,10259.0
GUF,UGA,9452.0
GUF,UKR,9081.0
GUF,URY,4420.0
GUF,USA,4517.0
GUF,UZB,12196.0
GUF,VAT,7571.0
GUF,VCT,1335.0
GUF,VEN,1718.0
GUF,VGB,2002.0
GUF,VNM,17123.0
GUF,VUT,15388.0
GUF,WLF,13806.0
GUF,WSM,13327.0
GUF,YEM,10573.0
GUF,ZAF,9300.0
GUF,ZMB,9159.0
GUF,ZWE,9486.0
GUM,ABW,15230.0
GUM,AFG,7863.0
GUM,AGO,14723.0
GUM,AIA,15370.0
GUM,ALB,11727.0
GUM,AND,12763.0
GUM,ARE,9330.0
GUM,ARG,16715.0
GUM,ARM,9903.0
GUM,ASM,5790.0
GUM,ATG,15546.0
GUM,AUS,5677.0
GUM,AUT,11492.0
GUM,AZE,9456.0
GUM,BDI,12852.0
GUM,BEL,11913.0
GUM,BEN,15325.0
GUM,BES,15408.0
GUM,BFA,15333.0
GUM,BGD,5813.0
GUM,BGR,11401.0
GUM,BHR,9769.0
GUM,BHS,13773.0
GUM,BIH,11663.0
GUM,BLR,10489.0
GUM,BLZ,13236.0
GUM,BMU,14050.0
GUM,BOL,16484.0
GUM,BRA,18382.0
GUM,BRB,16036.0
GUM,BRN,3404.0
GUM,BTN,5906.0
GUM,BWA,13526.0
GUM,CAF,13770.0
GUM,CAN,12256.0
GUM,CCK,6003.0
GUM,CHE,11994.0
GUM,CHL,15817.0
GUM,CHN,3088.0
GUM,CIV,15998.0
GUM,CMR,14522.0
GUM,COD,14394.0
GUM,COG,14395.0
GUM,COK,7177.0
GUM,COL,15297.0
GUM,COM,11541.0
GUM,CPV,16612.0
GUM,CRI,14047.0
GUM,CUB,13486.0
GUM,CUW,15353.0
GUM,CXR,5061.0
GUM,CYM,13805.0
GUM,CYP,11018.0
GUM,CZE,11468.0
GUM,DEU,11343.0
GUM,DJI,10947.0
GUM,DMA,15727.0
GUM,DNK,11147.0
GUM,DOM,14829.0
GUM,DZA,13156.0
GUM,ECU,14965.0
GUM,EGY,11431.0
GUM,ERI,11266.0
GUM,ESH,14923.0
GUM,ESP,13213.0
GUM,EST,10316.0
GUM,ETH,11488.0
GUM,FIN,10263.0
GUM,FJI,5090.0
GUM,FLK,15309.0
GUM,FRA,12176.0
GUM,FRO,11274.0
GUM,FSM,1638.0
GUM,GAB,14871.0
GUM,GBR,12049.0
GUM,GEO,9829.0
GUM,GHA,15694.0
GUM,GIB,13683.0
GUM,GIN,16527.0
GUM,GLP,15646.0
GUM,GMB,16400.0
GUM,GNB,16472.0
GUM,GNQ,14783.0
GUM,GRC,11644.0
GUM,GRD,15955.0
GUM,GRL,11280.0
GUM,GTM,13193.0
GUM,GUF,17242.0
GUM,GUY,16640.0
GUM,HKG,3375.0
GUM,HND,13542.0
GUM,HRV,11681.0
GUM,HTI,14628.0
GUM,HUN,11381.0
GUM,IDN,4722.0
GUM,IND,7129.0
GUM,IOT,8316.0
GUM,IRL,12105.0
GUM,IRN,9445.0
GUM,IRQ,10135.0
GUM,ISL,11324.0
GUM,ISR,11031.0
GUM,ITA,12175.0
GUM,JAM,14286.0
GUM,JOR,10934.0
GUM,JPN,2512.0
GUM,KAZ,7204.0
GUM,KEN,11992.0
GUM,KGZ,7389.0
GUM,KHM,4330.0
GUM,KIR,3388.0
GUM,KNA,15468.0
GUM,KOR,3199.0
GUM,KWT,9929.0
GUM,LAO,4536.0
GUM,LBN,10894.0
GUM,LBR,16547.0
GUM,LBY,12753.0
GUM,LCA,15861.0
GUM,LIE,11956.0
GUM,LKA,7130.0
GUM,LSO,13369.0
GUM,LTU,10571.0
GUM,LUX,11933.0
GUM,LVA,10498.0
GUM,MAC,3438.0
GUM,MAR,14034.0
GUM,MCO,12340.0
GUM,MDA,10782.0
GUM,MDG,11238.0
GUM,MDV,7881.0
GUM,MEX,12140.0
GUM,MHL,2999.0
GUM,MKD,11574.0
GUM,MLI,15851.0
GUM,MLT,12453.0
GUM,MMR,5223.0
GUM,MNE,11694.0
GUM,MNG,5174.0
GUM,MNP,221.0
GUM,MOZ,12872.0
GUM,MRT,15930.0
GUM,MSR,15547.0
GUM,MTQ,15806.0
GUM,MUS,10244.0
GUM,MWI,12597.0
GUM,MYS,4870.0
GUM,MYT,11354.0
GUM,NAM,14427.0
GUM,NCL,4610.0
GUM,NER,14938.0
GUM,NFK,5328.0
GUM,NGA,15223.0
GUM,NIC,13729.0
GUM,NIU,6136.0
GUM,NLD,11760.0
GUM,NOR,10896.0
GUM,NPL,6333.0
GUM,NRU,2894.0
GUM,NZL,6400.0
GUM,OMN,9041.0
GUM,PAK,8167.0
GUM,PAN,14543.0
GUM,PCN,10320.0
GUM,PER,15502.0
GUM,PHL,2569.0
GUM,PLW,1313.0
GUM,PNG,2549.0
GUM,POL,10959.0
GUM,PRI,15126.0
GUM,PRK,3393.0
GUM,PRT,13624.0
GUM,PRY,17342.0
GUM,PSE,11083.0
GUM,PYF,7989.0
GUM,QAT,9711.0
GUM,REU,10470.0
GUM,ROU,11109.0
GUM,RUS,9818.0
GUM,RWA,12740.0
GUM,SAU,10188.0
GUM,SDN,11909.0
GUM,SEN,16331.0
GUM,SGP,4702.0
GUM,SHN,16845.0
GUM,SLB,3040.0
GUM,SLE,16582.0
GUM,SLV,13367.0
GUM,SMR,12029.0
GUM,SOM,10982.0
GUM,SPM,13014.0
GUM,SRB,11464.0
GUM,SSD,12378.0
GUM,STP,15159.0
GUM,SUR,16951.0
GUM,SVK,11453.0
GUM,SVN,11753.0
GUM,SWE,10632.0
GUM,SWZ,13006.0
GUM,SXM,15386.0
GUM,SYC,10061.0
GUM,SYR,10839.0
GUM,TCA,14514.0
GUM,TCD,13799.0
GUM,TGO,15453.0
GUM,THA,4779.0
GUM,TJK,7876.0
GUM,TKL,5480.0
GUM,TKM,8788.0
GUM,TLS,3230.0
GUM,TON,5816.0
GUM,TTO,16079.0
GUM,TUN,12693.0
GUM,TUR,11088.0
GUM,TUV,4518.0
GUM,TWN,2755.0
GUM,TZA,11862.0
GUM,UGA,12406.0
GUM,UKR,10495.0
GUM,URY,16850.0
GUM,USA,12805.0
GUM,UZB,7830.0
GUM,VAT,12176.0
GUM,VCT,15911.0
GUM,VEN,15640.0
GUM,VGB,15241.0
GUM,VNM,4153.0
GUM,VUT,4315.0
GUM,WLF,5228.0
GUM,WSM,5666.0
GUM,YEM,10723.0
GUM,ZAF,13314.0
GUM,ZMB,13207.0
GUM,ZWE,12944.0
GUY,ABW,1448.0
GUY,AFG,12845.0
GUY,AGO,8107.0
GUY,AIA,1370.0
GUY,ALB,8510.0
GUY,AND,7037.0
GUY,ARE,12009.0
GUY,ARG,4583.0
GUY,ARM,10591.0
GUY,ASM,12629.0
GUY,ATG,1209.0
GUY,AUS,15860.0
GUY,AUT,8302.0
GUY,AZE,11027.0
GUY,BDI,9789.0
GUY,BEL,7514.0
GUY,BEN,6687.0
GUY,BES,1258.0
GUY,BFA,6235.0
GUY,BGD,15217.0
GUY,BGR,8805.0
GUY,BHR,11524.0
GUY,BHS,2873.0
GUY,BIH,8408.0
GUY,BLR,9120.0
GUY,BLZ,3521.0
GUY,BMU,2904.0
GUY,BOL,2803.0
GUY,BRA,3584.0
GUY,BRB,715.0
GUY,BRN,18504.0
GUY,BTN,14881.0
GUY,BWA,9732.0
GUY,CAF,8495.0
GUY,CAN,4585.0
GUY,CCK,17226.0
GUY,CHE,7705.0
GUY,CHL,4647.0
GUY,CHN,15796.0
GUY,CIV,5991.0
GUY,CMR,7724.0
GUY,COD,8255.0
GUY,COG,8251.0
GUY,COK,11489.0
GUY,COL,1781.0
GUY,COM,11408.0
GUY,CPV,3888.0
GUY,CRI,2875.0
GUY,CUB,3160.0
GUY,CUW,1321.0
GUY,CXR,18211.0
GUY,CYM,2866.0
GUY,CYP,9719.0
GUY,CZE,8190.0
GUY,DEU,8166.0
GUY,DJI,11088.0
GUY,DMA,1004.0
GUY,DNK,8181.0
GUY,DOM,1815.0
GUY,DZA,7006.0
GUY,ECU,2612.0
GUY,EGY,9581.0
GUY,ERI,10574.0
GUY,ESH,5251.0
GUY,ESP,6550.0
GUY,EST,8957.0
GUY,ETH,10653.0
GUY,FIN,8971.0
GUY,FJI,13779.0
GUY,FLK,6483.0
GUY,FRA,7308.0
GUY,FRO,7411.0
GUY,FSM,15724.0
GUY,GAB,7539.0
GUY,GBR,7244.0
GUY,GEO,10578.0
GUY,GHA,6246.0
GUY,GIB,6262.0
GUY,GIN,4911.0
GUY,GLP,1089.0
GUY,GMB,4599.0
GUY,GNB,4704.0
GUY,GNQ,7554.0
GUY,GRC,8841.0
GUY,GRD,702.0
GUY,GRL,6389.0
GUY,GTM,3641.0
GUY,GUF,677.0
GUY,GUM,16640.0
GUY,HKG,16682.0
GUY,HND,3278.0
GUY,HRV,8241.0
GUY,HTI,2012.0
GUY,HUN,8493.0
GUY,IDN,18376.0
GUY,IND,13834.0
GUY,IOT,14576.0
GUY,IRL,6951.0
GUY,IRN,11309.0
GUY,IRQ,10755.0
GUY,ISL,6983.0
GUY,ISR,9891.0
GUY,ITA,7907.0
GUY,JAM,2372.0
GUY,JOR,10002.0
GUY,JPN,14947.0
GUY,KAZ,12858.0
GUY,KEN,10585.0
GUY,KGZ,12735.0
GUY,KHM,17255.0
GUY,KIR,14285.0
GUY,KNA,1262.0
GUY,KOR,15063.0
GUY,KWT,11188.0
GUY,LAO,16555.0
GUY,LBN,9930.0
GUY,LBR,5236.0
GUY,LBY,7863.0
GUY,LCA,855.0
GUY,LIE,7775.0
GUY,LKA,15129.0
GUY,LSO,9961.0
GUY,LTU,8972.0
GUY,LUX,7596.0
GUY,LVA,8907.0
GUY,MAC,16673.0
GUY,MAR,5978.0
GUY,MCO,7535.0
GUY,MDA,9234.0
GUY,MDG,11908.0
GUY,MDV,14529.0
GUY,MEX,4644.0
GUY,MHL,14324.0
GUY,MKD,8648.0
GUY,MLI,5533.0
GUY,MLT,8011.0
GUY,MMR,16172.0
GUY,MNE,8471.0
GUY,MNG,13769.0
GUY,MNP,16432.0
GUY,MOZ,10404.0
GUY,MRT,4739.0
GUY,MSR,1190.0
GUY,MTQ,920.0
GUY,MUS,12952.0
GUY,MWI,10407.0
GUY,MYS,17535.0
GUY,MYT,11630.0
GUY,NAM,8805.0
GUY,NCL,14952.0
GUY,NER,6631.0
GUY,NFK,14603.0
GUY,NGA,6802.0
GUY,NIC,3139.0
GUY,NIU,12548.0
GUY,NLD,7601.0
GUY,NOR,8186.0
GUY,NPL,14542.0
GUY,NRU,14985.0
GUY,NZL,13726.0
GUY,OMN,12382.0
GUY,PAK,13138.0
GUY,PAN,2368.0
GUY,PCN,8347.0
GUY,PER,2951.0
GUY,PHL,17634.0
GUY,PLW,17917.0
GUY,PNG,17230.0
GUY,POL,8675.0
GUY,PRI,1552.0
GUY,PRK,14913.0
GUY,PRT,6047.0
GUY,PRY,3552.0
GUY,PSE,9869.0
GUY,PYF,10392.0
GUY,QAT,11632.0
GUY,REU,12736.0
GUY,ROU,9029.0
GUY,RUS,9747.0
GUY,RWA,9847.0
GUY,SAU,11186.0
GUY,SDN,9890.0
GUY,SEN,4530.0
GUY,SGP,17841.0
GUY,SHN,6302.0
GUY,SLB,15829.0
GUY,SLE,4958.0
GUY,SLV,3480.0
GUY,SMR,7937.0
GUY,SOM,11482.0
GUY,SPM,4434.0
GUY,SRB,8582.0
GUY,SSD,9926.0
GUY,STP,7239.0
GUY,SUR,347.0
GUY,SVK,8355.0
GUY,SVN,8131.0
GUY,SWE,8578.0
GUY,SWZ,10277.0
GUY,SXM,1350.0
GUY,SYC,12684.0
GUY,SYR,10011.0
GUY,TCA,2141.0
GUY,TCD,8039.0
GUY,TGO,6563.0
GUY,THA,16749.0
GUY,TJK,12593.0
GUY,TKL,12667.0
GUY,TKM,11808.0
GUY,TLS,19576.0
GUY,TON,13092.0
GUY,TTO,565.0
GUY,TUN,7634.0
GUY,TUR,9276.0
GUY,TUV,13711.0
GUY,TWN,16484.0
GUY,TZA,10923.0
GUY,UGA,10096.0
GUY,UKR,9336.0
GUY,URY,4613.0
GUY,USA,4074.0
GUY,UZB,12469.0
GUY,VAT,7905.0
GUY,VCT,779.0
GUY,VEN,1043.0
GUY,VGB,1463.0
GUY,VNM,17449.0
GUY,VUT,14850.0
GUY,WLF,13219.0
GUY,WSM,12743.0
GUY,YEM,11133.0
GUY,ZAF,9969.0
GUY,ZMB,9836.0
GUY,ZWE,10163.0
HKG,ABW,16127.0
HKG,AFG,4574.0
HKG,AGO,11507.0
HKG,AIA,15514.0
HKG,ALB,8757.0
HKG,AND,10068.0
HKG,ARE,5962.0
HKG,ARG,18464.0
HKG,ARM,6754.0
HKG,ASM,9132.0
HKG,ATG,15625.0
HKG,AUS,7391.0
HKG,AUT,8747.0
HKG,AZE,6297.0
HKG,BDI,9626.0
HKG,BEL,9413.0
HKG,BEN,11958.0
HKG,BES,16186.0
HKG,BFA,12039.0
HKG,BGD,2441.0
HKG,BGR,8433.0
HKG,BHR,6410.0
HKG,BHS,14622.0
HKG,BIH,8773.0
HKG,BLR,7820.0
HKG,BLZ,14974.0
HKG,BMU,13964.0
HKG,BOL,19322.0
HKG,BRA,18061.0
HKG,BRB,16033.0
HKG,BRN,1920.0
HKG,BTN,2542.0
HKG,BWA,10855.0
HKG,CAF,10412.0
HKG,CAN,12568.0
HKG,CCK,4258.0
HKG,CHE,9325.0
HKG,CHL,18681.0
HKG,CHN,1226.0
HKG,CIV,12645.0
HKG,CMR,11153.0
HKG,COD,11111.0
HKG,COG,11111.0
HKG,COK,10503.0
HKG,COL,16899.0
HKG,COM,8600.0
HKG,CPV,13840.0
HKG,CRI,15929.0
HKG,CUB,14674.0
HKG,CUW,16185.0
HKG,CXR,3735.0
HKG,CYM,15108.0
HKG,CYP,7817.0
HKG,CZE,8804.0
HKG,DEU,8768.0
HKG,DJI,7598.0
HKG,DMA,15819.0
HKG,DNK,8687.0
HKG,DOM,15472.0
HKG,DZA,10284.0
HKG,ECU,17317.0
HKG,EGY,8159.0
HKG,ERI,7894.0
HKG,ESH,12148.0
HKG,ESP,10560.0
HKG,EST,7869.0
HKG,ETH,8148.0
HKG,FIN,7843.0
HKG,FJI,8301.0
HKG,FLK,16668.0
HKG,FRA,9648.0
HKG,FRO,9312.0
HKG,FSM,5010.0
HKG,GAB,11515.0
HKG,GBR,9644.0
HKG,GEO,6713.0
HKG,GHA,12341.0
HKG,GIB,10952.0
HKG,GIN,13335.0
HKG,GLP,15747.0
HKG,GMB,13365.0
HKG,GNB,13371.0
HKG,GNQ,11419.0
HKG,GRC,8560.0
HKG,GRD,16180.0
HKG,GRL,10341.0
HKG,GTM,15122.0
HKG,GUF,16661.0
HKG,GUM,3375.0
HKG,GUY,16682.0
HKG,HND,15361.0
HKG,HRV,8871.0
HKG,HTI,15434.0
HKG,HUN,8587.0
HKG,IDN,3252.0
HKG,IND,3769.0
HKG,IOT,5605.0
HKG,IRL,9871.0
HKG,IRN,6191.0
HKG,IRQ,6862.0
HKG,ISL,9703.0
HKG,ISR,7773.0
HKG,ITA,9300.0
HKG,JAM,15393.0
HKG,JOR,7670.0
HKG,JPN,2882.0
HKG,KAZ,4144.0
HKG,KEN,8771.0
HKG,KGZ,4306.0
HKG,KHM,1542.0
HKG,KIR,6762.0
HKG,KNA,15614.0
HKG,KOR,2092.0
HKG,KWT,6600.0
HKG,LAO,1302.0
HKG,LBN,7661.0
HKG,LBR,13254.0
HKG,LBY,9658.0
HKG,LCA,15956.0
HKG,LIE,9267.0
HKG,LKA,4056.0
HKG,LSO,10893.0
HKG,LTU,7947.0
HKG,LUX,9367.0
HKG,LVA,7964.0
HKG,MAC,67.0
HKG,MAR,11286.0
HKG,MCO,9583.0
HKG,MDA,7887.0
HKG,MDG,8563.0
HKG,MDV,4818.0
HKG,MEX,14148.0
HKG,MHL,6346.0
HKG,MKD,8605.0
HKG,MLI,12631.0
HKG,MLT,9409.0
HKG,MMR,1985.0
HKG,MNE,8758.0
HKG,MNG,2917.0
HKG,MNP,3412.0
HKG,MOZ,10299.0
HKG,MRT,12996.0
HKG,MSR,15664.0
HKG,MTQ,15891.0
HKG,MUS,7746.0
HKG,MWI,9637.0
HKG,MYS,2511.0
HKG,MYT,8462.0
HKG,NAM,11626.0
HKG,NCL,7511.0
HKG,NER,11630.0
HKG,NFK,8094.0
HKG,NGA,11855.0
HKG,NIC,15600.0
HKG,NIU,9435.0
HKG,NLD,9298.0
HKG,NOR,8606.0
HKG,NPL,2968.0
HKG,NRU,6246.0
HKG,NZL,9122.0
HKG,OMN,5667.0
HKG,PAK,4793.0
HKG,PAN,16240.0
HKG,PCN,13689.0
HKG,PER,18376.0
HKG,PHL,1112.0
HKG,PLW,2732.0
HKG,PNG,5027.0
HKG,POL,8290.0
HKG,PRI,15496.0
HKG,PRK,2159.0
HKG,PRT,11047.0
HKG,PRY,19130.0
HKG,PSE,7819.0
HKG,PYF,11360.0
HKG,QAT,6347.0
HKG,REU,7968.0
HKG,ROU,8163.0
HKG,RUS,7154.0
HKG,RWA,9494.0
HKG,SAU,6826.0
HKG,SDN,8534.0
HKG,SEN,13349.0
HKG,SGP,2578.0
HKG,SHN,13709.0
HKG,SLB,6101.0
HKG,SLE,13360.0
HKG,SLV,15287.0
HKG,SMR,9209.0
HKG,SOM,7754.0
HKG,SPM,12296.0
HKG,SRB,8579.0
HKG,SSD,9053.0
HKG,STP,11797.0
HKG,SUR,16685.0
HKG,SVK,8698.0
HKG,SVN,8967.0
HKG,SWE,8240.0
HKG,SWZ,10436.0
HKG,SXM,15535.0
HKG,SYC,7048.0
HKG,SYR,7597.0
HKG,TCA,15131.0
HKG,TCD,10431.0
HKG,TGO,12087.0
HKG,THA,1728.0
HKG,TJK,4664.0
HKG,TKL,8848.0
HKG,TKM,5564.0
HKG,TLS,3630.0
HKG,TON,9044.0
HKG,TTO,16330.0
HKG,TUN,9720.0
HKG,TUR,8035.0
HKG,TUV,7862.0
HKG,TWN,801.0
HKG,TZA,8767.0
HKG,UGA,9138.0
HKG,UKR,7692.0
HKG,URY,18333.0
HKG,USA,12979.0
HKG,UZB,4685.0
HKG,VAT,9301.0
HKG,VCT,16053.0
HKG,VEN,16377.0
HKG,VGB,15500.0
HKG,VNM,1507.0
HKG,VUT,7371.0
HKG,WLF,8552.0
HKG,WSM,9007.0
HKG,YEM,7355.0
HKG,ZAF,10717.0
HKG,ZMB,10246.0
HKG,ZWE,10076.0
HND,ABW,1869.0
HND,AFG,14077.0
HND,AGO,11372.0
HND,AIA,2621.0
HND,ALB,10357.0
HND,AND,8863.0
HND,ARE,14062.0
HND,ARG,6190.0
HND,ARM,12208.0
HND,ASM,9716.0
HND,ATG,2738.0
HND,AUS,14266.0
HND,AUT,9831.0
HND,AZE,12533.0
HND,BDI,12976.0
HND,BEL,8915.0
HND,BEN,9798.0
HND,BES,2064.0
HND,BFA,9230.0
HND,BGD,15815.0
HND,BGR,10564.0
HND,BHR,13636.0
HND,BHS,1595.0
HND,BIH,10143.0
HND,BLR,10293.0
HND,BLZ,388.0
HND,BMU,3043.0
HND,BOL,3979.0
HND,BRA,6069.0
HND,BRB,2986.0
HND,BRN,16796.0
HND,BTN,15395.0
HND,BWA,12971.0
HND,CAF,11592.0
HND,CAN,3366.0
HND,CCK,19544.0
HND,CHE,9293.0
HND,CHL,5547.0
HND,CHN,14137.0
HND,CIV,9140.0
HND,CMR,10853.0
HND,COD,11484.0
HND,COG,11479.0
HND,COK,8835.0
HND,COL,1781.0
HND,COM,14662.0
HND,CPV,6842.0
HND,CRI,572.0
HND,CUB,1122.0
HND,CUW,1993.0
HND,CXR,18575.0
HND,CYM,848.0
HND,CYP,11721.0
HND,CZE,9629.0
HND,DEU,9480.0
HND,DJI,13859.0
HND,DMA,2782.0
HND,DNK,9327.0
HND,DOM,1912.0
HND,DZA,9110.0
HND,ECU,1970.0
HND,EGY,11820.0
HND,ERI,13267.0
HND,ESH,7748.0
HND,ESP,8465.0
HND,EST,9859.0
HND,ETH,13539.0
HND,FIN,9832.0
HND,FJI,10945.0
HND,FLK,7821.0
HND,FRA,8811.0
HND,FRO,8134.0
HND,FSM,12451.0
HND,GAB,10726.0
HND,GBR,8595.0
HND,GEO,12120.0
HND,GHA,9364.0
HND,GIB,8379.0
HND,GIN,8002.0
HND,GLP,2747.0
HND,GMB,7595.0
HND,GNB,7743.0
HND,GNQ,10720.0
HND,GRC,10814.0
HND,GRD,2769.0
HND,GRL,6193.0
HND,GTM,363.0
HND,GUF,3955.0
HND,GUM,13542.0
HND,GUY,3278.0
HND,HKG,15361.0
HND,HRV,9891.0
HND,HTI,1663.0
HND,HUN,10045.0
HND,IDN,18261.0
HND,IND,14989.0
HND,IOT,17679.0
HND,IRL,8165.0
HND,IRN,12992.0
HND,IRQ,12676.0
HND,ISL,7417.0
HND,ISR,12006.0
HND,ITA,9759.0
HND,JAM,1195.0
HND,JOR,12108.0
HND,JPN,12621.0
HND,KAZ,13454.0
HND,KEN,13717.0
HND,KGZ,13432.0
HND,KHM,16874.0
HND,KIR,11041.0
HND,KNA,2646.0
HND,KOR,13269.0
HND,KWT,13216.0
HND,LAO,16302.0
HND,LBN,11959.0
HND,LBR,8386.0
HND,LBY,10116.0
HND,LCA,2830.0
HND,LIE,9374.0
HND,LKA,17284.0
HND,LSO,13148.0
HND,LTU,10121.0
HND,LUX,9066.0
HND,LVA,9945.0
HND,MAC,15403.0
HND,MAR,8206.0
HND,MCO,9306.0
HND,MDA,10741.0
HND,MDG,15185.0
HND,MDV,17087.0
HND,MEX,1403.0
HND,MHL,11047.0
HND,MKD,10452.0
HND,MLI,8537.0
HND,MLT,10129.0
HND,MMR,16568.0
HND,MNE,10268.0
HND,MNG,12998.0
HND,MNP,13359.0
HND,MOZ,13636.0
HND,MRT,7588.0
HND,MSR,2698.0
HND,MTQ,2818.0
HND,MUS,16225.0
HND,MWI,13679.0
HND,MYS,17868.0
HND,MYT,14891.0
HND,NAM,12051.0
HND,NCL,12256.0
HND,NER,9586.0
HND,NFK,12189.0
HND,NGA,9910.0
HND,NIC,239.0
HND,NIU,9776.0
HND,NLD,8922.0
HND,NOR,9100.0
HND,NPL,15312.0
HND,NRU,11746.0
HND,NZL,11646.0
HND,OMN,14428.0
HND,PAK,14876.0
HND,PAN,1010.0
HND,PCN,6170.0
HND,PER,3100.0
HND,PHL,15581.0
HND,PLW,14852.0
HND,PNG,14097.0
HND,POL,9978.0
HND,PRI,2305.0
HND,PRK,13206.0
HND,PRT,8018.0
HND,PRY,5411.0
HND,PSE,12011.0
HND,PYF,7689.0
HND,QAT,13767.0
HND,REU,16006.0
HND,ROU,10684.0
HND,RUS,10727.0
HND,RWA,13012.0
HND,SAU,13431.0
HND,SDN,12633.0
HND,SEN,7491.0
HND,SGP,17923.0
HND,SHN,9557.0
HND,SLB,12720.0
HND,SLE,8071.0
HND,SLV,218.0
HND,SMR,9691.0
HND,SOM,14505.0
HND,SPM,4633.0
HND,SRB,10259.0
HND,SSD,12959.0
HND,STP,10434.0
HND,SUR,3624.0
HND,SVK,9884.0
HND,SVN,9774.0
HND,SWE,9514.0
HND,SWZ,13503.0
HND,SXM,2620.0
HND,SYC,15808.0
HND,SYR,12047.0
HND,TCA,1887.0
HND,TCD,10982.0
HND,TGO,9683.0
HND,THA,16815.0
HND,TJK,13669.0
HND,TKL,9634.0
HND,TKM,13224.0
HND,TLS,16409.0
HND,TON,10368.0
HND,TTO,2818.0
HND,TUN,9726.0
HND,TUR,11065.0
HND,TUV,10630.0
HND,TWN,14687.0
HND,TZA,14133.0
HND,UGA,13215.0
HND,UKR,10658.0
HND,URY,6330.0
HND,USA,3219.0
HND,UZB,13417.0
HND,VAT,9757.0
HND,VCT,2812.0
HND,VEN,2246.0
HND,VGB,2460.0
HND,VNM,16867.0
HND,VUT,11990.0
HND,WLF,10262.0
HND,WSM,9814.0
HND,YEM,13767.0
HND,ZAF,13195.0
HND,ZMB,13113.0
HND,ZWE,13440.0
HRV,ABW,8714.0
HRV,AFG,4610.0
HRV,AGO,6059.0
HRV,AIA,7739.0
HRV,ALB,587.0
HRV,AND,1211.0
HRV,ARE,4171.0
HRV,ARG,11615.0
HRV,ARM,2395.0
HRV,ASM,16452.0
HRV,ATG,7728.0
HRV,AUS,15764.0
HRV,AUT,268.0
HRV,AZE,2804.0
HRV,BDI,5608.0
HRV,BEL,1026.0
HRV,BEN,4556.0
HRV,BES,8607.0
HRV,BFA,4061.0
HRV,BGD,6976.0
HRV,BGR,681.0
HRV,BHR,3756.0
HRV,BHS,8300.0
HRV,BIH,288.0
HRV,BLR,1223.0
HRV,BLZ,9746.0
HRV,BMU,6850.0
HRV,BOL,10864.0
HRV,BRA,9942.0
HRV,BRB,7862.0
HRV,BRN,10311.0
HRV,BTN,6650.0
HRV,BWA,7868.0
HRV,CAF,4600.0
HRV,CAN,7067.0
HRV,CCK,10275.0
HRV,CHE,598.0
HRV,CHL,12346.0
HRV,CHN,8662.0
HRV,CIV,4884.0
HRV,CMR,4668.0
HRV,COD,5554.0
HRV,COG,5548.0
HRV,COK,17250.0
HRV,COL,9650.0
HRV,COM,6932.0
HRV,CPV,5026.0
HRV,CRI,9994.0
HRV,CUB,8816.0
HRV,CUW,8662.0
HRV,CXR,10809.0
HRV,CYM,9045.0
HRV,CYP,1883.0
HRV,CZE,489.0
HRV,DEU,769.0
HRV,DJI,4583.0
HRV,DMA,7831.0
HRV,DNK,1123.0
HRV,DOM,8245.0
HRV,DZA,1475.0
HRV,ECU,10638.0
HRV,EGY,2198.0
HRV,ERI,4002.0
HRV,ESH,3303.0
HRV,ESP,1705.0
HRV,EST,1625.0
HRV,ETH,4622.0
HRV,FIN,1703.0
HRV,FJI,16539.0
HRV,FLK,12903.0
HRV,FRA,1082.0
HRV,FRO,2316.0
HRV,FSM,13067.0
HRV,GAB,5073.0
HRV,GBR,1341.0
HRV,GEO,2355.0
HRV,GHA,4656.0
HRV,GIB,2082.0
HRV,GIN,4909.0
HRV,GLP,7804.0
HRV,GMB,4719.0
HRV,GNB,4802.0
HRV,GNQ,4907.0
HRV,GRC,1084.0
HRV,GRD,8108.0
HRV,GRL,4513.0
HRV,GTM,10089.0
HRV,GUF,7944.0
HRV,GUM,11681.0
HRV,GUY,8241.0
HRV,HKG,8871.0
HRV,HND,9891.0
HRV,HTI,8426.0
HRV,HUN,300.0
HRV,IDN,10568.0
HRV,IND,5608.0
HRV,IOT,8108.0
HRV,IRL,1802.0
HRV,IRN,3166.0
HRV,IRQ,2786.0
HRV,ISL,3089.0
HRV,ISR,2221.0
HRV,ITA,518.0
HRV,JAM,8805.0
HRV,JOR,2305.0
HRV,JPN,9365.0
HRV,KAZ,4732.0
HRV,KEN,5606.0
HRV,KGZ,4579.0
HRV,KHM,9016.0
HRV,KIR,14317.0
HRV,KNA,7783.0
HRV,KOR,8490.0
HRV,KWT,3330.0
HRV,LAO,8341.0
HRV,LBN,2120.0
HRV,LBR,5082.0
HRV,LBY,1456.0
HRV,LCA,7899.0
HRV,LIE,517.0
HRV,LKA,7447.0
HRV,LSO,8401.0
HRV,LTU,1187.0
HRV,LUX,850.0
HRV,LVA,1359.0
HRV,MAC,8831.0
HRV,MAR,2422.0
HRV,MCO,716.0
HRV,MDA,998.0
HRV,MDG,7844.0
HRV,MDV,7205.0
HRV,MEX,10282.0
HRV,MHL,13657.0
HRV,MKD,609.0
HRV,MLI,4316.0
HRV,MLT,1108.0
HRV,MMR,7934.0
HRV,MNE,458.0
HRV,MNG,6507.0
HRV,MNP,11582.0
HRV,MOZ,8121.0
HRV,MRT,4257.0
HRV,MSR,7781.0
HRV,MTQ,7859.0
HRV,MUS,8422.0
HRV,MWI,6858.0
HRV,MYS,9428.0
HRV,MYT,7122.0
HRV,NAM,7572.0
HRV,NCL,16281.0
HRV,NER,3811.0
HRV,NFK,16945.0
HRV,NGA,4528.0
HRV,NIC,9978.0
HRV,NIU,16988.0
HRV,NLD,1088.0
HRV,NOR,1607.0
HRV,NPL,6301.0
HRV,NRU,14243.0
HRV,NZL,17993.0
HRV,OMN,4538.0
HRV,PAK,5084.0
HRV,PAN,9722.0
HRV,PCN,16039.0
HRV,PER,11192.0
HRV,PHL,9981.0
HRV,PLW,11551.0
HRV,PNG,13880.0
HRV,POL,802.0
HRV,PRI,7955.0
HRV,PRK,8297.0
HRV,PRT,2206.0
HRV,PRY,10814.0
HRV,PSE,2250.0
HRV,PYF,16597.0
HRV,QAT,3888.0
HRV,REU,8393.0
HRV,ROU,811.0
HRV,RUS,1872.0
HRV,RWA,5470.0
HRV,SAU,3609.0
HRV,SDN,3694.0
HRV,SEN,4653.0
HRV,SGP,9743.0
HRV,SHN,7179.0
HRV,SLB,14721.0
HRV,SLE,4992.0
HRV,SLV,10068.0
HRV,SMR,348.0
HRV,SOM,5631.0
HRV,SPM,5356.0
HRV,SRB,369.0
HRV,SSD,4784.0
HRV,STP,5119.0
HRV,SUR,8086.0
HRV,SVK,273.0
HRV,SVN,117.0
HRV,SWE,1511.0
HRV,SWZ,8133.0
HRV,SXM,7752.0
HRV,SYC,6814.0
HRV,SYR,2205.0
HRV,TCA,8113.0
HRV,TCD,3738.0
HRV,TGO,4622.0
HRV,THA,8509.0
HRV,TJK,4355.0
HRV,TKL,15908.0
HRV,TKM,3582.0
HRV,TLS,12205.0
HRV,TON,17086.0
HRV,TTO,8198.0
HRV,TUN,1111.0
HRV,TUR,1176.0
HRV,TUV,15572.0
HRV,TWN,9165.0
HRV,TZA,6274.0
HRV,UGA,5297.0
HRV,UKR,1196.0
HRV,URY,11493.0
HRV,USA,6923.0
HRV,UZB,4252.0
HRV,VAT,519.0
HRV,VCT,7983.0
HRV,VEN,8629.0
HRV,VGB,7844.0
HRV,VNM,9214.0
HRV,VUT,15985.0
HRV,WLF,16222.0
HRV,WSM,16385.0
HRV,YEM,4282.0
HRV,ZAF,8068.0
HRV,ZMB,6893.0
HRV,ZWE,7210.0
HTI,ABW,710.0
HTI,AFG,12866.0
HTI,AGO,9863.0
HTI,AIA,981.0
HTI,ALB,8847.0
HTI,AND,7331.0
HTI,ARE,12563.0
HTI,ARG,6064.0
HTI,ARM,10804.0
HTI,ASM,11376.0
HTI,ATG,1123.0
HTI,AUS,15823.0
HTI,AUT,8401.0
HTI,AZE,11173.0
HTI,BDI,11370.0
HTI,BEL,7502.0
HTI,BEN,8179.0
HTI,BES,831.0
HTI,BFA,7584.0
HTI,BGD,14972.0
HTI,BGR,9082.0
HTI,BHR,12112.0
HTI,BHS,888.0
HTI,BIH,8659.0
HTI,BLR,8991.0
HTI,BLZ,1746.0
HTI,BMU,1701.0
HTI,BOL,3903.0
HTI,BRA,5429.0
HTI,BRB,1489.0
HTI,BRN,17290.0
HTI,BTN,14559.0
HTI,BWA,11660.0
HTI,CAF,9958.0
HTI,CAN,2868.0
HTI,CCK,18667.0
HTI,CHE,7834.0
HTI,CHL,5757.0
HTI,CHN,14306.0
HTI,CIV,7542.0
HTI,CMR,9233.0
HTI,COD,9921.0
HTI,COG,9916.0
HTI,COK,10490.0
HTI,COL,1553.0
HTI,COM,13102.0
HTI,CPV,5207.0
HTI,CRI,1585.0
HTI,CUB,1161.0
HTI,CUW,800.0
HTI,CXR,19082.0
HTI,CYM,956.0
HTI,CYP,10193.0
HTI,CZE,8222.0
HTI,DEU,8109.0
HTI,DJI,12204.0
HTI,DMA,1220.0
HTI,DNK,8008.0
HTI,DOM,257.0
HTI,DZA,7521.0
HTI,ECU,2436.0
HTI,EGY,10237.0
HTI,ERI,11617.0
HTI,ESH,6091.0
HTI,ESP,6905.0
HTI,EST,8642.0
HTI,ETH,11876.0
HTI,FIN,8630.0
HTI,FJI,12606.0
HTI,FLK,7908.0
HTI,FRA,7365.0
HTI,FRO,6932.0
HTI,FSM,13814.0
HTI,GAB,9137.0
HTI,GBR,7189.0
HTI,GEO,10738.0
HTI,GHA,7751.0
HTI,GIB,6777.0
HTI,GIN,6390.0
HTI,GLP,1162.0
HTI,GMB,5962.0
HTI,GNB,6118.0
HTI,GNQ,9118.0
HTI,GRC,9279.0
HTI,GRD,1344.0
HTI,GRL,5302.0
HTI,GTM,1989.0
HTI,GUF,2644.0
HTI,GUM,14628.0
HTI,GUY,2012.0
HTI,HKG,15434.0
HTI,HND,1663.0
HTI,HRV,8426.0
HTI,HUN,8613.0
HTI,IDN,18637.0
HTI,IND,13848.0
HTI,IOT,16016.0
HTI,IRL,6791.0
HTI,IRN,11585.0
HTI,IRQ,11188.0
HTI,ISL,6302.0
HTI,ISR,10454.0
HTI,ITA,8237.0
HTI,JAM,475.0
HTI,JOR,10560.0
HTI,JPN,13124.0
HTI,KAZ,12479.0
HTI,KEN,12082.0
HTI,KGZ,12413.0
HTI,KHM,16661.0
HTI,KIR,12563.0
HTI,KNA,1027.0
HTI,KOR,13475.0
HTI,KWT,11708.0
HTI,LAO,15929.0
HTI,LBN,10428.0
HTI,LBR,6796.0
HTI,LBY,8511.0
HTI,LCA,1312.0
HTI,LIE,7913.0
HTI,LKA,15866.0
HTI,LSO,11927.0
HTI,LTU,8822.0
HTI,LUX,7636.0
HTI,LVA,8681.0
HTI,MAC,15453.0
HTI,MAR,6583.0
HTI,MCO,7797.0
HTI,MDA,9338.0
HTI,MDG,13725.0
HTI,MDV,15516.0
HTI,MEX,2822.0
HTI,MHL,12488.0
HTI,MKD,8956.0
HTI,MLI,6897.0
HTI,MLT,8551.0
HTI,MMR,15899.0
HTI,MNE,8770.0
HTI,MNG,12645.0
HTI,MNP,14421.0
HTI,MOZ,12336.0
HTI,MRT,5932.0
HTI,MSR,1091.0
HTI,MTQ,1278.0
HTI,MUS,14779.0
HTI,MWI,12173.0
HTI,MYS,17520.0
HTI,MYT,13340.0
HTI,NAM,10731.0
HTI,NCL,13919.0
HTI,NER,7933.0
HTI,NFK,13839.0
HTI,NGA,8289.0
HTI,NIC,1653.0
HTI,NIU,11439.0
HTI,NLD,7534.0
HTI,NOR,7857.0
HTI,NPL,14355.0
HTI,NRU,13267.0
HTI,NZL,13241.0
HTI,OMN,12940.0
HTI,PAK,13503.0
HTI,PAN,1310.0
HTI,PCN,7708.0
HTI,PER,3422.0
HTI,PHL,16062.0
HTI,PLW,15914.0
HTI,PNG,15658.0
HTI,POL,8623.0
HTI,PRI,658.0
HTI,PRK,13360.0
HTI,PRT,6438.0
HTI,PRY,5105.0
HTI,PSE,10453.0
HTI,PYF,9344.0
HTI,QAT,12239.0
HTI,REU,14576.0
HTI,ROU,9234.0
HTI,RUS,9506.0
HTI,RWA,11393.0
HTI,SAU,11869.0
HTI,SDN,10976.0
HTI,SEN,5851.0
HTI,SGP,17772.0
HTI,SHN,8235.0
HTI,SLB,14315.0
HTI,SLE,6468.0
HTI,SLV,1880.0
HTI,SMR,8193.0
HTI,SOM,12845.0
HTI,SPM,3463.0
HTI,SRB,8794.0
HTI,SSD,11305.0
HTI,STP,8851.0
HTI,SUR,2332.0
HTI,SVK,8455.0
HTI,SVN,8309.0
HTI,SWE,8275.0
HTI,SWZ,12213.0
HTI,SXM,984.0
HTI,SYC,14158.0
HTI,SYR,10516.0
HTI,TCA,347.0
HTI,TCD,9323.0
HTI,TGO,8069.0
HTI,THA,16352.0
HTI,TJK,12504.0
HTI,TKL,11277.0
HTI,TKM,11915.0
HTI,TLS,17800.0
HTI,TON,12031.0
HTI,TTO,1454.0
HTI,TUN,8148.0
HTI,TUR,9585.0
HTI,TUV,12255.0
HTI,TWN,14962.0
HTI,TZA,12532.0
HTI,UGA,11579.0
HTI,UKR,9314.0
HTI,URY,6150.0
HTI,USA,2464.0
HTI,UZB,12293.0
HTI,VAT,8235.0
HTI,VCT,1330.0
HTI,VEN,1067.0
HTI,VGB,815.0
HTI,VNM,16763.0
HTI,VUT,13646.0
HTI,WLF,11915.0
HTI,WSM,11472.0
HTI,YEM,12128.0
HTI,ZAF,11909.0
HTI,ZMB,11642.0
HTI,ZWE,11997.0
HUN,ABW,8924.0
HUN,AFG,4371.0
HUN,AGO,6266.0
HUN,AIA,7951.0
HUN,ALB,688.0
HUN,AND,1484.0
HUN,ARE,4024.0
HUN,ARG,11914.0
HUN,ARM,2192.0
HUN,ASM,16213.0
HUN,ATG,7947.0
HUN,AUS,15552.0
HUN,AUT,215.0
HUN,AZE,2581.0
HUN,BDI,5726.0
HUN,BEL,1132.0
HUN,BEN,4819.0
HUN,BES,8823.0
HUN,BFA,4343.0
HUN,BGD,6725.0
HUN,BGR,631.0
HUN,BHR,3629.0
HUN,BHS,8451.0
HUN,BIH,409.0
HUN,BLR,931.0
HUN,BLZ,9886.0
HUN,BMU,7011.0
HUN,BOL,11137.0
HUN,BRA,10241.0
HUN,BRB,8097.0
HUN,BRN,10051.0
HUN,BTN,6391.0
HUN,BWA,8020.0
HUN,CAF,4781.0
HUN,CAN,7142.0
HUN,CCK,10100.0
HUN,CHE,795.0
HUN,CHL,12637.0
HUN,CHN,8364.0
HUN,CIV,5165.0
HUN,CMR,4889.0
HUN,COD,5753.0
HUN,COG,5746.0
HUN,COK,17088.0
HUN,COL,9869.0
HUN,COM,6983.0
HUN,CPV,5322.0
HUN,CRI,10170.0
HUN,CUB,8958.0
HUN,CUW,8876.0
HUN,CXR,10605.0
HUN,CYM,9202.0
HUN,CYP,1815.0
HUN,CZE,445.0
HUN,DEU,689.0
HUN,DJI,4575.0
HUN,DMA,8055.0
HUN,DNK,1013.0
HUN,DOM,8438.0
HUN,DZA,1775.0
HUN,ECU,10859.0
HUN,EGY,2203.0
HUN,ERI,4011.0
HUN,ESH,3598.0
HUN,ESP,1978.0
HUN,EST,1381.0
HUN,ETH,4653.0
HUN,FIN,1461.0
HUN,FJI,16251.0
HUN,FLK,13199.0
HUN,FRA,1248.0
HUN,FRO,2288.0
HUN,FSM,12769.0
HUN,GAB,5301.0
HUN,GBR,1453.0
HUN,GEO,2136.0
HUN,GHA,4932.0
HUN,GIB,2371.0
HUN,GIN,5208.0
HUN,GLP,8026.0
HUN,GMB,5019.0
HUN,GNB,5102.0
HUN,GNQ,5135.0
HUN,GRC,1128.0
HUN,GRD,8340.0
HUN,GRL,4515.0
HUN,GTM,10231.0
HUN,GUF,8211.0
HUN,GUM,11381.0
HUN,GUY,8493.0
HUN,HKG,8587.0
HUN,HND,10045.0
HUN,HRV,300.0
HUN,HTI,8613.0
HUN,IDN,10350.0
HUN,IND,5371.0
HUN,IOT,8007.0
HUN,IRL,1899.0
HUN,IRN,2972.0
HUN,IRQ,2645.0
HUN,ISL,3079.0
HUN,ISR,2170.0
HUN,ITA,811.0
HUN,JAM,8981.0
HUN,JOR,2243.0
HUN,JPN,9068.0
HUN,KAZ,4452.0
HUN,KEN,5675.0
HUN,KGZ,4302.0
HUN,KHM,8762.0
HUN,KIR,14035.0
HUN,KNA,7999.0
HUN,KOR,8190.0
HUN,KWT,3198.0
HUN,LAO,8080.0
HUN,LBN,2044.0
HUN,LBR,5376.0
HUN,LBY,1697.0
HUN,LCA,8128.0
HUN,LIE,720.0
HUN,LKA,7273.0
HUN,LSO,8549.0
HUN,LTU,911.0
HUN,LUX,980.0
HUN,LVA,1106.0
HUN,MAC,8547.0
HUN,MAR,2714.0
HUN,MCO,997.0
HUN,MDA,745.0
HUN,MDG,7888.0
HUN,MDV,7063.0
HUN,MEX,10379.0
HUN,MHL,13377.0
HUN,MKD,640.0
HUN,MLI,4611.0
HUN,MLT,1342.0
HUN,MMR,7688.0
HUN,MNE,562.0
HUN,MNG,6207.0
HUN,MNP,11282.0
HUN,MOZ,8246.0
HUN,MRT,4556.0
HUN,MSR,8000.0
HUN,MTQ,8086.0
HUN,MUS,8422.0
HUN,MWI,6964.0
HUN,MYS,9200.0
HUN,MYT,7165.0
HUN,NAM,7761.0
HUN,NCL,15982.0
HUN,NER,4083.0
HUN,NFK,16651.0
HUN,NGA,4787.0
HUN,NIC,10142.0
HUN,NIU,16747.0
HUN,NLD,1149.0
HUN,NOR,1484.0
HUN,NPL,6050.0
HUN,NRU,13950.0
HUN,NZL,17704.0
HUN,OMN,4385.0
HUN,PAK,4890.0
HUN,PAN,9915.0
HUN,PCN,16160.0
HUN,PER,11441.0
HUN,PHL,9697.0
HUN,PLW,11259.0
HUN,PNG,13589.0
HUN,POL,545.0
HUN,PRI,8159.0
HUN,PRK,7998.0
HUN,PRT,2475.0
HUN,PRY,11108.0
HUN,PSE,2207.0
HUN,PYF,16523.0
HUN,QAT,3762.0
HUN,REU,8404.0
HUN,ROU,645.0
HUN,RUS,1573.0
HUN,RWA,5582.0
HUN,SAU,3515.0
HUN,SDN,3755.0
HUN,SEN,4953.0
HUN,SGP,9514.0
HUN,SHN,7447.0
HUN,SLB,14421.0
HUN,SLE,5289.0
HUN,SLV,10217.0
HUN,SMR,648.0
HUN,SOM,5639.0
HUN,SPM,5471.0
HUN,SRB,318.0
HUN,SSD,4876.0
HUN,STP,5360.0
HUN,SUR,8345.0
HUN,SVK,162.0
HUN,SVN,382.0
HUN,SWE,1319.0
HUN,SWZ,8264.0
HUN,SXM,7965.0
HUN,SYC,6783.0
HUN,SYR,2125.0
HUN,TCA,8294.0
HUN,TCD,3941.0
HUN,TGO,4889.0
HUN,THA,8260.0
HUN,TJK,4101.0
HUN,TKL,15670.0
HUN,TKM,3351.0
HUN,TLS,11948.0
HUN,TON,16815.0
HUN,TTO,8434.0
HUN,TUN,1392.0
HUN,TUR,1069.0
HUN,TUV,15297.0
HUN,TWN,8871.0
HUN,TZA,6338.0
HUN,UGA,5390.0
HUN,UKR,901.0
HUN,URY,11792.0
HUN,USA,7026.0
HUN,UZB,3987.0
HUN,VAT,811.0
HUN,VCT,8213.0
HUN,VEN,8852.0
HUN,VGB,8052.0
HUN,VNM,8959.0
HUN,VUT,15686.0
HUN,WLF,15958.0
HUN,WSM,16140.0
HUN,YEM,4252.0
HUN,ZAF,8212.0
HUN,ZMB,7028.0
HUN,ZWE,7334.0
IDN,ABW,19232.0
IDN,AFG,5999.0
IDN,AGO,10308.0
IDN,AIA,18294.0
IDN,ALB,10216.0
IDN,AND,11731.0
IDN,ARE,6572.0
IDN,ARG,15230.0
IDN,ARM,8174.0
IDN,ASM,9038.0
IDN,ATG,18296.0
IDN,AUS,5202.0
IDN,AUT,10555.0
IDN,AZE,7769.0
IDN,BDI,8594.0
IDN,BEL,11419.0
IDN,BEN,11690.0
IDN,BES,19168.0
IDN,BFA,12158.0
IDN,BGD,3761.0
IDN,BGR,9948.0
IDN,BHR,7048.0
IDN,BHS,17872.0
IDN,BIH,10364.0
IDN,BLR,9864.0
IDN,BLZ,17933.0
IDN,BMU,16991.0
IDN,BOL,17434.0
IDN,BRA,15642.0
IDN,BRB,18360.0
IDN,BRN,1527.0
IDN,BTN,4161.0
IDN,BWA,8815.0
IDN,CAF,9881.0
IDN,CAN,15806.0
IDN,CCK,1283.0
IDN,CHE,11143.0
IDN,CHL,15606.0
IDN,CHN,4425.0
IDN,CIV,12385.0
IDN,CMR,10653.0
IDN,COD,10136.0
IDN,COG,10140.0
IDN,COK,10119.0
IDN,COL,19806.0
IDN,COM,7006.0
IDN,CPV,14528.0
IDN,CRI,18761.0
IDN,CUB,17894.0
IDN,CUW,19214.0
IDN,CXR,483.0
IDN,CYM,18314.0
IDN,CYP,8925.0
IDN,CZE,10708.0
IDN,DEU,10785.0
IDN,DJI,7322.0
IDN,DMA,18391.0
IDN,DNK,10843.0
IDN,DOM,18602.0
IDN,DZA,11653.0
IDN,ECU,18825.0
IDN,EGY,8986.0
IDN,ERI,7856.0
IDN,ESH,13297.0
IDN,ESP,12194.0
IDN,EST,10151.0
IDN,ETH,7740.0
IDN,FIN,10155.0
IDN,FJI,7861.0
IDN,FLK,13424.0
IDN,FRA,11587.0
IDN,FRO,11830.0
IDN,FSM,5882.0
IDN,GAB,10841.0
IDN,GBR,11719.0
IDN,GEO,8216.0
IDN,GHA,12131.0
IDN,GIB,12409.0
IDN,GIN,13471.0
IDN,GLP,18370.0
IDN,GMB,13801.0
IDN,GNB,13687.0
IDN,GNQ,10824.0
IDN,GRC,9831.0
IDN,GRD,18619.0
IDN,GRL,13348.0
IDN,GTM,17915.0
IDN,GUF,17726.0
IDN,GUM,4722.0
IDN,GUY,18376.0
IDN,HKG,3252.0
IDN,HND,18261.0
IDN,HRV,10568.0
IDN,HTI,18637.0
IDN,HUN,10350.0
IDN,IND,4999.0
IDN,IOT,3808.0
IDN,IRL,12081.0
IDN,IRN,7413.0
IDN,IRQ,7896.0
IDN,ISL,12413.0
IDN,ISR,8711.0
IDN,ITA,10830.0
IDN,JAM,18644.0
IDN,JOR,8601.0
IDN,JPN,5772.0
IDN,KAZ,6254.0
IDN,KEN,7793.0
IDN,KGZ,6337.0
IDN,KHM,1977.0
IDN,KIR,7397.0
IDN,KNA,18348.0
IDN,KOR,5278.0
IDN,KWT,7418.0
IDN,LAO,2715.0
IDN,LBN,8701.0
IDN,LBR,13141.0
IDN,LBY,10726.0
IDN,LCA,18440.0
IDN,LIE,11067.0
IDN,LKA,3332.0
IDN,LSO,8648.0
IDN,LTU,10027.0
IDN,LUX,11305.0
IDN,LVA,10143.0
IDN,MAC,3227.0
IDN,MAR,12656.0
IDN,MCO,11243.0
IDN,MDA,9608.0
IDN,MDG,6566.0
IDN,MDV,3879.0
IDN,MEX,16859.0
IDN,MHL,7317.0
IDN,MKD,10091.0
IDN,MLI,12860.0
IDN,MLT,10624.0
IDN,MMR,2804.0
IDN,MNE,10275.0
IDN,MNG,5995.0
IDN,MNP,4903.0
IDN,MOZ,8154.0
IDN,MRT,13698.0
IDN,MSR,18349.0
IDN,MTQ,18410.0
IDN,MUS,5543.0
IDN,MWI,8027.0
IDN,MYS,1182.0
IDN,MYT,6790.0
IDN,NAM,9729.0
IDN,NCL,6631.0
IDN,NER,11768.0
IDN,NFK,6879.0
IDN,NGA,11576.0
IDN,NIC,18451.0
IDN,NIU,9084.0
IDN,NLD,11364.0
IDN,NOR,10941.0
IDN,NPL,4409.0
IDN,NRU,6701.0
IDN,NZL,7639.0
IDN,OMN,6193.0
IDN,PAK,5513.0
IDN,PAN,19265.0
IDN,PCN,13158.0
IDN,PER,17942.0
IDN,PHL,2782.0
IDN,PLW,3416.0
IDN,PNG,4461.0
IDN,POL,10266.0
IDN,PRI,18455.0
IDN,PRK,5376.0
IDN,PRT,12688.0
IDN,PRY,16140.0
IDN,PSE,8725.0
IDN,PYF,11240.0
IDN,QAT,6932.0
IDN,REU,5767.0
IDN,ROU,9759.0
IDN,RUS,9302.0
IDN,RWA,8533.0
IDN,SAU,7353.0
IDN,SDN,8535.0
IDN,SEN,13879.0
IDN,SGP,894.0
IDN,SHN,12212.0
IDN,SLB,5863.0
IDN,SLE,13421.0
IDN,SLV,18089.0
IDN,SMR,10838.0
IDN,SOM,6896.0
IDN,SPM,15226.0
IDN,SRB,10208.0
IDN,SSD,8453.0
IDN,STP,11142.0
IDN,SUR,18045.0
IDN,SVK,10500.0
IDN,SVN,10684.0
IDN,SWE,10527.0
IDN,SWZ,8287.0
IDN,SXM,18310.0
IDN,SYC,5696.0
IDN,SYR,8615.0
IDN,TCA,18303.0
IDN,TCD,10356.0
IDN,TGO,11814.0
IDN,THA,2312.0
IDN,TJK,6323.0
IDN,TKL,9022.0
IDN,TKM,7000.0
IDN,TLS,2083.0
IDN,TON,8522.0
IDN,TTO,18659.0
IDN,TUN,11018.0
IDN,TUR,9454.0
IDN,TUV,7982.0
IDN,TWN,3800.0
IDN,TZA,7468.0
IDN,UGA,8281.0
IDN,UKR,9579.0
IDN,URY,15127.0
IDN,USA,16181.0
IDN,UZB,6505.0
IDN,VAT,10832.0
IDN,VCT,18510.0
IDN,VEN,19188.0
IDN,VGB,18376.0
IDN,VNM,1876.0
IDN,VUT,6788.0
IDN,WLF,8455.0
IDN,WSM,8927.0
IDN,YEM,7305.0
IDN,ZAF,8596.0
IDN,ZMB,8612.0
IDN,ZWE,8305.0
IND,ABW,14254.0
IND,AFG,1002.0
IND,AGO,8019.0
IND,AIA,13296.0
IND,ALB,5325.0
IND,AND,6803.0
IND,ARE,2204.0
IND,ARG,15799.0
IND,ARM,3243.0
IND,ASM,12901.0
IND,ATG,13304.0
IND,AUS,10192.0
IND,AUT,5572.0
IND,AZE,2809.0
IND,BDI,6221.0
IND,BEL,6422.0
IND,BEN,8196.0
IND,BES,14169.0
IND,BFA,8277.0
IND,BGD,1427.0
IND,BGR,5029.0
IND,BHR,2642.0
IND,BHS,13470.0
IND,BIH,5429.0
IND,BLR,4871.0
IND,BLZ,14707.0
IND,BMU,12159.0
IND,BOL,16238.0
IND,BRA,14435.0
IND,BRB,13468.0
IND,BRN,4767.0
IND,BTN,1228.0
IND,BWA,8061.0
IND,CAF,6737.0
IND,CAN,11646.0
IND,CCK,4988.0
IND,CHE,6166.0
IND,CHL,16927.0
IND,CHN,4252.0
IND,CIV,8878.0
IND,CMR,7441.0
IND,COD,7552.0
IND,COG,7551.0
IND,COK,14269.0
IND,COL,15221.0
IND,COM,5771.0
IND,CPV,10240.0
IND,CRI,15289.0
IND,CUB,13874.0
IND,CUW,14218.0
IND,CXR,5298.0
IND,CYM,14225.0
IND,CYP,4176.0
IND,CZE,5714.0
IND,DEU,5786.0
IND,DJI,4011.0
IND,DMA,13422.0
IND,DNK,5853.0
IND,DOM,13710.0
IND,DZA,6841.0
IND,ECU,16209.0
IND,EGY,4437.0
IND,ERI,4197.0
IND,ESH,8654.0
IND,ESP,7286.0
IND,EST,5207.0
IND,ETH,4569.0
IND,FIN,5222.0
IND,FJI,12029.0
IND,FLK,15517.0
IND,FRA,6596.0
IND,FRO,6926.0
IND,FSM,8766.0
IND,GAB,7832.0
IND,GBR,6720.0
IND,GEO,3258.0
IND,GHA,8573.0
IND,GIB,7577.0
IND,GIN,9594.0
IND,GLP,13389.0
IND,GMB,9679.0
IND,GNB,9660.0
IND,GNQ,7720.0
IND,GRC,5015.0
IND,GRD,13711.0
IND,GRL,8797.0
IND,GTM,15039.0
IND,GUF,13471.0
IND,GUM,7129.0
IND,GUY,13834.0
IND,HKG,3769.0
IND,HND,14989.0
IND,HRV,5608.0
IND,HTI,13848.0
IND,HUN,5371.0
IND,IDN,4999.0
IND,IOT,4006.0
IND,IRL,7087.0
IND,IRN,2546.0
IND,IRQ,3163.0
IND,ISL,7600.0
IND,ISR,4071.0
IND,ITA,5927.0
IND,JAM,14139.0
IND,JOR,3963.0
IND,JPN,5846.0
IND,KAZ,1618.0
IND,KEN,5433.0
IND,KGZ,1594.0
IND,KHM,3445.0
IND,KIR,10508.0
IND,KNA,13351.0
IND,KOR,4692.0
IND,KWT,2842.0
IND,LAO,2845.0
IND,LBN,3989.0
IND,LBR,9489.0
IND,LBY,6053.0
IND,LCA,13498.0
IND,LIE,6091.0
IND,LKA,2422.0
IND,LSO,8315.0
IND,LTU,5037.0
IND,LUX,6312.0
IND,LVA,5169.0
IND,MAC,3709.0
IND,MAR,7872.0
IND,MCO,6306.0
IND,MDA,4627.0
IND,MDG,6157.0
IND,MDV,2739.0
IND,MEX,14668.0
IND,MHL,10044.0
IND,MKD,5186.0
IND,MLI,8889.0
IND,MLT,5861.0
IND,MMR,2342.0
IND,MNE,5363.0
IND,MNG,3325.0
IND,MNP,7145.0
IND,MOZ,7709.0
IND,MRT,9368.0
IND,MSR,13357.0
IND,MTQ,13455.0
IND,MUS,5804.0
IND,MWI,6640.0
IND,MYS,3834.0
IND,MYT,5734.0
IND,NAM,8586.0
IND,NCL,11100.0
IND,NER,7866.0
IND,NFK,11566.0
IND,NGA,8094.0
IND,NIC,15156.0
IND,NIU,13193.0
IND,NLD,6366.0
IND,NOR,5991.0
IND,NPL,803.0
IND,NRU,10013.0
IND,NZL,12484.0
IND,OMN,1942.0
IND,PAK,1090.0
IND,PAN,15152.0
IND,PCN,17445.0
IND,PER,16778.0
IND,PHL,4760.0
IND,PLW,6438.0
IND,PNG,8607.0
IND,POL,5268.0
IND,PRI,13476.0
IND,PRK,4580.0
IND,PRT,7789.0
IND,PRY,15558.0
IND,PSE,4108.0
IND,PYF,15113.0
IND,QAT,2583.0
IND,REU,5960.0
IND,ROU,4810.0
IND,RUS,4341.0
IND,RWA,6062.0
IND,SAU,3060.0
IND,SDN,4803.0
IND,SEN,9685.0
IND,SGP,4145.0
IND,SHN,10184.0
IND,SLB,9812.0
IND,SLE,9610.0
IND,SLV,15097.0
IND,SMR,5902.0
IND,SOM,4485.0
IND,SPM,10433.0
IND,SRB,5259.0
IND,SSD,5484.0
IND,STP,8098.0
IND,SUR,13651.0
IND,SVK,5517.0
IND,SVN,5720.0
IND,SWE,5573.0
IND,SWZ,7827.0
IND,SXM,13311.0
IND,SYC,4359.0
IND,SYR,3915.0
IND,TCA,13508.0
IND,TCD,6671.0
IND,TGO,8324.0
IND,THA,2922.0
IND,TJK,1344.0
IND,TKL,12608.0
IND,TKM,2028.0
IND,TLS,6626.0
IND,TON,12772.0
IND,TTO,13805.0
IND,TUN,6223.0
IND,TUR,4559.0
IND,TUV,11631.0
IND,TWN,4392.0
IND,TZA,5656.0
IND,UGA,5687.0
IND,UKR,4581.0
IND,URY,15597.0
IND,USA,11771.0
IND,UZB,1575.0
IND,VAT,5929.0
IND,VCT,13584.0
IND,VEN,14215.0
IND,VGB,13383.0
IND,VNM,3652.0
IND,VUT,11045.0
IND,WLF,12320.0
IND,WSM,12776.0
IND,YEM,3697.0
IND,ZAF,8029.0
IND,ZMB,7177.0
IND,ZWE,7150.0
IOT,ABW,15877.0
IOT,AFG,4635.0
IOT,AGO,6518.0
IOT,AIA,15061.0
IOT,ALB,7586.0
IOT,AND,9014.0
IOT,ARE,4045.0
IOT,ARG,13082.0
IOT,ARM,5980.0
IOT,ASM,12671.0
IOT,ATG,14949.0
IOT,AUS,8536.0
IOT,AUT,8218.0
IOT,AZE,5755.0
IOT,BDI,4788.0
IOT,BEL,9127.0
IOT,BEN,7924.0
IOT,BES,15689.0
IOT,BFA,8462.0
IOT,BGD,3944.0
IOT,BGR,7428.0
IOT,BHR,4388.0
IOT,BHS,16253.0
IOT,BIH,7835.0
IOT,BLR,7965.0
IOT,BLZ,17702.0
IOT,BMU,14802.0
IOT,BOL,14952.0
IOT,BRA,12582.0
IOT,BRB,14746.0
IOT,BRN,4914.0
IOT,BTN,4265.0
IOT,BWA,5305.0
IOT,CAF,6118.0
IOT,CAN,15127.0
IOT,CCK,2734.0
IOT,CHE,8696.0
IOT,CHL,14058.0
IOT,CHN,6733.0
IOT,CIV,8602.0
IOT,CMR,6874.0
IOT,COD,6327.0
IOT,COG,6331.0
IOT,COK,13519.0
IOT,COL,16315.0
IOT,COM,3237.0
IOT,CPV,10854.0
IOT,CRI,17431.0
IOT,CUB,16806.0
IOT,CUW,15762.0
IOT,CXR,3675.0
IOT,CYM,16897.0
IOT,CYP,6228.0
IOT,CZE,8446.0
IOT,DEU,8641.0
IOT,DJI,3851.0
IOT,DMA,14921.0
IOT,DNK,8861.0
IOT,DOM,15767.0
IOT,DZA,8690.0
IOT,ECU,16786.0
IOT,EGY,6029.0
IOT,ERI,4456.0
IOT,ESH,9946.0
IOT,ESP,9368.0
IOT,EST,8504.0
IOT,ETH,4144.0
IOT,FIN,8550.0
IOT,FJI,11443.0
IOT,FLK,11949.0
IOT,FRA,9183.0
IOT,FRO,10150.0
IOT,FSM,9649.0
IOT,GAB,7039.0
IOT,GBR,9446.0
IOT,GEO,6103.0
IOT,GHA,8363.0
IOT,GIB,9396.0
IOT,GIN,9720.0
IOT,GLP,14950.0
IOT,GMB,10104.0
IOT,GNB,9965.0
IOT,GNQ,7029.0
IOT,GRC,7099.0
IOT,GRD,14981.0
IOT,GRL,12323.0
IOT,GTM,17996.0
IOT,GUF,13917.0
IOT,GUM,8316.0
IOT,GUY,14576.0
IOT,HKG,5605.0
IOT,HND,17679.0
IOT,HRV,8108.0
IOT,HTI,16016.0
IOT,HUN,8007.0
IOT,IDN,3808.0
IOT,IND,4006.0
IOT,IRL,9902.0
IOT,IRN,5236.0
IOT,IRQ,5378.0
IOT,ISL,10934.0
IOT,ISR,5905.0
IOT,ITA,8151.0
IOT,JAM,16487.0
IOT,JOR,5813.0
IOT,JPN,8475.0
IOT,KAZ,5609.0
IOT,KEN,4003.0
IOT,KGZ,5553.0
IOT,KHM,4158.0
IOT,KIR,11205.0
IOT,KNA,15040.0
IOT,KOR,7523.0
IOT,KWT,4822.0
IOT,LAO,4334.0
IOT,LBN,5990.0
IOT,LBR,9359.0
IOT,LBY,7669.0
IOT,LCA,14889.0
IOT,LIE,8616.0
IOT,LKA,1771.0
IOT,LSO,5295.0
IOT,LTU,8135.0
IOT,LUX,8957.0
IOT,LVA,8353.0
IOT,MAC,5543.0
IOT,MAR,9539.0
IOT,MCO,8613.0
IOT,MDA,7383.0
IOT,MDG,2984.0
IOT,MDV,1268.0
IOT,MEX,18384.0
IOT,MHL,11102.0
IOT,MKD,7513.0
IOT,MLI,9160.0
IOT,MLT,7700.0
IOT,MMR,3730.0
IOT,MNE,7690.0
IOT,MNG,6983.0
IOT,MNP,8461.0
IOT,MOZ,4711.0
IOT,MRT,10094.0
IOT,MSR,14992.0
IOT,MTQ,14893.0
IOT,MUS,2152.0
IOT,MWI,4285.0
IOT,MYS,3450.0
IOT,MYT,3040.0
IOT,NAM,6152.0
IOT,NCL,10129.0
IOT,NER,8099.0
IOT,NFK,10165.0
IOT,NGA,7811.0
IOT,NIC,17631.0
IOT,NIU,12605.0
IOT,NLD,9155.0
IOT,NOR,9183.0
IOT,NPL,4108.0
IOT,NRU,10509.0
IOT,NZL,10621.0
IOT,OMN,3729.0
IOT,PAK,3602.0
IOT,PAN,16937.0
IOT,PCN,15855.0
IOT,PER,16028.0
IOT,PHL,5882.0
IOT,PLW,7096.0
IOT,PNG,8225.0
IOT,POL,8188.0
IOT,PRI,15374.0
IOT,PRK,7510.0
IOT,PRT,9783.0
IOT,PRY,13530.0
IOT,PSE,5887.0
IOT,PYF,14661.0
IOT,QAT,4256.0
IOT,REU,2369.0
IOT,ROU,7364.0
IOT,RUS,7681.0
IOT,RWA,4732.0
IOT,SAU,4499.0
IOT,SDN,5067.0
IOT,SEN,10203.0
IOT,SGP,3618.0
IOT,SHN,8532.0
IOT,SLB,9620.0
IOT,SLE,9659.0
IOT,SLV,17896.0
IOT,SMR,8254.0
IOT,SOM,3176.0
IOT,SPM,13463.0
IOT,SRB,7751.0
IOT,SSD,4727.0
IOT,STP,7338.0
IOT,SUR,14239.0
IOT,SVK,8168.0
IOT,SVN,8221.0
IOT,SWE,8797.0
IOT,SWZ,4849.0
IOT,SXM,15062.0
IOT,SYC,1899.0
IOT,SYR,5904.0
IOT,TCA,15810.0
IOT,TCD,6698.0
IOT,TGO,8043.0
IOT,THA,3877.0
IOT,TJK,5081.0
IOT,TKL,12741.0
IOT,TKM,5210.0
IOT,TLS,5860.0
IOT,TON,12010.0
IOT,TTO,14959.0
IOT,TUN,8097.0
IOT,TUR,6944.0
IOT,TUV,11729.0
IOT,TWN,6400.0
IOT,TZA,3660.0
IOT,UGA,4499.0
IOT,UKR,7555.0
IOT,URY,12894.0
IOT,USA,15031.0
IOT,UZB,5380.0
IOT,VAT,8154.0
IOT,VCT,14919.0
IOT,VEN,15546.0
IOT,VGB,15220.0
IOT,VNM,4286.0
IOT,VUT,10397.0
IOT,WLF,12122.0
IOT,WSM,12572.0
IOT,YEM,3989.0
IOT,ZAF,5140.0
IOT,ZMB,4892.0
IOT,ZWE,4632.0
IRL,ABW,7167.0
IRL,AFG,6091.0
IRL,AGO,7132.0
IRL,AIA,6214.0
IRL,ALB,2359.0
IRL,AND,1335.0
IRL,ARE,5919.0
IRL,ARG,10964.0
IRL,ARM,4044.0
IRL,ASM,15462.0
IRL,ATG,6234.0
IRL,AUS,17213.0
IRL,AUT,1686.0
IRL,AZE,4389.0
IRL,BDI,7108.0
IRL,BEL,776.0
IRL,BEN,5257.0
IRL,BES,7087.0
IRL,BFA,4564.0
IRL,BGD,8352.0
IRL,BGR,2478.0
IRL,BHR,5528.0
IRL,BHS,6571.0
IRL,BIH,2084.0
IRL,BLR,2217.0
IRL,BLZ,7994.0
IRL,BMU,5148.0
IRL,BOL,9724.0
IRL,BRA,9365.0
IRL,BRB,6457.0
IRL,BRN,11554.0
IRL,BTN,7978.0
IRL,BWA,9181.0
IRL,CAF,5883.0
IRL,CAN,5266.0
IRL,CCK,11954.0
IRL,CHE,1239.0
IRL,CHL,11442.0
IRL,CHN,9368.0
IRL,CIV,5324.0
IRL,CMR,5720.0
IRL,COD,6702.0
IRL,COG,6694.0
IRL,COK,15793.0
IRL,COL,8137.0
IRL,COM,8596.0
IRL,CPV,4523.0
IRL,CRI,8320.0
IRL,CUB,7068.0
IRL,CUW,7133.0
IRL,CXR,12382.0
IRL,CYM,7327.0
IRL,CYP,3684.0
IRL,CZE,1468.0
IRL,DEU,1321.0
IRL,DJI,6357.0
IRL,DMA,6368.0
IRL,DNK,1242.0
IRL,DOM,6635.0
IRL,DZA,1979.0
IRL,ECU,9123.0
IRL,EGY,3978.0
IRL,ERI,5762.0
IRL,ESH,2963.0
IRL,ESP,1449.0
IRL,EST,2010.0
IRL,ETH,6346.0
IRL,FIN,2031.0
IRL,FJI,16078.0
IRL,FLK,12595.0
IRL,FRA,781.0
IRL,FRO,967.0
IRL,FSM,13168.0
IRL,GAB,6046.0
IRL,GBR,463.0
IRL,GEO,3963.0
IRL,GHA,5189.0
IRL,GIB,1911.0
IRL,GIN,4899.0
IRL,GLP,6326.0
IRL,GMB,4519.0
IRL,GNB,4674.0
IRL,GNQ,5893.0
IRL,GRC,2862.0
IRL,GRD,6683.0
IRL,GRL,2817.0
IRL,GTM,8340.0
IRL,GUF,6799.0
IRL,GUM,12105.0
IRL,GUY,6951.0
IRL,HKG,9871.0
IRL,HND,8165.0
IRL,HRV,1802.0
IRL,HTI,6791.0
IRL,HUN,1899.0
IRL,IDN,12081.0
IRL,IND,7087.0
IRL,IOT,9902.0
IRL,IRN,4829.0
IRL,IRQ,4543.0
IRL,ISL,1498.0
IRL,ISR,4023.0
IRL,ITA,1887.0
IRL,JAM,7133.0
IRL,JOR,4107.0
IRL,JPN,9610.0
IRL,KAZ,5914.0
IRL,KEN,7246.0
IRL,KGZ,5801.0
IRL,KHM,10340.0
IRL,KIR,13945.0
IRL,KNA,6274.0
IRL,KOR,8975.0
IRL,KWT,5096.0
IRL,LAO,9614.0
IRL,LBN,3919.0
IRL,LBR,5231.0
IRL,LBY,2750.0
IRL,LCA,6460.0
IRL,LIE,1315.0
IRL,LKA,9135.0
IRL,LSO,9720.0
IRL,LTU,2055.0
IRL,LUX,953.0
IRL,LVA,1960.0
IRL,MAC,9844.0
IRL,MAR,2196.0
IRL,MCO,1464.0
IRL,MDA,2576.0
IRL,MDG,9517.0
IRL,MDV,8957.0
IRL,MEX,8486.0
IRL,MHL,13305.0
IRL,MKD,2408.0
IRL,MLI,4515.0
IRL,MLT,2524.0
IRL,MMR,9323.0
IRL,MNE,2241.0
IRL,MNG,7141.0
IRL,MNP,11954.0
IRL,MOZ,9547.0
IRL,MRT,4001.0
IRL,MSR,6286.0
IRL,MTQ,6410.0
IRL,MUS,10171.0
IRL,MWI,8376.0
IRL,MYS,10906.0
IRL,MYT,8803.0
IRL,NAM,8704.0
IRL,NCL,16502.0
IRL,NER,4479.0
IRL,NFK,17268.0
IRL,NGA,5271.0
IRL,NIC,8271.0
IRL,NIU,15951.0
IRL,NLD,757.0
IRL,NOR,1269.0
IRL,NPL,7687.0
IRL,NRU,14117.0
IRL,NZL,18172.0
IRL,OMN,6275.0
IRL,PAK,6732.0
IRL,PAN,8100.0
IRL,PCN,14261.0
IRL,PER,9837.0
IRL,PHL,10964.0
IRL,PLW,12338.0
IRL,PNG,14589.0
IRL,POL,1832.0
IRL,PRI,6389.0
IRL,PRK,8782.0
IRL,PRT,1640.0
IRL,PRY,10021.0
IRL,PSE,4050.0
IRL,PYF,14931.0
IRL,QAT,5661.0
IRL,REU,10125.0
IRL,ROU,2543.0
IRL,RUS,2804.0
IRL,RWA,6993.0
IRL,SAU,5405.0
IRL,SDN,5382.0
IRL,SEN,4398.0
IRL,SGP,11212.0
IRL,SHN,7675.0
IRL,SLB,14981.0
IRL,SLE,5013.0
IRL,SLV,8331.0
IRL,SMR,1721.0
IRL,SOM,7383.0
IRL,SPM,3573.0
IRL,SRB,2152.0
IRL,SSD,6380.0
IRL,STP,5996.0
IRL,SUR,6867.0
IRL,SVK,1737.0
IRL,SVN,1694.0
IRL,SWE,1634.0
IRL,SWZ,9535.0
IRL,SXM,6230.0
IRL,SYC,8600.0
IRL,SYR,4003.0
IRL,TCA,6461.0
IRL,TCD,4948.0
IRL,TGO,5277.0
IRL,THA,9873.0
IRL,TJK,5758.0
IRL,TKL,14948.0
IRL,TKM,5124.0
IRL,TLS,13443.0
IRL,TON,16310.0
IRL,TTO,6796.0
IRL,TUN,2233.0
IRL,TUR,2958.0
IRL,TUV,15010.0
IRL,TWN,9975.0
IRL,TZA,7916.0
IRL,UGA,6881.0
IRL,UKR,2523.0
IRL,URY,10890.0
IRL,USA,5129.0
IRL,UZB,5584.0
IRL,VAT,1885.0
IRL,VCT,6551.0
IRL,VEN,7147.0
IRL,VGB,6297.0
IRL,VNM,10521.0
IRL,VUT,16026.0
IRL,WLF,15473.0
IRL,WSM,15441.0
IRL,YEM,6074.0
IRL,ZAF,9414.0
IRL,ZMB,8301.0
IRL,ZWE,8658.0
IRN,ABW,11878.0
IRN,AFG,1621.0
IRN,AGO,6351.0
IRN,AIA,10902.0
IRN,ALB,2810.0
IRN,AND,4319.0
IRN,ARE,1214.0
IRN,ARG,13774.0
IRN,ARM,785.0
IRN,ASM,15206.0
IRN,ATG,10886.0
IRN,AUS,12599.0
IRN,AUT,3185.0
IRN,AZE,537.0
IRN,BDI,4899.0
IRN,BEL,4090.0
IRN,BEN,5953.0
IRN,BES,11767.0
IRN,BFA,5889.0
IRN,BGD,3969.0
IRN,BGR,2535.0
IRN,BHR,1054.0
IRN,BHS,11399.0
IRN,BIH,2951.0
IRN,BLR,2741.0
IRN,BLZ,12806.0
IRN,BMU,9973.0
IRN,BOL,13722.0
IRN,BRA,12196.0
IRN,BRB,10993.0
IRN,BRN,7312.0
IRN,BTN,3716.0
IRN,BWA,7199.0
IRN,CAF,4838.0
IRN,CAN,9909.0
IRN,CCK,7132.0
IRN,CHE,3754.0
IRN,CHL,14782.0
IRN,CHN,6390.0
IRN,CIV,6576.0
IRN,CMR,5402.0
IRN,COD,5814.0
IRN,COG,5811.0
IRN,COK,16596.0
IRN,COL,12804.0
IRN,COM,5316.0
IRN,CPV,7710.0
IRN,CRI,13140.0
IRN,CUB,11888.0
IRN,CUW,11824.0
IRN,CXR,7644.0
IRN,CYM,12156.0
IRN,CYP,1638.0
IRN,CZE,3372.0
IRN,DEU,3512.0
IRN,DJI,2798.0
IRN,DMA,10981.0
IRN,DNK,3678.0
IRN,DOM,11408.0
IRN,DZA,4304.0
IRN,ECU,13789.0
IRN,EGY,1986.0
IRN,ERI,2576.0
IRN,ESH,6109.0
IRN,ESP,4788.0
IRN,EST,3269.0
IRN,ETH,3222.0
IRN,FIN,3317.0
IRN,FJI,14489.0
IRN,FLK,14289.0
IRN,FRA,4220.0
IRN,FRO,4932.0
IRN,FSM,11055.0
IRN,GAB,5839.0
IRN,GBR,4408.0
IRN,GEO,878.0
IRN,GHA,6276.0
IRN,GIB,5048.0
IRN,GIN,7148.0
IRN,GLP,10957.0
IRN,GMB,7181.0
IRN,GNB,7180.0
IRN,GNQ,5697.0
IRN,GRC,2472.0
IRN,GRD,11244.0
IRN,GRL,7088.0
IRN,GTM,13154.0
IRN,GUF,10927.0
IRN,GUM,9445.0
IRN,GUY,11309.0
IRN,HKG,6191.0
IRN,HND,12992.0
IRN,HRV,3166.0
IRN,HTI,11585.0
IRN,HUN,2972.0
IRN,IDN,7413.0
IRN,IND,2546.0
IRN,IOT,5236.0
IRN,IRL,4829.0
IRN,IRQ,695.0
IRN,ISL,5704.0
IRN,ISR,1588.0
IRN,ITA,3422.0
IRN,JAM,11950.0
IRN,JOR,1490.0
IRN,JPN,7676.0
IRN,KAZ,2337.0
IRN,KEN,4366.0
IRN,KGZ,2143.0
IRN,KHM,5988.0
IRN,KIR,12720.0
IRN,KNA,10943.0
IRN,KOR,6566.0
IRN,KWT,772.0
IRN,LAO,5385.0
IRN,LBN,1470.0
IRN,LBR,7106.0
IRN,LBY,3512.0
IRN,LCA,11041.0
IRN,LIE,3675.0
IRN,LKA,4307.0
IRN,LSO,7621.0
IRN,LTU,2912.0
IRN,LUX,3950.0
IRN,LVA,3121.0
IRN,MAC,6138.0
IRN,MAR,5334.0
IRN,MCO,3830.0
IRN,MDA,2255.0
IRN,MDG,6058.0
IRN,MDV,4163.0
IRN,MEX,13165.0
IRN,MHL,12166.0
IRN,MKD,2681.0
IRN,MLI,6447.0
IRN,MLT,3316.0
IRN,MMR,4881.0
IRN,MNE,2863.0
IRN,MNG,4695.0
IRN,MNP,9422.0
IRN,MOZ,7110.0
IRN,MRT,6843.0
IRN,MSR,10939.0
IRN,MTQ,11005.0
IRN,MUS,6215.0
IRN,MWI,5802.0
IRN,MYS,6292.0
IRN,MYT,5404.0
IRN,NAM,7394.0
IRN,NCL,13636.0
IRN,NER,5493.0
IRN,NFK,14111.0
IRN,NGA,5865.0
IRN,NIC,13100.0
IRN,NIU,15581.0
IRN,NLD,4074.0
IRN,NOR,3959.0
IRN,NPL,3315.0
IRN,NRU,12329.0
IRN,NZL,15009.0
IRN,OMN,1507.0
IRN,PAK,1919.0
IRN,PAN,12885.0
IRN,PCN,18749.0
IRN,PER,14239.0
IRN,PHL,7243.0
IRN,PLW,8914.0
IRN,PNG,11137.0
IRN,POL,3018.0
IRN,PRI,11121.0
IRN,PRK,6405.0
IRN,PRT,5287.0
IRN,PRY,13261.0
IRN,PSE,1639.0
IRN,PYF,17129.0
IRN,QAT,1153.0
IRN,REU,6276.0
IRN,ROU,2355.0
IRN,RUS,2464.0
IRN,RWA,4722.0
IRN,SAU,1301.0
IRN,SDN,2917.0
IRN,SEN,7175.0
IRN,SGP,6608.0
IRN,SHN,8296.0
IRN,SLB,12292.0
IRN,SLE,7180.0
IRN,SLV,13154.0
IRN,SMR,3425.0
IRN,SOM,3778.0
IRN,SPM,8372.0
IRN,SRB,2801.0
IRN,SSD,3976.0
IRN,STP,6054.0
IRN,SUR,11114.0
IRN,SVK,3130.0
IRN,SVN,3283.0
IRN,SWE,3565.0
IRN,SWZ,7188.0
IRN,SXM,10915.0
IRN,SYC,4482.0
IRN,SYR,1406.0
IRN,TCA,11266.0
IRN,TCD,4490.0
IRN,TGO,6072.0
IRN,THA,5461.0
IRN,TJK,1572.0
IRN,TKL,14817.0
IRN,TKM,669.0
IRN,TLS,9158.0
IRN,TON,15232.0
IRN,TTO,11324.0
IRN,TUN,3681.0
IRN,TUR,2044.0
IRN,TUV,13945.0
IRN,TWN,6699.0
IRN,TZA,4875.0
IRN,UGA,4376.0
IRN,UKR,2347.0
IRN,URY,13595.0
IRN,USA,9878.0
IRN,UZB,1667.0
IRN,VAT,3424.0
IRN,VCT,11122.0
IRN,VEN,11780.0
IRN,VGB,11009.0
IRN,VNM,6196.0
IRN,VUT,13552.0
IRN,WLF,14667.0
IRN,WSM,15085.0
IRN,YEM,2365.0
IRN,ZAF,7279.0
IRN,ZMB,6160.0
IRN,ZWE,6301.0
IRQ,ABW,11423.0
IRQ,AFG,2288.0
IRQ,AGO,5716.0
IRQ,AIA,10446.0
IRQ,ALB,2342.0
IRQ,AND,3861.0
IRQ,ARE,1385.0
IRQ,ARG,13078.0
IRQ,ARM,759.0
IRQ,ASM,15901.0
IRQ,ATG,10416.0
IRQ,AUS,13029.0
IRQ,AUT,2859.0
IRQ,AZE,921.0
IRQ,BDI,4362.0
IRQ,BEL,3776.0
IRQ,BEN,5257.0
IRQ,BES,11299.0
IRQ,BFA,5201.0
IRQ,BGD,4590.0
IRQ,BGR,2114.0
IRQ,BHR,990.0
IRQ,BHS,11085.0
IRQ,BIH,2536.0
IRQ,BLR,2643.0
IRQ,BLZ,12528.0
IRQ,BMU,9634.0
IRQ,BOL,13080.0
IRQ,BRA,11503.0
IRQ,BRB,10484.0
IRQ,BRN,7906.0
IRQ,BTN,4362.0
IRQ,BWA,6711.0
IRQ,CAF,4181.0
IRQ,CAN,9752.0
IRQ,CCK,7500.0
IRQ,CHE,3383.0
IRQ,CHL,14089.0
IRQ,CHN,7085.0
IRQ,CIV,5882.0
IRQ,CMR,4722.0
IRQ,COD,5174.0
IRQ,COG,5170.0
IRQ,COK,17291.0
IRQ,COL,12318.0
IRQ,COM,4986.0
IRQ,CPV,7077.0
IRQ,CRI,12765.0
IRQ,CUB,11599.0
IRQ,CUW,11359.0
IRQ,CXR,8090.0
IRQ,CYM,11830.0
IRQ,CYP,1036.0
IRQ,CZE,3077.0
IRQ,DEU,3264.0
IRQ,DJI,2412.0
IRQ,DMA,10496.0
IRQ,DNK,3488.0
IRQ,DOM,10995.0
IRQ,DZA,3763.0
IRQ,ECU,13290.0
IRQ,EGY,1299.0
IRQ,ERI,2069.0
IRQ,ESH,5517.0
IRQ,ESP,4306.0
IRQ,EST,3243.0
IRQ,ETH,2754.0
IRQ,FIN,3304.0
IRQ,FJI,15163.0
IRQ,FLK,13638.0
IRQ,FRA,3867.0
IRQ,FRO,4791.0
IRQ,FSM,11749.0
IRQ,GAB,5161.0
IRQ,GBR,4098.0
IRQ,GEO,928.0
IRQ,GHA,5581.0
IRQ,GIB,4517.0
IRQ,GIN,6473.0
IRQ,GLP,10479.0
IRQ,GMB,6524.0
IRQ,GNB,6516.0
IRQ,GNQ,5017.0
IRQ,GRC,1934.0
IRQ,GRD,10739.0
IRQ,GRL,7007.0
IRQ,GTM,12873.0
IRQ,GUF,10338.0
IRQ,GUM,10135.0
IRQ,GUY,10755.0
IRQ,HKG,6862.0
IRQ,HND,12676.0
IRQ,HRV,2786.0
IRQ,HTI,11188.0
IRQ,HUN,2645.0
IRQ,IDN,7896.0
IRQ,IND,3163.0
IRQ,IOT,5378.0
IRQ,IRL,4543.0
IRQ,IRN,695.0
IRQ,ISL,5584.0
IRQ,ISR,912.0
IRQ,ITA,2954.0
IRQ,JAM,11580.0
IRQ,JOR,808.0
IRQ,JPN,8363.0
IRQ,KAZ,3026.0
IRQ,KEN,3914.0
IRQ,KGZ,2832.0
IRQ,KHM,6581.0
IRQ,KIR,13415.0
IRQ,KNA,10479.0
IRQ,KOR,7257.0
IRQ,KWT,556.0
IRQ,LAO,6008.0
IRQ,LBN,830.0
IRQ,LBR,6418.0
IRQ,LBY,2903.0
IRQ,LCA,10546.0
IRQ,LIE,3303.0
IRQ,LKA,4678.0
IRQ,LSO,7161.0
IRQ,LTU,2804.0
IRQ,LUX,3617.0
IRQ,LVA,3045.0
IRQ,MAC,6807.0
IRQ,MAR,4782.0
IRQ,MCO,3392.0
IRQ,MDA,2006.0
IRQ,MDG,5792.0
IRQ,MDV,4421.0
IRQ,MEX,13006.0
IRQ,MHL,12860.0
IRQ,MKD,2233.0
IRQ,MLI,5770.0
IRQ,MLT,2745.0
IRQ,MMR,5472.0
IRQ,MNE,2419.0
IRQ,MNG,5371.0
IRQ,MNP,10114.0
IRQ,MOZ,6684.0
IRQ,MRT,6205.0
IRQ,MSR,10469.0
IRQ,MTQ,10514.0
IRQ,MUS,6082.0
IRQ,MWI,5355.0
IRQ,MYS,6811.0
IRQ,MYT,5105.0
IRQ,NAM,6832.0
IRQ,NCL,14260.0
IRQ,NER,4803.0
IRQ,NFK,14693.0
IRQ,NGA,5170.0
IRQ,NIC,12761.0
IRQ,NIU,16271.0
IRQ,NLD,3789.0
IRQ,NOR,3839.0
IRQ,NPL,3952.0
IRQ,NRU,13021.0
IRQ,NZL,15533.0
IRQ,OMN,1756.0
IRQ,PAK,2391.0
IRQ,PAN,12468.0
IRQ,PCN,18792.0
IRQ,PER,13654.0
IRQ,PHL,7901.0
IRQ,PLW,9576.0
IRQ,PNG,11770.0
IRQ,POL,2815.0
IRQ,PRI,10685.0
IRQ,PRK,7094.0
IRQ,PRT,4794.0
IRQ,PRY,12573.0
IRQ,PSE,956.0
IRQ,PYF,17774.0
IRQ,QAT,1122.0
IRQ,REU,6114.0
IRQ,ROU,2001.0
IRQ,RUS,2545.0
IRQ,RWA,4186.0
IRQ,SAU,985.0
IRQ,SDN,2305.0
IRQ,SEN,6525.0
IRQ,SGP,7127.0
IRQ,SHN,7619.0
IRQ,SLB,12956.0
IRQ,SLE,6501.0
IRQ,SLV,12853.0
IRQ,SMR,2996.0
IRQ,SOM,3466.0
IRQ,SPM,8116.0
IRQ,SRB,2418.0
IRQ,SSD,3423.0
IRQ,STP,5370.0
IRQ,SUR,10541.0
IRQ,SVK,2807.0
IRQ,SVN,2902.0
IRQ,SWE,3481.0
IRQ,SWZ,6750.0
IRQ,SXM,10458.0
IRQ,SYC,4360.0
IRQ,SYR,753.0
IRQ,TCA,10883.0
IRQ,TCD,3799.0
IRQ,TGO,5376.0
IRQ,THA,6050.0
IRQ,TJK,2267.0
IRQ,TKL,15510.0
IRQ,TKM,1364.0
IRQ,TLS,9720.0
IRQ,TON,15907.0
IRQ,TTO,10809.0
IRQ,TUN,3129.0
IRQ,TUR,1611.0
IRQ,TUV,14639.0
IRQ,TWN,7386.0
IRQ,TZA,4478.0
IRQ,UGA,3859.0
IRQ,UKR,2214.0
IRQ,URY,12901.0
IRQ,USA,9664.0
IRQ,UZB,2359.0
IRQ,VAT,2956.0
IRQ,VCT,10621.0
IRQ,VEN,11292.0
IRQ,VGB,10564.0
IRQ,VNM,6791.0
IRQ,VUT,14204.0
IRQ,WLF,15360.0
IRQ,WSM,15780.0
IRQ,YEM,1993.0
IRQ,ZAF,6813.0
IRQ,ZMB,5661.0
IRQ,ZWE,5838.0
ISL,ABW,6819.0
ISL,AFG,6662.0
ISL,AGO,8613.0
ISL,AIA,5960.0
ISL,ALB,3676.0
ISL,AND,2832.0
ISL,ARE,6889.0
ISL,ARG,11406.0
ISL,ARM,4954.0
ISL,ASM,13974.0
ISL,ATG,6029.0
ISL,AUS,16949.0
ISL,AUT,2894.0
ISL,AZE,5197.0
ISL,BDI,8586.0
ISL,BEL,2132.0
ISL,BEN,6688.0
ISL,BES,6788.0
ISL,BFA,5962.0
ISL,BGD,8672.0
ISL,BGR,3708.0
ISL,BHR,6567.0
ISL,BHS,5871.0
ISL,BIH,3376.0
ISL,BLR,2968.0
ISL,BLZ,7176.0
ISL,BMU,4601.0
ISL,BOL,9772.0
ISL,BRA,9956.0
ISL,BRB,6368.0
ISL,BRN,11556.0
ISL,BTN,8262.0
ISL,BWA,10679.0
ISL,CAF,7380.0
ISL,CAN,4205.0
ISL,CCK,12588.0
ISL,CHE,2623.0
ISL,CHL,11629.0
ISL,CHN,8958.0
ISL,CIV,6680.0
ISL,CMR,7207.0
ISL,COD,8193.0
ISL,COG,8186.0
ISL,COK,14321.0
ISL,COL,7798.0
ISL,COM,10012.0
ISL,CPV,5466.0
ISL,CRI,7689.0
ISL,CUB,6295.0
ISL,CUW,6818.0
ISL,CXR,12797.0
ISL,CYM,6628.0
ISL,CYP,4882.0
ISL,CZE,2642.0
ISL,DEU,2393.0
ISL,DJI,7654.0
ISL,DMA,6201.0
ISL,DNK,2111.0
ISL,DOM,6204.0
ISL,DZA,3473.0
ISL,ECU,8734.0
ISL,EGY,5276.0
ISL,ERI,7085.0
ISL,ESH,4158.0
ISL,ESP,2892.0
ISL,EST,2457.0
ISL,ETH,7711.0
ISL,FIN,2423.0
ISL,FJI,14670.0
ISL,FLK,13217.0
ISL,FRA,2236.0
ISL,FRO,798.0
ISL,FSM,12124.0
ISL,GAB,7519.0
ISL,GBR,1892.0
ISL,GEO,4832.0
ISL,GHA,6577.0
ISL,GIB,3307.0
ISL,GIN,6091.0
ISL,GLP,6140.0
ISL,GMB,5642.0
ISL,GNB,5824.0
ISL,GNQ,7370.0
ISL,GRC,4172.0
ISL,GRD,6552.0
ISL,GRL,1438.0
ISL,GTM,7521.0
ISL,GUF,7008.0
ISL,GUM,11324.0
ISL,GUY,6983.0
ISL,HKG,9703.0
ISL,HND,7417.0
ISL,HRV,3089.0
ISL,HTI,6302.0
ISL,HUN,3079.0
ISL,IDN,12413.0
ISL,IND,7600.0
ISL,IOT,10934.0
ISL,IRL,1498.0
ISL,IRN,5704.0
ISL,IRQ,5584.0
ISL,ISR,5243.0
ISL,ITA,3305.0
ISL,JAM,6550.0
ISL,JOR,5310.0
ISL,JPN,8820.0
ISL,KAZ,6178.0
ISL,KEN,8674.0
ISL,KGZ,6114.0
ISL,KHM,10500.0
ISL,KIR,12640.0
ISL,KNA,6043.0
ISL,KOR,8403.0
ISL,KWT,6137.0
ISL,LAO,9749.0
ISL,LBN,5102.0
ISL,LBR,6479.0
ISL,LBY,4227.0
ISL,LCA,6322.0
ISL,LIE,2686.0
ISL,LKA,9881.0
ISL,LSO,11218.0
ISL,LTU,2799.0
ISL,LUX,2317.0
ISL,LVA,2583.0
ISL,MAC,9691.0
ISL,MAR,3535.0
ISL,MCO,2924.0
ISL,MDA,3588.0
ISL,MDG,10928.0
ISL,MDV,9852.0
ISL,MEX,7461.0
ISL,MHL,12027.0
ISL,MKD,3686.0
ISL,MLI,5817.0
ISL,MLT,3975.0
ISL,MMR,9613.0
ISL,MNE,3547.0
ISL,MNG,6806.0
ISL,MNP,11143.0
ISL,MOZ,11041.0
ISL,MRT,5134.0
ISL,MSR,6076.0
ISL,MTQ,6262.0
ISL,MUS,11501.0
ISL,MWI,9853.0
ISL,MYS,11241.0
ISL,MYT,10207.0
ISL,NAM,10186.0
ISL,NCL,15313.0
ISL,NER,5919.0
ISL,NFK,16044.0
ISL,NGA,6712.0
ISL,NIC,7567.0
ISL,NIU,14456.0
ISL,NLD,2020.0
ISL,NOR,1751.0
ISL,NPL,8055.0
ISL,NRU,12911.0
ISL,NZL,16773.0
ISL,OMN,7210.0
ISL,PAK,7494.0
ISL,PAN,7580.0
ISL,PCN,13212.0
ISL,PER,9633.0
ISL,PHL,10721.0
ISL,PLW,11834.0
ISL,PNG,13873.0
ISL,POL,2778.0
ISL,PRI,6053.0
ISL,PRK,8219.0
ISL,PRT,2951.0
ISL,PRY,10391.0
ISL,PSE,5283.0
ISL,PYF,13524.0
ISL,QAT,6698.0
ISL,REU,11478.0
ISL,ROU,3682.0
ISL,RUS,3317.0
ISL,RWA,8464.0
ISL,SAU,6527.0
ISL,SDN,6776.0
ISL,SEN,5501.0
ISL,SGP,11520.0
ISL,SHN,8986.0
ISL,SLB,13930.0
ISL,SLE,6215.0
ISL,SLV,7549.0
ISL,SMR,3110.0
ISL,SOM,8714.0
ISL,SPM,2843.0
ISL,SRB,3383.0
ISL,SSD,7826.0
ISL,STP,7453.0
ISL,SUR,6990.0
ISL,SVK,2933.0
ISL,SVN,3002.0
ISL,SWE,2140.0
ISL,SWZ,11031.0
ISL,SXM,5979.0
ISL,SYC,9854.0
ISL,SYR,5179.0
ISL,TCA,5955.0
ISL,TCD,6446.0
ISL,TGO,6696.0
ISL,THA,10106.0
ISL,TJK,6263.0
ISL,TKL,13468.0
ISL,TKM,5830.0
ISL,TLS,13325.0
ISL,TON,14835.0
ISL,TTO,6690.0
ISL,TUN,3714.0
ISL,TUR,4126.0
ISL,TUV,13610.0
ISL,TWN,9622.0
ISL,TZA,9344.0
ISL,UGA,8333.0
ISL,UKR,3382.0
ISL,URY,11377.0
ISL,USA,4214.0
ISL,UZB,6026.0
ISL,VAT,3303.0
ISL,VCT,6419.0
ISL,VEN,6906.0
ISL,VGB,5999.0
ISL,VNM,10651.0
ISL,VUT,14793.0
ISL,WLF,14019.0
ISL,WSM,13958.0
ISL,YEM,7328.0
ISL,ZAF,10912.0
ISL,ZMB,9795.0
ISL,ZWE,10148.0
ISR,ABW,10636.0
ISR,AFG,3199.0
ISR,AGO,5075.0
ISR,AIA,9664.0
ISR,ALB,1681.0
ISR,AND,3143.0
ISR,ARE,2139.0
ISR,ARG,12211.0
ISR,ARM,1254.0
ISR,ASM,16767.0
ISR,ATG,9621.0
ISR,AUS,13763.0
ISR,AUT,2368.0
ISR,AZE,1637.0
ISR,BDI,3966.0
ISR,BEL,3247.0
ISR,BEN,4401.0
ISR,BES,10501.0
ISR,BFA,4302.0
ISR,BGD,5496.0
ISR,BGR,1552.0
ISR,BHR,1667.0
ISR,BHS,10435.0
ISR,BIH,1940.0
ISR,BLR,2491.0
ISR,BLZ,11897.0
ISR,BMU,8971.0
ISR,BOL,12169.0
ISR,BRA,10614.0
ISR,BRB,9656.0
ISR,BRN,8797.0
ISR,BTN,5274.0
ISR,BWA,6349.0
ISR,CAF,3505.0
ISR,CAN,9288.0
ISR,CCK,8218.0
ISR,CHE,2797.0
ISR,CHL,13199.0
ISR,CHN,7966.0
ISR,CIV,5003.0
ISR,CMR,3957.0
ISR,COD,4526.0
ISR,COG,4521.0
ISR,COK,18141.0
ISR,COL,11500.0
ISR,COM,4928.0
ISR,CPV,6173.0
ISR,CRI,12039.0
ISR,CUB,10967.0
ISR,CUW,10563.0
ISR,CXR,8872.0
ISR,CYM,11159.0
ISR,CYP,366.0
ISR,CZE,2614.0
ISR,DEU,2851.0
ISR,DJI,2426.0
ISR,DMA,9688.0
ISR,DNK,3142.0
ISR,DOM,10248.0
ISR,DZA,2950.0
ISR,ECU,12457.0
ISR,EGY,407.0
ISR,ERI,1902.0
ISR,ESH,4642.0
ISR,ESP,3550.0
ISR,EST,3131.0
ISR,ETH,2585.0
ISR,FIN,3205.0
ISR,FJI,16074.0
ISR,FLK,12901.0
ISR,FRA,3282.0
ISR,FRO,4447.0
ISR,FSM,12635.0
ISR,GAB,4403.0
ISR,GBR,3561.0
ISR,GEO,1391.0
ISR,GHA,4705.0
ISR,GIB,3704.0
ISR,GIN,5562.0
ISR,GLP,9677.0
ISR,GMB,5613.0
ISR,GNB,5603.0
ISR,GNQ,4250.0
ISR,GRC,1198.0
ISR,GRD,9914.0
ISR,GRL,6681.0
ISR,GTM,12234.0
ISR,GUF,9453.0
ISR,GUM,11031.0
ISR,GUY,9891.0
ISR,HKG,7773.0
ISR,HND,12006.0
ISR,HRV,2221.0
ISR,HTI,10454.0
ISR,HUN,2170.0
ISR,IDN,8711.0
ISR,IND,4071.0
ISR,IOT,5905.0
ISR,IRL,4023.0
ISR,IRN,1588.0
ISR,IRQ,912.0
ISR,ISL,5243.0
ISR,ITA,2255.0
ISR,JAM,10869.0
ISR,JOR,111.0
ISR,JPN,9178.0
ISR,KAZ,3872.0
ISR,KEN,3699.0
ISR,KGZ,3680.0
ISR,KHM,7473.0
ISR,KIR,14274.0
ISR,KNA,9689.0
ISR,KOR,8097.0
ISR,KWT,1298.0
ISR,LAO,6914.0
ISR,LBN,212.0
ISR,LBR,5518.0
ISR,LBY,2028.0
ISR,LCA,9728.0
ISR,LIE,2718.0
ISR,LKA,5431.0
ISR,LSO,6839.0
ISR,LTU,2622.0
ISR,LUX,3070.0
ISR,LVA,2883.0
ISR,MAC,7719.0
ISR,MAR,3945.0
ISR,MCO,2714.0
ISR,MDA,1732.0
ISR,MDG,5805.0
ISR,MDV,5082.0
ISR,MEX,12493.0
ISR,MHL,13697.0
ISR,MKD,1616.0
ISR,MLI,4860.0
ISR,MLT,1916.0
ISR,MMR,6365.0
ISR,MNE,1788.0
ISR,MNG,6167.0
ISR,MNP,11004.0
ISR,MOZ,6428.0
ISR,MRT,5299.0
ISR,MSR,9673.0
ISR,MTQ,9700.0
ISR,MUS,6268.0
ISR,MWI,5097.0
ISR,MYS,7658.0
ISR,MYT,5088.0
ISR,NAM,6334.0
ISR,NCL,15159.0
ISR,NER,3909.0
ISR,NFK,15559.0
ISR,NGA,4319.0
ISR,NIC,12067.0
ISR,NIU,17164.0
ISR,NLD,3299.0
ISR,NOR,3566.0
ISR,NPL,4862.0
ISR,NRU,13909.0
ISR,NZL,16338.0
ISR,OMN,2519.0
ISR,PAK,3248.0
ISR,PAN,11706.0
ISR,PCN,18162.0
ISR,PER,12765.0
ISR,PHL,8813.0
ISR,PLW,10489.0
ISR,PNG,12675.0
ISR,POL,2501.0
ISR,PRI,9918.0
ISR,PRK,7927.0
ISR,PRT,4018.0
ISR,PRY,11673.0
ISR,PSE,70.0
ISR,PYF,18336.0
ISR,QAT,1789.0
ISR,REU,6261.0
ISR,ROU,1565.0
ISR,RUS,2640.0
ISR,RWA,3799.0
ISR,SAU,1426.0
ISR,SDN,1845.0
ISR,SEN,5615.0
ISR,SGP,7972.0
ISR,SHN,6847.0
ISR,SLB,13868.0
ISR,SLE,5593.0
ISR,SLV,12195.0
ISR,SMR,2349.0
ISR,SOM,3505.0
ISR,SPM,7560.0
ISR,SRB,1881.0
ISR,SSD,3033.0
ISR,STP,4587.0
ISR,SUR,9666.0
ISR,SVK,2324.0
ISR,SVN,2329.0
ISR,SWE,3275.0
ISR,SWZ,6474.0
ISR,SXM,9674.0
ISR,SYC,4614.0
ISR,SYR,213.0
ISR,TCA,10165.0
ISR,TCD,2995.0
ISR,TGO,4516.0
ISR,THA,6941.0
ISR,TJK,3155.0
ISR,TKL,16343.0
ISR,TKM,2243.0
ISR,TLS,10588.0
ISR,TON,16817.0
ISR,TTO,9975.0
ISR,TUN,2315.0
ISR,TUR,1120.0
ISR,TUV,15519.0
ISR,TWN,8287.0
ISR,TZA,4332.0
ISR,UGA,3523.0
ISR,UKR,2070.0
ISR,URY,12039.0
ISR,USA,9135.0
ISR,UZB,3218.0
ISR,VAT,2257.0
ISR,VCT,9800.0
ISR,VEN,10478.0
ISR,VGB,9790.0
ISR,VNM,7684.0
ISR,VUT,15115.0
ISR,WLF,16245.0
ISR,WSM,16648.0
ISR,YEM,2085.0
ISR,ZAF,6490.0
ISR,ZMB,5301.0
ISR,ZWE,5537.0
ITA,ABW,8475.0
ITA,AFG,4941.0
ITA,AGO,5618.0
ITA,AIA,7497.0
ITA,ALB,615.0
ITA,AND,907.0
ITA,ARE,4326.0
ITA,ARG,11131.0
ITA,ARM,2685.0
ITA,ASM,16928.0
ITA,ATG,7473.0
ITA,AUS,15983.0
ITA,AUT,765.0
ITA,AZE,3121.0
ITA,BDI,5297.0
ITA,BEL,1174.0
ITA,BEN,4053.0
ITA,BES,8356.0
ITA,BFA,3544.0
ITA,BGD,7321.0
ITA,BGR,898.0
ITA,BHR,3882.0
ITA,BHS,8182.0
ITA,BIH,527.0
ITA,BLR,1740.0
ITA,BLZ,9643.0
ITA,BMU,6719.0
ITA,BOL,10468.0
ITA,BRA,9457.0
ITA,BRB,7571.0
ITA,BRN,10671.0
ITA,BTN,7013.0
ITA,BWA,7497.0
ITA,CAF,4201.0
ITA,CAN,7099.0
ITA,CCK,10444.0
ITA,CHE,684.0
ITA,CHL,11892.0
ITA,CHN,9138.0
ITA,CIV,4367.0
ITA,CMR,4213.0
ITA,COD,5127.0
ITA,COG,5120.0
ITA,COK,17602.0
ITA,COL,9387.0
ITA,COM,6719.0
ITA,CPV,4565.0
ITA,CRI,9818.0
ITA,CUB,8713.0
ITA,CUW,8414.0
ITA,CXR,11040.0
ITA,CYM,8912.0
ITA,CYP,1962.0
ITA,CZE,923.0
ITA,DEU,1184.0
ITA,DJI,4489.0
ITA,DMA,7562.0
ITA,DNK,1533.0
ITA,DOM,8042.0
ITA,DZA,993.0
ITA,ECU,10369.0
ITA,EGY,2135.0
ITA,ERI,3886.0
ITA,ESH,2851.0
ITA,ESP,1366.0
ITA,EST,2128.0
ITA,ETH,4460.0
ITA,FIN,2204.0
ITA,FJI,17057.0
ITA,FLK,12389.0
ITA,FRA,1106.0
ITA,FRO,2578.0
ITA,FSM,13579.0
ITA,GAB,4607.0
ITA,GBR,1435.0
ITA,GEO,2673.0
ITA,GHA,4142.0
ITA,GIB,1667.0
ITA,GIN,4400.0
ITA,GLP,7541.0
ITA,GMB,4226.0
ITA,GNB,4302.0
ITA,GNQ,4442.0
ITA,GRC,1057.0
ITA,GRD,7822.0
ITA,GRL,4691.0
ITA,GTM,9981.0
ITA,GUF,7573.0
ITA,GUM,12175.0
ITA,GUY,7907.0
ITA,HKG,9300.0
ITA,HND,9759.0
ITA,HRV,518.0
ITA,HTI,8237.0
ITA,HUN,811.0
ITA,IDN,10830.0
ITA,IND,5927.0
ITA,IOT,8151.0
ITA,IRL,1887.0
ITA,IRN,3422.0
ITA,IRQ,2954.0
ITA,ISL,3305.0
ITA,ISR,2255.0
ITA,JAM,8638.0
ITA,JOR,2353.0
ITA,JPN,9878.0
ITA,KAZ,5156.0
ITA,KEN,5373.0
ITA,KGZ,4995.0
ITA,KHM,9361.0
ITA,KIR,14834.0
ITA,KNA,7534.0
ITA,KOR,8989.0
ITA,KWT,3471.0
ITA,LAO,8708.0
ITA,LBN,2200.0
ITA,LBR,4566.0
ITA,LBY,1003.0
ITA,LCA,7620.0
ITA,LIE,629.0
ITA,LKA,7630.0
ITA,LSO,8034.0
ITA,LTU,1705.0
ITA,LUX,989.0
ITA,LVA,1868.0
ITA,MAC,9257.0
ITA,MAR,1990.0
ITA,MCO,462.0
ITA,MDA,1418.0
ITA,MDG,7638.0
ITA,MDV,7328.0
ITA,MEX,10257.0
ITA,MHL,14174.0
ITA,MKD,742.0
ITA,MLI,3801.0
ITA,MLT,688.0
ITA,MMR,8266.0
ITA,MNE,564.0
ITA,MNG,7001.0
ITA,MNP,12080.0
ITA,MOZ,7789.0
ITA,MRT,3775.0
ITA,MSR,7526.0
ITA,MTQ,7585.0
ITA,MUS,8286.0
ITA,MWI,6560.0
ITA,MYS,9714.0
ITA,MYT,6921.0
ITA,NAM,7151.0
ITA,NCL,16760.0
ITA,NER,3301.0
ITA,NFK,17393.0
ITA,NGA,4028.0
ITA,NIC,9829.0
ITA,NIU,17462.0
ITA,NLD,1298.0
ITA,NOR,2008.0
ITA,NPL,6649.0
ITA,NRU,14760.0
ITA,NZL,18400.0
ITA,OMN,4703.0
ITA,PAK,5318.0
ITA,PAN,9514.0
ITA,PCN,15929.0
ITA,PER,10855.0
ITA,PHL,10406.0
ITA,PLW,12000.0
ITA,PNG,14323.0
ITA,POL,1317.0
ITA,PRI,7732.0
ITA,PRK,8798.0
ITA,PRT,1866.0
ITA,PRY,10352.0
ITA,PSE,2267.0
ITA,PYF,16815.0
ITA,QAT,4011.0
ITA,REU,8238.0
ITA,ROU,1142.0
ITA,RUS,2381.0
ITA,RWA,5169.0
ITA,SAU,3679.0
ITA,SDN,3496.0
ITA,SEN,4166.0
ITA,SGP,10030.0
ITA,SHN,6671.0
ITA,SLB,15213.0
ITA,SLE,4481.0
ITA,SLV,9945.0
ITA,SMR,226.0
ITA,SOM,5500.0
ITA,SPM,5327.0
ITA,SRB,724.0
ITA,SSD,4521.0
ITA,STP,4639.0
ITA,SUR,7732.0
ITA,SVK,784.0
ITA,SVN,489.0
ITA,SWE,1978.0
ITA,SWZ,7792.0
ITA,SXM,7510.0
ITA,SYC,6739.0
ITA,SYR,2288.0
ITA,TCA,7937.0
ITA,TCD,3310.0
ITA,TGO,4115.0
ITA,THA,8845.0
ITA,TJK,4720.0
ITA,TKL,16383.0
ITA,TKM,3902.0
ITA,TLS,12550.0
ITA,TON,17594.0
ITA,TTO,7903.0
ITA,TUN,598.0
ITA,TUR,1377.0
ITA,TUV,16085.0
ITA,TWN,9624.0
ITA,TZA,6044.0
ITA,UGA,5028.0
ITA,UKR,1679.0
ITA,URY,11004.0
ITA,USA,6907.0
ITA,UZB,4642.0
ITA,VAT,2.0
ITA,VCT,7700.0
ITA,VEN,8361.0
ITA,VGB,7612.0
ITA,VNM,9564.0
ITA,VUT,16486.0
ITA,WLF,16726.0
ITA,WSM,16867.0
ITA,YEM,4230.0
ITA,ZAF,7708.0
ITA,ZMB,6549.0
ITA,ZWE,6883.0
JAM,ABW,946.0
JAM,AFG,13173.0
JAM,AGO,10320.0
JAM,AIA,1454.0
JAM,ALB,9244.0
JAM,AND,7735.0
JAM,ARE,12962.0
JAM,ARG,6139.0
JAM,ARM,11166.0
JAM,ASM,10902.0
JAM,ATG,1590.0
JAM,AUS,15415.0
JAM,AUT,8767.0
JAM,AZE,11521.0
JAM,BDI,11843.0
JAM,BEL,7860.0
JAM,BEN,8652.0
JAM,BES,1122.0
JAM,BFA,8059.0
JAM,BGD,15188.0
JAM,BGR,9469.0
JAM,BHR,12519.0
JAM,BHS,784.0
JAM,BIH,9046.0
JAM,BLR,9314.0
JAM,BLZ,1273.0
JAM,BMU,1990.0
JAM,BOL,3931.0
JAM,BRA,5645.0
JAM,BRB,1919.0
JAM,BRN,17165.0
JAM,BTN,14768.0
JAM,BWA,12079.0
JAM,CAF,10433.0
JAM,CAN,2860.0
JAM,CCK,19080.0
JAM,CHE,8210.0
JAM,CHL,5731.0
JAM,CHN,14222.0
JAM,CIV,8013.0
JAM,CMR,9707.0
JAM,COD,10387.0
JAM,COG,10382.0
JAM,COK,10029.0
JAM,COL,1510.0
JAM,COM,13570.0
JAM,CPV,5682.0
JAM,CRI,1190.0
JAM,CUB,813.0
JAM,CUW,1067.0
JAM,CXR,19127.0
JAM,CYM,504.0
JAM,CYP,10598.0
JAM,CZE,8579.0
JAM,DEU,8454.0
JAM,DJI,12665.0
JAM,DMA,1670.0
JAM,DNK,8334.0
JAM,DOM,731.0
JAM,DZA,7948.0
JAM,ECU,2256.0
JAM,EGY,10663.0
JAM,ERI,12075.0
JAM,ESH,6553.0
JAM,ESP,7319.0
JAM,EST,8935.0
JAM,ETH,12345.0
JAM,FIN,8918.0
JAM,FJI,12133.0
JAM,FLK,7938.0
JAM,FRA,7735.0
JAM,FRO,7213.0
JAM,FSM,13395.0
JAM,GAB,9606.0
JAM,GBR,7544.0
JAM,GEO,11093.0
JAM,GHA,8224.0
JAM,GIB,7209.0
JAM,GIN,6862.0
JAM,GLP,1619.0
JAM,GMB,6436.0
JAM,GNB,6592.0
JAM,GNQ,9589.0
JAM,GRC,9686.0
JAM,GRD,1745.0
JAM,GRL,5468.0
JAM,GTM,1515.0
JAM,GUF,3029.0
JAM,GUM,14286.0
JAM,GUY,2372.0
JAM,HKG,15393.0
JAM,HND,1195.0
JAM,HRV,8805.0
JAM,HTI,475.0
JAM,HUN,8981.0
JAM,IDN,18644.0
JAM,IND,14139.0
JAM,IOT,16487.0
JAM,IRL,7133.0
JAM,IRN,11950.0
JAM,IRQ,11580.0
JAM,ISL,6550.0
JAM,ISR,10869.0
JAM,ITA,8638.0
JAM,JOR,10973.0
JAM,JPN,12934.0
JAM,KAZ,12713.0
JAM,KEN,12557.0
JAM,KGZ,12659.0
JAM,KHM,16729.0
JAM,KIR,12106.0
JAM,KNA,1494.0
JAM,KOR,13372.0
JAM,KWT,12108.0
JAM,LAO,16025.0
JAM,LBN,10835.0
JAM,LBR,7265.0
JAM,LBY,8946.0
JAM,LCA,1747.0
JAM,LIE,8290.0
JAM,LKA,16252.0
JAM,LSO,12327.0
JAM,LTU,9143.0
JAM,LUX,8001.0
JAM,LVA,8990.0
JAM,MAC,15419.0
JAM,MAR,7025.0
JAM,MCO,8191.0
JAM,MDA,9697.0
JAM,MDG,14177.0
JAM,MDV,15945.0
JAM,MEX,2361.0
JAM,MHL,12048.0
JAM,MKD,9348.0
JAM,MLI,7372.0
JAM,MLT,8974.0
JAM,MMR,16079.0
JAM,MNE,9162.0
JAM,MNG,12696.0
JAM,MNP,14084.0
JAM,MOZ,12754.0
JAM,MRT,6407.0
JAM,MSR,1555.0
JAM,MTQ,1721.0
JAM,MUS,15232.0
JAM,MWI,12631.0
JAM,MYS,17660.0
JAM,MYT,13806.0
JAM,NAM,11149.0
JAM,NCL,13449.0
JAM,NER,8408.0
JAM,NFK,13382.0
JAM,NGA,8762.0
JAM,NIC,1206.0
JAM,NIU,10970.0
JAM,NLD,7883.0
JAM,NOR,8156.0
JAM,NPL,14596.0
JAM,NRU,12811.0
JAM,NZL,12812.0
JAM,OMN,13336.0
JAM,PAK,13863.0
JAM,PAN,1039.0
JAM,PCN,7296.0
JAM,PER,3323.0
JAM,PHL,15911.0
JAM,PLW,15589.0
JAM,PNG,15196.0
JAM,POL,8963.0
JAM,PRI,1131.0
JAM,PRK,13271.0
JAM,PRT,6860.0
JAM,PRY,5221.0
JAM,PSE,10870.0
JAM,PYF,8883.0
JAM,QAT,12647.0
JAM,REU,15026.0
JAM,ROU,9609.0
JAM,RUS,9804.0
JAM,RWA,11867.0
JAM,SAU,12289.0
JAM,SDN,11439.0
JAM,SEN,6326.0
JAM,SGP,17870.0
JAM,SHN,8648.0
JAM,SLB,13846.0
JAM,SLE,6939.0
JAM,SLV,1410.0
JAM,SMR,8584.0
JAM,SOM,13318.0
JAM,SPM,3709.0
JAM,SRB,9174.0
JAM,SSD,11780.0
JAM,STP,9320.0
JAM,SUR,2706.0
JAM,SVK,8822.0
JAM,SVN,8688.0
JAM,SWE,8574.0
JAM,SWZ,12629.0
JAM,SXM,1456.0
JAM,SYC,14633.0
JAM,SYR,10923.0
JAM,TCA,706.0
JAM,TCD,9797.0
JAM,TGO,8542.0
JAM,THA,16484.0
JAM,TJK,12795.0
JAM,TKL,10802.0
JAM,TKM,12249.0
JAM,TLS,17396.0
JAM,TON,11563.0
JAM,TTO,1835.0
JAM,TUN,8571.0
JAM,TUR,9972.0
JAM,TUV,11781.0
JAM,TWN,14855.0
JAM,TZA,13004.0
JAM,UGA,12054.0
JAM,UKR,9652.0
JAM,URY,6241.0
JAM,USA,2533.0
JAM,UZB,12571.0
JAM,VAT,8635.0
JAM,VCT,1753.0
JAM,VEN,1354.0
JAM,VGB,1289.0
JAM,VNM,16802.0
JAM,VUT,13171.0
JAM,WLF,11440.0
JAM,WSM,10998.0
JAM,YEM,12580.0
JAM,ZAF,12323.0
JAM,ZMB,12093.0
JAM,ZWE,12444.0
JOR,ABW,10744.0
JOR,AFG,3096.0
JOR,AGO,5120.0
JOR,AIA,9772.0
JOR,ALB,1773.0
JOR,AND,3244.0
JOR,ARE,2030.0
JOR,ARG,12301.0
JOR,ARM,1194.0
JOR,ASM,16680.0
JOR,ATG,9730.0
JOR,AUS,13658.0
JOR,AUT,2444.0
JOR,AZE,1561.0
JOR,BDI,3972.0
JOR,BEL,3330.0
JOR,BEN,4486.0
JOR,BES,10610.0
JOR,BFA,4399.0
JOR,BGD,5387.0
JOR,BGR,1631.0
JOR,BHR,1559.0
JOR,BHS,10534.0
JOR,BIH,2026.0
JOR,BLR,2528.0
JOR,BLZ,11996.0
JOR,BMU,9071.0
JOR,BOL,12277.0
JOR,BRA,10709.0
JOR,BRB,9766.0
JOR,BRN,8687.0
JOR,BTN,5167.0
JOR,BWA,6355.0
JOR,CAF,3553.0
JOR,CAN,9371.0
JOR,CCK,8113.0
JOR,CHE,2885.0
JOR,CHL,13294.0
JOR,CHN,7873.0
JOR,CIV,5094.0
JOR,CMR,4022.0
JOR,COD,4571.0
JOR,COG,4567.0
JOR,COK,18060.0
JOR,COL,11610.0
JOR,COM,4893.0
JOR,CPV,6282.0
JOR,CRI,12144.0
JOR,CUB,11065.0
JOR,CUW,10672.0
JOR,CXR,8764.0
JOR,CYM,11261.0
JOR,CYP,428.0
JOR,CZE,2688.0
JOR,DEU,2920.0
JOR,DJI,2373.0
JOR,DMA,9797.0
JOR,DNK,3204.0
JOR,DOM,10354.0
JOR,DZA,3058.0
JOR,ECU,12567.0
JOR,EGY,497.0
JOR,ERI,1866.0
JOR,ESH,4753.0
JOR,ESP,3655.0
JOR,EST,3167.0
JOR,ETH,2555.0
JOR,FIN,3240.0
JOR,FJI,15971.0
JOR,FLK,12967.0
JOR,FRA,3371.0
JOR,FRO,4513.0
JOR,FSM,12541.0
JOR,GAB,4468.0
JOR,GBR,3646.0
JOR,GEO,1339.0
JOR,GHA,4796.0
JOR,GIB,3813.0
JOR,GIN,5665.0
JOR,GLP,9786.0
JOR,GMB,5719.0
JOR,GNB,5709.0
JOR,GNQ,4316.0
JOR,GRC,1296.0
JOR,GRD,10024.0
JOR,GRL,6748.0
JOR,GTM,12333.0
JOR,GUF,9564.0
JOR,GUM,10934.0
JOR,GUY,10002.0
JOR,HKG,7670.0
JOR,HND,12108.0
JOR,HRV,2305.0
JOR,HTI,10560.0
JOR,HUN,2243.0
JOR,IDN,8601.0
JOR,IND,3963.0
JOR,IOT,5813.0
JOR,IRL,4107.0
JOR,IRN,1490.0
JOR,IRQ,808.0
JOR,ISL,5310.0
JOR,ISR,111.0
JOR,ITA,2353.0
JOR,JAM,10973.0
JOR,JPN,9099.0
JOR,KAZ,3785.0
JOR,KEN,3680.0
JOR,KGZ,3593.0
JOR,KHM,7363.0
JOR,KIR,14188.0
JOR,KNA,9798.0
JOR,KOR,8013.0
JOR,KWT,1188.0
JOR,LAO,6805.0
JOR,LBN,220.0
JOR,LBR,5616.0
JOR,LBY,2139.0
JOR,LCA,9838.0
JOR,LIE,2806.0
JOR,LKA,5323.0
JOR,LSO,6840.0
JOR,LTU,2663.0
JOR,LUX,3155.0
JOR,LVA,2923.0
JOR,MAC,7615.0
JOR,MAR,4055.0
JOR,MCO,2811.0
JOR,MDA,1777.0
JOR,MDG,5763.0
JOR,MDV,4980.0
JOR,MEX,12583.0
JOR,MHL,13615.0
JOR,MKD,1702.0
JOR,MLI,4963.0
JOR,MLT,2025.0
JOR,MMR,6255.0
JOR,MNE,1878.0
JOR,MNG,6090.0
JOR,MNP,10909.0
JOR,MOZ,6420.0
JOR,MRT,5408.0
JOR,MSR,9782.0
JOR,MTQ,9810.0
JOR,MUS,6209.0
JOR,MWI,5087.0
JOR,MYS,7547.0
JOR,MYT,5048.0
JOR,NAM,6358.0
JOR,NCL,15049.0
JOR,NER,4005.0
JOR,NFK,15449.0
JOR,NGA,4403.0
JOR,NIC,12171.0
JOR,NIU,17069.0
JOR,NLD,3378.0
JOR,NOR,3622.0
JOR,NPL,4755.0
JOR,NRU,13815.0
JOR,NZL,16230.0
JOR,OMN,2410.0
JOR,PAK,3137.0
JOR,PAN,11813.0
JOR,PCN,18268.0
JOR,PER,12875.0
JOR,PHL,8707.0
JOR,PLW,10384.0
JOR,PNG,12566.0
JOR,POL,2557.0
JOR,PRI,10026.0
JOR,PRK,7845.0
JOR,PRT,4125.0
JOR,PRY,11772.0
JOR,PSE,149.0
JOR,PYF,18316.0
JOR,QAT,1682.0
JOR,REU,6206.0
JOR,ROU,1629.0
JOR,RUS,2648.0
JOR,RWA,3803.0
JOR,SAU,1326.0
JOR,SDN,1849.0
JOR,SEN,5723.0
JOR,SGP,7861.0
JOR,SHN,6916.0
JOR,SLB,13763.0
JOR,SLE,5694.0
JOR,SLV,12296.0
JOR,SMR,2442.0
JOR,SOM,3455.0
JOR,SPM,7651.0
JOR,SRB,1960.0
JOR,SSD,3035.0
JOR,STP,4657.0
JOR,SUR,9777.0
JOR,SVK,2399.0
JOR,SVN,2415.0
JOR,SWE,3322.0
JOR,SWZ,6469.0
JOR,SXM,9782.0
JOR,SYC,4544.0
JOR,SYR,176.0
JOR,TCA,10269.0
JOR,TCD,3068.0
JOR,TGO,4602.0
JOR,THA,6830.0
JOR,TJK,3059.0
JOR,TKL,16264.0
JOR,TKM,2148.0
JOR,TLS,10477.0
JOR,TON,16714.0
JOR,TTO,10086.0
JOR,TUN,2423.0
JOR,TUR,1184.0
JOR,TUV,15428.0
JOR,TWN,8189.0
JOR,TZA,4306.0
JOR,UGA,3520.0
JOR,UKR,2102.0
JOR,URY,12127.0
JOR,USA,9224.0
JOR,UZB,3128.0
JOR,VAT,2355.0
JOR,VCT,9910.0
JOR,VEN,10587.0
JOR,VGB,9898.0
JOR,VNM,7574.0
JOR,VUT,15007.0
JOR,WLF,16152.0
JOR,WSM,16561.0
JOR,YEM,2021.0
JOR,ZAF,6491.0
JOR,ZMB,5305.0
JOR,ZWE,5534.0
JPN,ABW,13826.0
JPN,AFG,6282.0
JPN,AGO,13852.0
JPN,AIA,13577.0
JPN,ALB,9510.0
JPN,AND,10362.0
JPN,ARE,7940.0
JPN,ARG,18375.0
JPN,ARM,7948.0
JPN,ASM,7605.0
JPN,ATG,13737.0
JPN,AUS,8156.0
JPN,AUT,9150.0
JPN,AZE,7541.0
JPN,BDI,12064.0
JPN,BEL,9472.0
JPN,BEN,13565.0
JPN,BES,13954.0
JPN,BFA,13313.0
JPN,BGD,4897.0
JPN,BGR,9195.0
JPN,BHR,8288.0
JPN,BHS,12240.0
JPN,BIH,9394.0
JPN,BLR,8146.0
JPN,BLZ,12245.0
JPN,BMU,12060.0
JPN,BOL,16539.0
JPN,BRA,18530.0
JPN,BRB,14237.0
JPN,BRN,4246.0
JPN,BTN,4786.0
JPN,BWA,13649.0
JPN,CAF,12465.0
JPN,CAN,10367.0
JPN,CCK,6957.0
JPN,CHE,9605.0
JPN,CHL,17242.0
JPN,CHN,1763.0
JPN,CIV,14101.0
JPN,CMR,13076.0
JPN,COD,13362.0
JPN,COG,13361.0
JPN,COK,8963.0
JPN,COL,14330.0
JPN,COM,11340.0
JPN,CPV,14132.0
JPN,CRI,13191.0
JPN,CUB,12139.0
JPN,CUW,13923.0
JPN,CXR,6230.0
JPN,CYM,12546.0
JPN,CYP,9073.0
JPN,CZE,9093.0
JPN,DEU,8938.0
JPN,DJI,9851.0
JPN,DMA,13943.0
JPN,DNK,8712.0
JPN,DOM,13250.0
JPN,DZA,10823.0
JPN,ECU,14505.0
JPN,EGY,9584.0
JPN,ERI,9970.0
JPN,ESH,12492.0
JPN,ESP,10786.0
JPN,EST,7897.0
JPN,ETH,10407.0
JPN,FIN,7838.0
JPN,FJI,7224.0
JPN,FLK,17750.0
JPN,FRA,9736.0
JPN,FRO,8764.0
JPN,FSM,3702.0
JPN,GAB,13508.0
JPN,GBR,9582.0
JPN,GEO,7838.0
JPN,GHA,13822.0
JPN,GIB,11271.0
JPN,GIN,14272.0
JPN,GLP,13858.0
JPN,GMB,14028.0
JPN,GNB,14139.0
JPN,GNQ,13370.0
JPN,GRC,9527.0
JPN,GRD,14262.0
JPN,GRL,8887.0
JPN,GTM,12341.0
JPN,GUF,15337.0
JPN,GUM,2512.0
JPN,GUY,14947.0
JPN,HKG,2882.0
JPN,HND,12621.0
JPN,HRV,9365.0
JPN,HTI,13124.0
JPN,HUN,9068.0
JPN,IDN,5772.0
JPN,IND,5846.0
JPN,IOT,8475.0
JPN,IRL,9610.0
JPN,IRN,7676.0
JPN,IRQ,8363.0
JPN,ISL,8820.0
JPN,ISR,9178.0
JPN,ITA,9878.0
JPN,JAM,12934.0
JPN,JOR,9099.0
JPN,KAZ,5340.0
JPN,KEN,11259.0
JPN,KGZ,5533.0
JPN,KHM,4402.0
JPN,KIR,5127.0
JPN,KNA,13685.0
JPN,KOR,1155.0
JPN,KWT,8316.0
JPN,LAO,4142.0
JPN,LBN,9004.0
JPN,LBR,14433.0
JPN,LBY,10598.0
JPN,LCA,14092.0
JPN,LIE,9576.0
JPN,LKA,6853.0
JPN,LSO,13740.0
JPN,LTU,8206.0
JPN,LUX,9510.0
JPN,LVA,8102.0
JPN,MAC,2941.0
JPN,MAR,11618.0
JPN,MCO,9976.0
JPN,MDA,8552.0
JPN,MDG,11404.0
JPN,MDV,7598.0
JPN,MEX,11324.0
JPN,MHL,4523.0
JPN,MKD,9362.0
JPN,MLI,13673.0
JPN,MLT,10265.0
JPN,MMR,4776.0
JPN,MNE,9455.0
JPN,MNG,3015.0
JPN,MNP,2348.0
JPN,MOZ,13134.0
JPN,MRT,13527.0
JPN,MSR,13757.0
JPN,MTQ,14026.0
JPN,MUS,10623.0
JPN,MWI,12334.0
JPN,MYS,5315.0
JPN,MYT,11230.0
JPN,NAM,14335.0
JPN,NCL,7009.0
JPN,NER,12974.0
JPN,NFK,7757.0
JPN,NGA,13489.0
JPN,NIC,12852.0
JPN,NIU,8057.0
JPN,NLD,9311.0
JPN,NOR,8427.0
JPN,NPL,5165.0
JPN,NRU,4904.0
JPN,NZL,8813.0
JPN,OMN,7751.0
JPN,PAK,6933.0
JPN,PAN,13584.0
JPN,PCN,11719.0
JPN,PER,15500.0
JPN,PHL,2990.0
JPN,PLW,3184.0
JPN,PNG,5057.0
JPN,POL,8600.0
JPN,PRI,13426.0
JPN,PRK,1288.0
JPN,PRT,11167.0
JPN,PRY,18002.0
JPN,PSE,9241.0
JPN,PYF,9490.0
JPN,QAT,8272.0
JPN,REU,10843.0
JPN,ROU,8899.0
JPN,RUS,7497.0
JPN,RWA,11907.0
JPN,SAU,8706.0
JPN,SDN,10497.0
JPN,SEN,13934.0
JPN,SGP,5310.0
JPN,SHN,15955.0
JPN,SLB,5429.0
JPN,SLE,14357.0
JPN,SLV,12514.0
JPN,SMR,9707.0
JPN,SOM,10275.0
JPN,SPM,10734.0
JPN,SRB,9200.0
JPN,SSD,11316.0
JPN,STP,13730.0
JPN,SUR,15152.0
JPN,SVK,9117.0
JPN,SVN,9423.0
JPN,SWE,8190.0
JPN,SWZ,13270.0
JPN,SXM,13597.0
JPN,SYC,9791.0
JPN,SYR,8969.0
JPN,TCA,12898.0
JPN,TCD,12160.0
JPN,TGO,13673.0
JPN,THA,4604.0
JPN,TJK,6148.0
JPN,TKL,7165.0
JPN,TKM,7010.0
JPN,TLS,5117.0
JPN,TON,7884.0
JPN,TTO,14414.0
JPN,TUN,10439.0
JPN,TUR,8967.0
JPN,TUV,6410.0
JPN,TWN,2109.0
JPN,TZA,11394.0
JPN,UGA,11532.0
JPN,UKR,8220.0
JPN,URY,18581.0
JPN,USA,10872.0
JPN,UZB,6011.0
JPN,VAT,9878.0
JPN,VCT,14170.0
JPN,VEN,14187.0
JPN,VGB,13494.0
JPN,VNM,4327.0
JPN,VUT,6639.0
JPN,WLF,7137.0
JPN,WSM,7492.0
JPN,YEM,9513.0
JPN,ZAF,13538.0
JPN,ZMB,12919.0
JPN,ZWE,12810.0
KAZ,ABW,12978.0
KAZ,AFG,1177.0
KAZ,AGO,8625.0
KAZ,AIA,12071.0
KAZ,ALB,4620.0
KAZ,AND,5936.0
KAZ,ARE,2800.0
KAZ,ARG,16079.0
KAZ,ARM,2700.0
KAZ,ASM,12895.0
KAZ,ATG,12112.0
KAZ,AUS,11300.0
KAZ,AUT,4622.0
KAZ,AZE,2257.0
KAZ,BDI,7021.0
KAZ,BEL,5352.0
KAZ,BEN,8271.0
KAZ,BES,12928.0
KAZ,BFA,8146.0
KAZ,BGD,2496.0
KAZ,BGR,4295.0
KAZ,BHR,3041.0
KAZ,BHS,11998.0
KAZ,BIH,4630.0
KAZ,BLR,3743.0
KAZ,BLZ,13149.0
KAZ,BMU,10779.0
KAZ,BOL,15581.0
KAZ,BRA,14454.0
KAZ,BRB,12367.0
KAZ,BRN,5653.0
KAZ,BTN,2093.0
KAZ,BWA,9150.0
KAZ,CAF,7151.0
KAZ,CAN,10090.0
KAZ,CCK,6464.0
KAZ,CHE,5209.0
KAZ,CHL,17008.0
KAZ,CHN,4117.0
KAZ,CIV,8871.0
KAZ,CMR,7737.0
KAZ,COD,8101.0
KAZ,COG,8098.0
KAZ,COK,14277.0
KAZ,COL,13960.0
KAZ,COM,6980.0
KAZ,CPV,9707.0
KAZ,CRI,13810.0
KAZ,CUB,12358.0
KAZ,CUW,12966.0
KAZ,CXR,6621.0
KAZ,CYM,12735.0
KAZ,CYP,3821.0
KAZ,CZE,4700.0
KAZ,DEU,4699.0
KAZ,DJI,4782.0
KAZ,DMA,12260.0
KAZ,DNK,4678.0
KAZ,DOM,12378.0
KAZ,DZA,6142.0
KAZ,ECU,14911.0
KAZ,EGY,4278.0
KAZ,ERI,4747.0
KAZ,ESH,8006.0
KAZ,ESP,6430.0
KAZ,EST,3924.0
KAZ,ETH,5298.0
KAZ,FIN,3919.0
KAZ,FJI,12293.0
KAZ,FLK,16541.0
KAZ,FRA,5569.0
KAZ,FRO,5577.0
KAZ,FSM,8778.0
KAZ,GAB,8171.0
KAZ,GBR,5616.0
KAZ,GEO,2627.0
KAZ,GHA,8575.0
KAZ,GIB,6810.0
KAZ,GIN,9334.0
KAZ,GLP,12212.0
KAZ,GMB,9284.0
KAZ,GNB,9318.0
KAZ,GNQ,8031.0
KAZ,GRC,4462.0
KAZ,GRD,12587.0
KAZ,GRL,7277.0
KAZ,GTM,13472.0
KAZ,GUF,12642.0
KAZ,GUM,7204.0
KAZ,GUY,12858.0
KAZ,HKG,4144.0
KAZ,HND,13454.0
KAZ,HRV,4732.0
KAZ,HTI,12479.0
KAZ,HUN,4452.0
KAZ,IDN,6254.0
KAZ,IND,1618.0
KAZ,IOT,5609.0
KAZ,IRL,5914.0
KAZ,IRN,2337.0
KAZ,IRQ,3026.0
KAZ,ISL,6178.0
KAZ,ISR,3872.0
KAZ,ITA,5156.0
KAZ,JAM,12713.0
KAZ,JOR,3785.0
KAZ,JPN,5340.0
KAZ,KEN,6349.0
KAZ,KGZ,194.0
KAZ,KHM,4428.0
KAZ,KIR,10403.0
KAZ,KNA,12143.0
KAZ,KOR,4232.0
KAZ,KWT,2998.0
KAZ,LAO,3701.0
KAZ,LBN,3715.0
KAZ,LBR,9349.0
KAZ,LBY,5572.0
KAZ,LCA,12360.0
KAZ,LIE,5146.0
KAZ,LKA,4034.0
KAZ,LSO,9488.0
KAZ,LTU,3888.0
KAZ,LUX,5282.0
KAZ,LVA,3954.0
KAZ,MAC,4101.0
KAZ,MAR,7143.0
KAZ,MCO,5447.0
KAZ,MDA,3744.0
KAZ,MDG,7510.0
KAZ,MDV,4342.0
KAZ,MEX,13053.0
KAZ,MHL,9836.0
KAZ,MKD,4468.0
KAZ,MLI,8648.0
KAZ,MLT,5298.0
KAZ,MMR,3451.0
KAZ,MNE,4617.0
KAZ,MNG,2380.0
KAZ,MNP,7158.0
KAZ,MOZ,8910.0
KAZ,MRT,8882.0
KAZ,MSR,12163.0
KAZ,MTQ,12308.0
KAZ,MUS,7296.0
KAZ,MWI,7707.0
KAZ,MYS,5073.0
KAZ,MYT,6992.0
KAZ,NAM,9509.0
KAZ,NCL,11637.0
KAZ,NER,7765.0
KAZ,NFK,12237.0
KAZ,NGA,8187.0
KAZ,NIC,13639.0
KAZ,NIU,13302.0
KAZ,NLD,5259.0
KAZ,NOR,4709.0
KAZ,NPL,1884.0
KAZ,NRU,10051.0
KAZ,NZL,13262.0
KAZ,OMN,2751.0
KAZ,PAK,2224.0
KAZ,PAN,13749.0
KAZ,PCN,16902.0
KAZ,PER,15741.0
KAZ,PHL,5251.0
KAZ,PLW,6854.0
KAZ,PNG,9169.0
KAZ,POL,4198.0
KAZ,PRI,12201.0
KAZ,PRK,4069.0
KAZ,PRT,6924.0
KAZ,PRY,15457.0
KAZ,PSE,3931.0
KAZ,PYF,14815.0
KAZ,QAT,3056.0
KAZ,REU,7433.0
KAZ,ROU,4021.0
KAZ,RUS,3112.0
KAZ,RWA,6848.0
KAZ,SAU,3436.0
KAZ,SDN,5199.0
KAZ,SEN,9251.0
KAZ,SGP,5363.0
KAZ,SHN,10627.0
KAZ,SLB,10165.0
KAZ,SLE,9382.0
KAZ,SLV,13544.0
KAZ,SMR,5068.0
KAZ,SOM,5533.0
KAZ,SPM,9018.0
KAZ,SRB,4435.0
KAZ,SSD,6152.0
KAZ,STP,8390.0
KAZ,SUR,12750.0
KAZ,SVK,4571.0
KAZ,SVN,4831.0
KAZ,SWE,4303.0
KAZ,SWZ,9013.0
KAZ,SXM,12089.0
KAZ,SYC,5724.0
KAZ,SYR,3669.0
KAZ,TCA,12133.0
KAZ,TCD,6825.0
KAZ,TGO,8387.0
KAZ,THA,3977.0
KAZ,TJK,861.0
KAZ,TKL,12487.0
KAZ,TKM,1670.0
KAZ,TLS,7553.0
KAZ,TON,13019.0
KAZ,TTO,12705.0
KAZ,TUN,5590.0
KAZ,TUR,3918.0
KAZ,TUV,11650.0
KAZ,TWN,4512.0
KAZ,TZA,6720.0
KAZ,UGA,6479.0
KAZ,UKR,3566.0
KAZ,URY,15910.0
KAZ,USA,10259.0
KAZ,UZB,672.0
KAZ,VAT,5158.0
KAZ,VCT,12454.0
KAZ,VEN,13019.0
KAZ,VGB,12132.0
KAZ,VNM,4607.0
KAZ,VUT,11452.0
KAZ,WLF,12379.0
KAZ,WSM,12777.0
KAZ,YEM,4381.0
KAZ,ZAF,9170.0
KAZ,ZMB,8169.0
KAZ,ZWE,8225.0
KEN,ABW,11879.0
KEN,AFG,5206.0
KEN,AGO,2743.0
KEN,AIA,11106.0
KEN,ALB,5022.0
KEN,AND,6003.0
KEN,ARE,3550.0
KEN,ARG,10411.0
KEN,ARM,4658.0
KEN,ASM,16541.0
KEN,ATG,10981.0
KEN,AUS,11510.0
KEN,AUT,5830.0
KEN,AZE,4801.0
KEN,BDI,861.0
KEN,BEL,6544.0
KEN,BEN,3924.0
KEN,BES,11689.0
KEN,BFA,4499.0
KEN,BGD,6417.0
KEN,BGR,5056.0
KEN,BHR,3383.0
KEN,BHS,12503.0
KEN,BIH,5327.0
KEN,BLR,6176.0
KEN,BLZ,13826.0
KEN,BMU,11180.0
KEN,BOL,11572.0
KEN,BRA,9291.0
KEN,BRB,10748.0
KEN,BRN,8715.0
KEN,BTN,6480.0
KEN,BWA,2840.0
KEN,CAF,2125.0
KEN,CAN,12191.0
KEN,CCK,6728.0
KEN,CHE,6052.0
KEN,CHL,11548.0
KEN,CHN,9578.0
KEN,CIV,4600.0
KEN,CMR,2872.0
KEN,COD,2414.0
KEN,COG,2417.0
KEN,COK,16939.0
KEN,COL,12349.0
KEN,COM,1354.0
KEN,CPV,6877.0
KEN,CRI,13428.0
KEN,CUB,13046.0
KEN,CUW,11762.0
KEN,CXR,7678.0
KEN,CYM,13017.0
KEN,CYP,4050.0
KEN,CZE,6081.0
KEN,DEU,6353.0
KEN,DJI,1586.0
KEN,DMA,10936.0
KEN,DNK,6688.0
KEN,DOM,11826.0
KEN,DZA,5468.0
KEN,ECU,12984.0
KEN,EGY,3517.0
KEN,ERI,1852.0
KEN,ESH,6208.0
KEN,ESP,6179.0
KEN,EST,6815.0
KEN,ETH,1160.0
KEN,FIN,6892.0
KEN,FJI,15310.0
KEN,FLK,10219.0
KEN,FRA,6469.0
KEN,FRO,7919.0
KEN,FSM,13498.0
KEN,GAB,3051.0
KEN,GBR,6806.0
KEN,GEO,4828.0
KEN,GHA,4361.0
KEN,GIB,6017.0
KEN,GIN,5721.0
KEN,GLP,10971.0
KEN,GMB,6123.0
KEN,GNB,5975.0
KEN,GNQ,3031.0
KEN,GRC,4547.0
KEN,GRD,10980.0
KEN,GRL,10062.0
KEN,GTM,14063.0
KEN,GUF,9937.0
KEN,GUM,11992.0
KEN,GUY,10585.0
KEN,HKG,8771.0
KEN,HND,13717.0
KEN,HRV,5606.0
KEN,HTI,12082.0
KEN,HUN,5675.0
KEN,IDN,7793.0
KEN,IND,5433.0
KEN,IOT,4003.0
KEN,IRL,7246.0
KEN,IRN,4366.0
KEN,IRQ,3914.0
KEN,ISL,8674.0
KEN,ISR,3699.0
KEN,ITA,5373.0
KEN,JAM,12557.0
KEN,JOR,3680.0
KEN,JPN,11259.0
KEN,KAZ,6349.0
KEN,KGZ,6179.0
KEN,KHM,7663.0
KEN,KIR,15159.0
KEN,KNA,11074.0
KEN,KOR,10113.0
KEN,KWT,3594.0
KEN,LAO,7507.0
KEN,LBN,3897.0
KEN,LBR,5357.0
KEN,LBY,4523.0
KEN,LCA,10895.0
KEN,LIE,5988.0
KEN,LKA,4866.0
KEN,LSO,3257.0
KEN,LTU,6294.0
KEN,LUX,6358.0
KEN,LVA,6556.0
KEN,MAC,8705.0
KEN,MAR,6042.0
KEN,MCO,5782.0
KEN,MDA,5406.0
KEN,MDG,2274.0
KEN,MDV,4126.0
KEN,MEX,14831.0
KEN,MHL,14954.0
KEN,MKD,5038.0
KEN,MLI,5185.0
KEN,MLT,4722.0
KEN,MMR,6811.0
KEN,MNE,5154.0
KEN,MNG,8644.0
KEN,MNP,12088.0
KEN,MOZ,2770.0
KEN,MRT,6164.0
KEN,MSR,11020.0
KEN,MTQ,10903.0
KEN,MUS,3070.0
KEN,MWI,1442.0
KEN,MYS,7235.0
KEN,MYT,1574.0
KEN,NAM,3178.0
KEN,NCL,13977.0
KEN,NER,4165.0
KEN,NFK,13839.0
KEN,NGA,3811.0
KEN,NIC,13641.0
KEN,NIU,16335.0
KEN,NLD,6655.0
KEN,NOR,7154.0
KEN,NPL,6094.0
KEN,NRU,14479.0
KEN,NZL,13965.0
KEN,OMN,3625.0
KEN,PAK,4364.0
KEN,PAN,12935.0
KEN,PCN,16750.0
KEN,PER,12578.0
KEN,PHL,9425.0
KEN,PLW,10882.0
KEN,PNG,12228.0
KEN,POL,6114.0
KEN,PRI,11426.0
KEN,PRK,10009.0
KEN,PRT,6454.0
KEN,PRY,10403.0
KEN,PSE,3638.0
KEN,PYF,17811.0
KEN,QAT,3335.0
KEN,REU,2966.0
KEN,ROU,5174.0
KEN,RUS,6324.0
KEN,RWA,756.0
KEN,SAU,3066.0
KEN,SDN,1921.0
KEN,SEN,6231.0
KEN,SGP,7467.0
KEN,SHN,4939.0
KEN,SLB,13622.0
KEN,SLE,5657.0
KEN,SLV,13935.0
KEN,SMR,5565.0
KEN,SOM,1018.0
KEN,SPM,10342.0
KEN,SRB,5357.0
KEN,SSD,894.0
KEN,STP,3354.0
KEN,SUR,10253.0
KEN,SVK,5800.0
KEN,SVN,5683.0
KEN,SWE,6919.0
KEN,SWZ,2836.0
KEN,SXM,11105.0
KEN,SYC,2104.0
KEN,SYR,3851.0
KEN,TCA,11927.0
KEN,TCD,2826.0
KEN,TGO,4041.0
KEN,THA,7218.0
KEN,TJK,5491.0
KEN,TKL,16705.0
KEN,TKM,4877.0
KEN,TLS,9860.0
KEN,TON,15747.0
KEN,TTO,10956.0
KEN,TUN,5037.0
KEN,TUR,4751.0
KEN,TUV,15723.0
KEN,TWN,9536.0
KEN,TZA,670.0
KEN,UGA,503.0
KEN,UKR,5764.0
KEN,URY,10205.0
KEN,USA,11849.0
KEN,UZB,5736.0
KEN,VAT,5375.0
KEN,VCT,10922.0
KEN,VEN,11543.0
KEN,VGB,11269.0
KEN,VNM,7844.0
KEN,VUT,14317.0
KEN,WLF,16049.0
KEN,WSM,16461.0
KEN,YEM,2012.0
KEN,ZAF,2913.0
KEN,ZMB,1823.0
KEN,ZWE,1936.0
KGZ,ABW,12896.0
KGZ,AFG,1038.0
KGZ,AGO,8437.0
KGZ,AIA,11979.0
KGZ,ALB,4452.0
KGZ,AND,5786.0
KGZ,ARE,2628.0
KGZ,ARG,15889.0
KGZ,ARM,2514.0
KGZ,ASM,13087.0
KGZ,ATG,12015.0
KGZ,AUS,11416.0
KGZ,AUT,4476.0
KGZ,AZE,2069.0
KGZ,BDI,6842.0
KGZ,BEL,5223.0
KGZ,BEN,8079.0
KGZ,BES,12840.0
KGZ,BFA,7958.0
KGZ,BGD,2576.0
KGZ,BGR,4128.0
KGZ,BHR,2857.0
KGZ,BHS,11955.0
KGZ,BIH,4469.0
KGZ,BLR,3615.0
KGZ,BLZ,13134.0
KGZ,BMU,10712.0
KGZ,BOL,15438.0
KGZ,BRA,14267.0
KGZ,BRB,12257.0
KGZ,BRN,5781.0
KGZ,BTN,2184.0
KGZ,BWA,8987.0
KGZ,CAF,6960.0
KGZ,CAN,10073.0
KGZ,CCK,6504.0
KGZ,CHE,5066.0
KGZ,CHL,16828.0
KGZ,CHN,4304.0
KGZ,CIV,8680.0
KGZ,CMR,7544.0
KGZ,COD,7912.0
KGZ,COG,7909.0
KGZ,COK,14470.0
KGZ,COL,13878.0
KGZ,COM,6834.0
KGZ,CPV,9539.0
KGZ,CRI,13772.0
KGZ,CUB,12328.0
KGZ,CUW,12880.0
KGZ,CXR,6694.0
KGZ,CYM,12697.0
KGZ,CYP,3633.0
KGZ,CZE,4561.0
KGZ,DEU,4570.0
KGZ,DJI,4607.0
KGZ,DMA,12159.0
KGZ,DNK,4562.0
KGZ,DOM,12304.0
KGZ,DZA,5978.0
KGZ,ECU,14838.0
KGZ,EGY,4086.0
KGZ,ERI,4562.0
KGZ,ESH,7842.0
KGZ,ESP,6281.0
KGZ,EST,3823.0
KGZ,ETH,5120.0
KGZ,FIN,3822.0
KGZ,FJI,12478.0
KGZ,FLK,16358.0
KGZ,FRA,5435.0
KGZ,FRO,5495.0
KGZ,FSM,8968.0
KGZ,GAB,7978.0
KGZ,GBR,5492.0
KGZ,GEO,2445.0
KGZ,GHA,8384.0
KGZ,GIB,6654.0
KGZ,GIN,9151.0
KGZ,GLP,12113.0
KGZ,GMB,9107.0
KGZ,GNB,9138.0
KGZ,GNQ,7838.0
KGZ,GRC,4284.0
KGZ,GRD,12482.0
KGZ,GRL,7243.0
KGZ,GTM,13462.0
KGZ,GUF,12504.0
KGZ,GUM,7389.0
KGZ,GUY,12735.0
KGZ,HKG,4306.0
KGZ,HND,13432.0
KGZ,HRV,4579.0
KGZ,HTI,12413.0
KGZ,HUN,4302.0
KGZ,IDN,6337.0
KGZ,IND,1594.0
KGZ,IOT,5553.0
KGZ,IRL,5801.0
KGZ,IRN,2143.0
KGZ,IRQ,2832.0
KGZ,ISL,6114.0
KGZ,ISR,3680.0
KGZ,ITA,4995.0
KGZ,JAM,12659.0
KGZ,JOR,3593.0
KGZ,JPN,5533.0
KGZ,KAZ,194.0
KGZ,KEN,6179.0
KGZ,KHM,4540.0
KGZ,KIR,10595.0
KGZ,KNA,12048.0
KGZ,KOR,4426.0
KGZ,KWT,2807.0
KGZ,LAO,3820.0
KGZ,LBN,3524.0
KGZ,LBR,9162.0
KGZ,LBY,5394.0
KGZ,LCA,12256.0
KGZ,LIE,5002.0
KGZ,LKA,4015.0
KGZ,LSO,9332.0
KGZ,LTU,3764.0
KGZ,LUX,5148.0
KGZ,LVA,3841.0
KGZ,MAC,4262.0
KGZ,MAR,6984.0
KGZ,MCO,5294.0
KGZ,MDA,3587.0
KGZ,MDG,7381.0
KGZ,MDV,4288.0
KGZ,MEX,13077.0
KGZ,MHL,10029.0
KGZ,MKD,4300.0
KGZ,MLI,8464.0
KGZ,MLT,5123.0
KGZ,MMR,3540.0
KGZ,MNE,4452.0
KGZ,MNG,2570.0
KGZ,MNP,7346.0
KGZ,MOZ,8759.0
KGZ,MRT,8709.0
KGZ,MSR,12066.0
KGZ,MTQ,12205.0
KGZ,MUS,7195.0
KGZ,MWI,7545.0
KGZ,MYS,5155.0
KGZ,MYT,6851.0
KGZ,NAM,9334.0
KGZ,NCL,11807.0
KGZ,NER,7576.0
KGZ,NFK,12399.0
KGZ,NGA,7994.0
KGZ,NIC,13611.0
KGZ,NIU,13493.0
KGZ,NLD,5135.0
KGZ,NOR,4611.0
KGZ,NPL,1942.0
KGZ,NRU,10241.0
KGZ,NZL,13418.0
KGZ,OMN,2595.0
KGZ,PAK,2108.0
KGZ,PAN,13692.0
KGZ,PCN,17080.0
KGZ,PER,15637.0
KGZ,PHL,5410.0
KGZ,PLW,7023.0
KGZ,PNG,9333.0
KGZ,POL,4065.0
KGZ,PRI,12117.0
KGZ,PRK,4262.0
KGZ,PRT,6777.0
KGZ,PRY,15278.0
KGZ,PSE,3739.0
KGZ,PYF,15007.0
KGZ,QAT,2875.0
KGZ,REU,7326.0
KGZ,ROU,3858.0
KGZ,RUS,2997.0
KGZ,RWA,6669.0
KGZ,SAU,3250.0
KGZ,SDN,5008.0
KGZ,SEN,9076.0
KGZ,SGP,5449.0
KGZ,SHN,10434.0
KGZ,SLB,10342.0
KGZ,SLE,9198.0
KGZ,SLV,13528.0
KGZ,SMR,4912.0
KGZ,SOM,5375.0
KGZ,SPM,8957.0
KGZ,SRB,4276.0
KGZ,SSD,5969.0
KGZ,STP,8197.0
KGZ,SUR,12619.0
KGZ,SVK,4424.0
KGZ,SVN,4680.0
KGZ,SWE,4201.0
KGZ,SWZ,8860.0
KGZ,SXM,11996.0
KGZ,SYC,5602.0
KGZ,SYR,3477.0
KGZ,TCA,12067.0
KGZ,TCD,6631.0
KGZ,TGO,8195.0
KGZ,THA,4077.0
KGZ,TJK,687.0
KGZ,TKL,12680.0
KGZ,TKM,1477.0
KGZ,TLS,7683.0
KGZ,TON,13205.0
KGZ,TTO,12596.0
KGZ,TUN,5420.0
KGZ,TUR,3744.0
KGZ,TUV,11841.0
KGZ,TWN,4690.0
KGZ,TZA,6560.0
KGZ,UGA,6301.0
KGZ,UKR,3423.0
KGZ,URY,15718.0
KGZ,USA,10226.0
KGZ,UZB,479.0
KGZ,VAT,4997.0
KGZ,VCT,12348.0
KGZ,VEN,12924.0
KGZ,VGB,12044.0
KGZ,VNM,4723.0
KGZ,VUT,11629.0
KGZ,WLF,12569.0
KGZ,WSM,12969.0
KGZ,YEM,4204.0
KGZ,ZAF,9012.0
KGZ,ZMB,8000.0
KGZ,ZWE,8063.0
KHM,ABW,17284.0
KHM,AFG,4420.0
KHM,AGO,10394.0
KHM,AIA,16460.0
KHM,ALB,8765.0
KHM,AND,10223.0
KHM,ARE,5423.0
KHM,ARG,16951.0
KHM,ARM,6683.0
KHM,ASM,9736.0
KHM,ATG,16519.0
KHM,AUS,6877.0
KHM,AUT,8953.0
KHM,AZE,6241.0
KHM,BDI,8522.0
KHM,BEL,9750.0
KHM,BEN,11233.0
KHM,BES,17278.0
KHM,BFA,11488.0
KHM,BGD,2041.0
KHM,BGR,8463.0
KHM,BHR,5906.0
KHM,BHS,15945.0
KHM,BIH,8855.0
KHM,BLR,8148.0
KHM,BLZ,16486.0
KHM,BMU,15030.0
KHM,BOL,19097.0
KHM,BRA,16740.0
KHM,BRB,16795.0
KHM,BRN,1325.0
KHM,BTN,2376.0
KHM,BWA,9459.0
KHM,CAF,9526.0
KHM,CAN,13869.0
KHM,CCK,2774.0
KHM,CHE,9550.0
KHM,CHL,17538.0
KHM,CHN,2763.0
KHM,CIV,11949.0
KHM,CMR,10302.0
KHM,COD,10070.0
KHM,COG,10072.0
KHM,COK,11020.0
KHM,COL,18212.0
KHM,COM,7285.0
KHM,CPV,13633.0
KHM,CRI,17432.0
KHM,CUB,16087.0
KHM,CUW,17301.0
KHM,CXR,2432.0
KHM,CYM,16524.0
KHM,CYP,7608.0
KHM,CZE,9067.0
KHM,DEU,9098.0
KHM,DJI,6723.0
KHM,DMA,16678.0
KHM,DNK,9101.0
KHM,DOM,16633.0
KHM,DZA,10285.0
KHM,ECU,18843.0
KHM,EGY,7815.0
KHM,ERI,7131.0
KHM,ESH,12094.0
KHM,ESP,10711.0
KHM,EST,8351.0
KHM,ETH,7238.0
KHM,FIN,8344.0
KHM,FJI,8717.0
KHM,FLK,15290.0
KHM,FRA,9950.0
KHM,FRO,9971.0
KHM,FSM,5865.0
KHM,GAB,10605.0
KHM,GBR,10027.0
KHM,GEO,6688.0
KHM,GHA,11655.0
KHM,GIB,11018.0
KHM,GIN,12845.0
KHM,GLP,16625.0
KHM,GMB,13015.0
KHM,GNB,12966.0
KHM,GNQ,10538.0
KHM,GRC,8460.0
KHM,GRD,17013.0
KHM,GRL,11376.0
KHM,GTM,16653.0
KHM,GUF,16915.0
KHM,GUM,4330.0
KHM,GUY,17255.0
KHM,HKG,1542.0
KHM,HND,16874.0
KHM,HRV,9016.0
KHM,HTI,16661.0
KHM,HUN,8762.0
KHM,IDN,1977.0
KHM,IND,3445.0
KHM,IOT,4158.0
KHM,IRL,10340.0
KHM,IRN,5988.0
KHM,IRQ,6581.0
KHM,ISL,10500.0
KHM,ISR,7473.0
KHM,ITA,9361.0
KHM,JAM,16729.0
KHM,JOR,7363.0
KHM,JPN,4402.0
KHM,KAZ,4428.0
KHM,KEN,7663.0
KHM,KGZ,4540.0
KHM,KIR,7597.0
KHM,KNA,16540.0
KHM,KOR,3625.0
KHM,KWT,6195.0
KHM,LAO,751.0
KHM,LBN,7411.0
KHM,LBR,12647.0
KHM,LBY,9484.0
KHM,LCA,16784.0
KHM,LIE,9480.0
KHM,LKA,2800.0
KHM,LSO,9447.0
KHM,LTU,8301.0
KHM,LUX,9662.0
KHM,LVA,8380.0
KHM,MAC,1493.0
KHM,MAR,11317.0
KHM,MCO,9724.0
KHM,MDA,8021.0
KHM,MDG,7141.0
KHM,MDV,3555.0
KHM,MEX,15690.0
KHM,MHL,7304.0
KHM,MKD,8624.0
KHM,MLI,12154.0
KHM,MLT,9304.0
KHM,MMR,1109.0
KHM,MNE,8798.0
KHM,MNG,4034.0
KHM,MNP,4436.0
KHM,MOZ,8868.0
KHM,MRT,12756.0
KHM,MSR,16568.0
KHM,MTQ,16730.0
KHM,MUS,6268.0
KHM,MWI,8341.0
KHM,MYS,997.0
KHM,MYT,7122.0
KHM,NAM,10283.0
KHM,NCL,7686.0
KHM,NER,11073.0
KHM,NFK,8123.0
KHM,NGA,11121.0
KHM,NIC,17113.0
KHM,NIU,9931.0
KHM,NLD,9669.0
KHM,NOR,9134.0
KHM,NPL,2715.0
KHM,NRU,6982.0
KHM,NZL,9044.0
KHM,OMN,5071.0
KHM,PAK,4247.0
KHM,PAN,17679.0
KHM,PCN,14252.0
KHM,PER,19815.0
KHM,PHL,1774.0
KHM,PLW,3278.0
KHM,PNG,5222.0
KHM,POL,8586.0
KHM,PRI,16542.0
KHM,PRK,3676.0
KHM,PRT,11215.0
KHM,PRY,17637.0
KHM,PSE,7504.0
KHM,PYF,12026.0
KHM,QAT,5813.0
KHM,REU,6493.0
KHM,ROU,8233.0
KHM,RUS,7536.0
KHM,RWA,8413.0
KHM,SAU,6284.0
KHM,SDN,7811.0
KHM,SEN,13043.0
KHM,SGP,1142.0
KHM,SHN,12549.0
KHM,SLB,6518.0
KHM,SLE,12837.0
KHM,SLV,16814.0
KHM,SMR,9323.0
KHM,SOM,6656.0
KHM,SPM,13276.0
KHM,SRB,8678.0
KHM,SSD,8096.0
KHM,STP,10904.0
KHM,SUR,17093.0
KHM,SVK,8899.0
KHM,SVN,9125.0
KHM,SWE,8731.0
KHM,SWZ,9006.0
KHM,SXM,16479.0
KHM,SYC,5762.0
KHM,SYR,7333.0
KHM,TCA,16326.0
KHM,TCD,9738.0
KHM,TGO,11364.0
KHM,THA,533.0
KHM,TJK,4662.0
KHM,TKL,9561.0
KHM,TKM,5461.0
KHM,TLS,3190.0
KHM,TON,9447.0
KHM,TTO,17133.0
KHM,TUN,9667.0
KHM,TUR,8001.0
KHM,TUV,8517.0
KHM,TWN,2293.0
KHM,TZA,7548.0
KHM,UGA,8085.0
KHM,UKR,7921.0
KHM,URY,16803.0
KHM,USA,14215.0
KHM,UZB,4789.0
KHM,VAT,9363.0
KHM,VCT,16878.0
KHM,VEN,17406.0
KHM,VGB,16498.0
KHM,VNM,211.0
KHM,VUT,7684.0
KHM,WLF,9135.0
KHM,WSM,9613.0
KHM,YEM,6567.0
KHM,ZAF,9298.0
KHM,ZMB,8956.0
KHM,ZWE,8741.0
KIR,ABW,12910.0
KIR,AFG,11192.0
KIR,AGO,17640.0
KIR,AIA,13530.0
KIR,ALB,14564.0
KIR,AND,15075.0
KIR,ARE,12711.0
KIR,ARG,13553.0
KIR,ARM,13065.0
KIR,ASM,2493.0
KIR,ATG,13683.0
KIR,AUS,5204.0
KIR,AUT,14071.0
KIR,AZE,12645.0
KIR,BDI,15985.0
KIR,BEL,14123.0
KIR,BEN,18673.0
KIR,BES,13105.0
KIR,BFA,18378.0
KIR,BGD,9200.0
KIR,BGR,14265.0
KIR,BHR,13140.0
KIR,BHS,11928.0
KIR,BIH,14404.0
KIR,BLR,13106.0
KIR,BLZ,10850.0
KIR,BMU,12911.0
KIR,BOL,13134.0
KIR,BRA,15099.0
KIR,BRB,14013.0
KIR,BRN,6461.0
KIR,BTN,9289.0
KIR,BWA,15643.0
KIR,CAF,17122.0
KIR,CAN,11314.0
KIR,CCK,8544.0
KIR,CHE,14404.0
KIR,CHL,12523.0
KIR,CHN,6342.0
KIR,CIV,19200.0
KIR,CMR,17894.0
KIR,COD,17532.0
KIR,COG,17536.0
KIR,COK,3877.0
KIR,COL,12550.0
KIR,COM,14368.0
KIR,CPV,17465.0
KIR,CRI,11410.0
KIR,CUB,11454.0
KIR,CUW,13034.0
KIR,CXR,7565.0
KIR,CYM,11608.0
KIR,CYP,14193.0
KIR,CZE,13953.0
KIR,DEU,13739.0
KIR,DJI,14306.0
KIR,DMA,13776.0
KIR,DNK,13440.0
KIR,DOM,12816.0
KIR,DZA,15663.0
KIR,ECU,11928.0
KIR,EGY,14681.0
KIR,ERI,14651.0
KIR,ESH,16785.0
KIR,ESP,15369.0
KIR,EST,12722.0
KIR,ETH,14833.0
KIR,FIN,12649.0
KIR,FJI,2235.0
KIR,FLK,12702.0
KIR,FRA,14372.0
KIR,FRO,12979.0
KIR,FSM,1757.0
KIR,GAB,18194.0
KIR,GBR,14113.0
KIR,GEO,12961.0
KIR,GHA,18944.0
KIR,GIB,15852.0
KIR,GIN,18601.0
KIR,GLP,13724.0
KIR,GMB,18062.0
KIR,GNB,18273.0
KIR,GNQ,18135.0
KIR,GRC,14637.0
KIR,GRD,13807.0
KIR,GRL,11877.0
KIR,GTM,10679.0
KIR,GUF,14950.0
KIR,GUM,3388.0
KIR,GUY,14285.0
KIR,HKG,6762.0
KIR,HND,11041.0
KIR,HRV,14317.0
KIR,HTI,12563.0
KIR,HUN,14035.0
KIR,IDN,7397.0
KIR,IND,10508.0
KIR,IOT,11205.0
KIR,IRL,13945.0
KIR,IRN,12720.0
KIR,IRQ,13415.0
KIR,ISL,12640.0
KIR,ISR,14274.0
KIR,ITA,14834.0
KIR,JAM,12106.0
KIR,JOR,14188.0
KIR,JPN,5127.0
KIR,KAZ,10403.0
KIR,KEN,15159.0
KIR,KGZ,10595.0
KIR,KHM,7597.0
KIR,KNA,13588.0
KIR,KOR,6180.0
KIR,KWT,13271.0
KIR,LAO,7896.0
KIR,LBN,14110.0
KIR,LBR,19068.0
KIR,LBY,15670.0
KIR,LCA,13847.0
KIR,LIE,14399.0
KIR,LKA,10347.0
KIR,LSO,15230.0
KIR,LTU,13130.0
KIR,LUX,14222.0
KIR,LVA,12970.0
KIR,MAC,6826.0
KIR,MAR,16138.0
KIR,MCO,14812.0
KIR,MDA,13617.0
KIR,MDG,13777.0
KIR,MDV,11059.0
KIR,MEX,9745.0
KIR,MHL,662.0
KIR,MKD,14423.0
KIR,MLI,18455.0
KIR,MLT,15322.0
KIR,MMR,8571.0
KIR,MNE,14491.0
KIR,MNG,8138.0
KIR,MNP,3362.0
KIR,MOZ,14996.0
KIR,MRT,17648.0
KIR,MSR,13654.0
KIR,MTQ,13825.0
KIR,MUS,12724.0
KIR,MWI,15330.0
KIR,MYS,7932.0
KIR,MYT,14139.0
KIR,NAM,16512.0
KIR,NCL,2706.0
KIR,NER,18087.0
KIR,NFK,3406.0
KIR,NGA,18583.0
KIR,NIC,11158.0
KIR,NIU,2929.0
KIR,NLD,13949.0
KIR,NOR,13040.0
KIR,NPL,9716.0
KIR,NRU,706.0
KIR,NZL,4232.0
KIR,OMN,12428.0
KIR,PAK,11554.0
KIR,PAN,11917.0
KIR,PCN,6938.0
KIR,PER,12224.0
KIR,PHL,5901.0
KIR,PLW,4323.0
KIR,PNG,3099.0
KIR,POL,13517.0
KIR,PRI,13210.0
KIR,PRK,6353.0
KIR,PRT,15565.0
KIR,PRY,13989.0
KIR,PSE,14333.0
KIR,PYF,4606.0
KIR,QAT,13089.0
KIR,REU,12923.0
KIR,ROU,13973.0
KIR,RUS,12506.0
KIR,RWA,15911.0
KIR,SAU,13563.0
KIR,SDN,15297.0
KIR,SEN,17902.0
KIR,SGP,7693.0
KIR,SHN,18382.0
KIR,SLB,1872.0
KIR,SLE,18728.0
KIR,SLV,10830.0
KIR,SMR,14632.0
KIR,SOM,14198.0
KIR,SPM,12855.0
KIR,SRB,14220.0
KIR,SSD,15690.0
KIR,STP,18496.0
KIR,SUR,14626.0
KIR,SVK,14049.0
KIR,SVN,14349.0
KIR,SWE,12931.0
KIR,SWZ,15095.0
KIR,SXM,13536.0
KIR,SYC,13085.0
KIR,SYR,14069.0
KIR,TCA,12626.0
KIR,TCD,17172.0
KIR,TGO,18790.0
KIR,THA,8086.0
KIR,TJK,11152.0
KIR,TKL,2112.0
KIR,TKM,12052.0
KIR,TLS,5373.0
KIR,TON,2799.0
KIR,TTO,13858.0
KIR,TUN,15427.0
KIR,TUR,14081.0
KIR,TUV,1289.0
KIR,TWN,6117.0
KIR,TZA,14864.0
KIR,UGA,15626.0
KIR,UKR,13257.0
KIR,URY,13729.0
KIR,USA,11832.0
KIR,UZB,11061.0
KIR,VAT,14834.0
KIR,VCT,13841.0
KIR,VEN,13280.0
KIR,VGB,13365.0
KIR,VNM,7401.0
KIR,VUT,2169.0
KIR,WLF,2011.0
KIR,WSM,2375.0
KIR,YEM,14103.0
KIR,ZAF,15370.0
KIR,ZMB,15855.0
KIR,ZWE,15487.0
KNA,ABW,946.0
KNA,AFG,12350.0
KNA,AGO,8838.0
KNA,AIA,108.0
KNA,ALB,8148.0
KNA,AND,6629.0
KNA,ARE,11825.0
KNA,ARG,5762.0
KNA,ARM,10178.0
KNA,ASM,12355.0
KNA,ATG,96.0
KNA,AUS,16487.0
KNA,AUT,7793.0
KNA,AZE,10579.0
KNA,BDI,10350.0
KNA,BEL,6930.0
KNA,BEN,7161.0
KNA,BES,824.0
KNA,BFA,6583.0
KNA,BGD,14618.0
KNA,BGR,8410.0
KNA,BHR,11356.0
KNA,BHS,1742.0
KNA,BIH,7992.0
KNA,BLR,8491.0
KNA,BLZ,2767.0
KNA,BMU,1674.0
KNA,BOL,3785.0
KNA,BRA,4845.0
KNA,BRB,572.0
KNA,BRN,17532.0
KNA,BTN,14231.0
KNA,BWA,10668.0
KNA,CAF,8949.0
KNA,CAN,3323.0
KNA,CCK,17761.0
KNA,CHE,7206.0
KNA,CHL,5679.0
KNA,CHN,14617.0
KNA,CIV,6518.0
KNA,CMR,8216.0
KNA,COD,8894.0
KNA,COG,8889.0
KNA,COK,11403.0
KNA,COL,1871.0
KNA,COM,12076.0
KNA,CPV,4197.0
KNA,CRI,2448.0
KNA,CUB,2150.0
KNA,CUW,881.0
KNA,CXR,18561.0
KNA,CYM,1983.0
KNA,CYP,9458.0
KNA,CZE,7640.0
KNA,DEU,7565.0
KNA,DJI,11279.0
KNA,DMA,263.0
KNA,DNK,7516.0
KNA,DOM,772.0
KNA,DZA,6740.0
KNA,ECU,2862.0
KNA,EGY,9437.0
KNA,ERI,10708.0
KNA,ESH,5188.0
KNA,ESP,6174.0
KNA,EST,8226.0
KNA,ETH,10922.0
KNA,FIN,8226.0
KNA,FJI,13576.0
KNA,FLK,7658.0
KNA,FRA,6761.0
KNA,FRO,6574.0
KNA,FSM,14794.0
KNA,GAB,8112.0
KNA,GBR,6631.0
KNA,GEO,10133.0
KNA,GHA,6731.0
KNA,GIB,5986.0
KNA,GIN,5369.0
KNA,GLP,179.0
KNA,GMB,4951.0
KNA,GNB,5102.0
KNA,GNQ,8096.0
KNA,GRC,8547.0
KNA,GRD,589.0
KNA,GRL,5274.0
KNA,GTM,2989.0
KNA,GUF,1776.0
KNA,GUM,15468.0
KNA,GUY,1262.0
KNA,HKG,15614.0
KNA,HND,2646.0
KNA,HRV,7783.0
KNA,HTI,1027.0
KNA,HUN,7999.0
KNA,IDN,18348.0
KNA,IND,13351.0
KNA,IOT,15040.0
KNA,IRL,6274.0
KNA,IRN,10943.0
KNA,IRQ,10479.0
KNA,ISL,6043.0
KNA,ISR,9689.0
KNA,ITA,7534.0
KNA,JAM,1494.0
KNA,JOR,9798.0
KNA,JPN,13685.0
KNA,KAZ,12143.0
KNA,KEN,11074.0
KNA,KGZ,12048.0
KNA,KHM,16540.0
KNA,KIR,13588.0
KNA,KOR,13848.0
KNA,KWT,10973.0
KNA,LAO,15790.0
KNA,LBN,9687.0
KNA,LBR,5770.0
KNA,LBY,7696.0
KNA,LCA,409.0
KNA,LIE,7282.0
KNA,LKA,15115.0
KNA,LSO,10957.0
KNA,LTU,8329.0
KNA,LUX,7043.0
KNA,LVA,8222.0
KNA,MAC,15616.0
KNA,MAR,5758.0
KNA,MCO,7114.0
KNA,MDA,8740.0
KNA,MDG,12701.0
KNA,MDV,14667.0
KNA,MEX,3849.0
KNA,MHL,13498.0
KNA,MKD,8270.0
KNA,MLI,5891.0
KNA,MLT,7773.0
KNA,MMR,15587.0
KNA,MNE,8085.0
KNA,MNG,12709.0
KNA,MNP,15253.0
KNA,MOZ,11342.0
KNA,MRT,4947.0
KNA,MSR,78.0
KNA,MTQ,346.0
KNA,MUS,13755.0
KNA,MWI,11147.0
KNA,MYS,17180.0
KNA,MYT,12313.0
KNA,NAM,9740.0
KNA,NCL,14871.0
KNA,NER,6941.0
KNA,NFK,14719.0
KNA,NGA,7272.0
KNA,NIC,2595.0
KNA,NIU,12387.0
KNA,NLD,6986.0
KNA,NOR,7437.0
KNA,NPL,13959.0
KNA,NRU,14292.0
KNA,NZL,14023.0
KNA,OMN,12205.0
KNA,PAK,12851.0
KNA,PAN,2037.0
KNA,PCN,8480.0
KNA,PER,3606.0
KNA,PHL,16453.0
KNA,PLW,16697.0
KNA,PNG,16684.0
KNA,POL,8084.0
KNA,PRI,381.0
KNA,PRK,13707.0
KNA,PRT,5686.0
KNA,PRY,4744.0
KNA,PSE,9681.0
KNA,PYF,10262.0
KNA,QAT,11478.0
KNA,REU,13554.0
KNA,ROU,8593.0
KNA,RUS,9065.0
KNA,RWA,10377.0
KNA,SAU,11076.0
KNA,SDN,10050.0
KNA,SEN,4845.0
KNA,SGP,17486.0
KNA,SHN,7255.0
KNA,SLB,15340.0
KNA,SLE,5445.0
KNA,SLV,2865.0
KNA,SMR,7518.0
KNA,SOM,11864.0
KNA,SPM,3324.0
KNA,SRB,8145.0
KNA,SSD,10314.0
KNA,STP,7825.0
KNA,SUR,1508.0
KNA,SVK,7848.0
KNA,SVN,7667.0
KNA,SWE,7847.0
KNA,SWZ,11223.0
KNA,SXM,88.0
KNA,SYC,13161.0
KNA,SYR,9773.0
KNA,TCA,997.0
KNA,TCD,8342.0
KNA,TGO,7049.0
KNA,THA,16118.0
KNA,TJK,12031.0
KNA,TKL,12280.0
KNA,TKM,11348.0
KNA,TLS,18699.0
KNA,TON,12972.0
KNA,TTO,745.0
KNA,TUN,7375.0
KNA,TUR,8906.0
KNA,TUV,13270.0
KNA,TWN,15302.0
KNA,TZA,11511.0
KNA,UGA,10571.0
KNA,UKR,8770.0
KNA,URY,5811.0
KNA,USA,2813.0
KNA,UZB,11857.0
KNA,VAT,7531.0
KNA,VCT,485.0
KNA,VEN,877.0
KNA,VGB,236.0
KNA,VNM,16694.0
KNA,VUT,14630.0
KNA,WLF,12906.0
KNA,WSM,12455.0
KNA,YEM,11237.0
KNA,ZAF,10921.0
KNA,ZMB,10619.0
KNA,ZWE,10977.0
KOR,ABW,14184.0
KOR,AFG,5137.0
KOR,AGO,12697.0
KOR,AIA,13741.0
KOR,ALB,8569.0
KOR,AND,9565.0
KOR,ARE,6788.0
KOR,ARG,19433.0
KOR,ARM,6886.0
KOR,ASM,8672.0
KOR,ATG,13882.0
KOR,AUS,8549.0
KOR,AUT,8296.0
KOR,AZE,6465.0
KOR,BDI,10912.0
KOR,BEL,8728.0
KOR,BEN,12497.0
KOR,BES,14277.0
KOR,BFA,12312.0
KOR,BGD,3797.0
KOR,BGR,8246.0
KOR,BHR,7142.0
KOR,BHS,12623.0
KOR,BIH,8485.0
KOR,BLR,7291.0
KOR,BLZ,12883.0
KOR,BMU,12175.0
KOR,BOL,17245.0
KOR,BRA,18338.0
KOR,BRB,14354.0
KOR,BRN,3815.0
KOR,BTN,3655.0
KOR,BWA,12574.0
KOR,CAF,11323.0
KOR,CAN,10620.0
KOR,CCK,6344.0
KOR,CHE,8796.0
KOR,CHL,18364.0
KOR,CHN,867.0
KOR,CIV,13073.0
KOR,CMR,11952.0
KOR,COD,12210.0
KOR,COG,12208.0
KOR,COK,10047.0
KOR,COL,14855.0
KOR,COM,10252.0
KOR,CPV,13431.0
KOR,CRI,13838.0
KOR,CUB,12621.0
KOR,CUW,14262.0
KOR,CXR,5758.0
KOR,CYM,13050.0
KOR,CYP,8016.0
KOR,CZE,8270.0
KOR,DEU,8147.0
KOR,DJI,8696.0
KOR,DMA,14087.0
KOR,DNK,7961.0
KOR,DOM,13554.0
KOR,DZA,9964.0
KOR,ECU,15226.0
KOR,EGY,8503.0
KOR,ERI,8819.0
KOR,ESH,11727.0
KOR,ESP,10018.0
KOR,EST,7126.0
KOR,ETH,9252.0
KOR,FIN,7076.0
KOR,FJI,8187.0
KOR,FLK,18389.0
KOR,FRA,8989.0
KOR,FRO,8214.0
KOR,FSM,4631.0
KOR,GAB,12378.0
KOR,GBR,8880.0
KOR,GEO,6788.0
KOR,GHA,12784.0
KOR,GIB,10486.0
KOR,GIN,13379.0
KOR,GLP,14006.0
KOR,GMB,13207.0
KOR,GNB,13291.0
KOR,GNQ,12245.0
KOR,GRC,8536.0
KOR,GRD,14437.0
KOR,GRL,8723.0
KOR,GTM,13031.0
KOR,GUF,15298.0
KOR,GUM,3199.0
KOR,GUY,15063.0
KOR,HKG,2092.0
KOR,HND,13269.0
KOR,HRV,8490.0
KOR,HTI,13475.0
KOR,HUN,8190.0
KOR,IDN,5278.0
KOR,IND,4692.0
KOR,IOT,7523.0
KOR,IRL,8975.0
KOR,IRN,6566.0
KOR,IRQ,7257.0
KOR,ISL,8403.0
KOR,ISR,8097.0
KOR,ITA,8989.0
KOR,JAM,13372.0
KOR,JOR,8013.0
KOR,JPN,1155.0
KOR,KAZ,4232.0
KOR,KEN,10113.0
KOR,KGZ,4426.0
KOR,KHM,3625.0
KOR,KIR,6180.0
KOR,KNA,13848.0
KOR,KWT,7184.0
KOR,LAO,3220.0
KOR,LBN,7930.0
KOR,LBR,13479.0
KOR,LBY,9630.0
KOR,LCA,14235.0
KOR,LIE,8757.0
KOR,LKA,5835.0
KOR,LSO,12709.0
KOR,LTU,7372.0
KOR,LUX,8740.0
KOR,LVA,7302.0
KOR,MAC,2136.0
KOR,MAR,10837.0
KOR,MCO,9142.0
KOR,MDA,7615.0
KOR,MDG,10384.0
KOR,MDV,6560.0
KOR,MEX,12070.0
KOR,MHL,5604.0
KOR,MKD,8417.0
KOR,MLI,12737.0
KOR,MLT,9312.0
KOR,MMR,3793.0
KOR,MNE,8527.0
KOR,MNG,1997.0
KOR,MNP,3092.0
KOR,MOZ,12096.0
KOR,MRT,12732.0
KOR,MSR,13911.0
KOR,MTQ,14168.0
KOR,MUS,9673.0
KOR,MWI,11224.0
KOR,MYS,4603.0
KOR,MYT,10156.0
KOR,NAM,13217.0
KOR,NCL,7808.0
KOR,NER,11952.0
KOR,NFK,8525.0
KOR,NGA,12416.0
KOR,NIC,13508.0
KOR,NIU,9100.0
KOR,NLD,8578.0
KOR,NOR,7737.0
KOR,NPL,4024.0
KOR,NRU,5882.0
KOR,NZL,9597.0
KOR,OMN,6596.0
KOR,PAK,5778.0
KOR,PAN,14164.0
KOR,PCN,12870.0
KOR,PER,16312.0
KOR,PHL,2613.0
KOR,PLW,3432.0
KOR,PNG,5614.0
KOR,POL,7760.0
KOR,PRI,13653.0
KOR,PRK,195.0
KOR,PRT,10442.0
KOR,PRY,18577.0
KOR,PSE,8157.0
KOR,PYF,10624.0
KOR,QAT,7123.0
KOR,REU,9886.0
KOR,ROU,7952.0
KOR,RUS,6622.0
KOR,RWA,10755.0
KOR,SAU,7563.0
KOR,SDN,9355.0
KOR,SEN,13134.0
KOR,SGP,4664.0
KOR,SHN,14814.0
KOR,SLB,6234.0
KOR,SLE,13450.0
KOR,SLV,13195.0
KOR,SMR,8837.0
KOR,SOM,9136.0
KOR,SPM,10657.0
KOR,SRB,8287.0
KOR,SSD,10161.0
KOR,STP,12610.0
KOR,SUR,15191.0
KOR,SVK,8258.0
KOR,SVN,8559.0
KOR,SWE,7451.0
KOR,SWZ,12229.0
KOR,SXM,13762.0
KOR,SYC,8715.0
KOR,SYR,7890.0
KOR,TCA,13202.0
KOR,TCD,11056.0
KOR,TGO,12611.0
KOR,THA,3720.0
KOR,TJK,5021.0
KOR,TKL,8255.0
KOR,TKM,5897.0
KOR,TLS,5108.0
KOR,TON,8878.0
KOR,TTO,14592.0
KOR,TUN,9524.0
KOR,TUR,7974.0
KOR,TUV,7446.0
KOR,TWN,1487.0
KOR,TZA,10269.0
KOR,UGA,10379.0
KOR,UKR,7312.0
KOR,URY,19599.0
KOR,USA,11077.0
KOR,UZB,4899.0
KOR,VAT,8990.0
KOR,VCT,14325.0
KOR,VEN,14493.0
KOR,VGB,13690.0
KOR,VNM,3599.0
KOR,VUT,7497.0
KOR,WLF,8176.0
KOR,WSM,8555.0
KOR,YEM,8358.0
KOR,ZAF,12483.0
KOR,ZMB,11799.0
KOR,ZWE,11710.0
KWT,ABW,11918.0
KWT,AFG,2079.0
KWT,AGO,5634.0
KWT,AIA,10944.0
KWT,ALB,2865.0
KWT,AND,4377.0
KWT,ARE,856.0
KWT,ARG,13199.0
KWT,ARM,1240.0
KWT,ASM,15720.0
KWT,ATG,10906.0
KWT,AUS,12513.0
KWT,AUT,3411.0
KWT,AZE,1234.0
KWT,BDI,4133.0
KWT,BEL,4327.0
KWT,BEN,5410.0
KWT,BES,11788.0
KWT,BFA,5440.0
KWT,BGD,4252.0
KWT,BGR,2653.0
KWT,BHR,434.0
KWT,BHS,11628.0
KWT,BIH,3074.0
KWT,BLR,3186.0
KWT,BLZ,13076.0
KWT,BMU,10173.0
KWT,BOL,13402.0
KWT,BRA,11682.0
KWT,BRB,10952.0
KWT,BRN,7516.0
KWT,BTN,4066.0
KWT,BWA,6427.0
KWT,CAF,4156.0
KWT,CAN,10308.0
KWT,CCK,6973.0
KWT,CHE,3927.0
KWT,CHL,14257.0
KWT,CHN,6932.0
KWT,CIV,6069.0
KWT,CMR,4769.0
KWT,COD,5106.0
KWT,COG,5103.0
KWT,COK,17102.0
KWT,COL,12794.0
KWT,COM,4573.0
KWT,CPV,7440.0
KWT,CRI,13289.0
KWT,CUB,12145.0
KWT,CUW,11850.0
KWT,CXR,7591.0
KWT,CYM,12369.0
KWT,CYP,1517.0
KWT,CZE,3632.0
KWT,DEU,3820.0
KWT,DJI,2032.0
KWT,DMA,10978.0
KWT,DNK,4044.0
KWT,DOM,11510.0
KWT,DZA,4236.0
KWT,ECU,13754.0
KWT,EGY,1620.0
KWT,ERI,1810.0
KWT,ESH,5938.0
KWT,ESP,4809.0
KWT,EST,3775.0
KWT,ETH,2450.0
KWT,FIN,3834.0
KWT,FJI,14868.0
KWT,FLK,13572.0
KWT,FRA,4412.0
KWT,FRO,5344.0
KWT,FSM,11561.0
KWT,GAB,5194.0
KWT,GBR,4649.0
KWT,GEO,1397.0
KWT,GHA,5765.0
KWT,GIB,4992.0
KWT,GIN,6751.0
KWT,GLP,10965.0
KWT,GMB,6849.0
KWT,GNB,6823.0
KWT,GNQ,5060.0
KWT,GRC,2431.0
KWT,GRD,11209.0
KWT,GRL,7556.0
KWT,GTM,13419.0
KWT,GUF,10742.0
KWT,GUM,9929.0
KWT,GUY,11188.0
KWT,HKG,6600.0
KWT,HND,13216.0
KWT,HRV,3330.0
KWT,HTI,11708.0
KWT,HUN,3198.0
KWT,IDN,7418.0
KWT,IND,2842.0
KWT,IOT,4822.0
KWT,IRL,5096.0
KWT,IRN,772.0
KWT,IRQ,556.0
KWT,ISL,6137.0
KWT,ISR,1298.0
KWT,ITA,3471.0
KWT,JAM,12108.0
KWT,JOR,1188.0
KWT,JPN,8316.0
KWT,KAZ,2998.0
KWT,KEN,3594.0
KWT,KGZ,2807.0
KWT,KHM,6195.0
KWT,KIR,13271.0
KWT,KNA,10973.0
KWT,KOR,7184.0
KWT,LAO,5663.0
KWT,LBN,1286.0
KWT,LBR,6654.0
KWT,LBY,3326.0
KWT,LCA,11022.0
KWT,LIE,3846.0
KWT,LKA,4161.0
KWT,LSO,6850.0
KWT,LTU,3350.0
KWT,LUX,4166.0
KWT,LVA,3586.0
KWT,MAC,6542.0
KWT,MAR,5241.0
KWT,MCO,3917.0
KWT,MDA,2562.0
KWT,MDG,5343.0
KWT,MDV,3876.0
KWT,MEX,13562.0
KWT,MHL,12752.0
KWT,MKD,2764.0
KWT,MLI,6047.0
KWT,MLT,3206.0
KWT,MMR,5091.0
KWT,MNE,2949.0
KWT,MNG,5377.0
KWT,MNP,9927.0
KWT,MOZ,6343.0
KWT,MRT,6563.0
KWT,MSR,10959.0
KWT,MTQ,10992.0
KWT,MUS,5575.0
KWT,MWI,5032.0
KWT,MYS,6360.0
KWT,MYT,4673.0
KWT,NAM,6631.0
KWT,NCL,13879.0
KWT,NER,5031.0
KWT,NFK,14262.0
KWT,NGA,5314.0
KWT,NIC,13295.0
KWT,NIU,16033.0
KWT,NLD,4343.0
KWT,NOR,4389.0
KWT,NPL,3644.0
KWT,NRU,12824.0
KWT,NZL,15054.0
KWT,OMN,1235.0
KWT,PAK,1955.0
KWT,PAN,12977.0
KWT,PCN,19348.0
KWT,PER,14046.0
KWT,PHL,7602.0
KWT,PLW,9280.0
KWT,PNG,11412.0
KWT,POL,3370.0
KWT,PRI,11190.0
KWT,PRK,7032.0
KWT,PRT,5289.0
KWT,PRY,12780.0
KWT,PSE,1319.0
KWT,PYF,17806.0
KWT,QAT,566.0
KWT,REU,5618.0
KWT,ROU,2553.0
KWT,RUS,3044.0
KWT,RWA,3957.0
KWT,SAU,534.0
KWT,SDN,2202.0
KWT,SEN,6863.0
KWT,SGP,6673.0
KWT,SHN,7641.0
KWT,SLB,12651.0
KWT,SLE,6769.0
KWT,SLV,13396.0
KWT,SMR,3527.0
KWT,SOM,3037.0
KWT,SPM,8669.0
KWT,SRB,2963.0
KWT,SSD,3217.0
KWT,STP,5427.0
KWT,SUR,10959.0
KWT,SVK,3359.0
KWT,SVN,3446.0
KWT,SWE,4025.0
KWT,SWZ,6419.0
KWT,SXM,10955.0
KWT,SYC,3845.0
KWT,SYR,1200.0
KWT,TCA,11408.0
KWT,TCD,3905.0
KWT,TGO,5534.0
KWT,THA,5662.0
KWT,TJK,2168.0
KWT,TKL,15382.0
KWT,TKM,1354.0
KWT,TLS,9291.0
KWT,TON,15610.0
KWT,TTO,11272.0
KWT,TUN,3601.0
KWT,TUR,2153.0
KWT,TUV,14447.0
KWT,TWN,7175.0
KWT,TZA,4112.0
KWT,UGA,3607.0
KWT,UKR,2760.0
KWT,URY,13012.0
KWT,USA,10219.0
KWT,UZB,2329.0
KWT,VAT,3474.0
KWT,VCT,11094.0
KWT,VEN,11770.0
KWT,VGB,11066.0
KWT,VNM,6406.0
KWT,VUT,13867.0
KWT,WLF,15149.0
KWT,WSM,15595.0
KWT,YEM,1600.0
KWT,ZAF,6507.0
KWT,ZMB,5389.0
KWT,ZWE,5530.0
LAO,ABW,16537.0
LAO,AFG,3784.0
LAO,AGO,10250.0
LAO,AIA,15709.0
LAO,ALB,8121.0
LAO,AND,9552.0
LAO,ARE,4938.0
LAO,ARG,17381.0
LAO,ARM,6047.0
LAO,ASM,10158.0
LAO,ATG,15771.0
LAO,AUS,7600.0
LAO,AUT,8266.0
LAO,AZE,5597.0
LAO,BDI,8366.0
LAO,BEL,9041.0
LAO,BEN,10873.0
LAO,BES,16528.0
LAO,BFA,11052.0
LAO,BGD,1418.0
LAO,BGR,7813.0
LAO,BHR,5410.0
LAO,BHS,15244.0
LAO,BIH,8194.0
LAO,BLR,7435.0
LAO,BLZ,15917.0
LAO,BMU,14284.0
LAO,BOL,19037.0
LAO,BRA,16776.0
LAO,BRB,16059.0
LAO,BRN,1971.0
LAO,BTN,1695.0
LAO,BWA,9556.0
LAO,CAF,9239.0
LAO,CAN,13173.0
LAO,CCK,3395.0
LAO,CHE,8861.0
LAO,CHL,18164.0
LAO,CHN,2402.0
LAO,CIV,11580.0
LAO,CMR,10000.0
LAO,COD,9878.0
LAO,COG,9879.0
LAO,COK,11487.0
LAO,COL,17481.0
LAO,COM,7299.0
LAO,CPV,13086.0
LAO,CRI,16834.0
LAO,CUB,15427.0
LAO,CUW,16552.0
LAO,CXR,3158.0
LAO,CYM,15861.0
LAO,CYP,7019.0
LAO,CZE,8369.0
LAO,DEU,8389.0
LAO,DJI,6415.0
LAO,DMA,15932.0
LAO,DNK,8379.0
LAO,DOM,15890.0
LAO,DZA,9653.0
LAO,ECU,18236.0
LAO,EGY,7274.0
LAO,ERI,6765.0
LAO,ESH,11487.0
LAO,ESP,10044.0
LAO,EST,7617.0
LAO,ETH,6953.0
LAO,FIN,7608.0
LAO,FJI,9209.0
LAO,FLK,15889.0
LAO,FRA,9249.0
LAO,FRO,9225.0
LAO,FSM,6140.0
LAO,GAB,10337.0
LAO,GBR,9312.0
LAO,GEO,6040.0
LAO,GHA,11279.0
LAO,GIB,10373.0
LAO,GIN,12393.0
LAO,GLP,15878.0
LAO,GMB,12512.0
LAO,GNB,12482.0
LAO,GNQ,10254.0
LAO,GRC,7844.0
LAO,GRD,16271.0
LAO,GRL,10633.0
LAO,GTM,16127.0
LAO,GUF,16281.0
LAO,GUM,4536.0
LAO,GUY,16555.0
LAO,HKG,1302.0
LAO,HND,16302.0
LAO,HRV,8341.0
LAO,HTI,15929.0
LAO,HUN,8080.0
LAO,IDN,2715.0
LAO,IND,2845.0
LAO,IOT,4334.0
LAO,IRL,9614.0
LAO,IRN,5385.0
LAO,IRQ,6008.0
LAO,ISL,9749.0
LAO,ISR,6914.0
LAO,ITA,8708.0
LAO,JAM,16025.0
LAO,JOR,6805.0
LAO,JPN,4142.0
LAO,KAZ,3701.0
LAO,KEN,7507.0
LAO,KGZ,3820.0
LAO,KHM,751.0
LAO,KIR,7896.0
LAO,KNA,15790.0
LAO,KOR,3220.0
LAO,KWT,5663.0
LAO,LBN,6834.0
LAO,LBR,12243.0
LAO,LBY,8896.0
LAO,LCA,16042.0
LAO,LIE,8793.0
LAO,LKA,2754.0
LAO,LSO,9607.0
LAO,LTU,7584.0
LAO,LUX,8961.0
LAO,LVA,7655.0
LAO,MAC,1237.0
LAO,MAR,10682.0
LAO,MCO,9054.0
LAO,MDA,7344.0
LAO,MDG,7273.0
LAO,MDV,3517.0
LAO,MEX,15241.0
LAO,MHL,7534.0
LAO,MKD,7977.0
LAO,MLI,11692.0
LAO,MLT,8695.0
LAO,MMR,697.0
LAO,MNE,8147.0
LAO,MNG,3344.0
LAO,MNP,4605.0
LAO,MOZ,9008.0
LAO,MRT,12213.0
LAO,MSR,15820.0
LAO,MTQ,15986.0
LAO,MUS,6484.0
LAO,MWI,8337.0
LAO,MYS,1643.0
LAO,MYT,7160.0
LAO,NAM,10325.0
LAO,NCL,8255.0
LAO,NER,10636.0
LAO,NFK,8738.0
LAO,NGA,10764.0
LAO,NIC,16538.0
LAO,NIU,10400.0
LAO,NLD,8955.0
LAO,NOR,8397.0
LAO,NPL,2072.0
LAO,NRU,7325.0
LAO,NZL,9692.0
LAO,OMN,4607.0
LAO,PAK,3750.0
LAO,PAN,17013.0
LAO,PCN,14724.0
LAO,PER,19347.0
LAO,PHL,1999.0
LAO,PLW,3650.0
LAO,PNG,5762.0
LAO,POL,7880.0
LAO,PRI,15792.0
LAO,PRK,3235.0
LAO,PRT,10547.0
LAO,PRY,17831.0
LAO,PSE,6950.0
LAO,PYF,12434.0
LAO,QAT,5329.0
LAO,REU,6703.0
LAO,ROU,7571.0
LAO,RUS,6812.0
LAO,RWA,8241.0
LAO,SAU,5808.0
LAO,SDN,7430.0
LAO,SEN,12524.0
LAO,SGP,1850.0
LAO,SHN,12445.0
LAO,SLB,6993.0
LAO,SLE,12399.0
LAO,SLV,16275.0
LAO,SMR,8657.0
LAO,SOM,6490.0
LAO,SPM,12527.0
LAO,SRB,8012.0
LAO,SSD,7843.0
LAO,STP,10628.0
LAO,SUR,16425.0
LAO,SVK,8213.0
LAO,SVN,8449.0
LAO,SWE,7997.0
LAO,SWZ,9145.0
LAO,SXM,15728.0
LAO,SYC,5747.0
LAO,SYR,6760.0
LAO,TCA,15590.0
LAO,TCD,9354.0
LAO,TGO,11004.0
LAO,THA,520.0
LAO,TJK,3989.0
LAO,TKL,9932.0
LAO,TKM,4823.0
LAO,TLS,3871.0
LAO,TON,9949.0
LAO,TTO,16395.0
LAO,TUN,9046.0
LAO,TUR,7364.0
LAO,TUV,8908.0
LAO,TWN,2102.0
LAO,TZA,7476.0
LAO,UGA,7893.0
LAO,UKR,7224.0
LAO,URY,17205.0
LAO,USA,13498.0
LAO,UZB,4094.0
LAO,VAT,8710.0
LAO,VCT,16137.0
LAO,VEN,16655.0
LAO,VGB,15747.0
LAO,VNM,911.0
LAO,VUT,8207.0
LAO,WLF,9562.0
LAO,WSM,10033.0
LAO,YEM,6211.0
LAO,ZAF,9422.0
LAO,ZMB,8947.0
LAO,ZWE,8774.0
LBN,ABW,10632.0
LBN,AFG,3091.0
LBN,AGO,5282.0
LBN,AIA,9657.0
LBN,ALB,1606.0
LBN,AND,3101.0
LBN,ARE,2141.0
LBN,ARG,12365.0
LBN,ARM,1063.0
LBN,ASM,16602.0
LBN,ATG,9621.0
LBN,AUS,13793.0
LBN,AUT,2248.0
LBN,AZE,1466.0
LBN,BDI,4176.0
LBN,BEL,3143.0
LBN,BEN,4568.0
LBN,BES,10502.0
LBN,BFA,4441.0
LBN,BGD,5416.0
LBN,BGR,1441.0
LBN,BHR,1684.0
LBN,BHS,10380.0
LBN,BIH,1845.0
LBN,BLR,2308.0
LBN,BLZ,11838.0
LBN,BMU,8918.0
LBN,BOL,12259.0
LBN,BRA,10756.0
LBN,BRB,9672.0
LBN,BRN,8736.0
LBN,BTN,5179.0
LBN,BWA,6559.0
LBN,CAF,3711.0
LBN,CAN,9181.0
LBN,CCK,8249.0
LBN,CHE,2707.0
LBN,CHL,13337.0
LBN,CHN,7821.0
LBN,CIV,5157.0
LBN,CMR,4150.0
LBN,COD,4733.0
LBN,COG,4728.0
LBN,COK,17964.0
LBN,COL,11512.0
LBN,COM,5113.0
LBN,CPV,6252.0
LBN,CRI,12012.0
LBN,CUB,10907.0
LBN,CUW,10564.0
LBN,CXR,8877.0
LBN,CYM,11112.0
LBN,CYP,239.0
LBN,CZE,2489.0
LBN,DEU,2716.0
LBN,DJI,2591.0
LBN,DMA,9694.0
LBN,DNK,2994.0
LBN,DOM,10227.0
LBN,DZA,2953.0
LBN,ECU,12477.0
LBN,EGY,587.0
LBN,ERI,2086.0
LBN,ESH,4689.0
LBN,ESP,3525.0
LBN,EST,2947.0
LBN,ETH,2775.0
LBN,FIN,3020.0
LBN,FJI,15957.0
LBN,FLK,13092.0
LBN,FRA,3194.0
LBN,FRO,4305.0
LBN,FSM,12489.0
LBN,GAB,4597.0
LBN,GBR,3460.0
LBN,GEO,1193.0
LBN,GHA,4861.0
LBN,GIB,3708.0
LBN,GIN,5681.0
LBN,GLP,9680.0
LBN,GMB,5711.0
LBN,GNB,5710.0
LBN,GNQ,4443.0
LBN,GRC,1149.0
LBN,GRD,9929.0
LBN,GRL,6540.0
LBN,GTM,12177.0
LBN,GUF,9509.0
LBN,GUM,10894.0
LBN,GUY,9930.0
LBN,HKG,7661.0
LBN,HND,11959.0
LBN,HRV,2120.0
LBN,HTI,10428.0
LBN,HUN,2044.0
LBN,IDN,8701.0
LBN,IND,3989.0
LBN,IOT,5990.0
LBN,IRL,3919.0
LBN,IRN,1470.0
LBN,IRQ,830.0
LBN,ISL,5102.0
LBN,ISR,212.0
LBN,ITA,2200.0
LBN,JAM,10835.0
LBN,JOR,220.0
LBN,JPN,9004.0
LBN,KAZ,3715.0
LBN,KEN,3897.0
LBN,KGZ,3524.0
LBN,KHM,7411.0
LBN,KIR,14110.0
LBN,KNA,9687.0
LBN,KOR,7930.0
LBN,KWT,1286.0
LBN,LAO,6834.0
LBN,LBR,5653.0
LBN,LBY,2074.0
LBN,LCA,9739.0
LBN,LIE,2626.0
LBN,LKA,5445.0
LBN,LSO,7047.0
LBN,LTU,2443.0
LBN,LUX,2970.0
LBN,LVA,2703.0
LBN,MAC,7608.0
LBN,MAR,3964.0
LBN,MCO,2654.0
LBN,MDA,1559.0
LBN,MDG,5983.0
LBN,MDV,5128.0
LBN,MEX,12402.0
LBN,MHL,13525.0
LBN,MKD,1524.0
LBN,MLI,4982.0
LBN,MLT,1926.0
LBN,MMR,6302.0
LBN,MNE,1704.0
LBN,MNG,5990.0
LBN,MNP,10861.0
LBN,MOZ,6633.0
LBN,MRT,5381.0
LBN,MSR,9673.0
LBN,MTQ,9709.0
LBN,MUS,6423.0
LBN,MWI,5300.0
LBN,MYS,7630.0
LBN,MYT,5268.0
LBN,NAM,6546.0
LBN,NCL,15088.0
LBN,NER,4054.0
LBN,NFK,15520.0
LBN,NGA,4488.0
LBN,NIC,12028.0
LBN,NIU,17016.0
LBN,NLD,3185.0
LBN,NOR,3408.0
LBN,NPL,4773.0
LBN,NRU,13762.0
LBN,NZL,16339.0
LBN,OMN,2520.0
LBN,PAK,3210.0
LBN,PAN,11692.0
LBN,PCN,18129.0
LBN,PER,12824.0
LBN,PHL,8712.0
LBN,PLW,10385.0
LBN,PNG,12595.0
LBN,POL,2343.0
LBN,PRI,9905.0
LBN,PRK,7759.0
LBN,PRT,4004.0
LBN,PRY,11804.0
LBN,PSE,282.0
LBN,PYF,18124.0
LBN,QAT,1812.0
LBN,REU,6422.0
LBN,ROU,1421.0
LBN,RUS,2434.0
LBN,RWA,4008.0
LBN,SAU,1492.0
LBN,SDN,2054.0
LBN,SEN,5708.0
LBN,SGP,7945.0
LBN,SHN,7036.0
LBN,SLB,13762.0
LBN,SLE,5716.0
LBN,SLV,12144.0
LBN,SMR,2276.0
LBN,SOM,3673.0
LBN,SPM,7473.0
LBN,SRB,1768.0
LBN,SSD,3241.0
LBN,STP,4775.0
LBN,SUR,9713.0
LBN,SVK,2201.0
LBN,SVN,2231.0
LBN,SWE,3104.0
LBN,SWZ,6680.0
LBN,SXM,9668.0
LBN,SYC,4752.0
LBN,SYR,88.0
LBN,TCA,10133.0
LBN,TCD,3182.0
LBN,TGO,4680.0
LBN,THA,6879.0
LBN,TJK,3021.0
LBN,TKL,16166.0
LBN,TKM,2109.0
LBN,TLS,10546.0
LBN,TON,16697.0
LBN,TTO,9995.0
LBN,TUN,2317.0
LBN,TUR,978.0
LBN,TUV,15365.0
LBN,TWN,8157.0
LBN,TZA,4525.0
LBN,UGA,3730.0
LBN,UKR,1882.0
LBN,URY,12195.0
LBN,USA,9043.0
LBN,UZB,3068.0
LBN,VAT,2203.0
LBN,VCT,9813.0
LBN,VEN,10487.0
LBN,VGB,9780.0
LBN,VNM,7620.0
LBN,VUT,15020.0
LBN,WLF,16093.0
LBN,WSM,16486.0
LBN,YEM,2234.0
LBN,ZAF,6698.0
LBN,ZMB,5511.0
LBN,ZWE,5744.0
LBR,ABW,6529.0
LBR,AFG,8700.0
LBR,AGO,3149.0
LBR,AIA,5816.0
LBR,ALB,4925.0
LBR,AND,4191.0
LBR,ARE,7316.0
LBR,ARG,6741.0
LBR,ARM,6649.0
LBR,ASM,17662.0
LBR,ATG,5675.0
LBR,AUS,15748.0
LBR,AUT,5309.0
LBR,AZE,7093.0
LBR,BDI,4591.0
LBR,BEL,5135.0
LBR,BEN,1455.0
LBR,BES,6338.0
LBR,BFA,1218.0
LBR,BGD,10868.0
LBR,BGR,5243.0
LBR,BHR,6855.0
LBR,BHS,7359.0
LBR,BIH,5040.0
LBR,BLR,6305.0
LBR,BLZ,8536.0
LBR,BMU,6278.0
LBR,BOL,6798.0
LBR,BRA,5106.0
LBR,BRB,5402.0
LBR,BRN,13880.0
LBR,BTN,10716.0
LBR,BWA,5249.0
LBR,CAF,3260.0
LBR,CAN,7814.0
LBR,CCK,12076.0
LBR,CHE,4908.0
LBR,CHL,7684.0
LBR,CHN,13466.0
LBR,CIV,757.0
LBR,CMR,2489.0
LBR,COD,3131.0
LBR,COG,3125.0
LBR,COK,16300.0
LBR,COL,7012.0
LBR,COM,6307.0
LBR,CPV,1685.0
LBR,CRI,8072.0
LBR,CUB,7860.0
LBR,CUW,6410.0
LBR,CXR,13034.0
LBR,CYM,7750.0
LBR,CYP,5530.0
LBR,CZE,5394.0
LBR,DEU,5582.0
LBR,DJI,5953.0
LBR,DMA,5609.0
LBR,DNK,5855.0
LBR,DOM,6539.0
LBR,DZA,3654.0
LBR,ECU,7737.0
LBR,EGY,5120.0
LBR,ERI,5517.0
LBR,ESH,2322.0
LBR,ESP,3845.0
LBR,EST,6620.0
LBR,ETH,5471.0
LBR,FIN,6688.0
LBR,FJI,18366.0
LBR,FLK,7826.0
LBR,FRA,4877.0
LBR,FRO,6190.0
LBR,FSM,18109.0
LBR,GAB,2342.0
LBR,GBR,5108.0
LBR,GEO,6729.0
LBR,GHA,1015.0
LBR,GIB,3351.0
LBR,GIN,479.0
LBR,GLP,5651.0
LBR,GMB,1021.0
LBR,GNB,810.0
LBR,GNQ,2335.0
LBR,GRC,4944.0
LBR,GRD,5628.0
LBR,GRL,7197.0
LBR,GTM,8741.0
LBR,GUF,4603.0
LBR,GUM,16547.0
LBR,GUY,5236.0
LBR,HKG,13254.0
LBR,HND,8386.0
LBR,HRV,5082.0
LBR,HTI,6796.0
LBR,HUN,5376.0
LBR,IDN,13141.0
LBR,IND,9489.0
LBR,IOT,9359.0
LBR,IRL,5231.0
LBR,IRN,7106.0
LBR,IRQ,6418.0
LBR,ISL,6479.0
LBR,ISR,5518.0
LBR,ITA,4566.0
LBR,JAM,7265.0
LBR,JOR,5616.0
LBR,JPN,14433.0
LBR,KAZ,9349.0
LBR,KEN,5357.0
LBR,KGZ,9162.0
LBR,KHM,12647.0
LBR,KIR,19068.0
LBR,KNA,5770.0
LBR,KOR,13479.0
LBR,KWT,6654.0
LBR,LAO,12243.0
LBR,LBN,5653.0
LBR,LBY,3850.0
LBR,LCA,5556.0
LBR,LIE,4925.0
LBR,LKA,10005.0
LBR,LSO,5684.0
LBR,LTU,6258.0
LBR,LUX,5056.0
LBR,LVA,6389.0
LBR,MAC,13195.0
LBR,MAR,3040.0
LBR,MCO,4514.0
LBR,MDA,5884.0
LBR,MDG,6977.0
LBR,MDV,9339.0
LBR,MEX,9613.0
LBR,MHL,18504.0
LBR,MKD,5075.0
LBR,MLI,766.0
LBR,MLT,4174.0
LBR,MMR,11603.0
LBR,MNE,4979.0
LBR,MNG,11484.0
LBR,MNP,16507.0
LBR,MOZ,5879.0
LBR,MRT,1420.0
LBR,MSR,5710.0
LBR,MTQ,5569.0
LBR,MUS,8021.0
LBR,MWI,5411.0
LBR,MYS,12460.0
LBR,MYT,6546.0
LBR,NAM,4406.0
LBR,NCL,18213.0
LBR,NER,1624.0
LBR,NFK,17481.0
LBR,NGA,1570.0
LBR,NIC,8294.0
LBR,NIU,17361.0
LBR,NLD,5307.0
LBR,NOR,6221.0
LBR,NPL,10291.0
LBR,NRU,19321.0
LBR,NZL,16573.0
LBR,OMN,7638.0
LBR,PAK,8501.0
LBR,PAN,7578.0
LBR,PCN,13090.0
LBR,PER,7606.0
LBR,PHL,14229.0
LBR,PLW,15892.0
LBR,PNG,17583.0
LBR,POL,5865.0
LBR,PRI,6139.0
LBR,PRK,13294.0
LBR,PRT,3594.0
LBR,PRY,6156.0
LBR,PSE,5467.0
LBR,PYF,15385.0
LBR,QAT,6927.0
LBR,REU,7834.0
LBR,ROU,5539.0
LBR,RUS,6942.0
LBR,RWA,4631.0
LBR,SAU,6446.0
LBR,SDN,4836.0
LBR,SEN,1179.0
LBR,SGP,12727.0
LBR,SHN,2522.0
LBR,SLB,18956.0
LBR,SLE,361.0
LBR,SLV,8602.0
LBR,SMR,4747.0
LBR,SOM,6248.0
LBR,SPM,6230.0
LBR,SRB,5234.0
LBR,SSD,4697.0
LBR,STP,2055.0
LBR,SUR,4910.0
LBR,SVK,5338.0
LBR,SVN,5033.0
LBR,SWE,6375.0
LBR,SWZ,5787.0
LBR,SXM,5812.0
LBR,SYC,7461.0
LBR,SYR,5708.0
LBR,TCA,6694.0
LBR,TCD,2910.0
LBR,TGO,1329.0
LBR,THA,12131.0
LBR,TJK,8672.0
LBR,TKL,17854.0
LBR,TKM,7760.0
LBR,TLS,15216.0
LBR,TON,17670.0
LBR,TTO,5600.0
LBR,TUN,3996.0
LBR,TUR,5505.0
LBR,TUV,18905.0
LBR,TWN,13804.0
LBR,TZA,5747.0
LBR,UGA,4864.0
LBR,UKR,6213.0
LBR,URY,6585.0
LBR,USA,7309.0
LBR,UZB,8717.0
LBR,VAT,4565.0
LBR,VCT,5576.0
LBR,VEN,6187.0
LBR,VGB,5982.0
LBR,VNM,12853.0
LBR,VUT,18736.0
LBR,WLF,18251.0
LBR,WSM,17787.0
LBR,YEM,6082.0
LBR,ZAF,5524.0
LBR,ZMB,4933.0
LBR,ZWE,5317.0
LBY,ABW,8640.0
LBY,AFG,5125.0
LBY,AGO,4616.0
LBY,AIA,7677.0
LBY,ALB,1107.0
LBY,AND,1481.0
LBY,ARE,4159.0
LBY,ARG,10565.0
LBY,ARM,2903.0
LBY,ASM,17908.0
LBY,ATG,7624.0
LBY,AUS,15655.0
LBY,AUT,1723.0
LBY,AZE,3361.0
LBY,BDI,4360.0
LBY,BEL,2123.0
LBY,BEN,3133.0
LBY,BES,8498.0
LBY,BFA,2723.0
LBY,BGD,7480.0
LBY,BGR,1407.0
LBY,BHR,3679.0
LBY,BHS,8591.0
LBY,BIH,1298.0
LBY,BLR,2599.0
LBY,BLZ,10056.0
LBY,BMU,7134.0
LBY,BOL,10213.0
LBY,BRA,8903.0
LBY,BRB,7637.0
LBY,BRN,10809.0
LBY,BTN,7225.0
LBY,BWA,6508.0
LBY,CAF,3206.0
LBY,CAN,7764.0
LBY,CCK,10156.0
LBY,CHE,1656.0
LBY,CHL,11435.0
LBY,CHN,9668.0
LBY,CIV,3533.0
LBY,CMR,3216.0
LBY,COD,4124.0
LBY,COG,4117.0
LBY,COK,18543.0
LBY,COL,9483.0
LBY,COM,5877.0
LBY,CPV,4202.0
LBY,CRI,10090.0
LBY,CUB,9140.0
LBY,CUW,8563.0
LBY,CXR,10866.0
LBY,CYM,9280.0
LBY,CYP,1878.0
LBY,CZE,1914.0
LBY,DEU,2183.0
LBY,DJI,3860.0
LBY,DMA,7680.0
LBY,DNK,2534.0
LBY,DOM,8292.0
LBY,DZA,1022.0
LBY,ECU,10432.0
LBY,EGY,1742.0
LBY,ERI,3244.0
LBY,ESH,2616.0
LBY,ESP,1722.0
LBY,EST,3074.0
LBY,ETH,3725.0
LBY,FIN,3154.0
LBY,FJI,17816.0
LBY,FLK,11641.0
LBY,FRA,1991.0
LBY,FRO,3538.0
LBY,FSM,14261.0
LBY,GAB,3617.0
LBY,GBR,2335.0
LBY,GEO,2952.0
LBY,GHA,3279.0
LBY,GIB,1738.0
LBY,GIN,3774.0
LBY,GLP,7673.0
LBY,GMB,3716.0
LBY,GNB,3745.0
LBY,GNQ,3451.0
LBY,GRC,1111.0
LBY,GRD,7895.0
LBY,GRL,5562.0
LBY,GTM,10378.0
LBY,GUF,7435.0
LBY,GUM,12753.0
LBY,GUY,7863.0
LBY,HKG,9658.0
LBY,HND,10116.0
LBY,HRV,1456.0
LBY,HTI,8511.0
LBY,HUN,1697.0
LBY,IDN,10726.0
LBY,IND,6053.0
LBY,IOT,7669.0
LBY,IRL,2750.0
LBY,IRN,3512.0
LBY,IRQ,2903.0
LBY,ISL,4227.0
LBY,ISR,2028.0
LBY,ITA,1003.0
LBY,JAM,8946.0
LBY,JOR,2139.0
LBY,JPN,10598.0
LBY,KAZ,5572.0
LBY,KEN,4523.0
LBY,KGZ,5394.0
LBY,KHM,9484.0
LBY,KIR,15670.0
LBY,KNA,7696.0
LBY,KOR,9630.0
LBY,KWT,3326.0
LBY,LAO,8896.0
LBY,LBN,2074.0
LBY,LBR,3850.0
LBY,LCA,7715.0
LBY,LIE,1614.0
LBY,LKA,7420.0
LBY,LSO,7047.0
LBY,LTU,2603.0
LBY,LUX,1948.0
LBY,LVA,2802.0
LBY,MAC,9608.0
LBY,MAR,1938.0
LBY,MCO,1306.0
LBY,MDA,2055.0
LBY,MDG,6797.0
LBY,MDV,7005.0
LBY,MEX,10793.0
LBY,MHL,15021.0
LBY,MKD,1247.0
LBY,MLI,3109.0
LBY,MLT,357.0
LBY,MMR,8375.0
LBY,MNE,1189.0
LBY,MNG,7634.0
LBY,MNP,12687.0
LBY,MOZ,6824.0
LBY,MRT,3342.0
LBY,MSR,7675.0
LBY,MTQ,7689.0
LBY,MUS,7526.0
LBY,MWI,5628.0
LBY,MYS,9685.0
LBY,MYT,6093.0
LBY,NAM,6149.0
LBY,NCL,17148.0
LBY,NER,2422.0
LBY,NFK,17587.0
LBY,NGA,3096.0
LBY,NIC,10152.0
LBY,NIU,18443.0
LBY,NLD,2267.0
LBY,NOR,3011.0
LBY,NPL,6828.0
LBY,NRU,15499.0
LBY,NZL,18287.0
LBY,OMN,4537.0
LBY,PAK,5275.0
LBY,PAN,9727.0
LBY,PCN,16171.0
LBY,PER,10751.0
LBY,PHL,10734.0
LBY,PLW,12390.0
LBY,PNG,14647.0
LBY,POL,2241.0
LBY,PRI,7945.0
LBY,PRK,9444.0
LBY,PRT,2113.0
LBY,PRY,9884.0
LBY,PSE,2008.0
LBY,PYF,17594.0
LBY,QAT,3795.0
LBY,REU,7455.0
LBY,ROU,1702.0
LBY,RUS,3168.0
LBY,RWA,4243.0
LBY,SAU,3381.0
LBY,SDN,2737.0
LBY,SEN,3692.0
LBY,SGP,9999.0
LBY,SHN,5764.0
LBY,SLB,15736.0
LBY,SLE,3832.0
LBY,SLV,10317.0
LBY,SMR,1229.0
LBY,SOM,4787.0
LBY,SPM,5935.0
LBY,SRB,1467.0
LBY,SSD,3644.0
LBY,STP,3665.0
LBY,SUR,7641.0
LBY,SVK,1728.0
LBY,SVN,1467.0
LBY,SWE,2963.0
LBY,SWZ,6821.0
LBY,SXM,7686.0
LBY,SYC,6089.0
LBY,SYR,2153.0
LBY,TCA,8241.0
LBY,TCD,2308.0
LBY,TGO,3210.0
LBY,THA,8953.0
LBY,TJK,4994.0
LBY,TKL,17363.0
LBY,TKM,4103.0
LBY,TLS,12615.0
LBY,TON,18469.0
LBY,TTO,7953.0
LBY,TUN,517.0
LBY,TUR,1665.0
LBY,TUV,16953.0
LBY,TWN,10084.0
LBY,TZA,5189.0
LBY,UGA,4138.0
LBY,UKR,2414.0
LBY,URY,10418.0
LBY,USA,7504.0
LBY,UZB,4982.0
LBY,VAT,1004.0
LBY,VCT,7784.0
LBY,VEN,8464.0
LBY,VGB,7810.0
LBY,VNM,9693.0
LBY,VUT,17022.0
LBY,WLF,17639.0
LBY,WSM,17837.0
LBY,YEM,3680.0
LBY,ZAF,6725.0
LBY,ZMB,5580.0
LBY,ZWE,5925.0
LCA,ABW,993.0
LCA,AFG,12496.0
LCA,AGO,8577.0
LCA,AIA,516.0
LCA,ALB,8234.0
LCA,AND,6723.0
LCA,ARE,11868.0
LCA,ARG,5387.0
LCA,ARM,10289.0
LCA,ASM,12479.0
LCA,ATG,356.0
LCA,AUS,16338.0
LCA,AUT,7926.0
LCA,AZE,10703.0
LCA,BDI,10146.0
LCA,BEL,7085.0
LCA,BEN,6972.0
LCA,BES,815.0
LCA,BFA,6430.0
LCA,BGD,14810.0
LCA,BGR,8507.0
LCA,BHR,11392.0
LCA,BHS,2104.0
LCA,BIH,8095.0
LCA,BLR,8668.0
LCA,BLZ,2997.0
LCA,BMU,2061.0
LCA,BOL,3465.0
LCA,BRA,4438.0
LCA,BRB,179.0
LCA,BRN,17863.0
LCA,BTN,14437.0
LCA,BWA,10349.0
LCA,CAF,8774.0
LCA,CAN,3731.0
LCA,CCK,17622.0
LCA,CHE,7334.0
LCA,CHL,5352.0
LCA,CHN,14993.0
LCA,CIV,6310.0
LCA,CMR,8026.0
LCA,COD,8661.0
LCA,COG,8656.0
LCA,COK,11462.0
LCA,COL,1773.0
LCA,COM,11844.0
LCA,CPV,4038.0
LCA,CRI,2554.0
LCA,CUB,2469.0
LCA,CUW,887.0
LCA,CXR,18530.0
LCA,CYM,2250.0
LCA,CYP,9516.0
LCA,CZE,7787.0
LCA,DEU,7729.0
LCA,DJI,11197.0
LCA,DMA,150.0
LCA,DNK,7702.0
LCA,DOM,1074.0
LCA,DZA,6787.0
LCA,ECU,2748.0
LCA,EGY,9456.0
LCA,ERI,10642.0
LCA,ESH,5157.0
LCA,ESP,6255.0
LCA,EST,8437.0
LCA,ETH,10814.0
LCA,FIN,8442.0
LCA,FJI,13685.0
LCA,FLK,7285.0
LCA,FRA,6903.0
LCA,FRO,6817.0
LCA,FSM,15125.0
LCA,GAB,7897.0
LCA,GBR,6795.0
LCA,GEO,10254.0
LCA,GHA,6537.0
LCA,GIB,6032.0
LCA,GIN,5175.0
LCA,GLP,234.0
LCA,GMB,4786.0
LCA,GNB,4924.0
LCA,GNQ,7890.0
LCA,GRC,8612.0
LCA,GRD,231.0
LCA,GRL,5617.0
LCA,GTM,3185.0
LCA,GUF,1382.0
LCA,GUM,15861.0
LCA,GUY,855.0
LCA,HKG,15956.0
LCA,HND,2830.0
LCA,HRV,7899.0
LCA,HTI,1312.0
LCA,HUN,8128.0
LCA,IDN,18440.0
LCA,IND,13498.0
LCA,IOT,14889.0
LCA,IRL,6460.0
LCA,IRN,11041.0
LCA,IRQ,10546.0
LCA,ISL,6322.0
LCA,ISR,9728.0
LCA,ITA,7620.0
LCA,JAM,1747.0
LCA,JOR,9838.0
LCA,JPN,14092.0
LCA,KAZ,12360.0
LCA,KEN,10895.0
LCA,KGZ,12256.0
LCA,KHM,16784.0
LCA,KIR,13847.0
LCA,KNA,409.0
LCA,KOR,14235.0
LCA,KWT,11022.0
LCA,LAO,16042.0
LCA,LBN,9739.0
LCA,LBR,5556.0
LCA,LBY,7715.0
LCA,LIE,7408.0
LCA,LKA,15123.0
LCA,LSO,10620.0
LCA,LTU,8510.0
LCA,LUX,7189.0
LCA,LVA,8417.0
LCA,MAC,15955.0
LCA,MAR,5784.0
LCA,MCO,7215.0
LCA,MDA,8872.0
LCA,MDG,12431.0
LCA,MDV,14621.0
LCA,MEX,4104.0
LCA,MHL,13795.0
LCA,MKD,8361.0
LCA,MLI,5731.0
LCA,MLT,7816.0
LCA,MMR,15782.0
LCA,MNE,8178.0
LCA,MNG,13042.0
LCA,MNP,15647.0
LCA,MOZ,11024.0
LCA,MRT,4827.0
LCA,MSR,335.0
LCA,MTQ,67.0
LCA,MUS,13485.0
LCA,MWI,10889.0
LCA,MYS,17327.0
LCA,MYT,12077.0
LCA,NAM,9419.0
LCA,NCL,14949.0
LCA,NER,6802.0
LCA,NFK,14732.0
LCA,NGA,7085.0
LCA,NIC,2746.0
LCA,NIU,12475.0
LCA,NLD,7153.0
LCA,NOR,7652.0
LCA,NPL,14142.0
LCA,NRU,14553.0
LCA,NZL,13970.0
LCA,OMN,12247.0
LCA,PAK,12932.0
LCA,PAN,2095.0
LCA,PCN,8456.0
LCA,PER,3381.0
LCA,PHL,16832.0
LCA,PLW,17100.0
LCA,PNG,16925.0
LCA,POL,8246.0
LCA,PRI,736.0
LCA,PRK,14091.0
LCA,PRT,5758.0
LCA,PRY,4364.0
LCA,PSE,9715.0
LCA,PYF,10330.0
LCA,QAT,11509.0
LCA,REU,13279.0
LCA,ROU,8705.0
LCA,RUS,9262.0
LCA,RWA,10183.0
LCA,SAU,11091.0
LCA,SDN,9973.0
LCA,SEN,4691.0
LCA,SGP,17642.0
LCA,SHN,6924.0
LCA,SLB,15549.0
LCA,SLE,5243.0
LCA,SLV,3047.0
LCA,SMR,7620.0
LCA,SOM,11723.0
LCA,SPM,3661.0
LCA,SRB,8255.0
LCA,SSD,10165.0
LCA,STP,7605.0
LCA,SUR,1104.0
LCA,SVK,7981.0
LCA,SVN,7785.0
LCA,SWE,8057.0
LCA,SWZ,10902.0
LCA,SXM,496.0
LCA,SYC,12995.0
LCA,SYR,9824.0
LCA,TCA,1356.0
LCA,TCD,8212.0
LCA,TGO,6856.0
LCA,THA,16332.0
LCA,TJK,12198.0
LCA,TKL,12440.0
LCA,TKM,11479.0
LCA,TLS,19087.0
LCA,TON,13050.0
LCA,TTO,374.0
LCA,TUN,7422.0
LCA,TUR,8998.0
LCA,TUV,13451.0
LCA,TWN,15679.0
LCA,TZA,11303.0
LCA,UGA,10395.0
LCA,UKR,8927.0
LCA,URY,5429.0
LCA,USA,3219.0
LCA,UZB,12040.0
LCA,VAT,7618.0
LCA,VCT,97.0
LCA,VEN,749.0
LCA,VGB,623.0
LCA,VNM,16952.0
LCA,VUT,14751.0
LCA,WLF,13045.0
LCA,WSM,12584.0
LCA,YEM,11183.0
LCA,ZAF,10597.0
LCA,ZMB,10347.0
LCA,ZWE,10696.0
LIE,ABW,8210.0
LIE,AFG,5091.0
LIE,AGO,6211.0
LIE,AIA,7236.0
LIE,ALB,1045.0
LIE,AND,815.0
LIE,ARE,4688.0
LIE,ARG,11306.0
LIE,ARM,2900.0
LIE,ASM,16360.0
LIE,ATG,7229.0
LIE,AUS,16267.0
LIE,AUT,528.0
LIE,AZE,3298.0
LIE,BDI,5925.0
LIE,BEL,559.0
LIE,BEN,4562.0
LIE,BES,8107.0
LIE,BFA,3992.0
LIE,BGD,7444.0
LIE,BGR,1194.0
LIE,BHR,4272.0
LIE,BHS,7783.0
LIE,BIH,781.0
LIE,BLR,1478.0
LIE,BLZ,9230.0
LIE,BMU,6332.0
LIE,BOL,10436.0
LIE,BRA,9640.0
LIE,BRB,7376.0
LIE,BRN,10763.0
LIE,BTN,7107.0
LIE,BWA,8120.0
LIE,CAF,4820.0
LIE,CAN,6575.0
LIE,CCK,10790.0
LIE,CHE,81.0
LIE,CHL,11979.0
LIE,CHN,8986.0
LIE,CIV,4811.0
LIE,CMR,4799.0
LIE,COD,5730.0
LIE,COG,5723.0
LIE,COK,16973.0
LIE,COL,9152.0
LIE,COM,7329.0
LIE,CPV,4698.0
LIE,CRI,9478.0
LIE,CUB,8299.0
LIE,CUW,8160.0
LIE,CXR,11316.0
LIE,CYM,8528.0
LIE,CYP,2388.0
LIE,CZE,488.0
LIE,DEU,661.0
LIE,DJI,5043.0
LIE,DMA,7336.0
LIE,DNK,973.0
LIE,DOM,7733.0
LIE,DZA,1272.0
LIE,ECU,10141.0
LIE,EGY,2663.0
LIE,ERI,4451.0
LIE,ESH,2977.0
LIE,ESP,1298.0
LIE,EST,1696.0
LIE,ETH,5048.0
LIE,FIN,1763.0
LIE,FJI,16634.0
LIE,FLK,12694.0
LIE,FRA,568.0
LIE,FRO,1950.0
LIE,FSM,13270.0
LIE,GAB,5180.0
LIE,GBR,852.0
LIE,GEO,2851.0
LIE,GHA,4608.0
LIE,GIB,1734.0
LIE,GIN,4704.0
LIE,GLP,7307.0
LIE,GMB,4461.0
LIE,GNB,4564.0
LIE,GNQ,5017.0
LIE,GRC,1547.0
LIE,GRD,7620.0
LIE,GRL,4086.0
LIE,GTM,9573.0
LIE,GUF,7504.0
LIE,GUM,11956.0
LIE,GUY,7775.0
LIE,HKG,9267.0
LIE,HND,9374.0
LIE,HRV,517.0
LIE,HTI,7913.0
LIE,HUN,720.0
LIE,IDN,11067.0
LIE,IND,6091.0
LIE,IOT,8616.0
LIE,IRL,1315.0
LIE,IRN,3675.0
LIE,IRQ,3303.0
LIE,ISL,2686.0
LIE,ISR,2718.0
LIE,ITA,629.0
LIE,JAM,8290.0
LIE,JOR,2806.0
LIE,JPN,9576.0
LIE,KAZ,5146.0
LIE,KEN,5988.0
LIE,KGZ,5002.0
LIE,KHM,9480.0
LIE,KIR,14399.0
LIE,KNA,7282.0
LIE,KOR,8757.0
LIE,KWT,3846.0
LIE,LAO,8793.0
LIE,LBN,2626.0
LIE,LBR,4925.0
LIE,LBY,1614.0
LIE,LCA,7408.0
LIE,LKA,7962.0
LIE,LSO,8657.0
LIE,LTU,1385.0
LIE,LUX,372.0
LIE,LVA,1474.0
LIE,MAC,9229.0
LIE,MAR,2084.0
LIE,MCO,413.0
LIE,MDA,1465.0
LIE,MDG,8246.0
LIE,MDV,7722.0
LIE,MEX,9777.0
LIE,MHL,13738.0
LIE,MKD,1104.0
LIE,MLI,4160.0
LIE,MLT,1316.0
LIE,MMR,8407.0
LIE,MNE,930.0
LIE,MNG,6797.0
LIE,MNP,11843.0
LIE,MOZ,8418.0
LIE,MRT,3976.0
LIE,MSR,7282.0
LIE,MTQ,7367.0
LIE,MUS,8867.0
LIE,MWI,7188.0
LIE,MYS,9920.0
LIE,MYT,7527.0
LIE,NAM,7756.0
LIE,NCL,16565.0
LIE,NER,3792.0
LIE,NFK,17275.0
LIE,NGA,4547.0
LIE,NIC,9461.0
LIE,NIU,16889.0
LIE,NLD,671.0
LIE,NOR,1424.0
LIE,NPL,6769.0
LIE,NRU,14397.0
LIE,NZL,18346.0
LIE,OMN,5056.0
LIE,PAK,5594.0
LIE,PAN,9211.0
LIE,PCN,15525.0
LIE,PER,10723.0
LIE,PHL,10378.0
LIE,PLW,11913.0
LIE,PNG,14242.0
LIE,POL,1002.0
LIE,PRI,7448.0
LIE,PRK,8563.0
LIE,PRT,1781.0
LIE,PRY,10464.0
LIE,PSE,2742.0
LIE,PYF,16208.0
LIE,QAT,4404.0
LIE,REU,8827.0
LIE,ROU,1321.0
LIE,RUS,2156.0
LIE,RWA,5796.0
LIE,SAU,4118.0
LIE,SDN,4097.0
LIE,SEN,4379.0
LIE,SGP,10233.0
LIE,SHN,7150.0
LIE,SLB,14985.0
LIE,SLE,4797.0
LIE,SLV,9551.0
LIE,SMR,424.0
LIE,SOM,6076.0
LIE,SPM,4847.0
LIE,SRB,885.0
LIE,SSD,5142.0
LIE,STP,5193.0
LIE,SUR,7632.0
LIE,SVK,581.0
LIE,SVN,401.0
LIE,SWE,1469.0
LIE,SWZ,8420.0
LIE,SXM,7250.0
LIE,SYC,7286.0
LIE,SYR,2712.0
LIE,TCA,7598.0
LIE,TCD,3918.0
LIE,TGO,4613.0
LIE,THA,8979.0
LIE,TJK,4819.0
LIE,TKL,15818.0
LIE,TKM,4071.0
LIE,TLS,12663.0
LIE,TON,17089.0
LIE,TTO,7714.0
LIE,TUN,1148.0
LIE,TUR,1693.0
LIE,TUV,15613.0
LIE,TWN,9518.0
LIE,TZA,6658.0
LIE,UGA,5651.0
LIE,UKR,1580.0
LIE,URY,11195.0
LIE,USA,6418.0
LIE,UZB,4699.0
LIE,VAT,627.0
LIE,VCT,7493.0
LIE,VEN,8134.0
LIE,VGB,7339.0
LIE,VNM,9675.0
LIE,VUT,16215.0
LIE,WLF,16213.0
LIE,WSM,16309.0
LIE,YEM,4759.0
LIE,ZAF,8333.0
LIE,ZMB,7177.0
LIE,ZWE,7512.0
LKA,ABW,16060.0
LKA,AFG,3246.0
LKA,AGO,7593.0
LKA,AIA,15093.0
LKA,ALB,7019.0
LKA,AND,8536.0
LKA,ARE,3306.0
LKA,ARG,14764.0
LKA,ARM,5092.0
LKA,ASM,12298.0
LKA,ATG,15043.0
LKA,AUS,8353.0
LKA,AUT,7486.0
LKA,AZE,4755.0
LKA,BDI,5724.0
LKA,BEL,8396.0
LKA,BEN,8557.0
LKA,BES,15916.0
LKA,BFA,8923.0
LKA,BGD,2173.0
LKA,BGR,6786.0
LKA,BHR,3765.0
LKA,BHS,15698.0
LKA,BIH,7209.0
LKA,BLR,6991.0
LKA,BLZ,17056.0
LKA,BMU,14280.0
LKA,BOL,16394.0
LKA,BRA,14034.0
LKA,BRB,15031.0
LKA,BRN,3892.0
LKA,BTN,2497.0
LKA,BWA,6810.0
LKA,CAF,6792.0
LKA,CAN,14023.0
LKA,CCK,2828.0
LKA,CHE,8042.0
LKA,CHL,15792.0
LKA,CHN,5091.0
LKA,CIV,9273.0
LKA,CMR,7575.0
LKA,COD,7277.0
LKA,COG,7280.0
LKA,COK,13442.0
LKA,COL,16867.0
LKA,COM,4546.0
LKA,CPV,11242.0
LKA,CRI,17441.0
LKA,CUB,16166.0
LKA,CUW,15982.0
LKA,CXR,3446.0
LKA,CYM,16458.0
LKA,CYP,5678.0
LKA,CZE,7678.0
LKA,DEU,7815.0
LKA,DJI,4063.0
LKA,DMA,15096.0
LKA,DNK,7959.0
LKA,DOM,15671.0
LKA,DZA,8379.0
LKA,ECU,17728.0
LKA,EGY,5678.0
LKA,ERI,4557.0
LKA,ESH,9967.0
LKA,ESP,8970.0
LKA,EST,7431.0
LKA,ETH,4535.0
LKA,FIN,7460.0
LKA,FJI,11160.0
LKA,FLK,13720.0
LKA,FRA,8517.0
LKA,FRO,9153.0
LKA,FSM,8642.0
LKA,GAB,7847.0
LKA,GBR,8714.0
LKA,GEO,5173.0
LKA,GHA,8993.0
LKA,GIB,9132.0
LKA,GIN,10272.0
LKA,GLP,15092.0
LKA,GMB,10541.0
LKA,GNB,10449.0
LKA,GNQ,7793.0
LKA,GRC,6593.0
LKA,GRD,15289.0
LKA,GRL,11157.0
LKA,GTM,17401.0
LKA,GUF,14563.0
LKA,GUM,7130.0
LKA,GUY,15129.0
LKA,HKG,4056.0
LKA,HND,17284.0
LKA,HRV,7447.0
LKA,HTI,15866.0
LKA,HUN,7273.0
LKA,IDN,3332.0
LKA,IND,2422.0
LKA,IOT,1771.0
LKA,IRL,9135.0
LKA,IRN,4307.0
LKA,IRQ,4678.0
LKA,ISL,9881.0
LKA,ISR,5431.0
LKA,ITA,7630.0
LKA,JAM,16252.0
LKA,JOR,5323.0
LKA,JPN,6853.0
LKA,KAZ,4034.0
LKA,KEN,4866.0
LKA,KGZ,4015.0
LKA,KHM,2800.0
LKA,KIR,10347.0
LKA,KNA,15115.0
LKA,KOR,5835.0
LKA,KWT,4161.0
LKA,LAO,2754.0
LKA,LBN,5445.0
LKA,LBR,10005.0
LKA,LBY,7420.0
LKA,LCA,15123.0
LKA,LIE,7962.0
LKA,LSO,6889.0
LKA,LTU,7164.0
LKA,LUX,8253.0
LKA,LVA,7340.0
LKA,MAC,3990.0
LKA,MAR,9357.0
LKA,MCO,8070.0
LKA,MDA,6562.0
LKA,MDG,4554.0
LKA,MDV,766.0
LKA,MEX,17086.0
LKA,MHL,10092.0
LKA,MKD,6911.0
LKA,MLI,9619.0
LKA,MLT,7345.0
LKA,MMR,2083.0
LKA,MNE,7097.0
LKA,MNG,5213.0
LKA,MNP,7235.0
LKA,MOZ,6281.0
LKA,MRT,10392.0
LKA,MSR,15095.0
LKA,MTQ,15101.0
LKA,MUS,3869.0
LKA,MWI,5589.0
LKA,MYS,2457.0
LKA,MYT,4407.0
LKA,NAM,7571.0
LKA,NCL,9958.0
LKA,NER,8518.0
LKA,NFK,10203.0
LKA,NGA,8443.0
LKA,NIC,17405.0
LKA,NIU,12391.0
LKA,NLD,8380.0
LKA,NOR,8185.0
LKA,NPL,2370.0
LKA,NRU,9701.0
LKA,NZL,10908.0
LKA,OMN,2928.0
LKA,PAK,2409.0
LKA,PAN,17136.0
LKA,PCN,16455.0
LKA,PER,17435.0
LKA,PHL,4571.0
LKA,PLW,6031.0
LKA,PNG,7684.0
LKA,POL,7313.0
LKA,PRI,15349.0
LKA,PRK,5805.0
LKA,PRT,9447.0
LKA,PRY,15078.0
LKA,PSE,5437.0
LKA,PYF,14548.0
LKA,QAT,3641.0
LKA,REU,4072.0
LKA,ROU,6642.0
LKA,RUS,6565.0
LKA,RWA,5618.0
LKA,SAU,4039.0
LKA,SDN,5243.0
LKA,SEN,10602.0
LKA,SGP,2736.0
LKA,SHN,9755.0
LKA,SLB,9066.0
LKA,SLE,10242.0
LKA,SLV,17429.0
LKA,SMR,7673.0
LKA,SOM,3866.0
LKA,SPM,12651.0
LKA,SRB,7078.0
LKA,SSD,5348.0
LKA,STP,8149.0
LKA,SUR,14841.0
LKA,SVK,7432.0
LKA,SVN,7564.0
LKA,SWE,7772.0
LKA,SWZ,6416.0
LKA,SXM,15103.0
LKA,SYC,2997.0
LKA,SYR,5358.0
LKA,TCA,15559.0
LKA,TCD,7124.0
LKA,TGO,8687.0
LKA,THA,2384.0
LKA,TJK,3674.0
LKA,TKL,12209.0
LKA,TKM,4061.0
LKA,TLS,5355.0
LKA,TON,11840.0
LKA,TTO,15328.0
LKA,TUN,7746.0
LKA,TUR,6283.0
LKA,TUV,11155.0
LKA,TWN,4855.0
LKA,TZA,4756.0
LKA,UGA,5298.0
LKA,UKR,6630.0
LKA,URY,14569.0
LKA,USA,14094.0
LKA,UZB,3947.0
LKA,VAT,7632.0
LKA,VCT,15186.0
LKA,VEN,15869.0
LKA,VGB,15221.0
LKA,VNM,2979.0
LKA,VUT,10089.0
LKA,WLF,11701.0
LKA,WSM,12181.0
LKA,YEM,3997.0
LKA,ZAF,6686.0
LKA,ZMB,6200.0
LKA,ZWE,6021.0
LSO,ABW,11407.0
LSO,AFG,8315.0
LSO,AGO,2712.0
LSO,AIA,11036.0
LSO,ALB,7861.0
LSO,AND,8386.0
LSO,ARE,6733.0
LSO,ARG,7884.0
LSO,ARM,7893.0
LSO,ASM,14804.0
LSO,ATG,10865.0
LSO,AUS,10140.0
LSO,AUT,8657.0
LSO,AZE,8056.0
LSO,BDI,2877.0
LSO,BEL,9167.0
LSO,BEN,4785.0
LSO,BES,11218.0
LSO,BFA,5567.0
LSO,BGD,8930.0
LSO,BGR,7985.0
LSO,BHR,6621.0
LSO,BHS,12695.0
LSO,BIH,8155.0
LSO,BLR,9219.0
LSO,BLZ,13448.0
LSO,BMU,11879.0
LSO,BOL,9658.0
LSO,BRA,7298.0
LSO,BRB,10442.0
LSO,BRN,10036.0
LSO,BTN,9127.0
LSO,BWA,540.0
LSO,CAF,3847.0
LSO,CAN,13495.0
LSO,CCK,7366.0
LSO,CHE,8702.0
LSO,CHL,8956.0
LSO,CHN,11979.0
LSO,CIV,5105.0
LSO,CMR,4049.0
LSO,COD,3049.0
LSO,COG,3057.0
LSO,COK,14358.0
LSO,COL,11386.0
LSO,COM,2545.0
LSO,CPV,7345.0
LSO,CRI,12637.0
LSO,CUB,13088.0
LSO,CUW,11280.0
LSO,CXR,8314.0
LSO,CYM,12826.0
LSO,CYP,7163.0
LSO,CZE,8889.0
LSO,DEU,9169.0
LSO,DJI,4828.0
LSO,DMA,10727.0
LSO,DNK,9523.0
LSO,DOM,11694.0
LSO,DZA,7747.0
LSO,ECU,11574.0
LSO,EGY,6581.0
LSO,ERI,5091.0
LSO,ESH,7607.0
LSO,ESP,8365.0
LSO,EST,9839.0
LSO,ETH,4411.0
LSO,FIN,9920.0
LSO,FJI,13904.0
LSO,FLK,7203.0
LSO,FRA,9012.0
LSO,FRO,10578.0
LSO,FSM,14304.0
LSO,GAB,3806.0
LSO,GBR,9353.0
LSO,GEO,8062.0
LSO,GHA,5058.0
LSO,GIB,8020.0
LSO,GIN,6162.0
LSO,GLP,10795.0
LSO,GMB,6700.0
LSO,GNB,6493.0
LSO,GNQ,3933.0
LSO,GRC,7457.0
LSO,GRD,10588.0
LSO,GRL,12399.0
LSO,GTM,13497.0
LSO,GUF,9299.0
LSO,GUM,13369.0
LSO,GUY,9961.0
LSO,HKG,10893.0
LSO,HND,13148.0
LSO,HRV,8401.0
LSO,HTI,11927.0
LSO,HUN,8549.0
LSO,IDN,8648.0
LSO,IND,8315.0
LSO,IOT,5295.0
LSO,IRL,9720.0
LSO,IRN,7621.0
LSO,IRQ,7161.0
LSO,ISL,11218.0
LSO,ISR,6839.0
LSO,ITA,8034.0
LSO,JAM,12327.0
LSO,JOR,6840.0
LSO,JPN,13740.0
LSO,KAZ,9488.0
LSO,KEN,3257.0
LSO,KGZ,9332.0
LSO,KHM,9447.0
LSO,KIR,15230.0
LSO,KNA,10957.0
LSO,KOR,12709.0
LSO,KWT,6850.0
LSO,LAO,9607.0
LSO,LBN,7047.0
LSO,LBR,5684.0
LSO,LBY,7047.0
LSO,LCA,10620.0
LSO,LIE,8657.0
LSO,LKA,6889.0
LSO,LTU,9309.0
LSO,LUX,8995.0
LSO,LVA,9564.0
LSO,MAC,10831.0
LSO,MAR,7884.0
LSO,MCO,8344.0
LSO,MDA,8453.0
LSO,MDG,2336.0
LSO,MDV,6152.0
LSO,MEX,14551.0
LSO,MHL,15514.0
LSO,MKD,7920.0
LSO,MLI,6008.0
LSO,MLT,7346.0
LSO,MMR,8964.0
LSO,MNE,7990.0
LSO,MNG,11639.0
LSO,MNP,13550.0
LSO,MOZ,616.0
LSO,MRT,7021.0
LSO,MSR,10882.0
LSO,MTQ,10660.0
LSO,MUS,3190.0
LSO,MWI,1820.0
LSO,MYS,8661.0
LSO,MYT,2592.0
LSO,NAM,1282.0
LSO,NCL,12810.0
LSO,NER,5468.0
LSO,NFK,12307.0
LSO,NGA,4724.0
LSO,NIC,12959.0
LSO,NIU,14338.0
LSO,NLD,9313.0
LSO,NOR,10007.0
LSO,NPL,8817.0
LSO,NRU,14594.0
LSO,NZL,11925.0
LSO,OMN,6738.0
LSO,PAK,7343.0
LSO,PAN,12146.0
LSO,PCN,13528.0
LSO,PER,10734.0
LSO,PHL,11129.0
LSO,PLW,12059.0
LSO,PNG,12272.0
LSO,POL,9055.0
LSO,PRI,11334.0
LSO,PRK,12662.0
LSO,PRT,8438.0
LSO,PRY,8239.0
LSO,PSE,6772.0
LSO,PYF,14811.0
LSO,QAT,6562.0
LSO,REU,2963.0
LSO,ROU,8167.0
LSO,RUS,9475.0
LSO,RWA,3041.0
LSO,SAU,6320.0
LSO,SDN,4994.0
LSO,SEN,6856.0
LSO,SGP,8765.0
LSO,SHN,3703.0
LSO,SLB,13362.0
LSO,SLE,6044.0
LSO,SLV,13321.0
LSO,SMR,8254.0
LSO,SOM,3958.0
LSO,SPM,11873.0
LSO,SRB,8240.0
LSO,SSD,3806.0
LSO,STP,3954.0
LSO,SUR,9622.0
LSO,SVK,8642.0
LSO,SVN,8448.0
LSO,SWE,9863.0
LSO,SWZ,490.0
LSO,SXM,11025.0
LSO,SYC,4019.0
LSO,SYR,7015.0
LSO,TCA,11954.0
LSO,TCD,4774.0
LSO,TGO,4827.0
LSO,THA,9168.0
LSO,TJK,8651.0
LSO,TKL,15279.0
LSO,TKM,8112.0
LSO,TLS,10328.0
LSO,TON,13918.0
LSO,TTO,10492.0
LSO,TUN,7541.0
LSO,TUR,7788.0
LSO,TUV,14845.0
LSO,TWN,11692.0
LSO,TZA,2780.0
LSO,UGA,3324.0
LSO,UKR,8840.0
LSO,URY,7685.0
LSO,USA,12981.0
LSO,UZB,8917.0
LSO,VAT,8035.0
LSO,VCT,10597.0
LSO,VEN,10998.0
LSO,VGB,11192.0
LSO,VNM,9564.0
LSO,VUT,13323.0
LSO,WLF,14656.0
LSO,WSM,14805.0
LSO,YEM,5259.0
LSO,ZAF,350.0
LSO,ZMB,1542.0
LSO,ZWE,1323.0
LTU,ABW,9219.0
LTU,AFG,4046.0
LTU,AGO,7130.0
LTU,AIA,8269.0
LTU,ALB,1539.0
LTU,AND,2197.0
LTU,ARE,4090.0
LTU,ARG,12687.0
LTU,ARM,2155.0
LTU,ASM,15312.0
LTU,ATG,8289.0
LTU,AUS,15177.0
LTU,AUT,949.0
LTU,AZE,2420.0
LTU,BDI,6448.0
LTU,BEL,1470.0
LTU,BEN,5730.0
LTU,BES,9141.0
LTU,BFA,5248.0
LTU,BGD,6299.0
LTU,BGR,1341.0
LTU,BHR,3777.0
LTU,BHS,8537.0
LTU,BIH,1305.0
LTU,BLR,173.0
LTU,BLZ,9913.0
LTU,BMU,7153.0
LTU,BOL,11707.0
LTU,BRA,11023.0
LTU,BRB,8503.0
LTU,BRN,9541.0
LTU,BTN,5931.0
LTU,BWA,8791.0
LTU,CAF,5613.0
LTU,CAN,6999.0
LTU,CCK,9953.0
LTU,CHE,1426.0
LTU,CHL,13325.0
LTU,CHN,7611.0
LTU,CIV,6071.0
LTU,CMR,5771.0
LTU,COD,6606.0
LTU,COG,6600.0
LTU,COK,16266.0
LTU,COL,10191.0
LTU,COM,7549.0
LTU,CPV,6080.0
LTU,CRI,10323.0
LTU,CUB,9005.0
LTU,CUW,9187.0
LTU,CXR,10335.0
LTU,CYM,9299.0
LTU,CYP,2259.0
LTU,CZE,898.0
LTU,DEU,821.0
LTU,DJI,5032.0
LTU,DMA,8421.0
LTU,DNK,816.0
LTU,DOM,8676.0
LTU,DZA,2617.0
LTU,ECU,11176.0
LTU,EGY,2779.0
LTU,ERI,4524.0
LTU,ESH,4361.0
LTU,ESP,2666.0
LTU,EST,530.0
LTU,ETH,5204.0
LTU,FIN,611.0
LTU,FJI,15353.0
LTU,FLK,14064.0
LTU,FRA,1701.0
LTU,FRO,2020.0
LTU,FSM,11907.0
LTU,GAB,6191.0
LTU,GBR,1728.0
LTU,GEO,2036.0
LTU,GHA,5841.0
LTU,GIB,3118.0
LTU,GIN,6066.0
LTU,GLP,8380.0
LTU,GMB,5841.0
LTU,GNB,5939.0
LTU,GNQ,6024.0
LTU,GRC,1864.0
LTU,GRD,8733.0
LTU,GRL,4207.0
LTU,GTM,10260.0
LTU,GUF,8766.0
LTU,GUM,10571.0
LTU,GUY,8972.0
LTU,HKG,7947.0
LTU,HND,10121.0
LTU,HRV,1187.0
LTU,HTI,8822.0
LTU,HUN,911.0
LTU,IDN,10027.0
LTU,IND,5037.0
LTU,IOT,8135.0
LTU,IRL,2055.0
LTU,IRN,2912.0
LTU,IRQ,2804.0
LTU,ISL,2799.0
LTU,ISR,2622.0
LTU,ITA,1705.0
LTU,JAM,9143.0
LTU,JOR,2663.0
LTU,JPN,8206.0
LTU,KAZ,3888.0
LTU,KEN,6294.0
LTU,KGZ,3764.0
LTU,KHM,8301.0
LTU,KIR,13130.0
LTU,KNA,8329.0
LTU,KOR,7372.0
LTU,KWT,3350.0
LTU,LAO,7584.0
LTU,LBN,2443.0
LTU,LBR,6258.0
LTU,LBY,2603.0
LTU,LCA,8510.0
LTU,LIE,1385.0
LTU,LKA,7164.0
LTU,LSO,9309.0
LTU,LUX,1421.0
LTU,LVA,262.0
LTU,MAC,7914.0
LTU,MAR,3468.0
LTU,MCO,1773.0
LTU,MDA,891.0
LTU,MDG,8426.0
LTU,MDV,7073.0
LTU,MEX,10258.0
LTU,MHL,12470.0
LTU,MKD,1439.0
LTU,MLI,5492.0
LTU,MLT,2246.0
LTU,MMR,7271.0
LTU,MNE,1431.0
LTU,MNG,5414.0
LTU,MNP,10460.0
LTU,MOZ,8962.0
LTU,MRT,5360.0
LTU,MSR,8341.0
LTU,MTQ,8462.0
LTU,MUS,8842.0
LTU,MWI,7650.0
LTU,MYS,8851.0
LTU,MYT,7709.0
LTU,NAM,8594.0
LTU,NCL,15181.0
LTU,NER,4994.0
LTU,NFK,15891.0
LTU,NGA,5697.0
LTU,NIC,10247.0
LTU,NIU,15846.0
LTU,NLD,1371.0
LTU,NOR,1048.0
LTU,NPL,5633.0
LTU,NRU,13065.0
LTU,NZL,16964.0
LTU,OMN,4414.0
LTU,PAK,4755.0
LTU,PAN,10132.0
LTU,PCN,16001.0
LTU,PER,11883.0
LTU,PHL,9057.0
LTU,PLW,10553.0
LTU,PNG,12876.0
LTU,POL,394.0
LTU,PRI,8440.0
LTU,PRK,7179.0
LTU,PRT,3126.0
LTU,PRY,11828.0
LTU,PSE,2676.0
LTU,PYF,15857.0
LTU,QAT,3906.0
LTU,REU,8853.0
LTU,ROU,1142.0
LTU,RUS,793.0
LTU,RWA,6293.0
LTU,SAU,3770.0
LTU,SDN,4388.0
LTU,SEN,5763.0
LTU,SGP,9157.0
LTU,SHN,8358.0
LTU,SLB,13603.0
LTU,SLE,6154.0
LTU,SLV,10271.0
LTU,SMR,1512.0
LTU,SOM,6115.0
LTU,SPM,5488.0
LTU,SRB,1151.0
LTU,SSD,5555.0
LTU,STP,6259.0
LTU,SUR,8864.0
LTU,SVK,922.0
LTU,SVN,1226.0
LTU,SWE,677.0
LTU,SWZ,8992.0
LTU,SXM,8285.0
LTU,SYC,7141.0
LTU,SYR,2507.0
LTU,TCA,8487.0
LTU,TCD,4808.0
LTU,TGO,5800.0
LTU,THA,7825.0
LTU,TJK,3704.0
LTU,TKL,14771.0
LTU,TKM,3109.0
LTU,TLS,11441.0
LTU,TON,15904.0
LTU,TTO,8842.0
LTU,TUN,2297.0
LTU,TUR,1545.0
LTU,TUV,14388.0
LTU,TWN,8157.0
LTU,TZA,6941.0
LTU,UGA,6065.0
LTU,UKR,591.0
LTU,URY,12578.0
LTU,USA,6970.0
LTU,UZB,3530.0
LTU,VAT,1705.0
LTU,VCT,8601.0
LTU,VEN,9202.0
LTU,VGB,8350.0
LTU,VNM,8486.0
LTU,VUT,14844.0
LTU,WLF,15047.0
LTU,WSM,15237.0
LTU,YEM,4661.0
LTU,ZAF,8966.0
LTU,ZMB,7773.0
LTU,ZWE,8053.0
LUX,ABW,7961.0
LUX,AFG,5310.0
LUX,AGO,6512.0
LUX,AIA,6992.0
LUX,ALB,1408.0
LUX,AND,866.0
LUX,ARE,5000.0
LUX,ARG,11287.0
LUX,ARM,3168.0
LUX,ASM,16075.0
LUX,ATG,6994.0
LUX,AUS,16504.0
LUX,AUT,766.0
LUX,AZE,3544.0
LUX,BDI,6283.0
LUX,BEL,187.0
LUX,BEN,4798.0
LUX,BES,7865.0
LUX,BFA,4190.0
LUX,BGD,7637.0
LUX,BGR,1529.0
LUX,BHR,4596.0
LUX,BHS,7473.0
LUX,BIH,1131.0
LUX,BLR,1548.0
LUX,BLZ,8911.0
LUX,BMU,6031.0
LUX,BOL,10301.0
LUX,BRA,9634.0
LUX,BRB,7166.0
LUX,BRN,10927.0
LUX,BTN,7286.0
LUX,BWA,8456.0
LUX,CAF,5151.0
LUX,CAN,6218.0
LUX,CCK,11080.0
LUX,CHE,306.0
LUX,CHL,11904.0
LUX,CHN,9018.0
LUX,CIV,4999.0
LUX,CMR,5096.0
LUX,COD,6042.0
LUX,COG,6034.0
LUX,COK,16620.0
LUX,COL,8915.0
LUX,COM,7700.0
LUX,CPV,4692.0
LUX,CRI,9191.0
LUX,CUB,7982.0
LUX,CUW,7917.0
LUX,CXR,11572.0
LUX,CYM,8223.0
LUX,CYP,2733.0
LUX,CZE,598.0
LUX,DEU,604.0
LUX,DJI,5412.0
LUX,DMA,7110.0
LUX,DNK,802.0
LUX,DOM,7465.0
LUX,DZA,1450.0
LUX,ECU,9905.0
LUX,EGY,3029.0
LUX,ERI,4821.0
LUX,ESH,2992.0
LUX,ESP,1280.0
LUX,EST,1618.0
LUX,ETH,5420.0
LUX,FIN,1673.0
LUX,FJI,16446.0
LUX,FLK,12752.0
LUX,FRA,288.0
LUX,FRO,1593.0
LUX,FSM,13183.0
LUX,GAB,5463.0
LUX,GBR,491.0
LUX,GEO,3104.0
LUX,GHA,4813.0
LUX,GIB,1761.0
LUX,GIN,4803.0
LUX,GLP,7077.0
LUX,GMB,4518.0
LUX,GNB,4637.0
LUX,GNQ,5303.0
LUX,GRC,1912.0
LUX,GRD,7405.0
LUX,GRL,3714.0
LUX,GTM,9256.0
LUX,GUF,7360.0
LUX,GUM,11933.0
LUX,GUY,7596.0
LUX,HKG,9367.0
LUX,HND,9066.0
LUX,HRV,850.0
LUX,HTI,7636.0
LUX,HUN,980.0
LUX,IDN,11305.0
LUX,IND,6312.0
LUX,IOT,8957.0
LUX,IRL,953.0
LUX,IRN,3950.0
LUX,IRQ,3617.0
LUX,ISL,2317.0
LUX,ISR,3070.0
LUX,ITA,989.0
LUX,JAM,8001.0
LUX,JOR,3155.0
LUX,JPN,9510.0
LUX,KAZ,5282.0
LUX,KEN,6358.0
LUX,KGZ,5148.0
LUX,KHM,9662.0
LUX,KIR,14222.0
LUX,KNA,7043.0
LUX,KOR,8740.0
LUX,KWT,4166.0
LUX,LAO,8961.0
LUX,LBN,2970.0
LUX,LBR,5056.0
LUX,LBY,1948.0
LUX,LCA,7189.0
LUX,LIE,372.0
LUX,LKA,8253.0
LUX,LSO,8995.0
LUX,LTU,1421.0
LUX,LVA,1444.0
LUX,MAC,9333.0
LUX,MAR,2109.0
LUX,MCO,661.0
LUX,MDA,1704.0
LUX,MDG,8618.0
LUX,MDV,8038.0
LUX,MEX,9433.0
LUX,MHL,13562.0
LUX,MKD,1455.0
LUX,MLI,4299.0
LUX,MLT,1668.0
LUX,MMR,8606.0
LUX,MNE,1289.0
LUX,MNG,6808.0
LUX,MNP,11808.0
LUX,MOZ,8768.0
LUX,MRT,4018.0
LUX,MSR,7047.0
LUX,MTQ,7145.0
LUX,MUS,9238.0
LUX,MWI,7548.0
LUX,MYS,10145.0
LUX,MYT,7899.0
LUX,NAM,8067.0
LUX,NCL,16518.0
LUX,NER,4020.0
LUX,NFK,17259.0
LUX,NGA,4791.0
LUX,NIC,9162.0
LUX,NIU,16596.0
LUX,NLD,319.0
LUX,NOR,1184.0
LUX,NPL,6963.0
LUX,NRU,14267.0
LUX,NZL,18323.0
LUX,OMN,5363.0
LUX,PAK,5867.0
LUX,PAN,8940.0
LUX,PCN,15197.0
LUX,PER,10532.0
LUX,PHL,10477.0
LUX,PLW,11970.0
LUX,PNG,14288.0
LUX,POL,1084.0
LUX,PRI,7192.0
LUX,PRK,8546.0
LUX,PRT,1713.0
LUX,PRY,10412.0
LUX,PSE,3097.0
LUX,PYF,15837.0
LUX,QAT,4728.0
LUX,REU,9199.0
LUX,ROU,1618.0
LUX,RUS,2214.0
LUX,RWA,6157.0
LUX,SAU,4458.0
LUX,SDN,4469.0
LUX,SEN,4425.0
LUX,SGP,10457.0
LUX,SHN,7354.0
LUX,SLB,14937.0
LUX,SLE,4902.0
LUX,SLV,9239.0
LUX,SMR,794.0
LUX,SOM,6447.0
LUX,SPM,4509.0
LUX,SRB,1207.0
LUX,SSD,5509.0
LUX,STP,5461.0
LUX,SUR,7471.0
LUX,SVK,821.0
LUX,SVN,741.0
LUX,SWE,1326.0
LUX,SWZ,8767.0
LUX,SXM,7007.0
LUX,SYC,7651.0
LUX,SYR,3055.0
LUX,TCA,7316.0
LUX,TCD,4239.0
LUX,TGO,4841.0
LUX,THA,9171.0
LUX,TJK,5014.0
LUX,TKL,15537.0
LUX,TKM,4306.0
LUX,TLS,12829.0
LUX,TON,16843.0
LUX,TTO,7505.0
LUX,TUN,1458.0
LUX,TUR,2017.0
LUX,TUV,15403.0
LUX,TWN,9574.0
LUX,TZA,7028.0
LUX,UGA,6017.0
LUX,UKR,1742.0
LUX,URY,11186.0
LUX,USA,6074.0
LUX,UZB,4874.0
LUX,VAT,987.0
LUX,VCT,7276.0
LUX,VEN,7904.0
LUX,VGB,7089.0
LUX,VNM,9854.0
LUX,VUT,16127.0
LUX,WLF,15970.0
LUX,WSM,16032.0
LUX,YEM,5122.0
LUX,ZAF,8673.0
LUX,ZMB,7525.0
LUX,ZWE,7864.0
LVA,ABW,9099.0
LVA,AFG,4186.0
LVA,AGO,7359.0
LVA,AIA,8158.0
LVA,ALB,1764.0
LVA,AND,2267.0
LVA,ARE,4311.0
LVA,ARG,12731.0
LVA,ARM,2377.0
LVA,ASM,15107.0
LVA,ATG,8185.0
LVA,AUS,15255.0
LVA,AUT,1103.0
LVA,AZE,2616.0
LVA,BDI,6705.0
LVA,BEL,1458.0
LVA,BEN,5915.0
LVA,BES,9027.0
LVA,BFA,5409.0
LVA,BGD,6398.0
LVA,BGR,1586.0
LVA,BHR,4011.0
LVA,BHS,8367.0
LVA,BIH,1512.0
LVA,BLR,404.0
LVA,BLZ,9727.0
LVA,BMU,7001.0
LVA,BOL,11664.0
LVA,BRA,11077.0
LVA,BRB,8416.0
LVA,BRN,9601.0
LVA,BTN,6020.0
LVA,BWA,9043.0
LVA,CAF,5852.0
LVA,CAN,6788.0
LVA,CCK,10114.0
LVA,CHE,1503.0
LVA,CHL,13325.0
LVA,CHN,7576.0
LVA,CIV,6232.0
LVA,CMR,5991.0
LVA,COD,6839.0
LVA,COG,6833.0
LVA,COK,16026.0
LVA,COL,10076.0
LVA,COM,7810.0
LVA,CPV,6134.0
LVA,CRI,10164.0
LVA,CUB,8826.0
LVA,CUW,9071.0
LVA,CXR,10464.0
LVA,CYM,9129.0
LVA,CYP,2520.0
LVA,CZE,996.0
LVA,DEU,845.0
LVA,DJI,5291.0
LVA,DMA,8323.0
LVA,DNK,727.0
LVA,DOM,8542.0
LVA,DZA,2736.0
LVA,ECU,11055.0
LVA,EGY,3041.0
LVA,ERI,4785.0
LVA,ESH,4425.0
LVA,ESP,2717.0
LVA,EST,280.0
LVA,ETH,5465.0
LVA,FIN,362.0
LVA,FJI,15201.0
LVA,FLK,14167.0
LVA,FRA,1708.0
LVA,FRO,1818.0
LVA,FSM,11796.0
LVA,GAB,6406.0
LVA,GBR,1681.0
LVA,GEO,2251.0
LVA,GHA,6010.0
LVA,GIB,3185.0
LVA,GIN,6178.0
LVA,GLP,8279.0
LVA,GMB,5931.0
LVA,GNB,6037.0
LVA,GNQ,6240.0
LVA,GRC,2112.0
LVA,GRD,8642.0
LVA,GRL,3978.0
LVA,GTM,10074.0
LVA,GUF,8727.0
LVA,GUM,10498.0
LVA,GUY,8907.0
LVA,HKG,7964.0
LVA,HND,9945.0
LVA,HRV,1359.0
LVA,HTI,8681.0
LVA,HUN,1106.0
LVA,IDN,10143.0
LVA,IND,5169.0
LVA,IOT,8353.0
LVA,IRL,1960.0
LVA,IRN,3121.0
LVA,IRQ,3045.0
LVA,ISL,2583.0
LVA,ISR,2883.0
LVA,ITA,1868.0
LVA,JAM,8990.0
LVA,JOR,2923.0
LVA,JPN,8102.0
LVA,KAZ,3954.0
LVA,KEN,6556.0
LVA,KGZ,3841.0
LVA,KHM,8380.0
LVA,KIR,12970.0
LVA,KNA,8222.0
LVA,KOR,7302.0
LVA,KWT,3586.0
LVA,LAO,7655.0
LVA,LBN,2703.0
LVA,LBR,6389.0
LVA,LBY,2802.0
LVA,LCA,8417.0
LVA,LIE,1474.0
LVA,LKA,7340.0
LVA,LSO,9564.0
LVA,LTU,262.0
LVA,LUX,1444.0
LVA,MAC,7933.0
LVA,MAR,3536.0
LVA,MCO,1879.0
LVA,MDA,1153.0
LVA,MDG,8686.0
LVA,MDV,7273.0
LVA,MEX,10044.0
LVA,MHL,12309.0
LVA,MKD,1673.0
LVA,MLI,5623.0
LVA,MLT,2447.0
LVA,MMR,7369.0
LVA,MNE,1650.0
LVA,MNG,5364.0
LVA,MNP,10379.0
LVA,MOZ,9220.0
LVA,MRT,5440.0
LVA,MSR,8236.0
LVA,MTQ,8367.0
LVA,MUS,9096.0
LVA,MWI,7910.0
LVA,MYS,8963.0
LVA,MYT,7970.0
LVA,NAM,8834.0
LVA,NCL,15100.0
LVA,NER,5169.0
LVA,NFK,15826.0
LVA,NGA,5886.0
LVA,NIC,10077.0
LVA,NIU,15641.0
LVA,NLD,1335.0
LVA,NOR,846.0
LVA,NPL,5737.0
LVA,NRU,12932.0
LVA,NZL,16898.0
LVA,OMN,4627.0
LVA,PAK,4936.0
LVA,PAN,9988.0
LVA,PCN,15767.0
LVA,PER,11796.0
LVA,PHL,9070.0
LVA,PLW,10533.0
LVA,PNG,12847.0
LVA,POL,562.0
LVA,PRI,8318.0
LVA,PRK,7107.0
LVA,PRT,3156.0
LVA,PRY,11848.0
LVA,PSE,2937.0
LVA,PYF,15598.0
LVA,QAT,4139.0
LVA,REU,9108.0
LVA,ROU,1399.0
LVA,RUS,845.0
LVA,RWA,6551.0
LVA,SAU,4016.0
LVA,SDN,4649.0
LVA,SEN,5845.0
LVA,SGP,9265.0
LVA,SHN,8538.0
LVA,SLB,13518.0
LVA,SLE,6270.0
LVA,SLV,10090.0
LVA,SMR,1662.0
LVA,SOM,6374.0
LVA,SPM,5314.0
LVA,SRB,1373.0
LVA,SSD,5815.0
LVA,STP,6466.0
LVA,SUR,8812.0
LVA,SVK,1087.0
LVA,SVN,1380.0
LVA,SWE,444.0
LVA,SWZ,9250.0
LVA,SXM,8175.0
LVA,SYC,7390.0
LVA,SYR,2766.0
LVA,TCA,8343.0
LVA,TCD,5035.0
LVA,TGO,5981.0
LVA,THA,7915.0
LVA,TJK,3828.0
LVA,TKL,14564.0
LVA,TKM,3279.0
LVA,TLS,11495.0
LVA,TON,15727.0
LVA,TTO,8755.0
LVA,TUN,2466.0
LVA,TUR,1806.0
LVA,TUV,14217.0
LVA,TWN,8140.0
LVA,TZA,7203.0
LVA,UGA,6325.0
LVA,UKR,838.0
LVA,URY,12630.0
LVA,USA,6775.0
LVA,UZB,3637.0
LVA,VAT,1869.0
LVA,VCT,8509.0
LVA,VEN,9097.0
LVA,VGB,8234.0
LVA,VNM,8561.0
LVA,VUT,14740.0
LVA,WLF,14863.0
LVA,WSM,15035.0
LVA,YEM,4917.0
LVA,ZAF,9221.0
LVA,ZMB,8028.0
LVA,ZWE,8311.0
MAC,ABW,16143.0
MAC,AFG,4520.0
MAC,AGO,11440.0
MAC,AIA,15518.0
MAC,ALB,8712.0
MAC,AND,10029.0
MAC,ARE,5901.0
MAC,ARG,18426.0
MAC,ARM,6705.0
MAC,ASM,9192.0
MAC,ATG,15626.0
MAC,AUS,7412.0
MAC,AUT,8709.0
MAC,AZE,6247.0
MAC,BDI,9559.0
MAC,BEL,9380.0
MAC,BEN,11897.0
MAC,BES,16199.0
MAC,BFA,11981.0
MAC,BGD,2376.0
MAC,BGR,8388.0
MAC,BHR,6350.0
MAC,BHS,14646.0
MAC,BIH,8731.0
MAC,BLR,7785.0
MAC,BLZ,15016.0
MAC,BMU,13971.0
MAC,BOL,19350.0
MAC,BRA,17995.0
MAC,BRB,16030.0
MAC,BRN,1916.0
MAC,BTN,2481.0
MAC,BWA,10791.0
MAC,CAF,10347.0
MAC,CAN,12589.0
MAC,CCK,4219.0
MAC,CHE,9288.0
MAC,CHL,18693.0
MAC,CHN,1271.0
MAC,CIV,12584.0
MAC,CMR,11089.0
MAC,COD,11045.0
MAC,COG,11045.0
MAC,COK,10562.0
MAC,COL,16926.0
MAC,COM,8535.0
MAC,CPV,13793.0
MAC,CRI,15970.0
MAC,CUB,14705.0
MAC,CUW,16199.0
MAC,CXR,3709.0
MAC,CYM,15139.0
MAC,CYP,7765.0
MAC,CZE,8768.0
MAC,DEU,8734.0
MAC,DJI,7533.0
MAC,DMA,15819.0
MAC,DNK,8656.0
MAC,DOM,15487.0
MAC,DZA,10240.0
MAC,ECU,17362.0
MAC,EGY,8104.0
MAC,ERI,7830.0
MAC,ESH,12104.0
MAC,ESP,10522.0
MAC,EST,7840.0
MAC,ETH,8082.0
MAC,FIN,7815.0
MAC,FJI,8356.0
MAC,FLK,16648.0
MAC,FRA,9615.0
MAC,FRO,9293.0
MAC,FSM,5072.0
MAC,GAB,11450.0
MAC,GBR,9614.0
MAC,GEO,6665.0
MAC,GHA,12280.0
MAC,GIB,10911.0
MAC,GIN,13279.0
MAC,GLP,15748.0
MAC,GMB,13313.0
MAC,GNB,13318.0
MAC,GNQ,11355.0
MAC,GRC,8511.0
MAC,GRD,16181.0
MAC,GRL,10343.0
MAC,GTM,15167.0
MAC,GUF,16638.0
MAC,GUM,3438.0
MAC,GUY,16673.0
MAC,HKG,67.0
MAC,HND,15403.0
MAC,HRV,8831.0
MAC,HTI,15453.0
MAC,HUN,8547.0
MAC,IDN,3227.0
MAC,IND,3709.0
MAC,IOT,5543.0
MAC,IRL,9844.0
MAC,IRN,6138.0
MAC,IRQ,6807.0
MAC,ISL,9691.0
MAC,ISR,7719.0
MAC,ITA,9257.0
MAC,JAM,15419.0
MAC,JOR,7615.0
MAC,JPN,2941.0
MAC,KAZ,4101.0
MAC,KEN,8705.0
MAC,KGZ,4262.0
MAC,KHM,1493.0
MAC,KIR,6826.0
MAC,KNA,15616.0
MAC,KOR,2136.0
MAC,KWT,6542.0
MAC,LAO,1237.0
MAC,LBN,7608.0
MAC,LBR,13195.0
MAC,LBY,9608.0
MAC,LCA,15955.0
MAC,LIE,9229.0
MAC,LKA,3990.0
MAC,LSO,10831.0
MAC,LTU,7914.0
MAC,LUX,9333.0
MAC,LVA,7933.0
MAC,MAR,11245.0
MAC,MCO,9544.0
MAC,MDA,7845.0
MAC,MDG,8500.0
MAC,MDV,4753.0
MAC,MEX,14198.0
MAC,MHL,6411.0
MAC,MKD,8560.0
MAC,MLI,12575.0
MAC,MLT,9361.0
MAC,MMR,1919.0
MAC,MNE,8714.0
MAC,MNG,2914.0
MAC,MNP,3477.0
MAC,MOZ,10236.0
MAC,MRT,12948.0
MAC,MSR,15666.0
MAC,MTQ,15891.0
MAC,MUS,7685.0
MAC,MWI,9572.0
MAC,MYS,2467.0
MAC,MYT,8397.0
MAC,NAM,11561.0
MAC,NCL,7558.0
MAC,NER,11572.0
MAC,NFK,8137.0
MAC,NGA,11792.0
MAC,NIC,15642.0
MAC,NIU,9492.0
MAC,NLD,9267.0
MAC,NOR,8581.0
MAC,NPL,2908.0
MAC,NRU,6307.0
MAC,NZL,9162.0
MAC,OMN,5604.0
MAC,PAK,4731.0
MAC,PAN,16275.0
MAC,PCN,13750.0
MAC,PER,18430.0
MAC,PHL,1150.0
MAC,PLW,2783.0
MAC,PNG,5072.0
MAC,POL,8255.0
MAC,PRI,15505.0
MAC,PRK,2198.0
MAC,PRT,11010.0
MAC,PRY,19066.0
MAC,PSE,7764.0
MAC,PYF,11422.0
MAC,QAT,6286.0
MAC,REU,7907.0
MAC,ROU,8120.0
MAC,RUS,7121.0
MAC,RWA,9427.0
MAC,SAU,6765.0
MAC,SDN,8471.0
MAC,SEN,13299.0
MAC,SGP,2541.0
MAC,SHN,13642.0
MAC,SLB,6155.0
MAC,SLE,13304.0
MAC,SLV,15331.0
MAC,SMR,9168.0
MAC,SOM,7687.0
MAC,SPM,12297.0
MAC,SRB,8537.0
MAC,SSD,8987.0
MAC,STP,11732.0
MAC,SUR,16669.0
MAC,SVK,8660.0
MAC,SVN,8928.0
MAC,SWE,8212.0
MAC,SWZ,10373.0
MAC,SXM,15539.0
MAC,SYC,6982.0
MAC,SYR,7543.0
MAC,TCA,15147.0
MAC,TCD,10369.0
MAC,TGO,12026.0
MAC,THA,1667.0
MAC,TJK,4614.0
MAC,TKL,8910.0
MAC,TKM,5512.0
MAC,TLS,3647.0
MAC,TON,9100.0
MAC,TTO,16329.0
MAC,TUN,9674.0
MAC,TUR,7988.0
MAC,TUV,7922.0
MAC,TWN,866.0
MAC,TZA,8700.0
MAC,UGA,9072.0
MAC,UKR,7653.0
MAC,URY,18290.0
MAC,USA,12995.0
MAC,UZB,4638.0
MAC,VAT,9259.0
MAC,VCT,16052.0
MAC,VEN,16388.0
MAC,VGB,15506.0
MAC,VNM,1464.0
MAC,VUT,7423.0
MAC,WLF,8611.0
MAC,WSM,9067.0
MAC,YEM,7291.0
MAC,ZAF,10653.0
MAC,ZMB,10180.0
MAC,ZWE,10011.0
MAR,ABW,6703.0
MAR,AFG,6902.0
MAR,AGO,5188.0
MAR,AIA,5739.0
MAR,ALB,2562.0
MAR,AND,1272.0
MAR,ARE,6084.0
MAR,ARG,9222.0
MAR,ARM,4638.0
MAR,ASM,17277.0
MAR,ATG,5687.0
MAR,AUS,17509.0
MAR,AUT,2573.0
MAR,AZE,5085.0
MAR,BDI,5642.0
MAR,BEL,2150.0
MAR,BEN,3177.0
MAR,BES,6562.0
MAR,BFA,2431.0
MAR,BGD,9283.0
MAR,BGR,2875.0
MAR,BHR,5608.0
MAR,BHS,6714.0
MAR,BIH,2515.0
MAR,BLR,3561.0
MAR,BLZ,8168.0
MAR,BMU,5277.0
MAR,BOL,8480.0
MAR,BRA,7555.0
MAR,BRB,5711.0
MAR,BRN,12636.0
MAR,BTN,8989.0
MAR,BWA,7359.0
MAR,CAF,4223.0
MAR,CAN,6155.0
MAR,CCK,12085.0
MAR,CHE,2042.0
MAR,CHL,9924.0
MAR,CHN,11067.0
MAR,CIV,3149.0
MAR,CMR,3844.0
MAR,COD,4842.0
MAR,COG,4834.0
MAR,COK,16962.0
MAR,COL,7555.0
MAR,COM,7358.0
MAR,CPV,2616.0
MAR,CRI,8158.0
MAR,CUB,7268.0
MAR,CUW,6626.0
MAR,CXR,12803.0
MAR,CYM,7378.0
MAR,CYP,3747.0
MAR,CZE,2571.0
MAR,DEU,2692.0
MAR,DJI,5691.0
MAR,DMA,5746.0
MAR,DNK,2907.0
MAR,DOM,6360.0
MAR,DZA,1032.0
MAR,ECU,8514.0
MAR,EGY,3679.0
MAR,ERI,5083.0
MAR,ESH,893.0
MAR,ESP,833.0
MAR,EST,3725.0
MAR,ETH,5463.0
MAR,FIN,3782.0
MAR,FJI,18191.0
MAR,FLK,10643.0
MAR,FRA,1886.0
MAR,FRO,3160.0
MAR,FSM,15279.0
MAR,GAB,4085.0
MAR,GBR,2080.0
MAR,GEO,4643.0
MAR,GHA,3042.0
MAR,GIB,351.0
MAR,GIN,2731.0
MAR,GLP,5737.0
MAR,GMB,2412.0
MAR,GNB,2540.0
MAR,GNQ,3952.0
MAR,GRC,2863.0
MAR,GRD,5969.0
MAR,GRL,4527.0
MAR,GTM,8481.0
MAR,GUF,5603.0
MAR,GUM,14034.0
MAR,GUY,5978.0
MAR,HKG,11286.0
MAR,HND,8206.0
MAR,HRV,2422.0
MAR,HTI,6583.0
MAR,HUN,2714.0
MAR,IDN,12656.0
MAR,IND,7872.0
MAR,IOT,9539.0
MAR,IRL,2196.0
MAR,IRN,5334.0
MAR,IRQ,4782.0
MAR,ISL,3535.0
MAR,ISR,3945.0
MAR,ITA,1990.0
MAR,JAM,7025.0
MAR,JOR,4055.0
MAR,JPN,11618.0
MAR,KAZ,7143.0
MAR,KEN,6042.0
MAR,KGZ,6984.0
MAR,KHM,11317.0
MAR,KIR,16138.0
MAR,KNA,5758.0
MAR,KOR,10837.0
MAR,KWT,5241.0
MAR,LAO,10682.0
MAR,LBN,3964.0
MAR,LBR,3040.0
MAR,LBY,1938.0
MAR,LCA,5784.0
MAR,LIE,2084.0
MAR,LKA,9357.0
MAR,LSO,7884.0
MAR,LTU,3468.0
MAR,LUX,2109.0
MAR,LVA,3536.0
MAR,MAC,11245.0
MAR,MCO,1721.0
MAR,MDA,3400.0
MAR,MDG,8246.0
MAR,MDV,8936.0
MAR,MEX,8978.0
MAR,MHL,15500.0
MAR,MKD,2708.0
MAR,MLI,2320.0
MAR,MLT,2038.0
MAR,MMR,10213.0
MAR,MNE,2543.0
MAR,MNG,8882.0
MAR,MNP,13914.0
MAR,MOZ,7836.0
MAR,MRT,1910.0
MAR,MSR,5738.0
MAR,MTQ,5756.0
MAR,MUS,9112.0
MAR,MWI,6855.0
MAR,MYS,11593.0
MAR,MYT,7594.0
MAR,NAM,6744.0
MAR,NCL,18626.0
MAR,NER,2432.0
MAR,NFK,19359.0
MAR,NGA,3213.0
MAR,NIC,8230.0
MAR,NIU,17635.0
MAR,NLD,2315.0
MAR,NOR,3220.0
MAR,NPL,8615.0
MAR,NRU,16300.0
MAR,NZL,19586.0
MAR,OMN,6464.0
MAR,PAK,7172.0
MAR,PAN,7790.0
MAR,PCN,14236.0
MAR,PER,8907.0
MAR,PHL,12394.0
MAR,PLW,13973.0
MAR,PNG,16302.0
MAR,POL,3086.0
MAR,PRI,6009.0
MAR,PRK,10642.0
MAR,PRT,585.0
MAR,PRY,8395.0
MAR,PSE,3932.0
MAR,PYF,15840.0
MAR,QAT,5726.0
MAR,REU,9002.0
MAR,ROU,3131.0
MAR,RUS,4238.0
MAR,RWA,5573.0
MAR,SAU,5318.0
MAR,SDN,4493.0
MAR,SEN,2316.0
MAR,SGP,11908.0
MAR,SHN,5485.0
MAR,SLB,17046.0
MAR,SLE,2839.0
MAR,SLV,8411.0
MAR,SMR,2079.0
MAR,SOM,6514.0
MAR,SPM,4309.0
MAR,SRB,2708.0
MAR,SSD,5152.0
MAR,STP,3975.0
MAR,SUR,5780.0
MAR,SVK,2618.0
MAR,SVN,2332.0
MAR,SWE,3429.0
MAR,SWZ,7794.0
MAR,SXM,5749.0
MAR,SYC,7852.0
MAR,SYR,4048.0
MAR,TCA,6322.0
MAR,TCD,3311.0
MAR,TGO,3174.0
MAR,THA,10793.0
MAR,TJK,6702.0
MAR,TKL,16849.0
MAR,TKM,5862.0
MAR,TLS,14492.0
MAR,TON,18171.0
MAR,TTO,6032.0
MAR,TUN,1656.0
MAR,TUR,3319.0
MAR,TUV,17142.0
MAR,TWN,11584.0
MAR,TZA,6666.0
MAR,UGA,5583.0
MAR,UKR,3615.0
MAR,URY,9110.0
MAR,USA,5810.0
MAR,UZB,6631.0
MAR,VAT,1988.0
MAR,VCT,5855.0
MAR,VEN,6533.0
MAR,VGB,5873.0
MAR,VNM,11523.0
MAR,VUT,18202.0
MAR,WLF,17479.0
MAR,WSM,17301.0
MAR,YEM,5564.0
MAR,ZAF,7617.0
MAR,ZMB,6628.0
MAR,ZWE,7017.0
MCO,ABW,8052.0
MCO,AFG,5312.0
MCO,AGO,5851.0
MCO,AIA,7074.0
MCO,ALB,1052.0
MCO,AND,499.0
MCO,ARE,4770.0
MCO,ARG,10938.0
MCO,ARM,3075.0
MCO,ASM,16734.0
MCO,ATG,7056.0
MCO,AUS,16418.0
MCO,AUT,853.0
MCO,AZE,3497.0
MCO,BDI,5662.0
MCO,BEL,824.0
MCO,BEN,4161.0
MCO,BES,7938.0
MCO,BFA,3581.0
MCO,BGD,7683.0
MCO,BGR,1296.0
MCO,BHR,4332.0
MCO,BHS,7726.0
MCO,BIH,880.0
MCO,BLR,1851.0
MCO,BLZ,9186.0
MCO,BMU,6265.0
MCO,BOL,10148.0
MCO,BRA,9267.0
MCO,BRB,7172.0
MCO,BRN,11023.0
MCO,BTN,7361.0
MCO,BWA,7804.0
MCO,CAF,4497.0
MCO,CAN,6642.0
MCO,CCK,10890.0
MCO,CHE,412.0
MCO,CHL,11642.0
MCO,CHN,9347.0
MCO,CIV,4399.0
MCO,CMR,4435.0
MCO,COD,5381.0
MCO,COG,5374.0
MCO,COK,17245.0
MCO,COL,8975.0
MCO,COM,7132.0
MCO,CPV,4335.0
MCO,CRI,9374.0
MCO,CUB,8255.0
MCO,CUW,7995.0
MCO,CXR,11466.0
MCO,CYM,8458.0
MCO,CYP,2415.0
MCO,CZE,884.0
MCO,DEU,1074.0
MCO,DJI,4942.0
MCO,DMA,7151.0
MCO,DNK,1378.0
MCO,DOM,7605.0
MCO,DZA,860.0
MCO,ECU,9960.0
MCO,EGY,2596.0
MCO,ERI,4337.0
MCO,ESH,2610.0
MCO,ESP,990.0
MCO,EST,2106.0
MCO,ETH,4898.0
MCO,FIN,2175.0
MCO,FJI,17046.0
MCO,FLK,12294.0
MCO,FRA,690.0
MCO,FRO,2236.0
MCO,FSM,13674.0
MCO,GAB,4805.0
MCO,GBR,1033.0
MCO,GEO,3047.0
MCO,GHA,4199.0
MCO,GIB,1376.0
MCO,GIN,4300.0
MCO,GLP,7127.0
MCO,GMB,4069.0
MCO,GNB,4166.0
MCO,GNQ,4644.0
MCO,GRC,1516.0
MCO,GRD,7421.0
MCO,GRL,4281.0
MCO,GTM,9524.0
MCO,GUF,7230.0
MCO,GUM,12340.0
MCO,GUY,7535.0
MCO,HKG,9583.0
MCO,HND,9306.0
MCO,HRV,716.0
MCO,HTI,7797.0
MCO,HUN,997.0
MCO,IDN,11243.0
MCO,IND,6306.0
MCO,IOT,8613.0
MCO,IRL,1464.0
MCO,IRN,3830.0
MCO,IRQ,3392.0
MCO,ISL,2924.0
MCO,ISR,2714.0
MCO,ITA,462.0
MCO,JAM,8191.0
MCO,JOR,2811.0
MCO,JPN,9976.0
MCO,KAZ,5447.0
MCO,KEN,5782.0
MCO,KGZ,5294.0
MCO,KHM,9724.0
MCO,KIR,14812.0
MCO,KNA,7114.0
MCO,KOR,9142.0
MCO,KWT,3917.0
MCO,LAO,9054.0
MCO,LBN,2654.0
MCO,LBR,4514.0
MCO,LBY,1306.0
MCO,LCA,7215.0
MCO,LIE,413.0
MCO,LKA,8070.0
MCO,LSO,8344.0
MCO,LTU,1773.0
MCO,LUX,661.0
MCO,LVA,1879.0
MCO,MAC,9544.0
MCO,MAR,1721.0
MCO,MDA,1713.0
MCO,MDG,8053.0
MCO,MDV,7781.0
MCO,MEX,9795.0
MCO,MHL,14150.0
MCO,MKD,1160.0
MCO,MLI,3749.0
MCO,MLT,1060.0
MCO,MMR,8638.0
MCO,MNE,974.0
MCO,MNG,7172.0
MCO,MNP,12231.0
MCO,MOZ,8130.0
MCO,MRT,3591.0
MCO,MSR,7109.0
MCO,MTQ,7177.0
MCO,MUS,8724.0
MCO,MWI,6929.0
MCO,MYS,10114.0
MCO,MYT,7340.0
MCO,NAM,7406.0
MCO,NCL,16950.0
MCO,NER,3388.0
MCO,NFK,17640.0
MCO,NGA,4149.0
MCO,NIC,9379.0
MCO,NIU,17257.0
MCO,NLD,979.0
MCO,NOR,1814.0
MCO,NPL,7009.0
MCO,NRU,14808.0
MCO,NZL,18701.0
MCO,OMN,5145.0
MCO,PAK,5739.0
MCO,PAN,9080.0
MCO,PCN,15476.0
MCO,PER,10486.0
MCO,PHL,10694.0
MCO,PLW,12254.0
MCO,PNG,14585.0
MCO,POL,1382.0
MCO,PRI,7302.0
MCO,PRK,8948.0
MCO,PRT,1493.0
MCO,PRY,10116.0
MCO,PSE,2728.0
MCO,PYF,16391.0
MCO,QAT,4461.0
MCO,REU,8671.0
MCO,ROU,1496.0
MCO,RUS,2524.0
MCO,RWA,5541.0
MCO,SAU,4137.0
MCO,SDN,3926.0
MCO,SEN,3992.0
MCO,SGP,10430.0
MCO,SHN,6741.0
MCO,SLB,15375.0
MCO,SLE,4391.0
MCO,SLV,9491.0
MCO,SMR,405.0
MCO,SOM,5944.0
MCO,SPM,4865.0
MCO,SRB,1047.0
MCO,SSD,4917.0
MCO,STP,4807.0
MCO,SUR,7374.0
MCO,SVK,896.0
MCO,SVN,616.0
MCO,SWE,1881.0
MCO,SWZ,8126.0
MCO,SXM,7087.0
MCO,SYC,7193.0
MCO,SYR,2742.0
MCO,TCA,7492.0
MCO,TCD,3581.0
MCO,TGO,4210.0
MCO,THA,9214.0
MCO,TJK,5066.0
MCO,TKL,16195.0
MCO,TKM,4278.0
MCO,TLS,12914.0
MCO,TON,17487.0
MCO,TTO,7507.0
MCO,TUN,802.0
MCO,TUR,1794.0
MCO,TUV,16022.0
MCO,TWN,9864.0
MCO,TZA,6452.0
MCO,UGA,5419.0
MCO,UKR,1896.0
MCO,URY,10822.0
MCO,USA,6446.0
MCO,UZB,4967.0
MCO,VAT,459.0
MCO,VCT,7296.0
MCO,VEN,7950.0
MCO,VGB,7186.0
MCO,VNM,9924.0
MCO,VUT,16615.0
MCO,WLF,16611.0
MCO,WSM,16689.0
MCO,YEM,4689.0
MCO,ZAF,8025.0
MCO,ZMB,6885.0
MCO,ZWE,7230.0
MDA,ABW,9663.0
MDA,AFG,3626.0
MDA,AGO,6376.0
MDA,AIA,8691.0
MDA,ALB,958.0
MDA,AND,2209.0
MDA,ARE,3357.0
MDA,ARG,12533.0
MDA,ARM,1470.0
MDA,ASM,15950.0
MDA,ATG,8689.0
MDA,AUS,14810.0
MDA,AUT,947.0
MDA,AZE,1841.0
MDA,BDI,5582.0
MDA,BEL,1837.0
MDA,BEN,5158.0
MDA,BES,9563.0
MDA,BFA,4777.0
MDA,BGD,5983.0
MDA,BGR,648.0
MDA,BHR,2996.0
MDA,BHS,9146.0
MDA,BIH,893.0
MDA,BLR,772.0
MDA,BLZ,10566.0
MDA,BMU,7718.0
MDA,BOL,11860.0
MDA,BRA,10859.0
MDA,BRB,8841.0
MDA,BRN,9314.0
MDA,BTN,5653.0
MDA,BWA,7941.0
MDA,CAF,4829.0
MDA,CAN,7746.0
MDA,CCK,9386.0
MDA,CHE,1539.0
MDA,CHL,13310.0
MDA,CHN,7728.0
MDA,CIV,5587.0
MDA,CMR,5064.0
MDA,COD,5840.0
MDA,COG,5834.0
MDA,COK,17042.0
MDA,COL,10611.0
MDA,COM,6658.0
MDA,CPV,5983.0
MDA,CRI,10886.0
MDA,CUB,9642.0
MDA,CUW,9616.0
MDA,CXR,9868.0
MDA,CYM,9902.0
MDA,CYP,1368.0
MDA,CZE,1118.0
MDA,DEU,1267.0
MDA,DJI,4150.0
MDA,DMA,8799.0
MDA,DNK,1483.0
MDA,DOM,9168.0
MDA,DZA,2411.0
MDA,ECU,11601.0
MDA,EGY,1895.0
MDA,ERI,3634.0
MDA,ESH,4269.0
MDA,ESP,2703.0
MDA,EST,1410.0
MDA,ETH,4313.0
MDA,FIN,1487.0
MDA,FJI,15776.0
MDA,FLK,13694.0
MDA,FRA,1981.0
MDA,FRO,2792.0
MDA,FSM,12234.0
MDA,GAB,5498.0
MDA,GBR,2153.0
MDA,GEO,1400.0
MDA,GHA,5330.0
MDA,GIB,3067.0
MDA,GIN,5764.0
MDA,GLP,8769.0
MDA,GMB,5626.0
MDA,GNB,5690.0
MDA,GNQ,5333.0
MDA,GRC,1089.0
MDA,GRD,9085.0
MDA,GRL,5020.0
MDA,GTM,10913.0
MDA,GUF,8942.0
MDA,GUM,10782.0
MDA,GUY,9234.0
MDA,HKG,7887.0
MDA,HND,10741.0
MDA,HRV,998.0
MDA,HTI,9338.0
MDA,HUN,745.0
MDA,IDN,9608.0
MDA,IND,4627.0
MDA,IOT,7383.0
MDA,IRL,2576.0
MDA,IRN,2255.0
MDA,IRQ,2006.0
MDA,ISL,3588.0
MDA,ISR,1732.0
MDA,ITA,1418.0
MDA,JAM,9697.0
MDA,JOR,1777.0
MDA,JPN,8552.0
MDA,KAZ,3744.0
MDA,KEN,5406.0
MDA,KGZ,3587.0
MDA,KHM,8021.0
MDA,KIR,13617.0
MDA,KNA,8740.0
MDA,KOR,7615.0
MDA,KWT,2562.0
MDA,LAO,7344.0
MDA,LBN,1559.0
MDA,LBR,5884.0
MDA,LBY,2055.0
MDA,LCA,8872.0
MDA,LIE,1465.0
MDA,LKA,6562.0
MDA,LSO,8453.0
MDA,LTU,891.0
MDA,LUX,1704.0
MDA,LVA,1153.0
MDA,MAC,7845.0
MDA,MAR,3400.0
MDA,MCO,1713.0
MDA,MDG,7537.0
MDA,MDV,6388.0
MDA,MEX,11002.0
MDA,MHL,12971.0
MDA,MKD,810.0
MDA,MLI,5130.0
MDA,MLT,1714.0
MDA,MMR,6944.0
MDA,MNE,913.0
MDA,MNG,5619.0
MDA,MNP,10697.0
MDA,MOZ,8089.0
MDA,MRT,5186.0
MDA,MSR,8742.0
MDA,MTQ,8830.0
MDA,MUS,7975.0
MDA,MWI,6771.0
MDA,MYS,8456.0
MDA,MYT,6820.0
MDA,NAM,7794.0
MDA,NCL,15345.0
MDA,NER,4471.0
MDA,NFK,15977.0
MDA,NGA,5110.0
MDA,NIC,10846.0
MDA,NIU,16468.0
MDA,NLD,1820.0
MDA,NOR,1861.0
MDA,NPL,5308.0
MDA,NRU,13455.0
MDA,NZL,17005.0
MDA,OMN,3706.0
MDA,PAK,4167.0
MDA,PAN,10643.0
MDA,PCN,16786.0
MDA,PER,12184.0
MDA,PHL,8995.0
MDA,PLW,10582.0
MDA,PNG,12907.0
MDA,POL,811.0
MDA,PRI,8895.0
MDA,PRK,7426.0
MDA,PRT,3204.0
MDA,PRY,11769.0
MDA,PSE,1786.0
MDA,PYF,16732.0
MDA,QAT,3128.0
MDA,REU,7978.0
MDA,ROU,357.0
MDA,RUS,1147.0
MDA,RWA,5424.0
MDA,SAU,2939.0
MDA,SDN,3504.0
MDA,SEN,5573.0
MDA,SGP,8770.0
MDA,SHN,7781.0
MDA,SLB,13814.0
MDA,SLE,5835.0
MDA,SLV,10906.0
MDA,SMR,1325.0
MDA,SOM,5232.0
MDA,SPM,6135.0
MDA,SRB,695.0
MDA,SSD,4679.0
MDA,STP,5600.0
MDA,SUR,9082.0
MDA,SVK,892.0
MDA,SVN,1105.0
MDA,SWE,1546.0
MDA,SWZ,8123.0
MDA,SXM,8706.0
MDA,SYC,6287.0
MDA,SYR,1625.0
MDA,TCA,9016.0
MDA,TCD,4080.0
MDA,TGO,5243.0
MDA,THA,7517.0
MDA,TJK,3360.0
MDA,TKL,15424.0
MDA,TKM,2608.0
MDA,TLS,11209.0
MDA,TON,16414.0
MDA,TTO,9179.0
MDA,TUN,1911.0
MDA,TUR,666.0
MDA,TUV,14902.0
MDA,TWN,8207.0
MDA,TZA,6051.0
MDA,UGA,5186.0
MDA,UKR,402.0
MDA,URY,12400.0
MDA,USA,7667.0
MDA,UZB,3254.0
MDA,VAT,1420.0
MDA,VCT,8957.0
MDA,VEN,9595.0
MDA,VGB,8790.0
MDA,VNM,8219.0
MDA,VUT,15097.0
MDA,WLF,15603.0
MDA,WSM,15860.0
MDA,YEM,3787.0
MDA,ZAF,8108.0
MDA,ZMB,6913.0
MDA,ZWE,7183.0
MDG,ABW,13336.0
MDG,AFG,6343.0
MDG,AGO,3863.0
MDG,AIA,12758.0
MDG,ALB,7257.0
MDG,AND,8277.0
MDG,ARE,4960.0
MDG,ARG,10213.0
MDG,ARM,6549.0
MDG,ASM,14450.0
MDG,ATG,12605.0
MDG,AUS,9370.0
MDG,AUT,8055.0
MDG,AZE,6568.0
MDG,BDI,2620.0
MDG,BEL,8805.0
MDG,BEN,5694.0
MDG,BES,13140.0
MDG,BFA,6400.0
MDG,BGD,6626.0
MDG,BGR,7259.0
MDG,BHR,5004.0
MDG,BHS,14336.0
MDG,BIH,7560.0
MDG,BLR,8291.0
MDG,BLZ,15416.0
MDG,BMU,13177.0
MDG,BOL,11972.0
MDG,BRA,9599.0
MDG,BRB,12261.0
MDG,BRN,7841.0
MDG,BTN,6851.0
MDG,BWA,2322.0
MDG,CAF,4089.0
MDG,CAN,14392.0
MDG,CCK,5323.0
MDG,CHE,8313.0
MDG,CHL,11269.0
MDG,CHN,9643.0
MDG,CIV,6257.0
MDG,CMR,4682.0
MDG,COD,3855.0
MDG,COG,3861.0
MDG,COK,14669.0
MDG,COL,13507.0
MDG,COM,921.0
MDG,CPV,8637.0
MDG,CRI,14739.0
MDG,CUB,14829.0
MDG,CUW,13209.0
MDG,CXR,6307.0
MDG,CYM,14677.0
MDG,CYP,6169.0
MDG,CZE,8308.0
MDG,DEU,8574.0
MDG,DJI,3408.0
MDG,DMA,12509.0
MDG,DNK,8898.0
MDG,DOM,13472.0
MDG,DZA,7733.0
MDG,ECU,13827.0
MDG,EGY,5692.0
MDG,ERI,3904.0
MDG,ESH,8299.0
MDG,ESP,8440.0
MDG,EST,8928.0
MDG,ETH,3237.0
MDG,FIN,9000.0
MDG,FJI,13271.0
MDG,FLK,9391.0
MDG,FRA,8738.0
MDG,FRO,10160.0
MDG,FSM,12431.0
MDG,GAB,4677.0
MDG,GBR,9072.0
MDG,GEO,6716.0
MDG,GHA,6090.0
MDG,GIB,8252.0
MDG,GIN,7416.0
MDG,GLP,12563.0
MDG,GMB,7899.0
MDG,GNB,7717.0
MDG,GNQ,4728.0
MDG,GRC,6769.0
MDG,GRD,12453.0
MDG,GRL,12329.0
MDG,GTM,15548.0
MDG,GUF,11231.0
MDG,GUM,11238.0
MDG,GUY,11908.0
MDG,HKG,8563.0
MDG,HND,15185.0
MDG,HRV,7844.0
MDG,HTI,13725.0
MDG,HUN,7888.0
MDG,IDN,6566.0
MDG,IND,6157.0
MDG,IOT,2984.0
MDG,IRL,9517.0
MDG,IRN,6058.0
MDG,IRQ,5792.0
MDG,ISL,10928.0
MDG,ISR,5805.0
MDG,ITA,7638.0
MDG,JAM,14177.0
MDG,JOR,5763.0
MDG,JPN,11404.0
MDG,KAZ,7510.0
MDG,KEN,2274.0
MDG,KGZ,7381.0
MDG,KHM,7141.0
MDG,KIR,13777.0
MDG,KNA,12701.0
MDG,KOR,10384.0
MDG,KWT,5343.0
MDG,LAO,7273.0
MDG,LBN,5983.0
MDG,LBR,6977.0
MDG,LBY,6797.0
MDG,LCA,12431.0
MDG,LIE,8246.0
MDG,LKA,4554.0
MDG,LSO,2336.0
MDG,LTU,8426.0
MDG,LUX,8618.0
MDG,LVA,8686.0
MDG,MAC,8500.0
MDG,MAR,8246.0
MDG,MCO,8053.0
MDG,MDA,7537.0
MDG,MDV,3824.0
MDG,MEX,16534.0
MDG,MHL,13829.0
MDG,MKD,7259.0
MDG,MLI,7021.0
MDG,MLT,6994.0
MDG,MMR,6628.0
MDG,MNE,7387.0
MDG,MNG,9462.0
MDG,MNP,11397.0
MDG,MOZ,1735.0
MDG,MRT,8060.0
MDG,MSR,12634.0
MDG,MTQ,12457.0
MDG,MUS,1054.0
MDG,MWI,1566.0
MDG,MYS,6409.0
MDG,MYT,722.0
MDG,NAM,3192.0
MDG,NCL,11969.0
MDG,NER,6139.0
MDG,NFK,11710.0
MDG,NGA,5596.0
MDG,NIC,15033.0
MDG,NIU,14156.0
MDG,NLD,8908.0
MDG,NOR,9349.0
MDG,NPL,6571.0
MDG,NRU,13074.0
MDG,NZL,11724.0
MDG,OMN,4855.0
MDG,PAK,5290.0
MDG,PAN,14230.0
MDG,PCN,15194.0
MDG,PER,13049.0
MDG,PHL,8861.0
MDG,PLW,9959.0
MDG,PNG,10679.0
MDG,POL,8290.0
MDG,PRI,13078.0
MDG,PRK,10343.0
MDG,PRT,8691.0
MDG,PRY,10568.0
MDG,PSE,5752.0
MDG,PYF,15565.0
MDG,QAT,4909.0
MDG,REU,857.0
MDG,ROU,7345.0
MDG,RUS,8326.0
MDG,RWA,2675.0
MDG,SAU,4825.0
MDG,SDN,4152.0
MDG,SEN,8033.0
MDG,SGP,6547.0
MDG,SHN,5647.0
MDG,SLB,11981.0
MDG,SLE,7323.0
MDG,SLV,15384.0
MDG,SMR,7824.0
MDG,SOM,2330.0
MDG,SPM,12554.0
MDG,SRB,7573.0
MDG,SSD,3157.0
MDG,STP,4940.0
MDG,SUR,11562.0
MDG,SVK,8022.0
MDG,SVN,7927.0
MDG,SWE,9078.0
MDG,SWZ,1873.0
MDG,SXM,12752.0
MDG,SYC,1800.0
MDG,SYR,5923.0
MDG,TCA,13658.0
MDG,TCD,4948.0
MDG,TGO,5787.0
MDG,THA,6840.0
MDG,TJK,6735.0
MDG,TKL,14741.0
MDG,TKM,6396.0
MDG,TLS,8459.0
MDG,TON,13592.0
MDG,TTO,12387.0
MDG,TUN,7312.0
MDG,TUR,6907.0
MDG,TUV,13918.0
MDG,TWN,9363.0
MDG,TZA,1610.0
MDG,UGA,2683.0
MDG,UKR,7862.0
MDG,URY,10016.0
MDG,USA,14002.0
MDG,UZB,7028.0
MDG,VAT,7640.0
MDG,VCT,12431.0
MDG,VEN,12945.0
MDG,VGB,12924.0
MDG,VNM,7270.0
MDG,VUT,12387.0
MDG,WLF,14053.0
MDG,WSM,14393.0
MDG,YEM,3808.0
MDG,ZAF,2158.0
MDG,ZMB,2084.0
MDG,ZWE,1745.0
MDV,ABW,15595.0
MDV,AFG,3390.0
MDV,AGO,6842.0
MDV,AIA,14659.0
MDV,ALB,6731.0
MDV,AND,8224.0
MDV,ARE,3039.0
MDV,ARG,14035.0
MDV,ARM,4937.0
MDV,ASM,12912.0
MDV,ATG,14588.0
MDV,AUS,8684.0
MDV,AUT,7278.0
MDV,AZE,4657.0
MDV,BDI,4981.0
MDV,BEL,8195.0
MDV,BEN,7885.0
MDV,BES,15433.0
MDV,BFA,8295.0
MDV,BGD,2823.0
MDV,BGR,6529.0
MDV,BHR,3453.0
MDV,BHS,15503.0
MDV,BIH,6949.0
MDV,BLR,6901.0
MDV,BLZ,16949.0
MDV,BMU,14045.0
MDV,BOL,15629.0
MDV,BRA,13269.0
MDV,BRB,14511.0
MDV,BRN,4599.0
MDV,BTN,3095.0
MDV,BWA,6056.0
MDV,CAF,6099.0
MDV,CAN,14053.0
MDV,CCK,3151.0
MDV,CHE,7803.0
MDV,CHL,15090.0
MDV,CHN,5835.0
MDV,CIV,8597.0
MDV,CMR,6882.0
MDV,COD,6540.0
MDV,COG,6543.0
MDV,COK,13981.0
MDV,COL,16302.0
MDV,COM,3782.0
MDV,CPV,10651.0
MDV,CRI,17094.0
MDV,CUB,16020.0
MDV,CUW,15502.0
MDV,CXR,3914.0
MDV,CYM,16239.0
MDV,CYP,5366.0
MDV,CZE,7489.0
MDV,DEU,7655.0
MDV,DJI,3444.0
MDV,DMA,14614.0
MDV,DNK,7838.0
MDV,DOM,15296.0
MDV,DZA,7998.0
MDV,ECU,17074.0
MDV,EGY,5282.0
MDV,ERI,3982.0
MDV,ESH,9480.0
MDV,ESP,8629.0
MDV,EST,7398.0
MDV,ETH,3879.0
MDV,FIN,7437.0
MDV,FJI,11739.0
MDV,FLK,13098.0
MDV,FRA,8287.0
MDV,FRO,9090.0
MDV,FSM,9373.0
MDV,GAB,7135.0
MDV,GBR,8516.0
MDV,GEO,5041.0
MDV,GHA,8324.0
MDV,GIB,8739.0
MDV,GIN,9630.0
MDV,GLP,14621.0
MDV,GMB,9931.0
MDV,GNB,9826.0
MDV,GNQ,7089.0
MDV,GRC,6273.0
MDV,GRD,14766.0
MDV,GRL,11199.0
MDV,GTM,17294.0
MDV,GUF,13931.0
MDV,GUM,7881.0
MDV,GUY,14529.0
MDV,HKG,4818.0
MDV,HND,17087.0
MDV,HRV,7205.0
MDV,HTI,15516.0
MDV,HUN,7063.0
MDV,IDN,3879.0
MDV,IND,2739.0
MDV,IOT,1268.0
MDV,IRL,8957.0
MDV,IRN,4163.0
MDV,IRQ,4421.0
MDV,ISL,9852.0
MDV,ISR,5082.0
MDV,ITA,7328.0
MDV,JAM,15945.0
MDV,JOR,4980.0
MDV,JPN,7598.0
MDV,KAZ,4342.0
MDV,KEN,4126.0
MDV,KGZ,4288.0
MDV,KHM,3555.0
MDV,KIR,11059.0
MDV,KNA,14667.0
MDV,KOR,6560.0
MDV,KWT,3876.0
MDV,LAO,3517.0
MDV,LBN,5128.0
MDV,LBR,9339.0
MDV,LBY,7005.0
MDV,LCA,14621.0
MDV,LIE,7722.0
MDV,LKA,766.0
MDV,LSO,6152.0
MDV,LTU,7073.0
MDV,LUX,8038.0
MDV,LVA,7273.0
MDV,MAC,4753.0
MDV,MAR,8936.0
MDV,MCO,7781.0
MDV,MDA,6388.0
MDV,MDG,3824.0
MDV,MEX,17275.0
MDV,MHL,10828.0
MDV,MKD,6637.0
MDV,MLI,8996.0
MDV,MLT,6971.0
MDV,MMR,2840.0
MDV,MNE,6821.0
MDV,MNG,5799.0
MDV,MNP,7991.0
MDV,MOZ,5541.0
MDV,MRT,9820.0
MDV,MSR,14637.0
MDV,MTQ,14608.0
MDV,MUS,3211.0
MDV,MWI,4823.0
MDV,MYS,3132.0
MDV,MYT,3647.0
MDV,NAM,6808.0
MDV,NCL,10494.0
MDV,NER,7898.0
MDV,NFK,10672.0
MDV,NGA,7770.0
MDV,NIC,17148.0
MDV,NIU,12961.0
MDV,NLD,8200.0
MDV,NOR,8116.0
MDV,NPL,2890.0
MDV,NRU,10401.0
MDV,NZL,11292.0
MDV,OMN,2682.0
MDV,PAK,2395.0
MDV,PAN,16702.0
MDV,PCN,16784.0
MDV,PER,16676.0
MDV,PHL,5329.0
MDV,PLW,6758.0
MDV,PNG,8309.0
MDV,POL,7174.0
MDV,PRI,14941.0
MDV,PRK,6520.0
MDV,PRT,9085.0
MDV,PRY,14316.0
MDV,PSE,5079.0
MDV,PYF,15112.0
MDV,QAT,3322.0
MDV,REU,3402.0
MDV,ROU,6421.0
MDV,RUS,6551.0
MDV,RWA,4881.0
MDV,SAU,3659.0
MDV,SDN,4657.0
MDV,SEN,10003.0
MDV,SGP,3388.0
MDV,SHN,8995.0
MDV,SLB,9704.0
MDV,SLE,9592.0
MDV,SLV,17271.0
MDV,SMR,7398.0
MDV,SOM,3139.0
MDV,SPM,12524.0
MDV,SRB,6838.0
MDV,SSD,4653.0
MDV,STP,7438.0
MDV,SUR,14224.0
MDV,SVK,7225.0
MDV,SVN,7321.0
MDV,SWE,7715.0
MDV,SWZ,5675.0
MDV,SXM,14667.0
MDV,SYC,2231.0
MDV,SYR,5040.0
MDV,TCA,15240.0
MDV,TCD,6491.0
MDV,TGO,8013.0
MDV,THA,3149.0
MDV,TJK,3835.0
MDV,TKL,12863.0
MDV,TKM,4044.0
MDV,TLS,5948.0
MDV,TON,12392.0
MDV,TTO,14787.0
MDV,TUN,7374.0
MDV,TUR,6029.0
MDV,TUV,11811.0
MDV,TWN,5617.0
MDV,TZA,3994.0
MDV,UGA,4571.0
MDV,UKR,6510.0
MDV,URY,13837.0
MDV,USA,14041.0
MDV,UZB,4131.0
MDV,VAT,7330.0
MDV,VCT,14675.0
MDV,VEN,15353.0
MDV,VGB,14801.0
MDV,VNM,3729.0
MDV,VUT,10667.0
MDV,WLF,12323.0
MDV,WSM,12799.0
MDV,YEM,3438.0
MDV,ZAF,5940.0
MDV,ZMB,5435.0
MDV,ZWE,5258.0
MEX,ABW,3204.0
MEX,AFG,13907.0
MEX,AGO,12680.0
MEX,AIA,3799.0
MEX,ALB,10812.0
MEX,AND,9409.0
MEX,ARE,14345.0
MEX,ARG,7372.0
MEX,ARM,12412.0
MEX,ASM,8679.0
MEX,ATG,3945.0
MEX,AUS,13562.0
MEX,AUT,10169.0
MEX,AZE,12652.0
MEX,BDI,14167.0
MEX,BEL,9262.0
MEX,BEN,10976.0
MEX,BES,3399.0
MEX,BFA,10344.0
MEX,BGD,15122.0
MEX,BGR,10962.0
MEX,BHR,13996.0
MEX,BHS,2329.0
MEX,BIH,10558.0
MEX,BLR,10428.0
MEX,BLZ,1123.0
MEX,BMU,3707.0
MEX,BOL,5224.0
MEX,BRA,7422.0
MEX,BRB,4273.0
MEX,BRN,15420.0
MEX,BTN,14731.0
MEX,BWA,14365.0
MEX,CAF,12726.0
MEX,CAN,3260.0
MEX,CCK,18142.0
MEX,CHE,9698.0
MEX,CHL,6589.0
MEX,CHN,12928.0
MEX,CIV,10355.0
MEX,CMR,12026.0
MEX,COD,12742.0
MEX,COG,12736.0
MEX,COK,7987.0
MEX,COL,3175.0
MEX,COM,15919.0
MEX,CPV,7999.0
MEX,CRI,1931.0
MEX,CUB,1786.0
MEX,CUW,3331.0
MEX,CXR,17186.0
MEX,CYM,1866.0
MEX,CYP,12165.0
MEX,CZE,9939.0
MEX,DEU,9743.0
MEX,DJI,14650.0
MEX,DMA,4030.0
MEX,DNK,9524.0
MEX,DOM,3078.0
MEX,DZA,9771.0
MEX,ECU,3183.0
MEX,EGY,12389.0
MEX,ERI,14035.0
MEX,ESH,8665.0
MEX,ESP,9078.0
MEX,EST,9902.0
MEX,ETH,14438.0
MEX,FIN,9859.0
MEX,FJI,9915.0
MEX,FLK,8843.0
MEX,FRA,9211.0
MEX,FRO,8240.0
MEX,FSM,11081.0
MEX,GAB,11951.0
MEX,GBR,8943.0
MEX,GEO,12293.0
MEX,GHA,10554.0
MEX,GIB,9089.0
MEX,GIN,9199.0
MEX,GLP,3980.0
MEX,GMB,8751.0
MEX,GNB,8917.0
MEX,GNQ,11925.0
MEX,GRC,11303.0
MEX,GRD,4081.0
MEX,GRL,6087.0
MEX,GTM,1060.0
MEX,GUF,5319.0
MEX,GUM,12140.0
MEX,GUY,4644.0
MEX,HKG,14148.0
MEX,HND,1403.0
MEX,HRV,10282.0
MEX,HTI,2822.0
MEX,HUN,10379.0
MEX,IDN,16859.0
MEX,IND,14668.0
MEX,IOT,18384.0
MEX,IRL,8486.0
MEX,IRN,13165.0
MEX,IRQ,13006.0
MEX,ISL,7461.0
MEX,ISR,12493.0
MEX,ITA,10257.0
MEX,JAM,2361.0
MEX,JOR,12583.0
MEX,JPN,11324.0
MEX,KAZ,13053.0
MEX,KEN,14831.0
MEX,KGZ,13077.0
MEX,KHM,15690.0
MEX,KIR,9745.0
MEX,KNA,3849.0
MEX,KOR,12070.0
MEX,KWT,13562.0
MEX,LAO,15241.0
MEX,LBN,12402.0
MEX,LBR,9613.0
MEX,LBY,10793.0
MEX,LCA,4104.0
MEX,LIE,9777.0
MEX,LKA,17086.0
MEX,LSO,14551.0
MEX,LTU,10258.0
MEX,LUX,9433.0
MEX,LVA,10044.0
MEX,MAC,14198.0
MEX,MAR,8978.0
MEX,MCO,9795.0
MEX,MDA,11002.0
MEX,MDG,16534.0
MEX,MDV,17275.0
MEX,MHL,9703.0
MEX,MKD,10881.0
MEX,MLI,9673.0
MEX,MLT,10737.0
MEX,MMR,15665.0
MEX,MNE,10705.0
MEX,MNG,12110.0
MEX,MNP,11957.0
MEX,MOZ,15033.0
MEX,MRT,8672.0
MEX,MSR,3912.0
MEX,MTQ,4080.0
MEX,MUS,17587.0
MEX,MWI,14992.0
MEX,MYS,16638.0
MEX,MYT,16159.0
MEX,NAM,13442.0
MEX,NCL,11247.0
MEX,NER,10668.0
MEX,NFK,11310.0
MEX,NGA,11083.0
MEX,NIC,1599.0
MEX,NIU,8821.0
MEX,NLD,9230.0
MEX,NOR,9210.0
MEX,NPL,14768.0
MEX,NRU,10451.0
MEX,NZL,10949.0
MEX,OMN,14670.0
MEX,PAK,14880.0
MEX,PAN,2408.0
MEX,PCN,5788.0
MEX,PER,4242.0
MEX,PHL,14236.0
MEX,PLW,13449.0
MEX,PNG,12837.0
MEX,POL,10197.0
MEX,PRI,3476.0
MEX,PRK,12031.0
MEX,PRT,8686.0
MEX,PRY,6684.0
MEX,PSE,12514.0
MEX,PYF,6863.0
MEX,QAT,14128.0
MEX,REU,17375.0
MEX,ROU,11022.0
MEX,RUS,10738.0
MEX,RWA,14177.0
MEX,SAU,13890.0
MEX,SDN,13470.0
MEX,SEN,8632.0
MEX,SGP,16621.0
MEX,SHN,10942.0
MEX,SLB,11498.0
MEX,SLE,9281.0
MEX,SLV,1237.0
MEX,SMR,10146.0
MEX,SOM,15476.0
MEX,SPM,4934.0
MEX,SRB,10638.0
MEX,SSD,14003.0
MEX,STP,11668.0
MEX,SUR,4989.0
MEX,SVK,10218.0
MEX,SVN,10171.0
MEX,SWE,9600.0
MEX,SWZ,14902.0
MEX,SXM,3803.0
MEX,SYC,16820.0
MEX,SYR,12487.0
MEX,TCA,2927.0
MEX,TCD,12018.0
MEX,TGO,10870.0
MEX,THA,15759.0
MEX,TJK,13466.0
MEX,TKL,8521.0
MEX,TKM,13235.0
MEX,TLS,15071.0
MEX,TON,9419.0
MEX,TTO,4151.0
MEX,TUN,10345.0
MEX,TUR,11444.0
MEX,TUV,9464.0
MEX,TWN,13422.0
MEX,TZA,15328.0
MEX,UGA,14330.0
MEX,UKR,10835.0
MEX,URY,7530.0
MEX,USA,3359.0
MEX,UZB,13179.0
MEX,VAT,10255.0
MEX,VCT,4103.0
MEX,VEN,3602.0
MEX,VGB,3633.0
MEX,VNM,15641.0
MEX,VUT,10913.0
MEX,WLF,9182.0
MEX,WSM,8765.0
MEX,YEM,14461.0
MEX,ZAF,14593.0
MEX,ZMB,14450.0
MEX,ZWE,14793.0
MHL,ABW,12903.0
MHL,AFG,10676.0
MHL,AGO,17620.0
MHL,AIA,13430.0
MHL,ALB,13914.0
MHL,AND,14417.0
MHL,ARE,12243.0
MHL,ARG,14096.0
MHL,ARM,12471.0
MHL,ASM,3082.0
MHL,ATG,13593.0
MHL,AUS,5677.0
MHL,AUT,13411.0
MHL,AZE,12061.0
MHL,BDI,15808.0
MHL,BEL,13466.0
MHL,BEN,18086.0
MHL,BES,13099.0
MHL,BFA,17718.0
MHL,BGD,8785.0
MHL,BGR,13619.0
MHL,BHR,12653.0
MHL,BHS,11789.0
MHL,BIH,13748.0
MHL,BLR,12449.0
MHL,BLZ,10823.0
MHL,BMU,12652.0
MHL,BOL,13486.0
MHL,BRA,15580.0
MHL,BRB,13968.0
MHL,BRN,6249.0
MHL,BTN,8841.0
MHL,BWA,15870.0
MHL,CAF,16758.0
MHL,CAN,10982.0
MHL,CCK,8521.0
MHL,CHE,13743.0
MHL,CHL,13035.0
MHL,CHN,5827.0
MHL,CIV,18541.0
MHL,CMR,17485.0
MHL,COD,17369.0
MHL,COG,17371.0
MHL,COK,4445.0
MHL,COL,12650.0
MHL,COM,14323.0
MHL,CPV,17077.0
MHL,CRI,11461.0
MHL,CUB,11348.0
MHL,CUW,13030.0
MHL,CXR,7535.0
MHL,CYM,11545.0
MHL,CYP,13595.0
MHL,CZE,13291.0
MHL,DEU,13077.0
MHL,DJI,13941.0
MHL,DMA,13707.0
MHL,DNK,12779.0
MHL,DOM,12735.0
MHL,DZA,15002.0
MHL,ECU,12116.0
MHL,EGY,14103.0
MHL,ERI,14230.0
MHL,ESH,16184.0
MHL,ESP,14720.0
MHL,EST,12060.0
MHL,ETH,14485.0
MHL,FIN,11987.0
MHL,FJI,2896.0
MHL,FLK,13336.0
MHL,FRA,13715.0
MHL,FRO,12340.0
MHL,FSM,1461.0
MHL,GAB,17861.0
MHL,GBR,13461.0
MHL,GEO,12361.0
MHL,GHA,18300.0
MHL,GIB,15206.0
MHL,GIN,18082.0
MHL,GLP,13647.0
MHL,GMB,17568.0
MHL,GNB,17774.0
MHL,GNQ,17761.0
MHL,GRC,14002.0
MHL,GRD,13783.0
MHL,GRL,11327.0
MHL,GTM,10684.0
MHL,GUF,15000.0
MHL,GUM,2999.0
MHL,GUY,14324.0
MHL,HKG,6346.0
MHL,HND,11047.0
MHL,HRV,13657.0
MHL,HTI,12488.0
MHL,HUN,13377.0
MHL,IDN,7317.0
MHL,IND,10044.0
MHL,IOT,11102.0
MHL,IRL,13305.0
MHL,IRN,12166.0
MHL,IRQ,12860.0
MHL,ISL,12027.0
MHL,ISR,13697.0
MHL,ITA,14174.0
MHL,JAM,12048.0
MHL,JOR,13615.0
MHL,JPN,4523.0
MHL,KAZ,9836.0
MHL,KEN,14954.0
MHL,KGZ,10029.0
MHL,KHM,7304.0
MHL,KIR,662.0
MHL,KNA,13498.0
MHL,KOR,5604.0
MHL,KWT,12752.0
MHL,LAO,7534.0
MHL,LBN,13525.0
MHL,LBR,18504.0
MHL,LBY,15021.0
MHL,LCA,13795.0
MHL,LIE,13738.0
MHL,LKA,10092.0
MHL,LSO,15514.0
MHL,LTU,12470.0
MHL,LUX,13562.0
MHL,LVA,12309.0
MHL,MAC,6411.0
MHL,MAR,15500.0
MHL,MCO,14150.0
MHL,MDA,12971.0
MHL,MDG,13829.0
MHL,MDV,10828.0
MHL,MEX,9703.0
MHL,MKD,13775.0
MHL,MLI,17820.0
MHL,MLT,14671.0
MHL,MMR,8222.0
MHL,MNE,13838.0
MHL,MNG,7538.0
MHL,MNP,2936.0
MHL,MOZ,15201.0
MHL,MRT,17107.0
MHL,MSR,13569.0
MHL,MTQ,13765.0
MHL,MUS,12777.0
MHL,MWI,15338.0
MHL,MYS,7734.0
MHL,MYT,14107.0
MHL,NAM,16783.0
MHL,NCL,3292.0
MHL,NER,17442.0
MHL,NFK,4017.0
MHL,NGA,18013.0
MHL,NIC,11186.0
MHL,NIU,3546.0
MHL,NLD,13292.0
MHL,NOR,12382.0
MHL,NPL,9265.0
MHL,NRU,978.0
MHL,NZL,4878.0
MHL,OMN,11981.0
MHL,PAK,11111.0
MHL,PAN,11972.0
MHL,PCN,7406.0
MHL,PER,12523.0
MHL,PHL,5562.0
MHL,PLW,4074.0
MHL,PNG,3248.0
MHL,POL,12857.0
MHL,PRI,13117.0
MHL,PRK,5770.0
MHL,PRT,14933.0
MHL,PRY,14453.0
MHL,PSE,13759.0
MHL,PYF,5085.0
MHL,QAT,12611.0
MHL,REU,12988.0
MHL,ROU,13327.0
MHL,RUS,11854.0
MHL,RWA,15709.0
MHL,SAU,13077.0
MHL,SDN,14846.0
MHL,SEN,17410.0
MHL,SGP,7519.0
MHL,SHN,18978.0
MHL,SLB,2224.0
MHL,SLE,18210.0
MHL,SLV,10843.0
MHL,SMR,13972.0
MHL,SOM,13958.0
MHL,SPM,12426.0
MHL,SRB,13566.0
MHL,SSD,15377.0
MHL,STP,18139.0
MHL,SUR,14670.0
MHL,SVK,13389.0
MHL,SVN,13689.0
MHL,SWE,12270.0
MHL,SWZ,15314.0
MHL,SXM,13438.0
MHL,SYC,12941.0
MHL,SYR,13489.0
MHL,TCA,12512.0
MHL,TCD,16652.0
MHL,TGO,18190.0
MHL,THA,7770.0
MHL,TJK,10608.0
MHL,TKL,2651.0
MHL,TKM,11497.0
MHL,TLS,5370.0
MHL,TON,3450.0
MHL,TTO,13852.0
MHL,TUN,14768.0
MHL,TUR,13449.0
MHL,TUV,1932.0
MHL,TWN,5659.0
MHL,TZA,14747.0
MHL,UGA,15389.0
MHL,UKR,12607.0
MHL,URY,14280.0
MHL,USA,11516.0
MHL,UZB,10501.0
MHL,VAT,14174.0
MHL,VCT,13800.0
MHL,VEN,13292.0
MHL,VGB,13267.0
MHL,VNM,7117.0
MHL,VUT,2766.0
MHL,WLF,2640.0
MHL,WSM,2970.0
MHL,YEM,13699.0
MHL,ZAF,15606.0
MHL,ZMB,15908.0
MHL,ZWE,15571.0
MKD,ABW,9209.0
MKD,AFG,4204.0
MKD,AGO,5691.0
MKD,AIA,8231.0
MKD,ALB,154.0
MKD,AND,1640.0
MKD,ARE,3615.0
MKD,ARG,11746.0
MKD,ARM,1944.0
MKD,ASM,16719.0
MKD,ATG,8210.0
MKD,AUS,15258.0
MKD,AUT,796.0
MKD,AZE,2383.0
MKD,BDI,5089.0
MKD,BEL,1634.0
MKD,BEN,4366.0
MKD,BES,9093.0
MKD,BFA,3968.0
MKD,BGD,6585.0
MKD,BGR,174.0
MKD,BHR,3184.0
MKD,BHS,8867.0
MKD,BIH,324.0
MKD,BLR,1399.0
MKD,BLZ,10320.0
MKD,BMU,7409.0
MKD,BOL,11187.0
MKD,BRA,10074.0
MKD,BRB,8312.0
MKD,BRN,9937.0
MKD,BTN,6283.0
MKD,BWA,7394.0
MKD,CAF,4179.0
MKD,CAN,7674.0
MKD,CCK,9733.0
MKD,CHE,1183.0
MKD,CHL,12557.0
MKD,CHN,8507.0
MKD,CIV,4780.0
MKD,CMR,4338.0
MKD,COD,5168.0
MKD,COG,5161.0
MKD,COK,17698.0
MKD,COL,10126.0
MKD,COM,6352.0
MKD,CPV,5240.0
MKD,CRI,10532.0
MKD,CUB,9389.0
MKD,CUW,9150.0
MKD,CXR,10308.0
MKD,CYM,9605.0
MKD,CYP,1286.0
MKD,CZE,1049.0
MKD,DEU,1316.0
MKD,DJI,3976.0
MKD,DMA,8301.0
MKD,DNK,1651.0
MKD,DOM,8765.0
MKD,DZA,1684.0
MKD,ECU,11109.0
MKD,EGY,1592.0
MKD,ERI,3399.0
MKD,ESH,3546.0
MKD,ESP,2108.0
MKD,EST,1953.0
MKD,ETH,4029.0
MKD,FIN,2035.0
MKD,FJI,16586.0
MKD,FLK,12884.0
MKD,FRA,1670.0
MKD,FRO,2904.0
MKD,FSM,13041.0
MKD,GAB,4763.0
MKD,GBR,1946.0
MKD,GEO,1938.0
MKD,GHA,4526.0
MKD,GIB,2396.0
MKD,GIN,4964.0
MKD,GLP,8279.0
MKD,GMB,4845.0
MKD,GNB,4900.0
MKD,GNQ,4596.0
MKD,GRC,491.0
MKD,GRD,8564.0
MKD,GRL,5115.0
MKD,GTM,10661.0
MKD,GUF,8305.0
MKD,GUM,11574.0
MKD,GUY,8648.0
MKD,HKG,8605.0
MKD,HND,10452.0
MKD,HRV,609.0
MKD,HTI,8956.0
MKD,HUN,640.0
MKD,IDN,10091.0
MKD,IND,5186.0
MKD,IOT,7513.0
MKD,IRL,2408.0
MKD,IRN,2681.0
MKD,IRQ,2233.0
MKD,ISL,3686.0
MKD,ISR,1616.0
MKD,ITA,742.0
MKD,JAM,9348.0
MKD,JOR,1702.0
MKD,JPN,9362.0
MKD,KAZ,4468.0
MKD,KEN,5038.0
MKD,KGZ,4300.0
MKD,KHM,8624.0
MKD,KIR,14423.0
MKD,KNA,8270.0
MKD,KOR,8417.0
MKD,KWT,2764.0
MKD,LAO,7977.0
MKD,LBN,1524.0
MKD,LBR,5075.0
MKD,LBY,1247.0
MKD,LCA,8361.0
MKD,LIE,1104.0
MKD,LKA,6911.0
MKD,LSO,7920.0
MKD,LTU,1439.0
MKD,LUX,1455.0
MKD,LVA,1673.0
MKD,MAC,8560.0
MKD,MAR,2708.0
MKD,MCO,1160.0
MKD,MDA,810.0
MKD,MDG,7259.0
MKD,MDV,6637.0
MKD,MEX,10881.0
MKD,MHL,13775.0
MKD,MLI,4323.0
MKD,MLT,904.0
MKD,MMR,7527.0
MKD,MNE,186.0
MKD,MNG,6421.0
MKD,MNP,11494.0
MKD,MOZ,7609.0
MKD,MRT,4421.0
MKD,MSR,8263.0
MKD,MTQ,8325.0
MKD,MUS,7819.0
MKD,MWI,6325.0
MKD,MYS,8972.0
MKD,MYT,6537.0
MKD,NAM,7161.0
MKD,NCL,16103.0
MKD,NER,3667.0
MKD,NFK,16692.0
MKD,NGA,4323.0
MKD,NIC,10531.0
MKD,NIU,17247.0
MKD,NLD,1696.0
MKD,NOR,2123.0
MKD,NPL,5914.0
MKD,NRU,14265.0
MKD,NZL,17667.0
MKD,OMN,3988.0
MKD,PAK,4582.0
MKD,PAN,10240.0
MKD,PCN,16617.0
MKD,PER,11594.0
MKD,PHL,9705.0
MKD,PLW,11321.0
MKD,PNG,13632.0
MKD,POL,1138.0
MKD,PRI,8461.0
MKD,PRK,8229.0
MKD,PRT,2608.0
MKD,PRY,11009.0
MKD,PSE,1642.0
MKD,PYF,17162.0
MKD,QAT,3315.0
MKD,REU,7793.0
MKD,ROU,466.0
MKD,RUS,1926.0
MKD,RWA,4944.0
MKD,SAU,3016.0
MKD,SDN,3119.0
MKD,SEN,4799.0
MKD,SGP,9288.0
MKD,SHN,6995.0
MKD,SLB,14596.0
MKD,SLE,5032.0
MKD,SLV,10634.0
MKD,SMR,763.0
MKD,SOM,5029.0
MKD,SPM,5950.0
MKD,SRB,323.0
MKD,SSD,4237.0
MKD,STP,4845.0
MKD,SUR,8469.0
MKD,SVK,763.0
MKD,SVN,714.0
MKD,SWE,1942.0
MKD,SWZ,7629.0
MKD,SXM,8244.0
MKD,SYC,6205.0
MKD,SYR,1611.0
MKD,TCA,8650.0
MKD,TCD,3370.0
MKD,TGO,4448.0
MKD,THA,8106.0
MKD,TJK,3994.0
MKD,TKL,16185.0
MKD,TKM,3163.0
MKD,TLS,11811.0
MKD,TON,17222.0
MKD,TTO,8645.0
MKD,TUN,1127.0
MKD,TUR,637.0
MKD,TUV,15707.0
MKD,TWN,8964.0
MKD,TZA,5703.0
MKD,UGA,4750.0
MKD,UKR,1170.0
MKD,URY,11608.0
MKD,USA,7522.0
MKD,UZB,3930.0
MKD,VAT,744.0
MKD,VCT,8441.0
MKD,VEN,9100.0
MKD,VGB,8344.0
MKD,VNM,8827.0
MKD,VUT,15884.0
MKD,WLF,16400.0
MKD,WSM,16636.0
MKD,YEM,3673.0
MKD,ZAF,7581.0
MKD,ZMB,6395.0
MKD,ZWE,6697.0
MLI,ABW,6722.0
MLI,AFG,8058.0
MLI,AGO,3341.0
MLI,AIA,5921.0
MLI,ALB,4172.0
MLI,AND,3435.0
MLI,ARE,6755.0
MLI,ARG,7460.0
MLI,ARM,5950.0
MLI,ASM,18154.0
MLI,ATG,5798.0
MLI,AUS,16148.0
MLI,AUT,4543.0
MLI,AZE,6400.0
MLI,BDI,4496.0
MLI,BEL,4382.0
MLI,BEN,1327.0
MLI,BES,6538.0
MLI,BFA,703.0
MLI,BGD,10292.0
MLI,BGR,4492.0
MLI,BHR,6281.0
MLI,BHS,7363.0
MLI,BIH,4279.0
MLI,BLR,5539.0
MLI,BLZ,8642.0
MLI,BMU,6158.0
MLI,BOL,7361.0
MLI,BRA,5807.0
MLI,BRB,5592.0
MLI,BRN,13431.0
MLI,BTN,10111.0
MLI,BWA,5532.0
MLI,CAF,3061.0
MLI,CAN,7557.0
MLI,CCK,11893.0
MLI,CHE,4145.0
MLI,CHL,8368.0
MLI,CHN,12763.0
MLI,CIV,918.0
MLI,CMR,2357.0
MLI,COD,3190.0
MLI,COG,3183.0
MLI,COK,16883.0
MLI,COL,7311.0
MLI,COM,6270.0
MLI,CPV,1695.0
MLI,CRI,8283.0
MLI,CUB,7891.0
MLI,CUW,6611.0
MLI,CXR,12815.0
MLI,CYM,7836.0
MLI,CYP,4843.0
MLI,CZE,4628.0
MLI,DEU,4818.0
MLI,DJI,5560.0
MLI,DMA,5762.0
MLI,DNK,5094.0
MLI,DOM,6641.0
MLI,DZA,2889.0
MLI,ECU,8109.0
MLI,EGY,4472.0
MLI,ERI,5070.0
MLI,ESH,1695.0
MLI,ESP,3105.0
MLI,EST,5855.0
MLI,ETH,5121.0
MLI,FIN,5923.0
MLI,FJI,19101.0
MLI,FLK,8589.0
MLI,FRA,4126.0
MLI,FRO,5480.0
MLI,FSM,17364.0
MLI,GAB,2356.0
MLI,GBR,4368.0
MLI,GEO,6022.0
MLI,GHA,961.0
MLI,GIB,2616.0
MLI,GIN,705.0
MLI,GLP,5793.0
MLI,GMB,946.0
MLI,GNB,831.0
MLI,GNQ,2293.0
MLI,GRC,4213.0
MLI,GRD,5835.0
MLI,GRL,6637.0
MLI,GTM,8879.0
MLI,GUF,4945.0
MLI,GUM,15851.0
MLI,GUY,5533.0
MLI,HKG,12631.0
MLI,HND,8537.0
MLI,HRV,4316.0
MLI,HTI,6897.0
MLI,HUN,4611.0
MLI,IDN,12860.0
MLI,IND,8889.0
MLI,IOT,9160.0
MLI,IRL,4515.0
MLI,IRN,6447.0
MLI,IRQ,5770.0
MLI,ISL,5817.0
MLI,ISR,4860.0
MLI,ITA,3801.0
MLI,JAM,7372.0
MLI,JOR,4963.0
MLI,JPN,13673.0
MLI,KAZ,8648.0
MLI,KEN,5185.0
MLI,KGZ,8464.0
MLI,KHM,12154.0
MLI,KIR,18455.0
MLI,KNA,5891.0
MLI,KOR,12737.0
MLI,KWT,6047.0
MLI,LAO,11692.0
MLI,LBN,4982.0
MLI,LBR,766.0
MLI,LBY,3109.0
MLI,LCA,5731.0
MLI,LIE,4160.0
MLI,LKA,9619.0
MLI,LSO,6008.0
MLI,LTU,5492.0
MLI,LUX,4299.0
MLI,LVA,5623.0
MLI,MAC,12575.0
MLI,MAR,2320.0
MLI,MCO,3749.0
MLI,MDA,5130.0
MLI,MDG,7021.0
MLI,MDV,8996.0
MLI,MEX,9673.0
MLI,MHL,17820.0
MLI,MKD,4323.0
MLI,MLT,3425.0
MLI,MMR,11079.0
MLI,MNE,4221.0
MLI,MNG,10740.0
MLI,MNP,15793.0
MLI,MOZ,6120.0
MLI,MRT,1046.0
MLI,MSR,5839.0
MLI,MTQ,5734.0
MLI,MUS,8036.0
MLI,MWI,5469.0
MLI,MYS,12071.0
MLI,MYT,6514.0
MLI,NAM,4760.0
MLI,NCL,18794.0
MLI,NER,1100.0
MLI,NFK,18140.0
MLI,NGA,1426.0
MLI,NIC,8472.0
MLI,NIU,17971.0
MLI,NLD,4555.0
MLI,NOR,5468.0
MLI,NPL,9690.0
MLI,NRU,18555.0
MLI,NZL,17307.0
MLI,OMN,7093.0
MLI,PAK,7942.0
MLI,PAN,7809.0
MLI,PCN,13644.0
MLI,PER,8097.0
MLI,PHL,13649.0
MLI,PLW,15327.0
MLI,PNG,17302.0
MLI,POL,5098.0
MLI,PRI,6241.0
MLI,PRK,12550.0
MLI,PRT,2890.0
MLI,PRY,6827.0
MLI,PSE,4814.0
MLI,PYF,15874.0
MLI,QAT,6363.0
MLI,REU,7867.0
MLI,ROU,4788.0
MLI,RUS,6179.0
MLI,RWA,4505.0
MLI,SAU,5886.0
MLI,SDN,4382.0
MLI,SEN,1046.0
MLI,SGP,12354.0
MLI,SHN,3172.0
MLI,SLB,18670.0
MLI,SLE,735.0
MLI,SLV,8755.0
MLI,SMR,3981.0
MLI,SOM,5993.0
MLI,SPM,5866.0
MLI,SRB,4474.0
MLI,SSD,4434.0
MLI,STP,2121.0
MLI,SUR,5229.0
MLI,SVK,4572.0
MLI,SVN,4266.0
MLI,SWE,5613.0
MLI,SWZ,6043.0
MLI,SXM,5921.0
MLI,SYC,7272.0
MLI,SYR,5042.0
MLI,TCA,6751.0
MLI,TCD,2506.0
MLI,TGO,1242.0
MLI,THA,11627.0
MLI,TJK,8001.0
MLI,TKL,18170.0
MLI,TKM,7091.0
MLI,TLS,14941.0
MLI,TON,18370.0
MLI,TTO,5830.0
MLI,TUN,3234.0
MLI,TUR,4772.0
MLI,TUV,19117.0
MLI,TWN,13137.0
MLI,TZA,5655.0
MLI,UGA,4682.0
MLI,UKR,5453.0
MLI,URY,7310.0
MLI,USA,7085.0
MLI,UZB,8029.0
MLI,VAT,3800.0
MLI,VCT,5765.0
MLI,VEN,6413.0
MLI,VGB,6085.0
MLI,VNM,12363.0
MLI,VUT,19326.0
MLI,WLF,18751.0
MLI,WSM,18272.0
MLI,YEM,5635.0
MLI,ZAF,5805.0
MLI,ZMB,5060.0
MLI,ZWE,5457.0
MLT,ABW,8720.0
MLT,AFG,4912.0
MLT,AGO,4953.0
MLT,AIA,7748.0
MLT,ALB,759.0
MLT,AND,1338.0
MLT,ARE,4054.0
MLT,ARG,10867.0
MLT,ARM,2663.0
MLT,ASM,17554.0
MLT,ATG,7705.0
MLT,AUS,15652.0
MLT,AUT,1375.0
MLT,AZE,3120.0
MLT,BDI,4615.0
MLT,BEL,1850.0
MLT,BEN,3490.0
MLT,BES,8585.0
MLT,BFA,3065.0
MLT,BGD,7283.0
MLT,BGR,1070.0
MLT,BHR,3583.0
MLT,BHS,8580.0
MLT,BIH,942.0
MLT,BLR,2242.0
MLT,BLZ,10047.0
MLT,BMU,7117.0
MLT,BOL,10432.0
MLT,BRA,9200.0
MLT,BRB,7747.0
MLT,BRN,10628.0
MLT,BTN,7012.0
MLT,BWA,6809.0
MLT,CAF,3517.0
MLT,CAN,7646.0
MLT,CCK,10118.0
MLT,CHE,1367.0
MLT,CHL,11712.0
MLT,CHN,9375.0
MLT,CIV,3879.0
MLT,CMR,3560.0
MLT,COD,4454.0
MLT,COG,4447.0
MLT,COK,18288.0
MLT,COL,9588.0
MLT,COM,6073.0
MLT,CPV,4434.0
MLT,CRI,10135.0
MLT,CUB,9123.0
MLT,CUW,8648.0
MLT,CXR,10788.0
MLT,CYM,9287.0
MLT,CYP,1709.0
MLT,CZE,1576.0
MLT,DEU,1849.0
MLT,DJI,3942.0
MLT,DMA,7773.0
MLT,DNK,2203.0
MLT,DOM,8340.0
MLT,DZA,1034.0
MLT,ECU,10552.0
MLT,EGY,1690.0
MLT,ERI,3329.0
MLT,ESH,2793.0
MLT,ESP,1670.0
MLT,EST,2720.0
MLT,ETH,3859.0
MLT,FIN,2800.0
MLT,FJI,17489.0
MLT,FLK,11980.0
MLT,FRA,1749.0
MLT,FRO,3261.0
MLT,FSM,13940.0
MLT,GAB,3966.0
MLT,GBR,2089.0
MLT,GEO,2696.0
MLT,GHA,3630.0
MLT,GIB,1788.0
MLT,GIN,4077.0
MLT,GLP,7761.0
MLT,GMB,3987.0
MLT,GNB,4029.0
MLT,GNQ,3800.0
MLT,GRC,853.0
MLT,GRD,8004.0
MLT,GRL,5341.0
MLT,GTM,10376.0
MLT,GUF,7611.0
MLT,GUM,12453.0
MLT,GUY,8011.0
MLT,HKG,9409.0
MLT,HND,10129.0
MLT,HRV,1108.0
MLT,HTI,8551.0
MLT,HUN,1342.0
MLT,IDN,10624.0
MLT,IND,5861.0
MLT,IOT,7700.0
MLT,IRL,2524.0
MLT,IRN,3316.0
MLT,IRQ,2745.0
MLT,ISL,3975.0
MLT,ISR,1916.0
MLT,ITA,688.0
MLT,JAM,8974.0
MLT,JOR,2025.0
MLT,JPN,10265.0
MLT,KAZ,5298.0
MLT,KEN,4722.0
MLT,KGZ,5123.0
MLT,KHM,9304.0
MLT,KIR,15322.0
MLT,KNA,7773.0
MLT,KOR,9312.0
MLT,KWT,3206.0
MLT,LAO,8695.0
MLT,LBN,1926.0
MLT,LBR,4174.0
MLT,LBY,357.0
MLT,LCA,7816.0
MLT,LIE,1316.0
MLT,LKA,7345.0
MLT,LSO,7346.0
MLT,LTU,2246.0
MLT,LUX,1668.0
MLT,LVA,2447.0
MLT,MAC,9361.0
MLT,MAR,2038.0
MLT,MCO,1060.0
MLT,MDA,1714.0
MLT,MDG,6994.0
MLT,MDV,6971.0
MLT,MEX,10737.0
MLT,MHL,14671.0
MLT,MKD,904.0
MLT,MLI,3425.0
MLT,MMR,8196.0
MLT,MNE,834.0
MLT,MNG,7315.0
MLT,MNP,12381.0
MLT,MOZ,7102.0
MLT,MRT,3589.0
MLT,MSR,7757.0
MLT,MTQ,7787.0
MLT,MUS,7681.0
MLT,MWI,5880.0
MLT,MYS,9555.0
MLT,MYT,6282.0
MLT,NAM,6476.0
MLT,NCL,16919.0
MLT,NER,2773.0
MLT,NFK,17427.0
MLT,NGA,3453.0
MLT,NIC,10178.0
MLT,NIU,18089.0
MLT,NLD,1982.0
MLT,NOR,2684.0
MLT,NPL,6623.0
MLT,NRU,15168.0
MLT,NZL,18253.0
MLT,OMN,4434.0
MLT,PAK,5134.0
MLT,PAN,9792.0
MLT,PCN,16251.0
MLT,PER,10926.0
MLT,PHL,10496.0
MLT,PLW,12139.0
MLT,PNG,14421.0
MLT,POL,1886.0
MLT,PRI,8005.0
MLT,PRK,9125.0
MLT,PRT,2114.0
MLT,PRY,10161.0
MLT,PSE,1908.0
MLT,PYF,17443.0
MLT,QAT,3705.0
MLT,REU,7622.0
MLT,ROU,1366.0
MLT,RUS,2817.0
MLT,RWA,4490.0
MLT,SAU,3318.0
MLT,SDN,2879.0
MLT,SEN,3953.0
MLT,SGP,9870.0
MLT,SHN,6121.0
MLT,SLB,15459.0
MLT,SLE,4141.0
MLT,SLV,10325.0
MLT,SMR,909.0
MLT,SOM,4914.0
MLT,SPM,5836.0
MLT,SRB,1111.0
MLT,SSD,3858.0
MLT,STP,4019.0
MLT,SUR,7803.0
MLT,SVK,1377.0
MLT,SVN,1127.0
MLT,SWE,2618.0
MLT,SWZ,7104.0
MLT,SXM,7759.0
MLT,SYC,6189.0
MLT,SYR,2010.0
MLT,TCA,8269.0
MLT,TCD,2636.0
MLT,TGO,3565.0
MLT,THA,8776.0
MLT,TJK,4755.0
MLT,TKL,17010.0
MLT,TKM,3879.0
MLT,TLS,12462.0
MLT,TON,18120.0
MLT,TTO,8070.0
MLT,TUN,403.0
MLT,TUR,1380.0
MLT,TUV,16602.0
MLT,TWN,9809.0
MLT,TZA,5392.0
MLT,UGA,4361.0
MLT,UKR,2066.0
MLT,URY,10724.0
MLT,USA,7415.0
MLT,UZB,4725.0
MLT,VAT,690.0
MLT,VCT,7889.0
MLT,VEN,8564.0
MLT,VGB,7876.0
MLT,VNM,9512.0
MLT,VUT,16748.0
MLT,WLF,17283.0
MLT,WSM,17482.0
MLT,YEM,3725.0
MLT,ZAF,7019.0
MLT,ZMB,5861.0
MLT,ZWE,6197.0
MMR,ABW,16427.0
MMR,AFG,3327.0
MMR,AGO,9553.0
MMR,AIA,15519.0
MMR,ALB,7666.0
MMR,AND,9136.0
MMR,ARE,4330.0
MMR,ARG,16811.0
MMR,ARM,5584.0
MMR,ASM,10793.0
MMR,ATG,15553.0
MMR,AUS,7910.0
MMR,AUT,7883.0
MMR,AZE,5146.0
MMR,BDI,7669.0
MMR,BEL,8702.0
MMR,BEN,10214.0
MMR,BES,16379.0
MMR,BFA,10425.0
MMR,BGD,972.0
MMR,BGR,7368.0
MMR,BHR,4811.0
MMR,BHS,15320.0
MMR,BIH,7765.0
MMR,BLR,7114.0
MMR,BLZ,16199.0
MMR,BMU,14207.0
MMR,BOL,18361.0
MMR,BRA,16083.0
MMR,BRB,15769.0
MMR,BRN,2434.0
MMR,BTN,1358.0
MMR,BWA,8893.0
MMR,CAF,8558.0
MMR,CAN,13290.0
MMR,CCK,3207.0
MMR,CHE,8479.0
MMR,CHL,17743.0
MMR,CHN,3017.0
MMR,CIV,10925.0
MMR,CMR,9324.0
MMR,COD,9183.0
MMR,COG,9185.0
MMR,COK,12101.0
MMR,COL,17409.0
MMR,COM,6620.0
MMR,CPV,12530.0
MMR,CRI,17047.0
MMR,CUB,15585.0
MMR,CUW,16417.0
MMR,CXR,3188.0
MMR,CYM,16003.0
MMR,CYP,6499.0
MMR,CZE,8008.0
MMR,DEU,8055.0
MMR,DJI,5736.0
MMR,DMA,15691.0
MMR,DNK,8081.0
MMR,DOM,15816.0
MMR,DZA,9182.0
MMR,ECU,18330.0
MMR,EGY,6710.0
MMR,ERI,6103.0
MMR,ESH,10985.0
MMR,ESP,9622.0
MMR,EST,7361.0
MMR,ETH,6269.0
MMR,FIN,7362.0
MMR,FJI,9805.0
MMR,FLK,15509.0
MMR,FRA,8893.0
MMR,FRO,9028.0
MMR,FSM,6819.0
MMR,GAB,9653.0
MMR,GBR,8988.0
MMR,GEO,5595.0
MMR,GHA,10626.0
MMR,GIB,9918.0
MMR,GIN,11775.0
MMR,GLP,15648.0
MMR,GMB,11924.0
MMR,GNB,11882.0
MMR,GNQ,9573.0
MMR,GRC,7354.0
MMR,GRD,16003.0
MMR,GRL,10614.0
MMR,GTM,16454.0
MMR,GUF,15807.0
MMR,GUM,5223.0
MMR,GUY,16172.0
MMR,HKG,1985.0
MMR,HND,16568.0
MMR,HRV,7934.0
MMR,HTI,15899.0
MMR,HUN,7688.0
MMR,IDN,2804.0
MMR,IND,2342.0
MMR,IOT,3730.0
MMR,IRL,9323.0
MMR,IRN,4881.0
MMR,IRQ,5472.0
MMR,ISL,9613.0
MMR,ISR,6365.0
MMR,ITA,8266.0
MMR,JAM,16079.0
MMR,JOR,6255.0
MMR,JPN,4776.0
MMR,KAZ,3451.0
MMR,KEN,6811.0
MMR,KGZ,3540.0
MMR,KHM,1109.0
MMR,KIR,8571.0
MMR,KNA,15587.0
MMR,KOR,3793.0
MMR,KWT,5091.0
MMR,LAO,697.0
MMR,LBN,6302.0
MMR,LBR,11603.0
MMR,LBY,8375.0
MMR,LCA,15782.0
MMR,LIE,8407.0
MMR,LKA,2083.0
MMR,LSO,8964.0
MMR,LTU,7271.0
MMR,LUX,8606.0
MMR,LVA,7369.0
MMR,MAC,1919.0
MMR,MAR,10213.0
MMR,MCO,8638.0
MMR,MDA,6944.0
MMR,MDG,6628.0
MMR,MDV,2840.0
MMR,MEX,15665.0
MMR,MHL,8222.0
MMR,MKD,7527.0
MMR,MLI,11079.0
MMR,MLT,8196.0
MMR,MNE,7703.0
MMR,MNG,3586.0
MMR,MNP,5298.0
MMR,MOZ,8360.0
MMR,MRT,11654.0
MMR,MSR,15604.0
MMR,MTQ,15733.0
MMR,MUS,5880.0
MMR,MWI,7653.0
MMR,MYS,1628.0
MMR,MYT,6487.0
MMR,NAM,9646.0
MMR,NCL,8793.0
MMR,NER,10009.0
MMR,NFK,9231.0
MMR,NGA,10104.0
MMR,NIC,16793.0
MMR,NIU,11012.0
MMR,NLD,8630.0
MMR,NOR,8150.0
MMR,NPL,1642.0
MMR,NRU,7987.0
MMR,NZL,10142.0
MMR,OMN,3986.0
MMR,PAK,3148.0
MMR,PAN,17112.0
MMR,PCN,15339.0
MMR,PER,19120.0
MMR,PHL,2670.0
MMR,PLW,4293.0
MMR,PNG,6322.0
MMR,POL,7539.0
MMR,PRI,15652.0
MMR,PRK,3784.0
MMR,PRT,10126.0
MMR,PRY,17154.0
MMR,PSE,6396.0
MMR,PYF,13079.0
MMR,QAT,4721.0
MMR,REU,6094.0
MMR,ROU,7144.0
MMR,RUS,6525.0
MMR,RWA,7544.0
MMR,SAU,5196.0
MMR,SDN,6774.0
MMR,SEN,11947.0
MMR,SGP,1912.0
MMR,SHN,11748.0
MMR,SLB,7597.0
MMR,SLE,11774.0
MMR,SLV,16581.0
MMR,SMR,8235.0
MMR,SOM,5793.0
MMR,SPM,12440.0
MMR,SRB,7591.0
MMR,SSD,7155.0
MMR,STP,9946.0
MMR,SUR,15993.0
MMR,SVK,7829.0
MMR,SVN,8045.0
MMR,SWE,7739.0
MMR,SWZ,8496.0
MMR,SXM,15536.0
MMR,SYC,5066.0
MMR,SYR,6224.0
MMR,TCA,15553.0
MMR,TCD,8702.0
MMR,TGO,10345.0
MMR,THA,580.0
MMR,TJK,3592.0
MMR,TKL,10588.0
MMR,TKM,4365.0
MMR,TLS,4284.0
MMR,TON,10540.0
MMR,TTO,16109.0
MMR,TUN,8562.0
MMR,TUR,6901.0
MMR,TUV,9555.0
MMR,TWN,2779.0
MMR,TZA,6784.0
MMR,UGA,7198.0
MMR,UKR,6864.0
MMR,URY,16622.0
MMR,USA,13556.0
MMR,UZB,3742.0
MMR,VAT,8269.0
MMR,VCT,15872.0
MMR,VEN,16463.0
MMR,VGB,15583.0
MMR,VNM,1319.0
MMR,VUT,8782.0
MMR,WLF,10194.0
MMR,WSM,10669.0
MMR,YEM,5544.0
MMR,ZAF,8768.0
MMR,ZMB,8261.0
MMR,ZWE,8097.0
MNE,ABW,9024.0
MNE,AFG,4378.0
MNE,AGO,5711.0
MNE,AIA,8047.0
MNE,ALB,132.0
MNE,AND,1456.0
MNE,ARE,3800.0
MNE,ARG,11622.0
MNE,ARM,2121.0
MNE,ASM,16741.0
MNE,ATG,8026.0
MNE,AUS,15444.0
MNE,AUT,680.0
MNE,AZE,2557.0
MNE,BDI,5176.0
MNE,BEL,1471.0
MNE,BEN,4322.0
MNE,BES,8908.0
MNE,BFA,3893.0
MNE,BGD,6758.0
MNE,BGR,335.0
MNE,BHR,3368.0
MNE,BHS,8683.0
MNE,BIH,173.0
MNE,BLR,1414.0
MNE,BLZ,10138.0
MNE,BMU,7225.0
MNE,BOL,11023.0
MNE,BRA,9949.0
MNE,BRB,8131.0
MNE,BRN,10109.0
MNE,BTN,6452.0
MNE,BWA,7460.0
MNE,CAF,4219.0
MNE,CAN,7505.0
MNE,CCK,9918.0
MNE,CHE,1009.0
MNE,CHL,12416.0
MNE,CHN,8636.0
MNE,CIV,4710.0
MNE,CMR,4342.0
MNE,COD,5195.0
MNE,COG,5188.0
MNE,COK,17650.0
MNE,COL,9942.0
MNE,COM,6476.0
MNE,CPV,5093.0
MNE,CRI,10347.0
MNE,CUB,9206.0
MNE,CUW,8966.0
MNE,CXR,10493.0
MNE,CYM,9421.0
MNE,CYP,1465.0
MNE,CZE,928.0
MNE,DEU,1204.0
MNE,DJI,4129.0
MNE,DMA,8118.0
MNE,DNK,1549.0
MNE,DOM,8580.0
MNE,DZA,1526.0
MNE,ECU,10926.0
MNE,EGY,1743.0
MNE,ERI,3545.0
MNE,ESH,3391.0
MNE,ESP,1927.0
MNE,EST,1928.0
MNE,ETH,4164.0
MNE,FIN,2010.0
MNE,FJI,16675.0
MNE,FLK,12799.0
MNE,FRA,1494.0
MNE,FRO,2772.0
MNE,FSM,13143.0
MNE,GAB,4760.0
MNE,GBR,1778.0
MNE,GEO,2110.0
MNE,GHA,4463.0
MNE,GIB,2226.0
MNE,GIN,4852.0
MNE,GLP,8096.0
MNE,GMB,4716.0
MNE,GNB,4778.0
MNE,GNQ,4593.0
MNE,GRC,628.0
MNE,GRD,8381.0
MNE,GRL,4971.0
MNE,GTM,10478.0
MNE,GUF,8134.0
MNE,GUM,11694.0
MNE,GUY,8471.0
MNE,HKG,8758.0
MNE,HND,10268.0
MNE,HRV,458.0
MNE,HTI,8770.0
MNE,HUN,562.0
MNE,IDN,10275.0
MNE,IND,5363.0
MNE,IOT,7690.0
MNE,IRL,2241.0
MNE,IRN,2863.0
MNE,IRQ,2419.0
MNE,ISL,3547.0
MNE,ISR,1788.0
MNE,ITA,564.0
MNE,JAM,9162.0
MNE,JOR,1878.0
MNE,JPN,9455.0
MNE,KAZ,4617.0
MNE,KEN,5154.0
MNE,KGZ,4452.0
MNE,KHM,8798.0
MNE,KIR,14491.0
MNE,KNA,8085.0
MNE,KOR,8527.0
MNE,KWT,2949.0
MNE,LAO,8147.0
MNE,LBN,1704.0
MNE,LBR,4979.0
MNE,LBY,1189.0
MNE,LCA,8178.0
MNE,LIE,930.0
MNE,LKA,7097.0
MNE,LSO,7990.0
MNE,LTU,1431.0
MNE,LUX,1289.0
MNE,LVA,1650.0
MNE,MAC,8714.0
MNE,MAR,2543.0
MNE,MCO,974.0
MNE,MDA,913.0
MNE,MDG,7387.0
MNE,MDV,6821.0
MNE,MEX,10705.0
MNE,MHL,13838.0
MNE,MKD,186.0
MNE,MLI,4221.0
MNE,MLT,834.0
MNE,MMR,7703.0
MNE,MNG,6532.0
MNE,MNP,11610.0
MNE,MOZ,7694.0
MNE,MRT,4283.0
MNE,MSR,8079.0
MNE,MTQ,8142.0
MNE,MUS,7966.0
MNE,MWI,6420.0
MNE,MYS,9154.0
MNE,MYT,6665.0
MNE,NAM,7200.0
MNE,NCL,16245.0
MNE,NER,3607.0
MNE,NFK,16850.0
MNE,NGA,4283.0
MNE,NIC,10346.0
MNE,NIU,17273.0
MNE,NLD,1543.0
MNE,NOR,2029.0
MNE,NPL,6086.0
MNE,NRU,14356.0
MNE,NZL,17839.0
MNE,OMN,4174.0
MNE,PAK,4767.0
MNE,PAN,10054.0
MNE,PCN,16434.0
MNE,PER,11418.0
MNE,PHL,9861.0
MNE,PLW,11469.0
MNE,PNG,13785.0
MNE,POL,1096.0
MNE,PRI,8276.0
MNE,PRK,8338.0
MNE,PRT,2428.0
MNE,PRY,10870.0
MNE,PSE,1812.0
MNE,PYF,17049.0
MNE,QAT,3499.0
MNE,REU,7935.0
MNE,ROU,596.0
MNE,RUS,1985.0
MNE,RWA,5035.0
MNE,SAU,3195.0
MNE,SDN,3239.0
MNE,SEN,4666.0
MNE,SGP,9470.0
MNE,SHN,6953.0
MNE,SLB,14724.0
MNE,SLE,4924.0
MNE,SLV,10450.0
MNE,SMR,578.0
MNE,SOM,5174.0
MNE,SPM,5773.0
MNE,SRB,281.0
MNE,SSD,4339.0
MNE,STP,4829.0
MNE,SUR,8295.0
MNE,SVK,656.0
MNE,SVN,552.0
MNE,SWE,1881.0
MNE,SWZ,7710.0
MNE,SXM,8059.0
MNE,SYC,6364.0
MNE,SYR,1791.0
MNE,TCA,8464.0
MNE,TCD,3387.0
MNE,TGO,4398.0
MNE,THA,8281.0
MNE,TJK,4161.0
MNE,TKL,16201.0
MNE,TKM,3338.0
MNE,TLS,11987.0
MNE,TON,17288.0
MNE,TTO,8464.0
MNE,TUN,999.0
MNE,TUR,821.0
MNE,TUV,15768.0
MNE,TWN,9104.0
MNE,TZA,5821.0
MNE,UGA,4853.0
MNE,UKR,1238.0
MNE,URY,11488.0
MNE,USA,7347.0
MNE,UZB,4089.0
MNE,VAT,566.0
MNE,VCT,8259.0
MNE,VEN,8917.0
MNE,VGB,8159.0
MNE,VNM,9001.0
MNE,VUT,16009.0
MNE,WLF,16450.0
MNE,WSM,16663.0
MNE,YEM,3834.0
MNE,ZAF,7653.0
MNE,ZMB,6472.0
MNE,ZWE,6782.0
MNG,ABW,13304.0
MNG,AFG,3449.0
MNG,AGO,11004.0
MNG,AIA,12613.0
MNG,ALB,6573.0
MNG,AND,7610.0
MNG,ARE,5131.0
MNG,ARG,18094.0
MNG,ARM,4933.0
MNG,ASM,10620.0
MNG,ATG,12716.0
MNG,AUS,10219.0
MNG,AUT,6322.0
MNG,AZE,4530.0
MNG,BDI,9361.0
MNG,BEL,6812.0
MNG,BEN,10550.0
MNG,BES,13335.0
MNG,BFA,10326.0
MNG,BGD,3055.0
MNG,BGR,6250.0
MNG,BHR,5411.0
MNG,BHS,11912.0
MNG,BIH,6493.0
MNG,BLR,5322.0
MNG,BLZ,12622.0
MNG,BMU,11083.0
MNG,BOL,16492.0
MNG,BRA,16437.0
MNG,BRB,13116.0
MNG,BRN,4824.0
MNG,BTN,2718.0
MNG,BWA,11367.0
MNG,CAF,9527.0
MNG,CAN,9837.0
MNG,CCK,6730.0
MNG,CHE,6840.0
MNG,CHL,18386.0
MNG,CHN,2228.0
MNG,CIV,11099.0
MNG,CMR,10093.0
MNG,COD,10481.0
MNG,COG,10478.0
MNG,COK,11975.0
MNG,COL,14185.0
MNG,COM,9094.0
MNG,CPV,11493.0
MNG,CRI,13508.0
MNG,CUB,12084.0
MNG,CUW,13344.0
MNG,CXR,6462.0
MNG,CYM,12517.0
MNG,CYP,6058.0
MNG,CZE,6311.0
MNG,DEU,6207.0
MNG,DJI,7110.0
MNG,DMA,12907.0
MNG,DNK,6050.0
MNG,DOM,12644.0
MNG,DZA,7982.0
MNG,ECU,14894.0
MNG,EGY,6572.0
MNG,ERI,7118.0
MNG,ESH,9774.0
MNG,ESP,8077.0
MNG,EST,5211.0
MNG,ETH,7643.0
MNG,FIN,5168.0
MNG,FJI,10182.0
MNG,FLK,18841.0
MNG,FRA,7068.0
MNG,FRO,6477.0
MNG,FSM,6626.0
MNG,GAB,10532.0
MNG,GBR,6992.0
MNG,GEO,4824.0
MNG,GHA,10815.0
MNG,GIB,8531.0
MNG,GIN,11383.0
MNG,GLP,12837.0
MNG,GMB,11226.0
MNG,GNB,11302.0
MNG,GNQ,10387.0
MNG,GRC,6543.0
MNG,GRD,13268.0
MNG,GRL,7436.0
MNG,GTM,12868.0
MNG,GUF,13810.0
MNG,GUM,5174.0
MNG,GUY,13769.0
MNG,HKG,2917.0
MNG,HND,12998.0
MNG,HRV,6507.0
MNG,HTI,12645.0
MNG,HUN,6207.0
MNG,IDN,5995.0
MNG,IND,3325.0
MNG,IOT,6983.0
MNG,IRL,7141.0
MNG,IRN,4695.0
MNG,IRQ,5371.0
MNG,ISL,6806.0
MNG,ISR,6167.0
MNG,ITA,7001.0
MNG,JAM,12696.0
MNG,JOR,6090.0
MNG,JPN,3015.0
MNG,KAZ,2380.0
MNG,KEN,8644.0
MNG,KGZ,2570.0
MNG,KHM,4034.0
MNG,KIR,8138.0
MNG,KNA,12709.0
MNG,KOR,1997.0
MNG,KWT,5377.0
MNG,LAO,3344.0
MNG,LBN,5990.0
MNG,LBR,11484.0
MNG,LBY,7634.0
MNG,LCA,13042.0
MNG,LIE,6797.0
MNG,LKA,5213.0
MNG,LSO,11639.0
MNG,LTU,5414.0
MNG,LUX,6808.0
MNG,LVA,5364.0
MNG,MAC,2914.0
MNG,MAR,8882.0
MNG,MCO,7172.0
MNG,MDA,5619.0
MNG,MDG,9462.0
MNG,MDV,5799.0
MNG,MEX,12110.0
MNG,MHL,7538.0
MNG,MKD,6421.0
MNG,MLI,10740.0
MNG,MLT,7315.0
MNG,MMR,3586.0
MNG,MNE,6532.0
MNG,MNP,5080.0
MNG,MOZ,11034.0
MNG,MRT,10761.0
MNG,MSR,12757.0
MNG,MTQ,12978.0
MNG,MUS,9002.0
MNG,MWI,9933.0
MNG,MYS,4986.0
MNG,MYT,9059.0
MNG,NAM,11822.0
MNG,NCL,9779.0
MNG,NER,9974.0
MNG,NFK,10478.0
MNG,NGA,10475.0
MNG,NIC,13229.0
MNG,NIU,11067.0
MNG,NLD,6672.0
MNG,NOR,5877.0
MNG,NPL,2918.0
MNG,NRU,7873.0
MNG,NZL,11550.0
MNG,OMN,5020.0
MNG,PAK,4315.0
MNG,PAN,13670.0
MNG,PCN,14552.0
MNG,PER,16011.0
MNG,PHL,3915.0
MNG,PLW,5198.0
MNG,PNG,7489.0
MNG,POL,5796.0
MNG,PRI,12620.0
MNG,PRK,1810.0
MNG,PRT,8520.0
MNG,PRY,17155.0
MNG,PSE,6231.0
MNG,PYF,12440.0
MNG,QAT,5417.0
MNG,REU,9182.0
MNG,ROU,5955.0
MNG,RUS,4648.0
MNG,RWA,9191.0
MNG,SAU,5813.0
MNG,SDN,7578.0
MNG,SEN,11159.0
MNG,SGP,5174.0
MNG,SHN,12990.0
MNG,SLB,8214.0
MNG,SLE,11453.0
MNG,SLV,12999.0
MNG,SMR,6855.0
MNG,SOM,7755.0
MNG,SPM,9386.0
MNG,SRB,6294.0
MNG,SSD,8516.0
MNG,STP,10739.0
MNG,SUR,13795.0
MNG,SVK,6282.0
MNG,SVN,6580.0
MNG,SWE,5556.0
MNG,SWZ,11151.0
MNG,SXM,12634.0
MNG,SYC,7672.0
MNG,SYR,5957.0
MNG,TCA,12319.0
MNG,TCD,9156.0
MNG,TGO,10659.0
MNG,THA,3836.0
MNG,TJK,3228.0
MNG,TKL,10176.0
MNG,TKM,4039.0
MNG,TLS,6520.0
MNG,TON,10868.0
MNG,TTO,13416.0
MNG,TUN,7530.0
MNG,TUR,5982.0
MNG,TUV,9416.0
MNG,TWN,2846.0
MNG,TZA,8942.0
MNG,UGA,8817.0
MNG,UKR,5322.0
MNG,URY,17992.0
MNG,USA,10186.0
MNG,UZB,3048.0
MNG,VAT,7002.0
MNG,VCT,13139.0
MNG,VEN,13507.0
MNG,VGB,12610.0
MNG,VNM,4119.0
MNG,VUT,9486.0
MNG,WLF,10145.0
MNG,WSM,10506.0
MNG,YEM,6726.0
MNG,ZAF,11348.0
MNG,ZMB,10441.0
MNG,ZWE,10448.0
MNP,ABW,15029.0
MNP,AFG,7853.0
MNP,AGO,14827.0
MNP,AIA,15154.0
MNP,ALB,11647.0
MNP,AND,12646.0
MNP,ARE,9349.0
MNP,ARG,16785.0
MNP,ARM,9858.0
MNP,ASM,5797.0
MNP,ATG,15330.0
MNP,AUS,5870.0
MNP,AUT,11387.0
MNP,AZE,9415.0
MNP,BDI,12949.0
MNP,BEL,11783.0
MNP,BEN,15334.0
MNP,BES,15205.0
MNP,BFA,15301.0
MNP,BGD,5853.0
MNP,BGR,11322.0
MNP,BHR,9780.0
MNP,BHS,13562.0
MNP,BIH,11574.0
MNP,BLR,10382.0
MNP,BLZ,13048.0
MNP,BMU,13830.0
MNP,BOL,16405.0
MNP,BRA,18429.0
MNP,BRB,15821.0
MNP,BRN,3557.0
MNP,BTN,5928.0
MNP,BWA,13695.0
MNP,CAF,13823.0
MNP,CAN,12036.0
MNP,CCK,6185.0
MNP,CHE,11879.0
MNP,CHL,15846.0
MNP,CHN,3042.0
MNP,CIV,15992.0
MNP,CMR,14565.0
MNP,COD,14480.0
MNP,COG,14481.0
MNP,COK,7188.0
MNP,COL,15121.0
MNP,COM,11677.0
MNP,CPV,16472.0
MNP,CRI,13871.0
MNP,CUB,13282.0
MNP,CUW,15151.0
MNP,CXR,5251.0
MNP,CYM,13606.0
MNP,CYP,10978.0
MNP,CZE,11356.0
MNP,DEU,11223.0
MNP,DJI,11004.0
MNP,DMA,15512.0
MNP,DNK,11018.0
MNP,DOM,14619.0
MNP,DZA,13057.0
MNP,ECU,14821.0
MNP,EGY,11406.0
MNP,ERI,11305.0
MNP,ESH,14800.0
MNP,ESP,13089.0
MNP,EST,10191.0
MNP,ETH,11550.0
MNP,FIN,10136.0
MNP,FJI,5144.0
MNP,FLK,15449.0
MNP,FRA,12047.0
MNP,FRO,11111.0
MNP,FSM,1636.0
MNP,GAB,14926.0
MNP,GBR,11911.0
MNP,GEO,9779.0
MNP,GHA,15689.0
MNP,GIB,13564.0
MNP,GIN,16457.0
MNP,GLP,15431.0
MNP,GMB,16299.0
MNP,GNB,16382.0
MNP,GNQ,14832.0
MNP,GRC,11580.0
MNP,GRD,15744.0
MNP,GRL,11075.0
MNP,GTM,13012.0
MNP,GUF,17028.0
MNP,GUM,221.0
MNP,GUY,16432.0
MNP,HKG,3412.0
MNP,HND,13359.0
MNP,HRV,11582.0
MNP,HTI,14421.0
MNP,HUN,11282.0
MNP,IDN,4903.0
MNP,IND,7145.0
MNP,IOT,8461.0
MNP,IRL,11954.0
MNP,IRN,9422.0
MNP,IRQ,10114.0
MNP,ISL,11143.0
MNP,ISR,11004.0
MNP,ITA,12080.0
MNP,JAM,14084.0
MNP,JOR,10909.0
MNP,JPN,2348.0
MNP,KAZ,7158.0
MNP,KEN,12088.0
MNP,KGZ,7346.0
MNP,KHM,4436.0
MNP,KIR,3362.0
MNP,KNA,15253.0
MNP,KOR,3092.0
MNP,KWT,9927.0
MNP,LAO,4605.0
MNP,LBN,10861.0
MNP,LBR,16507.0
MNP,LBY,12687.0
MNP,LCA,15647.0
MNP,LIE,11843.0
MNP,LKA,7235.0
MNP,LSO,13550.0
MNP,LTU,10460.0
MNP,LUX,11808.0
MNP,LVA,10379.0
MNP,MAC,3477.0
MNP,MAR,13914.0
MNP,MCO,12231.0
MNP,MDA,10697.0
MNP,MDG,11397.0
MNP,MDV,7991.0
MNP,MEX,11957.0
MNP,MHL,2936.0
MNP,MKD,11494.0
MNP,MLI,15793.0
MNP,MLT,12381.0
MNP,MMR,5298.0
MNP,MNE,11610.0
MNP,MNG,5080.0
MNP,MOZ,13045.0
MNP,MRT,15818.0
MNP,MSR,15331.0
MNP,MTQ,15592.0
MNP,MUS,10412.0
MNP,MWI,12734.0
MNP,MYS,5011.0
MNP,MYT,11494.0
MNP,NAM,14589.0
MNP,NCL,4722.0
MNP,NER,14913.0
MNP,NFK,5451.0
MNP,NGA,15235.0
MNP,NIC,13550.0
MNP,NIU,6160.0
MNP,NLD,11628.0
MNP,NOR,10756.0
MNP,NPL,6355.0
MNP,NRU,2907.0
MNP,NZL,6519.0
MNP,OMN,9068.0
MNP,PAK,8195.0
MNP,PAN,14363.0
MNP,PCN,10300.0
MNP,PER,15400.0
MNP,PHL,2665.0
MNP,PLW,1507.0
MNP,PNG,2731.0
MNP,POL,10849.0
MNP,PRI,14912.0
MNP,PRK,3285.0
MNP,PRT,13491.0
MNP,PRY,17347.0
MNP,PSE,11058.0
MNP,PYF,7968.0
MNP,QAT,9727.0
MNP,REU,10638.0
MNP,ROU,11029.0
MNP,RUS,9714.0
MNP,RWA,12832.0
MNP,SAU,10202.0
MNP,SDN,11939.0
MNP,SEN,16222.0
MNP,SGP,4853.0
MNP,SHN,16976.0
MNP,SLB,3143.0
MNP,SLE,16519.0
MNP,SLV,13188.0
MNP,SMR,11929.0
MNP,SOM,11075.0
MNP,SPM,12799.0
MNP,SRB,11375.0
MNP,SSD,12447.0
MNP,STP,15209.0
MNP,SUR,16740.0
MNP,SVK,11349.0
MNP,SVN,11651.0
MNP,SWE,10500.0
MNP,SWZ,13180.0
MNP,SXM,15170.0
MNP,SYC,10184.0
MNP,SYR,10809.0
MNP,TCA,14302.0
MNP,TCD,13813.0
MNP,TGO,15459.0
MNP,THA,4870.0
MNP,TJK,7850.0
MNP,TKL,5467.0
MNP,TKM,8761.0
MNP,TLS,3446.0
MNP,TON,5862.0
MNP,TTO,15870.0
MNP,TUN,12609.0
MNP,TUR,11022.0
MNP,TUV,4528.0
MNP,TWN,2756.0
MNP,TZA,11980.0
MNP,UGA,12492.0
MNP,UKR,10402.0
MNP,URY,16930.0
MNP,USA,12585.0
MNP,UZB,7793.0
MNP,VAT,12082.0
MNP,VCT,15698.0
MNP,VEN,15438.0
MNP,VGB,15026.0
MNP,VNM,4264.0
MNP,VUT,4406.0
MNP,WLF,5245.0
MNP,WSM,5674.0
MNP,YEM,10767.0
MNP,ZAF,13487.0
MNP,ZMB,13346.0
MNP,ZWE,13092.0
MOZ,ABW,11852.0
MOZ,AFG,7735.0
MOZ,AGO,2779.0
MOZ,AIA,11415.0
MOZ,ALB,7563.0
MOZ,AND,8220.0
MOZ,ARE,6178.0
MOZ,ARG,8496.0
MOZ,ARM,7428.0
MOZ,ASM,14901.0
MOZ,ATG,11249.0
MOZ,AUS,10049.0
MOZ,AUT,8370.0
MOZ,AZE,7563.0
MOZ,BDI,2520.0
MOZ,BEL,8946.0
MOZ,BEN,4842.0
MOZ,BES,11660.0
MOZ,BFA,5616.0
MOZ,BGD,8314.0
MOZ,BGR,7659.0
MOZ,BHR,6092.0
MOZ,BHS,13064.0
MOZ,BIH,7863.0
MOZ,BLR,8860.0
MOZ,BLZ,13917.0
MOZ,BMU,12143.0
MOZ,BOL,10241.0
MOZ,BRA,7873.0
MOZ,BRB,10847.0
MOZ,BRN,9506.0
MOZ,BTN,8512.0
MOZ,BWA,675.0
MOZ,CAF,3675.0
MOZ,CAN,13672.0
MOZ,CCK,6879.0
MOZ,CHE,8468.0
MOZ,CHL,9571.0
MOZ,CHN,11372.0
MOZ,CIV,5245.0
MOZ,CMR,3999.0
MOZ,COD,3013.0
MOZ,COG,3020.0
MOZ,COK,14620.0
MOZ,COL,11893.0
MOZ,COM,1943.0
MOZ,CPV,7561.0
MOZ,CRI,13142.0
MOZ,CUB,13490.0
MOZ,CUW,11725.0
MOZ,CXR,7843.0
MOZ,CYM,13257.0
MOZ,CYP,6766.0
MOZ,CZE,8610.0
MOZ,DEU,8890.0
MOZ,DJI,4312.0
MOZ,DMA,11122.0
MOZ,DNK,9241.0
MOZ,DOM,12095.0
MOZ,DZA,7596.0
MOZ,ECU,12130.0
MOZ,EGY,6198.0
MOZ,ERI,4622.0
MOZ,ESH,7648.0
MOZ,ESP,8247.0
MOZ,EST,9491.0
MOZ,ETH,3930.0
MOZ,FIN,9570.0
MOZ,FJI,13903.0
MOZ,FLK,7808.0
MOZ,FRA,8811.0
MOZ,FRO,10361.0
MOZ,FSM,13910.0
MOZ,GAB,3822.0
MOZ,GBR,9155.0
MOZ,GEO,7598.0
MOZ,GHA,5159.0
MOZ,GIB,7939.0
MOZ,GIN,6352.0
MOZ,GLP,11187.0
MOZ,GMB,6880.0
MOZ,GNB,6677.0
MOZ,GNQ,3930.0
MOZ,GRC,7133.0
MOZ,GRD,11009.0
MOZ,GRL,12297.0
MOZ,GTM,13990.0
MOZ,GUF,9734.0
MOZ,GUM,12872.0
MOZ,GUY,10404.0
MOZ,HKG,10299.0
MOZ,HND,13636.0
MOZ,HRV,8121.0
MOZ,HTI,12336.0
MOZ,HUN,8246.0
MOZ,IDN,8154.0
MOZ,IND,7709.0
MOZ,IOT,4711.0
MOZ,IRL,9547.0
MOZ,IRN,7110.0
MOZ,IRQ,6684.0
MOZ,ISL,11041.0
MOZ,ISR,6428.0
MOZ,ITA,7789.0
MOZ,JAM,12754.0
MOZ,JOR,6420.0
MOZ,JPN,13134.0
MOZ,KAZ,8910.0
MOZ,KEN,2770.0
MOZ,KGZ,8759.0
MOZ,KHM,8868.0
MOZ,KIR,14996.0
MOZ,KNA,11342.0
MOZ,KOR,12096.0
MOZ,KWT,6343.0
MOZ,LAO,9008.0
MOZ,LBN,6633.0
MOZ,LBR,5879.0
MOZ,LBY,6824.0
MOZ,LCA,11024.0
MOZ,LIE,8418.0
MOZ,LKA,6281.0
MOZ,LSO,616.0
MOZ,LTU,8962.0
MOZ,LUX,8768.0
MOZ,LVA,9220.0
MOZ,MAC,10236.0
MOZ,MAR,7836.0
MOZ,MCO,8130.0
MOZ,MDA,8089.0
MOZ,MDG,1735.0
MOZ,MDV,5541.0
MOZ,MEX,15033.0
MOZ,MHL,15201.0
MOZ,MKD,7609.0
MOZ,MLI,6120.0
MOZ,MLT,7102.0
MOZ,MMR,8360.0
MOZ,MNE,7694.0
MOZ,MNG,11034.0
MOZ,MNP,13045.0
MOZ,MRT,7156.0
MOZ,MSR,11270.0
MOZ,MTQ,11060.0
MOZ,MUS,2640.0
MOZ,MWI,1335.0
MOZ,MYS,8106.0
MOZ,MYT,1979.0
MOZ,NAM,1605.0
MOZ,NCL,12731.0
MOZ,NER,5467.0
MOZ,NFK,12291.0
MOZ,NGA,4767.0
MOZ,NIC,13457.0
MOZ,NIU,14472.0
MOZ,NLD,9083.0
MOZ,NOR,9722.0
MOZ,NPL,8203.0
MOZ,NRU,14327.0
MOZ,NZL,12013.0
MOZ,OMN,6165.0
MOZ,PAK,6748.0
MOZ,PAN,12643.0
MOZ,PCN,14066.0
MOZ,PER,11318.0
MOZ,PHL,10570.0
MOZ,PLW,11570.0
MOZ,PNG,11957.0
MOZ,POL,8733.0
MOZ,PRI,11723.0
MOZ,PRK,12047.0
MOZ,PRT,8368.0
MOZ,PRY,8832.0
MOZ,PSE,6364.0
MOZ,PYF,15187.0
MOZ,QAT,6026.0
MOZ,REU,2413.0
MOZ,ROU,7821.0
MOZ,RUS,9067.0
MOZ,RWA,2670.0
MOZ,SAU,5810.0
MOZ,SDN,4593.0
MOZ,SEN,7031.0
MOZ,SGP,8223.0
MOZ,SHN,4106.0
MOZ,SLB,13126.0
MOZ,SLE,6240.0
MOZ,SLV,13818.0
MOZ,SMR,8004.0
MOZ,SOM,3395.0
MOZ,SPM,11966.0
MOZ,SRB,7932.0
MOZ,SSD,3410.0
MOZ,STP,4013.0
MOZ,SUR,10062.0
MOZ,SVK,8350.0
MOZ,SVN,8178.0
MOZ,SWE,9545.0
MOZ,SWZ,138.0
MOZ,SXM,11406.0
MOZ,SYC,3404.0
MOZ,SYR,6594.0
MOZ,TCA,12335.0
MOZ,TCD,4615.0
MOZ,TGO,4900.0
MOZ,THA,8575.0
MOZ,TJK,8081.0
MOZ,TKL,15336.0
MOZ,TKM,7575.0
MOZ,TLS,9911.0
MOZ,TON,14005.0
MOZ,TTO,10921.0
MOZ,TUN,7332.0
MOZ,TUR,7424.0
MOZ,TUV,14775.0
MOZ,TWN,11098.0
MOZ,TZA,2238.0
MOZ,UGA,2908.0
MOZ,UKR,8465.0
MOZ,URY,8296.0
MOZ,USA,13183.0
MOZ,UZB,8353.0
MOZ,VAT,7791.0
MOZ,VCT,11008.0
MOZ,VEN,11447.0
MOZ,VGB,11575.0
MOZ,VNM,8992.0
MOZ,VUT,13224.0
MOZ,WLF,14679.0
MOZ,WSM,14887.0
MOZ,YEM,4745.0
MOZ,ZAF,443.0
MOZ,ZMB,1246.0
MOZ,ZWE,912.0
MRT,ABW,5818.0
MRT,AFG,8462.0
MRT,AGO,4379.0
MRT,AIA,4967.0
MRT,ALB,4267.0
MRT,AND,3174.0
MRT,ARE,7339.0
MRT,ARG,7359.0
MRT,ARM,6243.0
MRT,ASM,17301.0
MRT,ATG,4857.0
MRT,AUS,17146.0
MRT,AUT,4440.0
MRT,AZE,6701.0
MRT,BDI,5511.0
MRT,BEL,4056.0
MRT,BEN,2370.0
MRT,BES,5641.0
MRT,BFA,1675.0
MRT,BGD,10794.0
MRT,BGR,4595.0
MRT,BHR,6855.0
MRT,BHS,6351.0
MRT,BIH,4295.0
MRT,BLR,5442.0
MRT,BLZ,7667.0
MRT,BMU,5117.0
MRT,BOL,6879.0
MRT,BRA,5684.0
MRT,BRB,4702.0
MRT,BRN,14072.0
MRT,BTN,10559.0
MRT,BWA,6557.0
MRT,CAF,4054.0
MRT,CAN,6517.0
MRT,CCK,12818.0
MRT,CHE,3940.0
MRT,CHL,8136.0
MRT,CHN,12913.0
MRT,CIV,1917.0
MRT,CMR,3383.0
MRT,COD,4236.0
MRT,COG,4229.0
MRT,COK,16227.0
MRT,COL,6488.0
MRT,COM,7293.0
MRT,CPV,877.0
MRT,CRI,7376.0
MRT,CUB,6887.0
MRT,CUW,5713.0
MRT,CXR,13705.0
MRT,CYM,6856.0
MRT,CYP,5205.0
MRT,CZE,4463.0
MRT,DEU,4598.0
MRT,DJI,6379.0
MRT,DMA,4841.0
MRT,DNK,4816.0
MRT,DOM,5679.0
MRT,DZA,2784.0
MRT,ECU,7350.0
MRT,EGY,4945.0
MRT,ERI,5843.0
MRT,ESH,1044.0
MRT,ESP,2741.0
MRT,EST,5634.0
MRT,ETH,5987.0
MRT,FIN,5692.0
MRT,FJI,18508.0
MRT,FLK,8734.0
MRT,FRA,3792.0
MRT,FRO,4930.0
MRT,FSM,17166.0
MRT,GAB,3401.0
MRT,GBR,3963.0
MRT,GEO,6284.0
MRT,GHA,2004.0
MRT,GIB,2258.0
MRT,GIN,975.0
MRT,GLP,4864.0
MRT,GMB,518.0
MRT,GNB,690.0
MRT,GNQ,3336.0
MRT,GRC,4437.0
MRT,GRD,4954.0
MRT,GRL,5781.0
MRT,GTM,7921.0
MRT,GUF,4213.0
MRT,GUM,15930.0
MRT,GUY,4739.0
MRT,HKG,12996.0
MRT,HND,7588.0
MRT,HRV,4257.0
MRT,HTI,5932.0
MRT,HUN,4556.0
MRT,IDN,13698.0
MRT,IND,9368.0
MRT,IOT,10094.0
MRT,IRL,4001.0
MRT,IRN,6843.0
MRT,IRQ,6205.0
MRT,ISL,5134.0
MRT,ISR,5299.0
MRT,ITA,3775.0
MRT,JAM,6407.0
MRT,JOR,5408.0
MRT,JPN,13527.0
MRT,KAZ,8882.0
MRT,KEN,6164.0
MRT,KGZ,8709.0
MRT,KHM,12756.0
MRT,KIR,17648.0
MRT,KNA,4947.0
MRT,KOR,12732.0
MRT,KWT,6563.0
MRT,LAO,12213.0
MRT,LBN,5381.0
MRT,LBR,1420.0
MRT,LBY,3342.0
MRT,LCA,4827.0
MRT,LIE,3976.0
MRT,LKA,10392.0
MRT,LSO,7021.0
MRT,LTU,5360.0
MRT,LUX,4018.0
MRT,LVA,5440.0
MRT,MAC,12948.0
MRT,MAR,1910.0
MRT,MCO,3591.0
MRT,MDA,5186.0
MRT,MDG,8060.0
MRT,MDV,9820.0
MRT,MEX,8672.0
MRT,MHL,17107.0
MRT,MKD,4421.0
MRT,MLI,1046.0
MRT,MLT,3589.0
MRT,MMR,11654.0
MRT,MNE,4283.0
MRT,MNG,10761.0
MRT,MNP,15818.0
MRT,MOZ,7156.0
MRT,MSR,4901.0
MRT,MTQ,4822.0
MRT,MUS,9067.0
MRT,MWI,6512.0
MRT,MYS,12809.0
MRT,MYT,7538.0
MRT,NAM,5759.0
MRT,NCL,19481.0
MRT,NER,2002.0
MRT,NFK,18726.0
MRT,NGA,2466.0
MRT,NIC,7541.0
MRT,NIU,17284.0
MRT,NLD,4218.0
MRT,NOR,5114.0
MRT,NPL,10154.0
MRT,NRU,18037.0
MRT,NZL,17677.0
MRT,OMN,7700.0
MRT,PAK,8510.0
MRT,PAN,6921.0
MRT,PCN,13039.0
MRT,PER,7487.0
MRT,PHL,14077.0
MRT,PLW,15727.0
MRT,PNG,17974.0
MRT,POL,4972.0
MRT,PRI,5283.0
MRT,PRK,12538.0
MRT,PRT,2381.0
MRT,PRY,6588.0
MRT,PSE,5264.0
MRT,PYF,15126.0
MRT,QAT,6952.0
MRT,REU,8902.0
MRT,ROU,4878.0
MRT,RUS,6114.0
MRT,RWA,5509.0
MRT,SAU,6489.0
MRT,SDN,5164.0
MRT,SEN,407.0
MRT,SGP,13108.0
MRT,SHN,3928.0
MRT,SLB,18956.0
MRT,SLE,1103.0
MRT,SLV,7806.0
MRT,SMR,3909.0
MRT,SOM,6918.0
MRT,SPM,4855.0
MRT,SRB,4495.0
MRT,SSD,5373.0
MRT,STP,3166.0
MRT,SUR,4465.0
MRT,SVK,4479.0
MRT,SVN,4181.0
MRT,SWE,5337.0
MRT,SWZ,7076.0
MRT,SXM,4969.0
MRT,SYC,8226.0
MRT,SYR,5454.0
MRT,TCA,5764.0
MRT,TCD,3395.0
MRT,TGO,2288.0
MRT,THA,12223.0
MRT,TJK,8335.0
MRT,TKL,17193.0
MRT,TKM,7445.0
MRT,TLS,15746.0
MRT,TON,17829.0
MRT,TTO,4967.0
MRT,TUN,3295.0
MRT,TUR,4967.0
MRT,TUV,18072.0
MRT,TWN,13385.0
MRT,TZA,6664.0
MRT,UGA,5661.0
MRT,UKR,5450.0
MRT,URY,7236.0
MRT,USA,6040.0
MRT,UZB,8313.0
MRT,VAT,3773.0
MRT,VCT,4871.0
MRT,VEN,5540.0
MRT,VGB,5128.0
MRT,VNM,12968.0
MRT,VUT,19577.0
MRT,WLF,17846.0
MRT,WSM,17402.0
MRT,YEM,6398.0
MRT,ZAF,6832.0
MRT,ZMB,6106.0
MRT,ZWE,6503.0
MSR,ABW,965.0
MSR,AFG,12355.0
MSR,AGO,8772.0
MSR,AIA,182.0
MSR,ALB,8141.0
MSR,AND,6623.0
MSR,ARE,11810.0
MSR,ARG,5702.0
MSR,ARM,10176.0
MSR,ASM,12400.0
MSR,ATG,53.0
MSR,AUS,16485.0
MSR,AUT,7794.0
MSR,AZE,10580.0
MSR,BDI,10293.0
MSR,BEL,6935.0
MSR,BEN,7106.0
MSR,BES,831.0
MSR,BFA,6533.0
MSR,BGD,14634.0
MSR,BGR,8404.0
MSR,BHR,11340.0
MSR,BHS,1819.0
MSR,BIH,7987.0
MSR,BLR,8502.0
MSR,BLZ,2826.0
MSR,BMU,1736.0
MSR,BOL,3739.0
MSR,BRA,4773.0
MSR,BRB,495.0
MSR,BRN,17581.0
MSR,BTN,14250.0
MSR,BWA,10595.0
MSR,CAF,8895.0
MSR,CAN,3396.0
MSR,CCK,17718.0
MSR,CHE,7206.0
MSR,CHL,5633.0
MSR,CHN,14677.0
MSR,CIV,6459.0
MSR,CMR,8161.0
MSR,COD,8832.0
MSR,COG,8827.0
MSR,COK,11437.0
MSR,COL,1870.0
MSR,COM,12015.0
MSR,CPV,4144.0
MSR,CRI,2486.0
MSR,CUB,2222.0
MSR,CUW,891.0
MSR,CXR,18540.0
MSR,CYM,2047.0
MSR,CYP,9445.0
MSR,CZE,7644.0
MSR,DEU,7573.0
MSR,DJI,11242.0
MSR,DMA,187.0
MSR,DNK,7528.0
MSR,DOM,837.0
MSR,DZA,6724.0
MSR,ECU,2859.0
MSR,EGY,9417.0
MSR,ERI,10673.0
MSR,ESH,5158.0
MSR,ESP,6164.0
MSR,EST,8244.0
MSR,ETH,10880.0
MSR,FIN,8245.0
MSR,FJI,13620.0
MSR,FLK,7599.0
MSR,FRA,6764.0
MSR,FRO,6599.0
MSR,FSM,14869.0
MSR,GAB,8052.0
MSR,GBR,6638.0
MSR,GEO,10133.0
MSR,GHA,6674.0
MSR,GIB,5969.0
MSR,GIN,5312.0
MSR,GLP,102.0
MSR,GMB,4898.0
MSR,GNB,5047.0
MSR,GNQ,8037.0
MSR,GRC,8535.0
MSR,GRD,526.0
MSR,GRL,5323.0
MSR,GTM,3043.0
MSR,GUF,1698.0
MSR,GUM,15547.0
MSR,GUY,1190.0
MSR,HKG,15664.0
MSR,HND,2698.0
MSR,HRV,7781.0
MSR,HTI,1091.0
MSR,HUN,8000.0
MSR,IDN,18349.0
MSR,IND,13357.0
MSR,IOT,14992.0
MSR,IRL,6286.0
MSR,IRN,10939.0
MSR,IRQ,10469.0
MSR,ISL,6076.0
MSR,ISR,9673.0
MSR,ITA,7526.0
MSR,JAM,1555.0
MSR,JOR,9782.0
MSR,JPN,13757.0
MSR,KAZ,12163.0
MSR,KEN,11020.0
MSR,KGZ,12066.0
MSR,KHM,16568.0
MSR,KIR,13654.0
MSR,KNA,78.0
MSR,KOR,13911.0
MSR,KWT,10959.0
MSR,LAO,15820.0
MSR,LBN,9673.0
MSR,LBR,5710.0
MSR,LBY,7675.0
MSR,LCA,335.0
MSR,LIE,7282.0
MSR,LKA,15095.0
MSR,LSO,10882.0
MSR,LTU,8341.0
MSR,LUX,7047.0
MSR,LVA,8236.0
MSR,MAC,15666.0
MSR,MAR,5738.0
MSR,MCO,7109.0
MSR,MDA,8742.0
MSR,MDG,12634.0
MSR,MDV,14637.0
MSR,MEX,3912.0
MSR,MHL,13569.0
MSR,MKD,8263.0
MSR,MLI,5839.0
MSR,MLT,7757.0
MSR,MMR,15604.0
MSR,MNE,8079.0
MSR,MNG,12757.0
MSR,MNP,15331.0
MSR,MOZ,11270.0
MSR,MRT,4901.0
MSR,MTQ,271.0
MSR,MUS,13688.0
MSR,MWI,11082.0
MSR,MYS,17189.0
MSR,MYT,12252.0
MSR,NAM,9667.0
MSR,NCL,14910.0
MSR,NER,6893.0
MSR,NFK,14747.0
MSR,NGA,7216.0
MSR,NIC,2641.0
MSR,NIU,12426.0
MSR,NLD,6994.0
MSR,NOR,7456.0
MSR,NPL,13973.0
MSR,NRU,14358.0
MSR,NZL,14038.0
MSR,OMN,12190.0
MSR,PAK,12844.0
MSR,PAN,2065.0
MSR,PCN,8499.0
MSR,PER,3582.0
MSR,PHL,16514.0
MSR,PLW,16774.0
MSR,PNG,16749.0
MSR,POL,8091.0
MSR,PRI,453.0
MSR,PRK,13769.0
MSR,PRT,5675.0
MSR,PRY,4683.0
MSR,PSE,9664.0
MSR,PYF,10297.0
MSR,QAT,11461.0
MSR,REU,13487.0
MSR,ROU,8590.0
MSR,RUS,9080.0
MSR,RWA,10321.0
MSR,SAU,11056.0
MSR,SDN,10013.0
MSR,SEN,4793.0
MSR,SGP,17497.0
MSR,SHN,7181.0
MSR,SLB,15400.0
MSR,SLE,5386.0
MSR,SLV,2916.0
MSR,SMR,7513.0
MSR,SOM,11817.0
MSR,SPM,3371.0
MSR,SRB,8142.0
MSR,SSD,10266.0
MSR,STP,7765.0
MSR,SUR,1432.0
MSR,SVK,7850.0
MSR,SVN,7666.0
MSR,SWE,7865.0
MSR,SWZ,11150.0
MSR,SXM,163.0
MSR,SYC,13110.0
MSR,SYR,9759.0
MSR,TCA,1072.0
MSR,TCD,8296.0
MSR,TGO,6993.0
MSR,THA,16140.0
MSR,TJK,12041.0
MSR,TKL,12331.0
MSR,TKM,11350.0
MSR,TLS,18777.0
MSR,TON,13010.0
MSR,TTO,682.0
MSR,TUN,7359.0
MSR,TUR,8900.0
MSR,TUV,13325.0
MSR,TWN,15362.0
MSR,TZA,11453.0
MSR,UGA,10518.0
MSR,UKR,8777.0
MSR,URY,5749.0
MSR,USA,2885.0
MSR,UZB,11870.0
MSR,VAT,7524.0
MSR,VCT,416.0
MSR,VEN,861.0
MSR,VGB,312.0
MSR,VNM,16725.0
MSR,VUT,14676.0
MSR,WLF,12954.0
MSR,WSM,12501.0
MSR,YEM,11204.0
MSR,ZAF,10848.0
MSR,ZMB,10552.0
MSR,ZWE,10909.0
MTQ,ABW,996.0
MTQ,AFG,12453.0
MTQ,AGO,8600.0
MTQ,AIA,452.0
MTQ,ALB,8199.0
MTQ,AND,6686.0
MTQ,ARE,11840.0
MTQ,ARG,5454.0
MTQ,ARM,10250.0
MTQ,ASM,12481.0
MTQ,ATG,290.0
MTQ,AUS,16384.0
MTQ,AUT,7884.0
MTQ,AZE,10663.0
MTQ,BDI,10159.0
MTQ,BEL,7040.0
MTQ,BEN,6981.0
MTQ,BES,825.0
MTQ,BFA,6433.0
MTQ,BGD,14761.0
MTQ,BGR,8470.0
MTQ,BHR,11364.0
MTQ,BHS,2057.0
MTQ,BIH,8057.0
MTQ,BLR,8620.0
MTQ,BLZ,2977.0
MTQ,BMU,1994.0
MTQ,BOL,3528.0
MTQ,BRA,4504.0
MTQ,BRB,229.0
MTQ,BRN,17799.0
MTQ,BTN,14386.0
MTQ,BWA,10384.0
MTQ,CAF,8781.0
MTQ,CAN,3667.0
MTQ,CCK,17627.0
MTQ,CHE,7292.0
MTQ,CHL,5416.0
MTQ,CHN,14925.0
MTQ,CIV,6322.0
MTQ,CMR,8036.0
MTQ,COD,8679.0
MTQ,COG,8674.0
MTQ,COK,11475.0
MTQ,COL,1805.0
MTQ,COM,11862.0
MTQ,CPV,4040.0
MTQ,CRI,2555.0
MTQ,CUB,2431.0
MTQ,CUW,895.0
MTQ,CXR,18520.0
MTQ,CYM,2222.0
MTQ,CYP,9485.0
MTQ,CZE,7743.0
MTQ,DEU,7683.0
MTQ,DJI,11189.0
MTQ,DMA,84.0
MTQ,DNK,7652.0
MTQ,DOM,1035.0
MTQ,DZA,6756.0
MTQ,ECU,2784.0
MTQ,EGY,9431.0
MTQ,ERI,10631.0
MTQ,ESH,5138.0
MTQ,ESP,6219.0
MTQ,EST,8385.0
MTQ,ETH,10809.0
MTQ,FIN,8389.0
MTQ,FJI,13690.0
MTQ,FLK,7352.0
MTQ,FRA,6859.0
MTQ,FRO,6761.0
MTQ,FSM,15087.0
MTQ,GAB,7911.0
MTQ,GBR,6749.0
MTQ,GEO,10214.0
MTQ,GHA,6547.0
MTQ,GIB,6001.0
MTQ,GIN,5184.0
MTQ,GLP,169.0
MTQ,GMB,4790.0
MTQ,GNB,4930.0
MTQ,GNQ,7902.0
MTQ,GRC,8579.0
MTQ,GRD,292.0
MTQ,GRL,5552.0
MTQ,GTM,3172.0
MTQ,GUF,1436.0
MTQ,GUM,15806.0
MTQ,GUY,920.0
MTQ,HKG,15891.0
MTQ,HND,2818.0
MTQ,HRV,7859.0
MTQ,HTI,1278.0
MTQ,HUN,8086.0
MTQ,IDN,18410.0
MTQ,IND,13455.0
MTQ,IOT,14893.0
MTQ,IRL,6410.0
MTQ,IRN,11005.0
MTQ,IRQ,10514.0
MTQ,ISL,6262.0
MTQ,ISR,9700.0
MTQ,ITA,7585.0
MTQ,JAM,1721.0
MTQ,JOR,9810.0
MTQ,JPN,14026.0
MTQ,KAZ,12308.0
MTQ,KEN,10903.0
MTQ,KGZ,12205.0
MTQ,KHM,16730.0
MTQ,KIR,13825.0
MTQ,KNA,346.0
MTQ,KOR,14168.0
MTQ,KWT,10992.0
MTQ,LAO,15986.0
MTQ,LBN,9709.0
MTQ,LBR,5569.0
MTQ,LBY,7689.0
MTQ,LCA,67.0
MTQ,LIE,7367.0
MTQ,LKA,15101.0
MTQ,LSO,10660.0
MTQ,LTU,8462.0
MTQ,LUX,7145.0
MTQ,LVA,8367.0
MTQ,MAC,15891.0
MTQ,MAR,5756.0
MTQ,MCO,7177.0
MTQ,MDA,8830.0
MTQ,MDG,12457.0
MTQ,MDV,14608.0
MTQ,MEX,4080.0
MTQ,MHL,13765.0
MTQ,MKD,8325.0
MTQ,MLI,5734.0
MTQ,MLT,7787.0
MTQ,MMR,15733.0
MTQ,MNE,8142.0
MTQ,MNG,12978.0
MTQ,MNP,15592.0
MTQ,MOZ,11060.0
MTQ,MRT,4822.0
MTQ,MSR,271.0
MTQ,MUS,13511.0
MTQ,MWI,10912.0
MTQ,MYS,17287.0
MTQ,MYT,12097.0
MTQ,NAM,9455.0
MTQ,NCL,14961.0
MTQ,NER,6802.0
MTQ,NFK,14754.0
MTQ,NGA,7093.0
MTQ,NIC,2740.0
MTQ,NIU,12484.0
MTQ,NLD,7106.0
MTQ,NOR,7599.0
MTQ,NPL,14094.0
MTQ,NRU,14531.0
MTQ,NZL,14001.0
MTQ,OMN,12219.0
MTQ,PAK,12899.0
MTQ,PAN,2103.0
MTQ,PCN,8481.0
MTQ,PER,3433.0
MTQ,PHL,16765.0
MTQ,PLW,17041.0
MTQ,PNG,16908.0
MTQ,POL,8200.0
MTQ,PRI,686.0
MTQ,PRK,14024.0
MTQ,PRT,5724.0
MTQ,PRY,4431.0
MTQ,PSE,9688.0
MTQ,PYF,10342.0
MTQ,QAT,11482.0
MTQ,REU,13306.0
MTQ,ROU,8666.0
MTQ,RUS,9211.0
MTQ,RWA,10194.0
MTQ,SAU,11067.0
MTQ,SDN,9963.0
MTQ,SEN,4692.0
MTQ,SGP,17600.0
MTQ,SHN,6962.0
MTQ,SLB,15538.0
MTQ,SLE,5253.0
MTQ,SLV,3035.0
MTQ,SMR,7582.0
MTQ,SOM,11725.0
MTQ,SPM,3595.0
MTQ,SRB,8216.0
MTQ,SSD,10168.0
MTQ,STP,7620.0
MTQ,SUR,1163.0
MTQ,SVK,7939.0
MTQ,SVN,7745.0
MTQ,SWE,8005.0
MTQ,SWZ,10938.0
MTQ,SXM,433.0
MTQ,SYC,13001.0
MTQ,SYR,9794.0
MTQ,TCA,1308.0
MTQ,TCD,8211.0
MTQ,TGO,6866.0
MTQ,THA,16281.0
MTQ,TJK,12153.0
MTQ,TKL,12436.0
MTQ,TKM,11438.0
MTQ,TLS,19035.0
MTQ,TON,13061.0
MTQ,TTO,439.0
MTQ,TUN,7392.0
MTQ,TUR,8961.0
MTQ,TUV,13444.0
MTQ,TWN,15612.0
MTQ,TZA,11316.0
MTQ,UGA,10403.0
MTQ,UKR,8881.0
MTQ,URY,5496.0
MTQ,USA,3154.0
MTQ,UZB,11992.0
MTQ,VAT,7582.0
MTQ,VCT,161.0
MTQ,VEN,778.0
MTQ,VGB,566.0
MTQ,VNM,16896.0
MTQ,VUT,14755.0
MTQ,WLF,13045.0
MTQ,WSM,12586.0
MTQ,YEM,11170.0
MTQ,ZAF,10634.0
MTQ,ZMB,10373.0
MTQ,ZWE,10724.0
MUS,ABW,14385.0
MUS,AFG,6178.0
MUS,AGO,4917.0
MUS,AIA,13811.0
MUS,ALB,7840.0
MUS,AND,9003.0
MUS,ARE,5032.0
MUS,ARG,10931.0
MUS,ARM,6815.0
MUS,ASM,13518.0
MUS,ATG,13659.0
MUS,AUS,8450.0
MUS,AUT,8608.0
MUS,AZE,6748.0
MUS,BDI,3573.0
MUS,BEL,9424.0
MUS,BEN,6713.0
MUS,BES,14190.0
MUS,BFA,7398.0
MUS,BGD,6025.0
MUS,BGR,7793.0
MUS,BHR,5185.0
MUS,BHS,15378.0
MUS,BIH,8134.0
MUS,BLR,8692.0
MUS,BLZ,16467.0
MUS,BMU,14175.0
MUS,BOL,12833.0
MUS,BRA,10486.0
MUS,BRB,13315.0
MUS,BRN,6866.0
MUS,BTN,6306.0
MUS,BWA,3283.0
MUS,CAF,5048.0
MUS,CAN,15258.0
MUS,CCK,4286.0
MUS,CHE,8939.0
MUS,CHL,11925.0
MUS,CHN,8884.0
MUS,CIV,7293.0
MUS,CMR,5684.0
MUS,COD,4892.0
MUS,COG,4898.0
MUS,COK,13901.0
MUS,COL,14518.0
MUS,COM,1788.0
MUS,CPV,9671.0
MUS,CRI,15761.0
MUS,CUB,15879.0
MUS,CUW,14258.0
MUS,CXR,5267.0
MUS,CYM,15732.0
MUS,CYP,6632.0
MUS,CZE,8860.0
MUS,DEU,9110.0
MUS,DJI,3848.0
MUS,DMA,13563.0
MUS,DNK,9409.0
MUS,DOM,14526.0
MUS,DZA,8506.0
MUS,ECU,14764.0
MUS,EGY,6227.0
MUS,ERI,4421.0
MUS,ESH,9242.0
MUS,ESP,9220.0
MUS,EST,9313.0
MUS,ETH,3827.0
MUS,FIN,9378.0
MUS,FJI,12312.0
MUS,FLK,9887.0
MUS,FRA,9392.0
MUS,FRO,10710.0
MUS,FSM,11390.0
MUS,GAB,5706.0
MUS,GBR,9713.0
MUS,GEO,6971.0
MUS,GHA,7117.0
MUS,GIB,9083.0
MUS,GIN,8453.0
MUS,GLP,13617.0
MUS,GMB,8928.0
MUS,GNB,8750.0
MUS,GNQ,5749.0
MUS,GRC,7338.0
MUS,GRD,13506.0
MUS,GRL,12934.0
MUS,GTM,16587.0
MUS,GUF,12276.0
MUS,GUM,10244.0
MUS,GUY,12952.0
MUS,HKG,7746.0
MUS,HND,16225.0
MUS,HRV,8422.0
MUS,HTI,14779.0
MUS,HUN,8422.0
MUS,IDN,5543.0
MUS,IND,5804.0
MUS,IOT,2152.0
MUS,IRL,10171.0
MUS,IRN,6215.0
MUS,IRQ,6082.0
MUS,ISL,11501.0
MUS,ISR,6268.0
MUS,ITA,8286.0
MUS,JAM,15232.0
MUS,JOR,6209.0
MUS,JPN,10623.0
MUS,KAZ,7296.0
MUS,KEN,3070.0
MUS,KGZ,7195.0
MUS,KHM,6268.0
MUS,KIR,12724.0
MUS,KNA,13755.0
MUS,KOR,9673.0
MUS,KWT,5575.0
MUS,LAO,6484.0
MUS,LBN,6423.0
MUS,LBR,8021.0
MUS,LBY,7526.0
MUS,LCA,13485.0
MUS,LIE,8867.0
MUS,LKA,3869.0
MUS,LSO,3190.0
MUS,LTU,8842.0
MUS,LUX,9238.0
MUS,LVA,9096.0
MUS,MAC,7685.0
MUS,MAR,9112.0
MUS,MCO,8724.0
MUS,MDA,7975.0
MUS,MDG,1054.0
MUS,MDV,3211.0
MUS,MEX,17587.0
MUS,MHL,12777.0
MUS,MKD,7819.0
MUS,MLI,8036.0
MUS,MLT,7681.0
MUS,MMR,5880.0
MUS,MNE,7966.0
MUS,MNG,9002.0
MUS,MNP,10412.0
MUS,MOZ,2640.0
MUS,MRT,9067.0
MUS,MSR,13688.0
MUS,MTQ,13511.0
MUS,MWI,2613.0
MUS,MYS,5471.0
MUS,MYT,1543.0
MUS,NAM,4188.0
MUS,NCL,10993.0
MUS,NER,7116.0
MUS,NFK,10787.0
MUS,NGA,6611.0
MUS,NIC,16064.0
MUS,NIU,13271.0
MUS,NLD,9508.0
MUS,NOR,9830.0
MUS,NPL,6085.0
MUS,NRU,12020.0
MUS,NZL,10903.0
MUS,OMN,4844.0
MUS,PAK,5093.0
MUS,PAN,15255.0
MUS,PCN,15037.0
MUS,PER,13902.0
MUS,PHL,7939.0
MUS,PLW,8951.0
MUS,PNG,9626.0
MUS,POL,8765.0
MUS,PRI,14132.0
MUS,PRK,9657.0
MUS,PRT,9517.0
MUS,PRY,11393.0
MUS,PSE,6225.0
MUS,PYF,14903.0
MUS,QAT,5071.0
MUS,REU,228.0
MUS,ROU,7833.0
MUS,RUS,8619.0
MUS,RWA,3600.0
MUS,SAU,5098.0
MUS,SDN,4803.0
MUS,SEN,9059.0
MUS,SGP,5583.0
MUS,SHN,6671.0
MUS,SLB,10936.0
MUS,SLE,8363.0
MUS,SLV,16419.0
MUS,SMR,8452.0
MUS,SOM,2792.0
MUS,SPM,13409.0
MUS,SRB,8118.0
MUS,SSD,3961.0
MUS,STP,5976.0
MUS,SUR,12606.0
MUS,SVK,8568.0
MUS,SVN,8517.0
MUS,SWE,9515.0
MUS,SWZ,2777.0
MUS,SXM,13805.0
MUS,SYC,1734.0
MUS,SYR,6352.0
MUS,TCA,14708.0
MUS,TCD,5862.0
MUS,TGO,6809.0
MUS,THA,6019.0
MUS,TJK,6603.0
MUS,TKL,13768.0
MUS,TKM,6433.0
MUS,TLS,7408.0
MUS,TON,12690.0
MUS,TTO,13437.0
MUS,TUN,8029.0
MUS,TUR,7388.0
MUS,TUV,12903.0
MUS,TWN,8536.0
MUS,TZA,2460.0
MUS,UGA,3537.0
MUS,UKR,8258.0
MUS,URY,10743.0
MUS,USA,14917.0
MUS,UZB,6907.0
MUS,VAT,8288.0
MUS,VCT,13485.0
MUS,VEN,13992.0
MUS,VGB,13977.0
MUS,VNM,6379.0
MUS,VUT,11390.0
MUS,WLF,13084.0
MUS,WSM,13452.0
MUS,YEM,4189.0
MUS,ZAF,3082.0
MUS,ZMB,3138.0
MUS,ZWE,2794.0
MWI,ABW,11815.0
MWI,AFG,6543.0
MWI,AGO,2312.0
MWI,AIA,11201.0
MWI,ALB,6288.0
MWI,AND,7070.0
MWI,ARE,4929.0
MWI,ARG,9340.0
MWI,ARM,6096.0
MWI,ASM,15890.0
MWI,ATG,11051.0
MWI,AUS,10846.0
MWI,AUT,7099.0
MWI,AZE,6242.0
MWI,BDI,1268.0
MWI,BEL,7730.0
MWI,BEN,4142.0
MWI,BES,11619.0
MWI,BFA,4865.0
MWI,BGD,7437.0
MWI,BGR,6364.0
MWI,BHR,4803.0
MWI,BHS,12770.0
MWI,BIH,6591.0
MWI,BLR,7543.0
MWI,BLZ,13885.0
MWI,BMU,11626.0
MWI,BOL,10813.0
MWI,BRA,8446.0
MWI,BRB,10722.0
MWI,BRN,9199.0
MWI,BTN,7571.0
MWI,BWA,1443.0
MWI,CAF,2634.0
MWI,CAN,12933.0
MWI,CCK,6819.0
MWI,CHE,7244.0
MWI,CHL,10460.0
MWI,CHN,10590.0
MWI,CIV,4691.0
MWI,CMR,3152.0
MWI,COD,2291.0
MWI,COG,2297.0
MWI,COK,15843.0
MWI,COL,12069.0
MWI,COM,1058.0
MWI,CPV,7072.0
MWI,CRI,13271.0
MWI,CUB,13266.0
MWI,CUW,11689.0
MWI,CXR,7804.0
MWI,CYM,13128.0
MWI,CYP,5437.0
MWI,CZE,7344.0
MWI,DEU,7623.0
MWI,DJI,3009.0
MWI,DMA,10961.0
MWI,DNK,7969.0
MWI,DOM,11918.0
MWI,DZA,6475.0
MWI,ECU,12508.0
MWI,EGY,4877.0
MWI,ERI,3290.0
MWI,ESH,6816.0
MWI,ESP,7158.0
MWI,EST,8177.0
MWI,ETH,2601.0
MWI,FIN,8256.0
MWI,FJI,14762.0
MWI,FLK,8914.0
MWI,FRA,7618.0
MWI,FRO,9137.0
MWI,FSM,13908.0
MWI,GAB,3117.0
MWI,GBR,7961.0
MWI,GEO,6266.0
MWI,GHA,4530.0
MWI,GIB,6906.0
MWI,GIN,5850.0
MWI,GLP,11013.0
MWI,GMB,6336.0
MWI,GNB,6153.0
MWI,GNQ,3176.0
MWI,GRC,5842.0
MWI,GRD,10923.0
MWI,GRL,11176.0
MWI,GTM,14042.0
MWI,GUF,9731.0
MWI,GUM,12597.0
MWI,GUY,10407.0
MWI,HKG,9637.0
MWI,HND,13679.0
MWI,HRV,6858.0
MWI,HTI,12173.0
MWI,HUN,6964.0
MWI,IDN,8027.0
MWI,IND,6640.0
MWI,IOT,4285.0
MWI,IRL,8376.0
MWI,IRN,5802.0
MWI,IRQ,5355.0
MWI,ISL,9853.0
MWI,ISR,5097.0
MWI,ITA,6560.0
MWI,JAM,12631.0
MWI,JOR,5087.0
MWI,JPN,12334.0
MWI,KAZ,7707.0
MWI,KEN,1442.0
MWI,KGZ,7545.0
MWI,KHM,8341.0
MWI,KIR,15330.0
MWI,KNA,11147.0
MWI,KOR,11224.0
MWI,KWT,5032.0
MWI,LAO,8337.0
MWI,LBN,5300.0
MWI,LBR,5411.0
MWI,LBY,5628.0
MWI,LCA,10889.0
MWI,LIE,7188.0
MWI,LKA,5589.0
MWI,LSO,1820.0
MWI,LTU,7650.0
MWI,LUX,7548.0
MWI,LVA,7910.0
MWI,MAC,9572.0
MWI,MAR,6855.0
MWI,MCO,6929.0
MWI,MDA,6771.0
MWI,MDG,1566.0
MWI,MDV,4823.0
MWI,MEX,14992.0
MWI,MHL,15338.0
MWI,MKD,6325.0
MWI,MLI,5469.0
MWI,MLT,5880.0
MWI,MMR,7653.0
MWI,MNE,6420.0
MWI,MNG,9933.0
MWI,MNP,12734.0
MWI,MOZ,1335.0
MWI,MRT,6512.0
MWI,MSR,11082.0
MWI,MTQ,10912.0
MWI,MUS,2613.0
MWI,MYS,7726.0
MWI,MYT,1246.0
MWI,NAM,2004.0
MWI,NCL,13487.0
MWI,NER,4630.0
MWI,NFK,13170.0
MWI,NGA,4046.0
MWI,NIC,13546.0
MWI,NIU,15531.0
MWI,NLD,7858.0
MWI,NOR,8447.0
MWI,NPL,7221.0
MWI,NRU,14625.0
MWI,NZL,13058.0
MWI,OMN,4957.0
MWI,PAK,5618.0
MWI,PAN,12759.0
MWI,PCN,15343.0
MWI,PER,11876.0
MWI,PHL,10108.0
MWI,PLW,11362.0
MWI,PNG,12236.0
MWI,POL,7436.0
MWI,PRI,11523.0
MWI,PRK,11144.0
MWI,PRT,7345.0
MWI,PRY,9502.0
MWI,PSE,5033.0
MWI,PYF,16501.0
MWI,QAT,4746.0
MWI,REU,2423.0
MWI,ROU,6513.0
MWI,RUS,7734.0
MWI,RWA,1391.0
MWI,SAU,4501.0
MWI,SDN,3268.0
MWI,SEN,6472.0
MWI,SGP,7903.0
MWI,SHN,4249.0
MWI,SLB,13547.0
MWI,SLE,5757.0
MWI,SLV,13886.0
MWI,SMR,6768.0
MWI,SOM,2182.0
MWI,SPM,11126.0
MWI,SRB,6647.0
MWI,SSD,2095.0
MWI,STP,3376.0
MWI,SUR,10061.0
MWI,SVK,7076.0
MWI,SVN,6923.0
MWI,SWE,8248.0
MWI,SWZ,1395.0
MWI,SXM,11196.0
MWI,SYC,2592.0
MWI,SYR,5261.0
MWI,TCA,12096.0
MWI,TCD,3549.0
MWI,TGO,4230.0
MWI,THA,7967.0
MWI,TJK,6860.0
MWI,TKL,16238.0
MWI,TKM,6295.0
MWI,TLS,9981.0
MWI,TON,15005.0
MWI,TTO,10864.0
MWI,TUN,6143.0
MWI,TUR,6107.0
MWI,TUV,15468.0
MWI,TWN,10432.0
MWI,TZA,992.0
MWI,UGA,1585.0
MWI,UKR,7142.0
MWI,URY,9134.0
MWI,USA,12507.0
MWI,UZB,7119.0
MWI,VAT,6562.0
MWI,VCT,10894.0
MWI,VEN,11433.0
MWI,VGB,11367.0
MWI,VNM,8496.0
MWI,VUT,13925.0
MWI,WLF,15550.0
MWI,WSM,15849.0
MWI,YEM,3440.0
MWI,ZAF,1481.0
MWI,ZMB,615.0
MWI,ZWE,518.0
MYS,ABW,18051.0
MYS,AFG,4836.0
MYS,AGO,9901.0
MYS,AIA,17120.0
MYS,ALB,9102.0
MYS,AND,10607.0
MYS,ARE,5531.0
MYS,ARG,15964.0
MYS,ARM,7039.0
MYS,ASM,9846.0
MYS,ATG,17137.0
MYS,AUS,6358.0
MYS,AUT,9403.0
MYS,AZE,6624.0
MYS,BDI,8079.0
MYS,BEL,10254.0
MYS,BEN,11010.0
MYS,BES,17990.0
MYS,BFA,11377.0
MYS,BGD,2579.0
MYS,BGR,8823.0
MYS,BHR,6015.0
MYS,BHS,16882.0
MYS,BIH,9234.0
MYS,BLR,8689.0
MYS,BLZ,17480.0
MYS,BMU,15833.0
MYS,BOL,18166.0
MYS,BRA,15938.0
MYS,BRB,17285.0
MYS,BRN,1486.0
MYS,BTN,2981.0
MYS,BWA,8728.0
MYS,CAF,9231.0
MYS,CAN,14815.0
MYS,CCK,1778.0
MYS,CHE,9995.0
MYS,CHL,16556.0
MYS,CHN,3737.0
MYS,CIV,11724.0
MYS,CMR,10014.0
MYS,COD,9643.0
MYS,COG,9646.0
MYS,COK,11029.0
MYS,COL,19033.0
MYS,COM,6671.0
MYS,CPV,13672.0
MYS,CRI,18429.0
MYS,CUB,17066.0
MYS,CUW,18033.0
MYS,CXR,1563.0
MYS,CYM,17501.0
MYS,CYP,7846.0
MYS,CZE,9547.0
MYS,DEU,9616.0
MYS,DJI,6519.0
MYS,DMA,17255.0
MYS,DNK,9666.0
MYS,DOM,17444.0
MYS,DZA,10574.0
MYS,ECU,19819.0
MYS,EGY,7959.0
MYS,ERI,7002.0
MYS,ESH,12291.0
MYS,ESP,11080.0
MYS,EST,8969.0
MYS,ETH,6990.0
MYS,FIN,8972.0
MYS,FJI,8729.0
MYS,FLK,14297.0
MYS,FRA,10430.0
MYS,FRO,10649.0
MYS,FSM,6273.0
MYS,GAB,10265.0
MYS,GBR,10551.0
MYS,GEO,7073.0
MYS,GHA,11446.0
MYS,GIB,11326.0
MYS,GIN,12729.0
MYS,GLP,17222.0
MYS,GMB,12986.0
MYS,GNB,12901.0
MYS,GNQ,10221.0
MYS,GRC,8740.0
MYS,GRD,17535.0
MYS,GRL,12221.0
MYS,GTM,17633.0
MYS,GUF,17010.0
MYS,GUM,4870.0
MYS,GUY,17535.0
MYS,HKG,2511.0
MYS,HND,17868.0
MYS,HRV,9428.0
MYS,HTI,17520.0
MYS,HUN,9200.0
MYS,IDN,1182.0
MYS,IND,3834.0
MYS,IOT,3450.0
MYS,IRL,10906.0
MYS,IRN,6292.0
MYS,IRQ,6811.0
MYS,ISL,11241.0
MYS,ISR,7658.0
MYS,ITA,9714.0
MYS,JAM,17660.0
MYS,JOR,7547.0
MYS,JPN,5315.0
MYS,KAZ,5073.0
MYS,KEN,7235.0
MYS,KGZ,5155.0
MYS,KHM,997.0
MYS,KIR,7932.0
MYS,KNA,17180.0
MYS,KOR,4603.0
MYS,KWT,6360.0
MYS,LAO,1643.0
MYS,LBN,7630.0
MYS,LBR,12460.0
MYS,LBY,9685.0
MYS,LCA,17327.0
MYS,LIE,9920.0
MYS,LKA,2457.0
MYS,LSO,8661.0
MYS,LTU,8851.0
MYS,LUX,10145.0
MYS,LVA,8963.0
MYS,MAC,2467.0
MYS,MAR,11593.0
MYS,MCO,10114.0
MYS,MDA,8456.0
MYS,MDG,6409.0
MYS,MDV,3132.0
MYS,MEX,16638.0
MYS,MHL,7734.0
MYS,MKD,8972.0
MYS,MLI,12071.0
MYS,MLT,9555.0
MYS,MMR,1628.0
MYS,MNE,9154.0
MYS,MNG,4986.0
MYS,MNP,5011.0
MYS,MOZ,8106.0
MYS,MRT,12809.0
MYS,MSR,17189.0
MYS,MTQ,17287.0
MYS,MUS,5471.0
MYS,MWI,7726.0
MYS,MYT,6484.0
MYS,NAM,9595.0
MYS,NCL,7575.0
MYS,NER,10971.0
MYS,NFK,7903.0
MYS,NGA,10895.0
MYS,NIC,18107.0
MYS,NIU,9961.0
MYS,NLD,10195.0
MYS,NOR,9759.0
MYS,NPL,3227.0
MYS,NRU,7269.0
MYS,NZL,8727.0
MYS,OMN,5156.0
MYS,PAK,4421.0
MYS,PAN,18655.0
MYS,PCN,14177.0
MYS,PER,19010.0
MYS,PHL,2469.0
MYS,PLW,3664.0
MYS,PNG,5234.0
MYS,POL,9098.0
MYS,PRI,17272.0
MYS,PRK,4663.0
MYS,PRT,11579.0
MYS,PRY,16714.0
MYS,PSE,7677.0
MYS,PYF,12111.0
MYS,QAT,5905.0
MYS,REU,5699.0
MYS,ROU,8623.0
MYS,RUS,8122.0
MYS,RWA,7990.0
MYS,SAU,6349.0
MYS,SDN,7690.0
MYS,SEN,13041.0
MYS,SGP,316.0
MYS,SHN,11975.0
MYS,SLB,6610.0
MYS,SLE,12699.0
MYS,SLV,17798.0
MYS,SMR,9709.0
MYS,SOM,6266.0
MYS,SPM,14066.0
MYS,SRB,9072.0
MYS,SSD,7784.0
MYS,STP,10568.0
MYS,SUR,17274.0
MYS,SVK,9348.0
MYS,SVN,9542.0
MYS,SWE,9345.0
MYS,SWZ,8244.0
MYS,SXM,17136.0
MYS,SYC,5214.0
MYS,SYR,7546.0
MYS,TCA,17175.0
MYS,TCD,9580.0
MYS,TGO,11138.0
MYS,THA,1177.0
MYS,TJK,5148.0
MYS,TKL,9753.0
MYS,TKM,5849.0
MYS,TLS,2950.0
MYS,TON,9428.0
MYS,TTO,17616.0
MYS,TUN,9941.0
MYS,TUR,8337.0
MYS,TUV,8698.0
MYS,TWN,3217.0
MYS,TZA,7022.0
MYS,UGA,7694.0
MYS,UKR,8413.0
MYS,URY,15823.0
MYS,USA,15128.0
MYS,UZB,5326.0
MYS,VAT,9716.0
MYS,VCT,17410.0
MYS,VEN,18048.0
MYS,VGB,17195.0
MYS,VNM,1005.0
MYS,VUT,7663.0
MYS,WLF,9248.0
MYS,WSM,9728.0
MYS,YEM,6438.0
MYS,ZAF,8545.0
MYS,ZMB,8336.0
MYS,ZWE,8082.0
MYT,ABW,13022.0
MYT,AFG,5816.0
MYT,AGO,3523.0
MYT,AIA,12361.0
MYT,ALB,6535.0
MYT,AND,7574.0
MYT,ARE,4349.0
MYT,ARG,10426.0
MYT,ARM,5864.0
MYT,ASM,15060.0
MYT,ATG,12218.0
MYT,AUS,9986.0
MYT,AUT,7333.0
MYT,AZE,5904.0
MYT,BDI,2032.0
MYT,BEL,8086.0
MYT,BEN,5197.0
MYT,BES,12827.0
MYT,BFA,5865.0
MYT,BGD,6361.0
MYT,BGR,6537.0
MYT,BHR,4353.0
MYT,BHS,13875.0
MYT,BIH,6838.0
MYT,BLR,7576.0
MYT,BLZ,15073.0
MYT,BMU,12635.0
MYT,BOL,12019.0
MYT,BRA,9642.0
MYT,BRB,11915.0
MYT,BRN,7954.0
MYT,BTN,6542.0
MYT,BWA,2420.0
MYT,CAF,3506.0
MYT,CAN,13748.0
MYT,CCK,5600.0
MYT,CHE,7594.0
MYT,CHL,11522.0
MYT,CHN,9470.0
MYT,CIV,5804.0
MYT,CMR,4157.0
MYT,COD,3419.0
MYT,COG,3425.0
MYT,COK,15366.0
MYT,COL,13310.0
MYT,COM,245.0
MYT,CPV,8170.0
MYT,CRI,14502.0
MYT,CUB,14395.0
MYT,CUW,12898.0
MYT,CXR,6583.0
MYT,CYM,14295.0
MYT,CYP,5451.0
MYT,CZE,7586.0
MYT,DEU,7852.0
MYT,DJI,2705.0
MYT,DMA,12141.0
MYT,DNK,8175.0
MYT,DOM,13083.0
MYT,DZA,7042.0
MYT,ECU,13751.0
MYT,EGY,4970.0
MYT,ERI,3186.0
MYT,ESH,7700.0
MYT,ESP,7753.0
MYT,EST,8215.0
MYT,ETH,2516.0
MYT,FIN,8287.0
MYT,FJI,13855.0
MYT,FLK,9783.0
MYT,FRA,8023.0
MYT,FRO,9438.0
MYT,FSM,12668.0
MYT,GAB,4209.0
MYT,GBR,8356.0
MYT,GEO,6031.0
MYT,GHA,5612.0
MYT,GIB,7583.0
MYT,GIN,6962.0
MYT,GLP,12188.0
MYT,GMB,7420.0
MYT,GNB,7249.0
MYT,GNQ,4240.0
MYT,GRC,6047.0
MYT,GRD,12124.0
MYT,GRL,11612.0
MYT,GTM,15252.0
MYT,GUF,10957.0
MYT,GUM,11354.0
MYT,GUY,11630.0
MYT,HKG,8462.0
MYT,HND,14891.0
MYT,HRV,7122.0
MYT,HTI,13340.0
MYT,HUN,7165.0
MYT,IDN,6790.0
MYT,IND,5734.0
MYT,IOT,3040.0
MYT,IRL,8803.0
MYT,IRN,5404.0
MYT,IRQ,5105.0
MYT,ISL,10207.0
MYT,ISR,5088.0
MYT,ITA,6921.0
MYT,JAM,13806.0
MYT,JOR,5048.0
MYT,JPN,11230.0
MYT,KAZ,6992.0
MYT,KEN,1574.0
MYT,KGZ,6851.0
MYT,KHM,7122.0
MYT,KIR,14139.0
MYT,KNA,12313.0
MYT,KOR,10156.0
MYT,KWT,4673.0
MYT,LAO,7160.0
MYT,LBN,5268.0
MYT,LBR,6546.0
MYT,LBY,6093.0
MYT,LCA,12077.0
MYT,LIE,7527.0
MYT,LKA,4407.0
MYT,LSO,2592.0
MYT,LTU,7709.0
MYT,LUX,7899.0
MYT,LVA,7970.0
MYT,MAC,8397.0
MYT,MAR,7594.0
MYT,MCO,7340.0
MYT,MDA,6820.0
MYT,MDG,722.0
MYT,MDV,3647.0
MYT,MEX,16159.0
MYT,MHL,14107.0
MYT,MKD,6537.0
MYT,MLI,6514.0
MYT,MLT,6282.0
MYT,MMR,6487.0
MYT,MNE,6665.0
MYT,MNG,9059.0
MYT,MNP,11494.0
MYT,MOZ,1979.0
MYT,MRT,7538.0
MYT,MSR,12252.0
MYT,MTQ,12097.0
MYT,MUS,1543.0
MYT,MWI,1246.0
MYT,MYS,6484.0
MYT,NAM,3169.0
MYT,NCL,12535.0
MYT,NER,5575.0
MYT,NFK,12326.0
MYT,NGA,5092.0
MYT,NIC,14768.0
MYT,NIU,14800.0
MYT,NLD,8188.0
MYT,NOR,8627.0
MYT,NPL,6226.0
MYT,NRU,13433.0
MYT,NZL,12397.0
MYT,OMN,4281.0
MYT,PAK,4797.0
MYT,PAN,13991.0
MYT,PCN,15835.0
MYT,PER,13089.0
MYT,PHL,8881.0
MYT,PLW,10116.0
MYT,PNG,11064.0
MYT,POL,7569.0
MYT,PRI,12684.0
MYT,PRK,10096.0
MYT,PRT,8021.0
MYT,PRY,10671.0
MYT,PSE,5034.0
MYT,PYF,16284.0
MYT,QAT,4265.0
MYT,REU,1410.0
MYT,ROU,6624.0
MYT,RUS,7628.0
MYT,RWA,2057.0
MYT,SAU,4148.0
MYT,SDN,3431.0
MYT,SEN,7546.0
MYT,SGP,6657.0
MYT,SHN,5493.0
MYT,SLB,12410.0
MYT,SLE,6879.0
MYT,SLV,15101.0
MYT,SMR,7105.0
MYT,SOM,1639.0
MYT,SPM,11902.0
MYT,SRB,6851.0
MYT,SSD,2466.0
MYT,STP,4491.0
MYT,SUR,11286.0
MYT,SVK,7299.0
MYT,SVN,7206.0
MYT,SWE,8359.0
MYT,SWZ,2102.0
MYT,SXM,12357.0
MYT,SYC,1442.0
MYT,SYR,5209.0
MYT,TCA,13236.0
MYT,TCD,4323.0
MYT,TGO,5299.0
MYT,THA,6767.0
MYT,TJK,6187.0
MYT,TKL,15309.0
MYT,TKM,5781.0
MYT,TLS,8769.0
MYT,TON,14225.0
MYT,TTO,12073.0
MYT,TUN,6606.0
MYT,TUR,6187.0
MYT,TUV,14422.0
MYT,TWN,9262.0
MYT,TZA,928.0
MYT,UGA,2012.0
MYT,UKR,7149.0
MYT,URY,10224.0
MYT,USA,13385.0
MYT,UZB,6472.0
MYT,VAT,6923.0
MYT,VCT,12088.0
MYT,VEN,12648.0
MYT,VGB,12527.0
MYT,VNM,7271.0
MYT,VUT,12925.0
MYT,WLF,14626.0
MYT,WSM,14994.0
MYT,YEM,3113.0
MYT,ZAF,2332.0
MYT,ZMB,1853.0
MYT,ZWE,1621.0
NAM,ABW,10251.0
NAM,AFG,8380.0
NAM,AGO,1573.0
NAM,AIA,9814.0
NAM,ALB,7078.0
NAM,AND,7379.0
NAM,ARE,6711.0
NAM,ARG,7340.0
NAM,ARM,7506.0
NAM,ASM,15843.0
NAM,ATG,9646.0
NAM,AUS,11393.0
NAM,AUT,7837.0
NAM,AZE,7753.0
NAM,BDI,2502.0
NAM,BEL,8227.0
NAM,BEN,3588.0
NAM,BES,10059.0
NAM,BFA,4365.0
NAM,BGD,9438.0
NAM,BGR,7253.0
NAM,BHR,6493.0
NAM,BHS,11466.0
NAM,BIH,7354.0
NAM,BLR,8530.0
NAM,BLZ,12322.0
NAM,BMU,10603.0
NAM,BOL,8851.0
NAM,BRA,6473.0
NAM,BRB,9242.0
NAM,BRN,11033.0
NAM,BTN,9562.0
NAM,BWA,930.0
NAM,CAF,2982.0
NAM,CAN,12215.0
NAM,CCK,8463.0
NAM,CHE,7791.0
NAM,CHL,8465.0
NAM,CHN,12594.0
NAM,CIV,3849.0
NAM,CMR,2985.0
NAM,COD,2026.0
NAM,COG,2033.0
NAM,COK,15148.0
NAM,COL,10331.0
NAM,COM,3026.0
NAM,CPV,6064.0
NAM,CRI,11574.0
NAM,CUB,11885.0
NAM,CUW,10124.0
NAM,CXR,9434.0
NAM,CYM,11653.0
NAM,CYP,6615.0
NAM,CZE,8051.0
NAM,DEU,8325.0
NAM,DJI,4728.0
NAM,DMA,9518.0
NAM,DNK,8679.0
NAM,DOM,10490.0
NAM,DZA,6729.0
NAM,ECU,10642.0
NAM,EGY,6014.0
NAM,ERI,4821.0
NAM,ESH,6394.0
NAM,ESP,7297.0
NAM,EST,9114.0
NAM,ETH,4218.0
NAM,FIN,9197.0
NAM,FJI,15071.0
NAM,FLK,7045.0
NAM,FRA,8044.0
NAM,FRO,9612.0
NAM,FSM,15515.0
NAM,GAB,2671.0
NAM,GBR,8375.0
NAM,GEO,7667.0
NAM,GHA,3824.0
NAM,GIB,6913.0
NAM,GIN,4885.0
NAM,GLP,9583.0
NAM,GMB,5425.0
NAM,GNB,5216.0
NAM,GNQ,2816.0
NAM,GRC,6734.0
NAM,GRD,9404.0
NAM,GRL,11270.0
NAM,GTM,12410.0
NAM,GUF,8133.0
NAM,GUM,14427.0
NAM,GUY,8805.0
NAM,HKG,11626.0
NAM,HND,12051.0
NAM,HRV,7572.0
NAM,HTI,10731.0
NAM,HUN,7761.0
NAM,IDN,9729.0
NAM,IND,8586.0
NAM,IOT,6152.0
NAM,IRL,8704.0
NAM,IRN,7394.0
NAM,IRQ,6832.0
NAM,ISL,10186.0
NAM,ISR,6334.0
NAM,ITA,7151.0
NAM,JAM,11149.0
NAM,JOR,6358.0
NAM,JPN,14335.0
NAM,KAZ,9509.0
NAM,KEN,3178.0
NAM,KGZ,9334.0
NAM,KHM,10283.0
NAM,KIR,16512.0
NAM,KNA,9740.0
NAM,KOR,13217.0
NAM,KWT,6631.0
NAM,LAO,10325.0
NAM,LBN,6546.0
NAM,LBR,4406.0
NAM,LBY,6149.0
NAM,LCA,9419.0
NAM,LIE,7756.0
NAM,LKA,7571.0
NAM,LSO,1282.0
NAM,LTU,8594.0
NAM,LUX,8067.0
NAM,LVA,8834.0
NAM,MAC,11561.0
NAM,MAR,6744.0
NAM,MCO,7406.0
NAM,MDA,7794.0
NAM,MDG,3192.0
NAM,MDV,6808.0
NAM,MEX,13442.0
NAM,MHL,16783.0
NAM,MKD,7161.0
NAM,MLI,4760.0
NAM,MLT,6476.0
NAM,MMR,9646.0
NAM,MNE,7200.0
NAM,MNG,11822.0
NAM,MNP,14589.0
NAM,MOZ,1605.0
NAM,MRT,5759.0
NAM,MSR,9667.0
NAM,MTQ,9455.0
NAM,MUS,4188.0
NAM,MWI,2004.0
NAM,MYS,9595.0
NAM,MYT,3169.0
NAM,NCL,14045.0
NAM,NER,4312.0
NAM,NFK,13501.0
NAM,NGA,3539.0
NAM,NIC,11881.0
NAM,NIU,15338.0
NAM,NLD,8385.0
NAM,NOR,9158.0
NAM,NPL,9201.0
NAM,NRU,15873.0
NAM,NZL,13025.0
NAM,OMN,6802.0
NAM,PAK,7532.0
NAM,PAN,11069.0
NAM,PCN,13615.0
NAM,PER,9923.0
NAM,PHL,12031.0
NAM,PLW,13139.0
NAM,PNG,13536.0
NAM,POL,8293.0
NAM,PRI,10120.0
NAM,PRK,13131.0
NAM,PRT,7314.0
NAM,PRY,7509.0
NAM,PSE,6264.0
NAM,PYF,15340.0
NAM,QAT,6463.0
NAM,REU,3963.0
NAM,ROU,7474.0
NAM,RUS,8893.0
NAM,RWA,2677.0
NAM,SAU,6130.0
NAM,SDN,4540.0
NAM,SEN,5582.0
NAM,SGP,9738.0
NAM,SHN,2503.0
NAM,SLB,14644.0
NAM,SLE,4766.0
NAM,SLV,12239.0
NAM,SMR,7377.0
NAM,SOM,4102.0
NAM,SPM,10614.0
NAM,SRB,7468.0
NAM,SSD,3418.0
NAM,STP,2771.0
NAM,SUR,8461.0
NAM,SVK,7831.0
NAM,SVN,7602.0
NAM,SWE,9076.0
NAM,SWZ,1483.0
NAM,SXM,9804.0
NAM,SYC,4580.0
NAM,SYR,6532.0
NAM,TCA,10733.0
NAM,TCD,3841.0
NAM,TGO,3615.0
NAM,THA,9936.0
NAM,TJK,8649.0
NAM,TKL,16358.0
NAM,TKM,7969.0
NAM,TLS,11516.0
NAM,TON,14991.0
NAM,TTO,9318.0
NAM,TUN,6612.0
NAM,TUR,7144.0
NAM,TUV,16059.0
NAM,TWN,12424.0
NAM,TZA,2949.0
NAM,UGA,3038.0
NAM,UKR,8194.0
NAM,URY,7134.0
NAM,USA,11699.0
NAM,UZB,8879.0
NAM,VAT,7152.0
NAM,VCT,9403.0
NAM,VEN,9847.0
NAM,VGB,9973.0
NAM,VNM,10426.0
NAM,VUT,14567.0
NAM,WLF,15787.0
NAM,WSM,15866.0
NAM,YEM,5131.0
NAM,ZAF,1182.0
NAM,ZMB,1419.0
NAM,ZWE,1550.0
NCL,ABW,13967.0
NCL,AFG,12022.0
NCL,AGO,15503.0
NCL,AIA,14862.0
NCL,ALB,16256.0
NCL,AND,17366.0
NCL,ARE,13083.0
NCL,ARG,12133.0
NCL,ARM,14257.0
NCL,ASM,2568.0
NCL,ATG,14957.0
NCL,AUS,2683.0
NCL,AUT,16100.0
NCL,AZE,13800.0
NCL,BDI,14566.0
NCL,BEL,16477.0
NCL,BEN,17573.0
NCL,BES,14136.0
NCL,BFA,18340.0
NCL,BGD,9673.0
NCL,BGR,15930.0
NCL,BHR,13569.0
NCL,BHS,13576.0
NCL,BIH,16237.0
NCL,BLR,15098.0
NCL,BLZ,12208.0
NCL,BMU,14884.0
NCL,BOL,12690.0
NCL,BRA,13806.0
NCL,BRB,15060.0
NCL,BRN,6363.0
NCL,BTN,9922.0
NCL,BWA,13298.0
NCL,CAF,16041.0
NCL,CAN,13604.0
NCL,CCK,7431.0
NCL,CHE,16600.0
NCL,CHL,11376.0
NCL,CHN,7622.0
NCL,CIV,17876.0
NCL,CMR,16639.0
NCL,COD,15716.0
NCL,COG,15723.0
NCL,COK,3489.0
NCL,COL,13239.0
NCL,COM,12780.0
NCL,CPV,18693.0
NCL,CRI,12424.0
NCL,CUB,13029.0
NCL,CUW,14065.0
NCL,CXR,6585.0
NCL,CYM,13021.0
NCL,CYP,15273.0
NCL,CZE,16077.0
NCL,DEU,15941.0
NCL,DJI,13913.0
NCL,DMA,14950.0
NCL,DNK,15720.0
NCL,DOM,14167.0
NCL,DZA,17752.0
NCL,ECU,12343.0
NCL,EGY,15499.0
NCL,ERI,14474.0
NCL,ESH,19463.0
NCL,ESP,17793.0
NCL,EST,14903.0
NCL,ETH,14267.0
NCL,FIN,14846.0
NCL,FJI,1333.0
NCL,FLK,10747.0
NCL,FRA,16741.0
NCL,FRO,15560.0
NCL,FSM,3354.0
NCL,GAB,16545.0
NCL,GBR,16561.0
NCL,GEO,14223.0
NCL,GHA,17867.0
NCL,GIB,18280.0
NCL,GIN,18598.0
NCL,GLP,14937.0
NCL,GMB,18975.0
NCL,GNB,18832.0
NCL,GNQ,16636.0
NCL,GRC,16067.0
NCL,GRD,14803.0
NCL,GRL,14575.0
NCL,GTM,11936.0
NCL,GUF,15436.0
NCL,GUM,4610.0
NCL,GUY,14952.0
NCL,HKG,7511.0
NCL,HND,12256.0
NCL,HRV,16281.0
NCL,HTI,13919.0
NCL,HUN,15982.0
NCL,IDN,6631.0
NCL,IND,11100.0
NCL,IOT,10129.0
NCL,IRL,16502.0
NCL,IRN,13636.0
NCL,IRQ,14260.0
NCL,ISL,15313.0
NCL,ISR,15159.0
NCL,ITA,16760.0
NCL,JAM,13449.0
NCL,JOR,15049.0
NCL,JPN,7009.0
NCL,KAZ,11637.0
NCL,KEN,13977.0
NCL,KGZ,11807.0
NCL,KHM,7686.0
NCL,KIR,2706.0
NCL,KNA,14871.0
NCL,KOR,7808.0
NCL,KWT,13879.0
NCL,LAO,8255.0
NCL,LBN,15088.0
NCL,LBR,18213.0
NCL,LBY,17148.0
NCL,LCA,14949.0
NCL,LIE,16565.0
NCL,LKA,9958.0
NCL,LSO,12810.0
NCL,LTU,15181.0
NCL,LUX,16518.0
NCL,LVA,15100.0
NCL,MAC,7558.0
NCL,MAR,18626.0
NCL,MCO,16950.0
NCL,MDA,15345.0
NCL,MDG,11969.0
NCL,MDV,10494.0
NCL,MEX,11247.0
NCL,MHL,3292.0
NCL,MKD,16103.0
NCL,MLI,18794.0
NCL,MLT,16919.0
NCL,MMR,8793.0
NCL,MNE,16245.0
NCL,MNG,9779.0
NCL,MNP,4722.0
NCL,MOZ,12731.0
NCL,MRT,19481.0
NCL,MSR,14910.0
NCL,MTQ,14961.0
NCL,MUS,10993.0
NCL,MWI,13487.0
NCL,MYS,7575.0
NCL,MYT,12535.0
NCL,NAM,14045.0
NCL,NER,18107.0
NCL,NFK,767.0
NCL,NGA,17495.0
NCL,NIC,12284.0
NCL,NIU,2484.0
NCL,NLD,16313.0
NCL,NOR,15413.0
NCL,NPL,10321.0
NCL,NRU,2406.0
NCL,NZL,1805.0
NCL,OMN,12716.0
NCL,PAK,11925.0
NCL,PAN,12859.0
NCL,PCN,6610.0
NCL,PER,12131.0
NCL,PHL,6422.0
NCL,PLW,4785.0
NCL,PNG,2501.0
NCL,POL,15569.0
NCL,PRI,14555.0
NCL,PRK,8002.0
NCL,PRT,18135.0
NCL,PRY,12921.0
NCL,PSE,15190.0
NCL,PYF,4619.0
NCL,QAT,13466.0
NCL,REU,11144.0
NCL,ROU,15649.0
NCL,RUS,14426.0
NCL,RWA,14588.0
NCL,SAU,13920.0
NCL,SDN,15140.0
NCL,SEN,19075.0
NCL,SGP,7270.0
NCL,SHN,15693.0
NCL,SLB,1582.0
NCL,SLE,18477.0
NCL,SLV,12040.0
NCL,SMR,16629.0
NCL,SOM,13293.0
NCL,SPM,15338.0
NCL,SRB,16038.0
NCL,SSD,14808.0
NCL,STP,16744.0
NCL,SUR,15205.0
NCL,SVK,16060.0
NCL,SVN,16358.0
NCL,SWE,15197.0
NCL,SWZ,12800.0
NCL,SXM,14858.0
NCL,SYC,11963.0
NCL,SYR,15013.0
NCL,TCA,14116.0
NCL,TCD,16795.0
NCL,TGO,17629.0
NCL,THA,8219.0
NCL,TJK,12165.0
NCL,TKL,2776.0
NCL,TKM,13047.0
NCL,TLS,4625.0
NCL,TON,1901.0
NCL,TTO,14774.0
NCL,TUN,17227.0
NCL,TUR,15546.0
NCL,TUV,2044.0
NCL,TWN,7141.0
NCL,TZA,13435.0
NCL,UGA,14475.0
NCL,UKR,15087.0
NCL,URY,12253.0
NCL,USA,14052.0
NCL,UZB,12196.0
NCL,VAT,16761.0
NCL,VCT,14896.0
NCL,VEN,14217.0
NCL,VGB,14707.0
NCL,VNM,7475.0
NCL,VUT,539.0
NCL,WLF,2091.0
NCL,WSM,2484.0
NCL,YEM,13931.0
NCL,ZAF,13026.0
NCL,ZMB,13843.0
NCL,ZWE,13444.0
NER,ABW,7795.0
NER,AFG,7080.0
NER,AGO,2761.0
NER,AIA,6965.0
NER,ALB,3529.0
NER,AND,3214.0
NER,ARE,5701.0
NER,ARG,8314.0
NER,ARM,5074.0
NER,ASM,19254.0
NER,ATG,6850.0
NER,AUS,15470.0
NER,AUT,4066.0
NER,AZE,5509.0
NER,BDI,3543.0
NER,BEL,4145.0
NER,BEN,782.0
NER,BES,7614.0
NER,BFA,416.0
NER,BGD,9251.0
NER,BGR,3824.0
NER,BHR,5236.0
NER,BHS,8342.0
NER,BIH,3703.0
NER,BLR,5006.0
NER,BLZ,9669.0
NER,BMU,7060.0
NER,BOL,8409.0
NER,BRA,6705.0
NER,BRB,6669.0
NER,BRN,12340.0
NER,BTN,9093.0
NER,BWA,4951.0
NER,CAF,2071.0
NER,CAN,8307.0
NER,CCK,10829.0
NER,CHE,3799.0
NER,CHL,9290.0
NER,CHN,11874.0
NER,CIV,1127.0
NER,CMR,1486.0
NER,COD,2454.0
NER,COG,2446.0
NER,COK,17924.0
NER,COL,8406.0
NER,COM,5330.0
NER,CPV,2768.0
NER,CRI,9356.0
NER,CUB,8882.0
NER,CUW,7686.0
NER,CXR,11736.0
NER,CYM,8858.0
NER,CYP,3946.0
NER,CZE,4208.0
NER,DEU,4443.0
NER,DJI,4460.0
NER,DMA,6826.0
NER,DNK,4764.0
NER,DOM,7679.0
NER,DZA,2576.0
NER,ECU,9210.0
NER,EGY,3508.0
NER,ERI,3971.0
NER,ESH,2195.0
NER,ESP,3035.0
NER,EST,5429.0
NER,ETH,4027.0
NER,FIN,5505.0
NER,FJI,19369.0
NER,FLK,9237.0
NER,FRA,3919.0
NER,FRO,5430.0
NER,FSM,16542.0
NER,GAB,1662.0
NER,GBR,4219.0
NER,GEO,5166.0
NER,GHA,859.0
NER,GIB,2616.0
NER,GIN,1773.0
NER,GLP,6852.0
NER,GMB,2034.0
NER,GNB,1932.0
NER,GNQ,1540.0
NER,GRC,3452.0
NER,GRD,6915.0
NER,GRL,6959.0
NER,GTM,9921.0
NER,GUF,6045.0
NER,GUM,14938.0
NER,GUY,6631.0
NER,HKG,11630.0
NER,HND,9586.0
NER,HRV,3811.0
NER,HTI,7933.0
NER,HUN,4083.0
NER,IDN,11768.0
NER,IND,7866.0
NER,IOT,8099.0
NER,IRL,4479.0
NER,IRN,5493.0
NER,IRQ,4803.0
NER,ISL,5919.0
NER,ISR,3909.0
NER,ITA,3301.0
NER,JAM,8408.0
NER,JOR,4005.0
NER,JPN,12974.0
NER,KAZ,7765.0
NER,KEN,4165.0
NER,KGZ,7576.0
NER,KHM,11073.0
NER,KIR,18087.0
NER,KNA,6941.0
NER,KOR,11952.0
NER,KWT,5031.0
NER,LAO,10636.0
NER,LBN,4054.0
NER,LBR,1624.0
NER,LBY,2422.0
NER,LCA,6802.0
NER,LIE,3792.0
NER,LKA,8518.0
NER,LSO,5468.0
NER,LTU,4994.0
NER,LUX,4020.0
NER,LVA,5169.0
NER,MAC,11572.0
NER,MAR,2432.0
NER,MCO,3388.0
NER,MDA,4471.0
NER,MDG,6139.0
NER,MDV,7898.0
NER,MEX,10668.0
NER,MHL,17442.0
NER,MKD,3667.0
NER,MLI,1100.0
NER,MLT,2773.0
NER,MMR,10009.0
NER,MNE,3607.0
NER,MNG,9974.0
NER,MNP,14913.0
NER,MOZ,5467.0
NER,MRT,2002.0
NER,MSR,6893.0
NER,MTQ,6802.0
NER,MUS,7116.0
NER,MWI,4630.0
NER,MYS,10971.0
NER,MYT,5575.0
NER,NAM,4312.0
NER,NCL,18107.0
NER,NFK,17758.0
NER,NGA,794.0
NER,NIC,9533.0
NER,NIU,18974.0
NER,NLD,4318.0
NER,NOR,5199.0
NER,NPL,8669.0
NER,NRU,17816.0
NER,NZL,17317.0
NER,OMN,6030.0
NER,PAK,6888.0
NER,PAN,8889.0
NER,PCN,14703.0
NER,PER,9179.0
NER,PHL,12613.0
NER,PLW,14284.0
NER,PNG,16201.0
NER,POL,4614.0
NER,PRI,7282.0
NER,PRK,11774.0
NER,PRT,3005.0
NER,PRY,7771.0
NER,PSE,3856.0
NER,PYF,16966.0
NER,QAT,5311.0
NER,REU,6964.0
NER,ROU,4116.0
NER,RUS,5590.0
NER,RWA,3528.0
NER,SAU,4831.0
NER,SDN,3284.0
NER,SEN,2115.0
NER,SGP,11254.0
NER,SHN,3369.0
NER,SLB,17577.0
NER,SLE,1766.0
NER,SLV,9804.0
NER,SMR,3513.0
NER,SOM,4924.0
NER,SPM,6524.0
NER,SRB,3882.0
NER,SSD,3374.0
NER,STP,1544.0
NER,SUR,6329.0
NER,SVK,4083.0
NER,SVN,3791.0
NER,SWE,5254.0
NER,SWZ,5412.0
NER,SXM,6966.0
NER,SYC,6225.0
NER,SYR,4105.0
NER,TCA,7765.0
NER,TCD,1413.0
NER,TGO,822.0
NER,THA,10549.0
NER,TJK,7063.0
NER,TKL,19170.0
NER,TKM,6152.0
NER,TLS,13845.0
NER,TON,19116.0
NER,TTO,6915.0
NER,TUN,2704.0
NER,TUR,4010.0
NER,TUV,19374.0
NER,TWN,12187.0
NER,TZA,4683.0
NER,UGA,3663.0
NER,UKR,4836.0
NER,URY,8148.0
NER,USA,7878.0
NER,UZB,7122.0
NER,VAT,3301.0
NER,VCT,6841.0
NER,VEN,7497.0
NER,VGB,7126.0
NER,VNM,11282.0
NER,VUT,18482.0
NER,WLF,19847.0
NER,WSM,19372.0
NER,YEM,4537.0
NER,ZAF,5215.0
NER,ZMB,4306.0
NER,ZWE,4704.0
NFK,ABW,13784.0
NFK,AFG,12523.0
NFK,AGO,15019.0
NFK,AIA,14728.0
NFK,ALB,16842.0
NFK,AND,18087.0
NFK,ARE,13432.0
NFK,ARG,11445.0
NFK,ARM,14783.0
NFK,ASM,2740.0
NFK,ATG,14797.0
NFK,AUS,1677.0
NFK,AUT,16788.0
NFK,AZE,14331.0
NFK,BDI,14329.0
NFK,BEL,17228.0
NFK,BEN,17087.0
NFK,BES,13936.0
NFK,BFA,17866.0
NFK,BGD,10146.0
NFK,BGR,16522.0
NFK,BHR,13915.0
NFK,BHS,13617.0
NFK,BIH,16866.0
NFK,BLR,15798.0
NFK,BLZ,12191.0
NFK,BMU,15011.0
NFK,BOL,12162.0
NFK,BRA,13111.0
NFK,BRB,14819.0
NFK,BRN,6799.0
NFK,BTN,10427.0
NFK,BWA,12815.0
NFK,CAF,15792.0
NFK,CAN,13933.0
NFK,CCK,7542.0
NFK,CHE,17317.0
NFK,CHL,10742.0
NFK,CHN,8293.0
NFK,CIV,17249.0
NFK,CMR,16280.0
NFK,COD,15304.0
NFK,COG,15311.0
NFK,COK,3356.0
NFK,COL,12973.0
NFK,COM,12568.0
NFK,CPV,18053.0
NFK,CRI,12286.0
NFK,CUB,13062.0
NFK,CUW,13869.0
NFK,CXR,6769.0
NFK,CYM,12995.0
NFK,CYP,15726.0
NFK,CZE,16788.0
NFK,DEU,16671.0
NFK,DJI,14009.0
NFK,DMA,14757.0
NFK,DNK,16466.0
NFK,DOM,14073.0
NFK,DZA,18376.0
NFK,ECU,12032.0
NFK,EGY,15859.0
NFK,ERI,14602.0
NFK,ESH,19768.0
NFK,ESP,18539.0
NFK,EST,15641.0
NFK,ETH,14295.0
NFK,FIN,15586.0
NFK,FJI,1613.0
NFK,FLK,10005.0
NFK,FRA,17493.0
NFK,FRO,16322.0
NFK,FSM,4118.0
NFK,GAB,16105.0
NFK,GBR,17325.0
NFK,GEO,14768.0
NFK,GHA,17301.0
NFK,GIB,19009.0
NFK,GIN,17839.0
NFK,GLP,14757.0
NFK,GMB,18212.0
NFK,GNB,18065.0
NFK,GNQ,16220.0
NFK,GRC,16581.0
NFK,GRD,14560.0
NFK,GRL,15213.0
NFK,GTM,11893.0
NFK,GUF,15012.0
NFK,GUM,5328.0
NFK,GUY,14603.0
NFK,HKG,8094.0
NFK,HND,12189.0
NFK,HRV,16945.0
NFK,HTI,13839.0
NFK,HUN,16651.0
NFK,IDN,6879.0
NFK,IND,11566.0
NFK,IOT,10165.0
NFK,IRL,17268.0
NFK,IRN,14111.0
NFK,IRQ,14693.0
NFK,ISL,16044.0
NFK,ISR,15559.0
NFK,ITA,17393.0
NFK,JAM,13382.0
NFK,JOR,15449.0
NFK,JPN,7757.0
NFK,KAZ,12237.0
NFK,KEN,13839.0
NFK,KGZ,12399.0
NFK,KHM,8123.0
NFK,KIR,3406.0
NFK,KNA,14719.0
NFK,KOR,8525.0
NFK,KWT,14262.0
NFK,LAO,8738.0
NFK,LBN,15520.0
NFK,LBR,17481.0
NFK,LBY,17587.0
NFK,LCA,14732.0
NFK,LIE,17275.0
NFK,LKA,10203.0
NFK,LSO,12307.0
NFK,LTU,15891.0
NFK,LUX,17259.0
NFK,LVA,15826.0
NFK,MAC,8137.0
NFK,MAR,19359.0
NFK,MCO,17640.0
NFK,MDA,15977.0
NFK,MDG,11710.0
NFK,MDV,10672.0
NFK,MEX,11310.0
NFK,MHL,4017.0
NFK,MKD,16692.0
NFK,MLI,18140.0
NFK,MLT,17427.0
NFK,MMR,9231.0
NFK,MNE,16850.0
NFK,MNG,10478.0
NFK,MNP,5451.0
NFK,MOZ,12291.0
NFK,MRT,18726.0
NFK,MSR,14747.0
NFK,MTQ,14754.0
NFK,MUS,10787.0
NFK,MWI,13170.0
NFK,MYS,7903.0
NFK,MYT,12326.0
NFK,NAM,13501.0
NFK,NCL,767.0
NFK,NER,17758.0
NFK,NGA,17030.0
NFK,NIC,12186.0
NFK,NIU,2501.0
NFK,NLD,17068.0
NFK,NOR,16173.0
NFK,NPL,10810.0
NFK,NRU,3160.0
NFK,NZL,1073.0
NFK,OMN,13056.0
NFK,PAK,12313.0
NFK,PAN,12682.0
NFK,PCN,6284.0
NFK,PER,11698.0
NFK,PHL,6990.0
NFK,PLW,5399.0
NFK,PNG,3070.0
NFK,POL,16273.0
NFK,PRI,14442.0
NFK,PRK,8719.0
NFK,PRT,18902.0
NFK,PRY,12273.0
NFK,PSE,15580.0
NFK,PYF,4501.0
NFK,QAT,13802.0
NFK,REU,10917.0
NFK,ROU,16257.0
NFK,RUS,15121.0
NFK,RWA,14377.0
NFK,SAU,14231.0
NFK,SDN,15232.0
NFK,SEN,18321.0
NFK,SGP,7590.0
NFK,SHN,14979.0
NFK,SLB,2329.0
NFK,SLE,17722.0
NFK,SLV,11978.0
NFK,SMR,17290.0
NFK,SOM,13268.0
NFK,SPM,15741.0
NFK,SRB,16671.0
NFK,SSD,14711.0
NFK,STP,16259.0
NFK,SUR,14819.0
NFK,SVK,16744.0
NFK,SVN,17032.0
NFK,SWE,15946.0
NFK,SWZ,12347.0
NFK,SXM,14721.0
NFK,SYC,11925.0
NFK,SYR,15439.0
NFK,TCA,14075.0
NFK,TCD,16648.0
NFK,TGO,17115.0
NFK,THA,8651.0
NFK,TJK,12704.0
NFK,TKL,3075.0
NFK,TKM,13560.0
NFK,TLS,4974.0
NFK,TON,1908.0
NFK,TTO,14508.0
NFK,TUN,17784.0
NFK,TUR,16097.0
NFK,TUV,2560.0
NFK,TWN,7781.0
NFK,TZA,13247.0
NFK,UGA,14320.0
NFK,UKR,15751.0
NFK,URY,11556.0
NFK,USA,14332.0
NFK,UZB,12763.0
NFK,VAT,17395.0
NFK,VCT,14667.0
NFK,VEN,13984.0
NFK,VGB,14585.0
NFK,VNM,7915.0
NFK,VUT,1256.0
NFK,WLF,2396.0
NFK,WSM,2686.0
NFK,YEM,14091.0
NFK,ZAF,12549.0
NFK,ZMB,13460.0
NFK,ZWE,13063.0
NGA,ABW,8068.0
NGA,AFG,7393.0
NGA,AGO,2013.0
NGA,AIA,7309.0
NGA,ALB,4193.0
NGA,AND,3999.0
NGA,ARE,5894.0
NGA,ARG,7909.0
NGA,ARM,5541.0
NGA,ASM,18935.0
NGA,ATG,7178.0
NGA,AUS,14813.0
NGA,AUT,4788.0
NGA,AZE,5953.0
NGA,BDI,3084.0
NGA,BEL,4922.0
NGA,BEN,115.0
NGA,BES,7879.0
NGA,BFA,849.0
NGA,BGD,9427.0
NGA,BGR,4468.0
NGA,BHR,5456.0
NGA,BHS,8783.0
NGA,BIH,4394.0
NGA,BLR,5695.0
NGA,BLZ,10035.0
NGA,BMU,7582.0
NGA,BOL,8273.0
NGA,BRA,6368.0
NGA,BRB,6937.0
NGA,BRN,12327.0
NGA,BTN,9318.0
NGA,BWA,4219.0
NGA,CAF,1696.0
NGA,CAN,8940.0
NGA,CCK,10539.0
NGA,CHE,4560.0
NGA,CHL,8945.0
NGA,CHN,12241.0
NGA,CIV,831.0
NGA,CMR,945.0
NGA,COD,1782.0
NGA,COG,1775.0
NGA,COK,17579.0
NGA,COL,8579.0
NGA,COM,4849.0
NGA,CPV,3085.0
NGA,CRI,9621.0
NGA,CUB,9306.0
NGA,CUW,7952.0
NGA,CXR,11485.0
NGA,CYM,9235.0
NGA,CYP,4418.0
NGA,CZE,4945.0
NGA,DEU,5190.0
NGA,DJI,4403.0
NGA,DMA,7127.0
NGA,DNK,5519.0
NGA,DOM,8032.0
NGA,DZA,3356.0
NGA,ECU,9304.0
NGA,EGY,3912.0
NGA,ERI,4001.0
NGA,ESH,2887.0
NGA,ESP,3828.0
NGA,EST,6152.0
NGA,ETH,3909.0
NGA,FIN,6230.0
NGA,FJI,18608.0
NGA,FLK,8662.0
NGA,FRA,4701.0
NGA,FRO,6221.0
NGA,FSM,16861.0
NGA,GAB,950.0
NGA,GBR,5006.0
NGA,GEO,5652.0
NGA,GHA,556.0
NGA,GIB,3407.0
NGA,GIN,1910.0
NGA,GLP,7164.0
NGA,GMB,2332.0
NGA,GNB,2171.0
NGA,GNQ,870.0
NGA,GRC,4050.0
NGA,GRD,7170.0
NGA,GRL,7733.0
NGA,GTM,10258.0
NGA,GUF,6173.0
NGA,GUM,15223.0
NGA,GUY,6802.0
NGA,HKG,11855.0
NGA,HND,9910.0
NGA,HRV,4528.0
NGA,HTI,8289.0
NGA,HUN,4787.0
NGA,IDN,11576.0
NGA,IND,8094.0
NGA,IOT,7811.0
NGA,IRL,5271.0
NGA,IRN,5865.0
NGA,IRQ,5170.0
NGA,ISL,6712.0
NGA,ISR,4319.0
NGA,ITA,4028.0
NGA,JAM,8762.0
NGA,JOR,4403.0
NGA,JPN,13489.0
NGA,KAZ,8187.0
NGA,KEN,3811.0
NGA,KGZ,7994.0
NGA,KHM,11121.0
NGA,KIR,18583.0
NGA,KNA,7272.0
NGA,KOR,12416.0
NGA,KWT,5314.0
NGA,LAO,10764.0
NGA,LBN,4488.0
NGA,LBR,1570.0
NGA,LBY,3096.0
NGA,LCA,7085.0
NGA,LIE,4547.0
NGA,LKA,8443.0
NGA,LSO,4724.0
NGA,LTU,5697.0
NGA,LUX,4791.0
NGA,LVA,5886.0
NGA,MAC,11792.0
NGA,MAR,3213.0
NGA,MCO,4149.0
NGA,MDA,5110.0
NGA,MDG,5596.0
NGA,MDV,7770.0
NGA,MEX,11083.0
NGA,MHL,18013.0
NGA,MKD,4323.0
NGA,MLI,1426.0
NGA,MLT,3453.0
NGA,MMR,10104.0
NGA,MNE,4283.0
NGA,MNG,10475.0
NGA,MNP,15235.0
NGA,MOZ,4767.0
NGA,MRT,2466.0
NGA,MSR,7216.0
NGA,MTQ,7093.0
NGA,MUS,6611.0
NGA,MWI,4046.0
NGA,MYS,10895.0
NGA,MYT,5092.0
NGA,NAM,3539.0
NGA,NCL,17495.0
NGA,NER,794.0
NGA,NFK,17030.0
NGA,NIC,9830.0
NGA,NIU,18439.0
NGA,NLD,5093.0
NGA,NOR,5963.0
NGA,NPL,8890.0
NGA,NRU,18089.0
NGA,NZL,16525.0
NGA,OMN,6189.0
NGA,PAK,7062.0
NGA,PAN,9132.0
NGA,PCN,14517.0
NGA,PER,9132.0
NGA,PHL,12762.0
NGA,PLW,14393.0
NGA,PNG,16032.0
NGA,POL,5326.0
NGA,PRI,7631.0
NGA,PRK,12246.0
NGA,PRT,3790.0
NGA,PRY,7474.0
NGA,PSE,4258.0
NGA,PYF,16848.0
NGA,QAT,5512.0
NGA,REU,6441.0
NGA,ROU,4753.0
NGA,RUS,6248.0
NGA,RWA,3105.0
NGA,SAU,5035.0
NGA,SDN,3335.0
NGA,SEN,2454.0
NGA,SGP,11158.0
NGA,SHN,2672.0
NGA,SLB,17431.0
NGA,SLE,1849.0
NGA,SLV,10127.0
NGA,SMR,4246.0
NGA,SOM,4681.0
NGA,SPM,7199.0
NGA,SRB,4562.0
NGA,SSD,3127.0
NGA,STP,771.0
NGA,SUR,6478.0
NGA,SVK,4801.0
NGA,SVN,4517.0
NGA,SWE,5998.0
NGA,SWZ,4703.0
NGA,SXM,7307.0
NGA,SYC,5913.0
NGA,SYR,4526.0
NGA,TCA,8157.0
NGA,TCD,1424.0
NGA,TGO,244.0
NGA,THA,10614.0
NGA,TJK,7432.0
NGA,TKL,19355.0
NGA,TKM,6534.0
NGA,TLS,13655.0
NGA,TON,18372.0
NGA,TTO,7150.0
NGA,TUN,3433.0
NGA,TUR,4593.0
NGA,TUV,19513.0
NGA,TWN,12479.0
NGA,TZA,4246.0
NGA,UGA,3312.0
NGA,UKR,5490.0
NGA,URY,7731.0
NGA,USA,8484.0
NGA,UZB,7526.0
NGA,VAT,4028.0
NGA,VCT,7111.0
NGA,VEN,7737.0
NGA,VGB,7474.0
NGA,VNM,11324.0
NGA,VUT,17965.0
NGA,WLF,19247.0
NGA,WSM,19040.0
NGA,YEM,4561.0
NGA,ZAF,4488.0
NGA,ZMB,3658.0
NGA,ZWE,4056.0
NIC,ABW,1765.0
NIC,AFG,14229.0
NIC,AGO,11245.0
NIC,AIA,2579.0
NIC,ALB,10431.0
NIC,AND,8928.0
NIC,ARE,14145.0
NIC,ARG,5951.0
NIC,ARM,12315.0
NIC,ASM,9760.0
NIC,ATG,2684.0
NIC,AUS,14215.0
NIC,AUT,9927.0
NIC,AZE,12651.0
NIC,BDI,12883.0
NIC,BEL,9014.0
NIC,BEN,9718.0
NIC,BES,1957.0
NIC,BFA,9169.0
NIC,BGD,16023.0
NIC,BGR,10647.0
NIC,BHR,13710.0
NIC,BHS,1710.0
NIC,BIH,10225.0
NIC,BLR,10419.0
NIC,BLZ,628.0
NIC,BMU,3131.0
NIC,BOL,3741.0
NIC,BRA,5846.0
NIC,BRB,2894.0
NIC,BRN,17012.0
NIC,BTN,15601.0
NIC,BWA,12796.0
NIC,CAF,11520.0
NIC,CAN,3560.0
NIC,CCK,19701.0
NIC,CHE,9381.0
NIC,CHL,5310.0
NIC,CHN,14375.0
NIC,CIV,9050.0
NIC,CMR,10771.0
NIC,COD,11375.0
NIC,COG,11370.0
NIC,COK,8839.0
NIC,COL,1577.0
NIC,COM,14543.0
NIC,CPV,6777.0
NIC,CRI,340.0
NIC,CUB,1283.0
NIC,CUW,1885.0
NIC,CXR,18720.0
NIC,CYM,948.0
NIC,CYP,11791.0
NIC,CZE,9731.0
NIC,DEU,9590.0
NIC,DJI,13854.0
NIC,DMA,2710.0
NIC,DNK,9448.0
NIC,DOM,1890.0
NIC,DZA,9153.0
NIC,ECU,1730.0
NIC,EGY,11867.0
NIC,ERI,13269.0
NIC,ESH,7742.0
NIC,ESP,8520.0
NIC,EST,9999.0
NIC,ETH,13513.0
NIC,FIN,9975.0
NIC,FJI,10982.0
NIC,FLK,7584.0
NIC,FRA,8902.0
NIC,FRO,8273.0
NIC,FSM,12602.0
NIC,GAB,10630.0
NIC,GBR,8695.0
NIC,GEO,12233.0
NIC,GHA,9281.0
NIC,GIB,8415.0
NIC,GIN,7921.0
NIC,GLP,2681.0
NIC,GMB,7528.0
NIC,GNB,7670.0
NIC,GNQ,10629.0
NIC,GRC,10880.0
NIC,GRD,2666.0
NIC,GRL,6368.0
NIC,GTM,539.0
NIC,GUF,3814.0
NIC,GUM,13729.0
NIC,GUY,3139.0
NIC,HKG,15600.0
NIC,HND,239.0
NIC,HRV,9978.0
NIC,HTI,1653.0
NIC,HUN,10142.0
NIC,IDN,18451.0
NIC,IND,15156.0
NIC,IOT,17631.0
NIC,IRL,8271.0
NIC,IRN,13100.0
NIC,IRQ,12761.0
NIC,ISL,7567.0
NIC,ISR,12067.0
NIC,ITA,9829.0
NIC,JAM,1206.0
NIC,JOR,12171.0
NIC,JPN,12852.0
NIC,KAZ,13639.0
NIC,KEN,13641.0
NIC,KGZ,13611.0
NIC,KHM,17113.0
NIC,KIR,11158.0
NIC,KNA,2595.0
NIC,KOR,13508.0
NIC,KWT,13295.0
NIC,LAO,16538.0
NIC,LBN,12028.0
NIC,LBR,8294.0
NIC,LBY,10152.0
NIC,LCA,2746.0
NIC,LIE,9461.0
NIC,LKA,17405.0
NIC,LSO,12959.0
NIC,LTU,10247.0
NIC,LUX,9162.0
NIC,LVA,10077.0
NIC,MAC,15642.0
NIC,MAR,8230.0
NIC,MCO,9379.0
NIC,MDA,10846.0
NIC,MDG,15033.0
NIC,MDV,17148.0
NIC,MEX,1599.0
NIC,MHL,11186.0
NIC,MKD,10531.0
NIC,MLI,8472.0
NIC,MLT,10178.0
NIC,MMR,16793.0
NIC,MNE,10346.0
NIC,MNG,13229.0
NIC,MNP,13550.0
NIC,MOZ,13457.0
NIC,MRT,7541.0
NIC,MSR,2641.0
NIC,MTQ,2740.0
NIC,MUS,16064.0
NIC,MWI,13546.0
NIC,MYS,18107.0
NIC,MYT,14768.0
NIC,NAM,11881.0
NIC,NCL,12284.0
NIC,NER,9533.0
NIC,NFK,12186.0
NIC,NGA,9830.0
NIC,NIU,9800.0
NIC,NLD,9027.0
NIC,NOR,9235.0
NIC,NPL,15505.0
NIC,NRU,11862.0
NIC,NZL,11607.0
NIC,OMN,14516.0
NIC,PAK,14997.0
NIC,PAN,814.0
NIC,PCN,6101.0
NIC,PER,2861.0
NIC,PHL,15806.0
NIC,PLW,15035.0
NIC,PNG,14194.0
NIC,POL,10092.0
NIC,PRI,2272.0
NIC,PRK,13445.0
NIC,PRT,8064.0
NIC,PRY,5176.0
NIC,PSE,12070.0
NIC,PYF,7693.0
NIC,QAT,13839.0
NIC,REU,15842.0
NIC,ROU,10777.0
NIC,RUS,10869.0
NIC,RWA,12925.0
NIC,SAU,13490.0
NIC,SDN,12625.0
NIC,SEN,7429.0
NIC,SGP,18158.0
NIC,SHN,9394.0
NIC,SLB,12806.0
NIC,SLE,7986.0
NIC,SLV,362.0
NIC,SMR,9768.0
NIC,SOM,14457.0
NIC,SPM,4763.0
NIC,SRB,10347.0
NIC,SSD,12904.0
NIC,STP,10334.0
NIC,SUR,3485.0
NIC,SVK,9981.0
NIC,SVN,9861.0
NIC,SWE,9650.0
NIC,SWZ,13324.0
NIC,SXM,2576.0
NIC,SYC,15741.0
NIC,SYR,12116.0
NIC,TCA,1911.0
NIC,TCD,10936.0
NIC,TGO,9601.0
NIC,THA,17050.0
NIC,TJK,13828.0
NIC,TKL,9697.0
NIC,TKM,13355.0
NIC,TLS,16531.0
NIC,TON,10389.0
NIC,TTO,2703.0
NIC,TUN,9774.0
NIC,TUR,11150.0
NIC,TUV,10705.0
NIC,TWN,14922.0
NIC,TZA,14034.0
NIC,UGA,13141.0
NIC,UKR,10776.0
NIC,URY,6091.0
NIC,USA,3387.0
NIC,UZB,13581.0
NIC,VAT,9826.0
NIC,VCT,2720.0
NIC,VEN,2122.0
NIC,VGB,2423.0
NIC,VNM,17106.0
NIC,VUT,12036.0
NIC,WLF,10314.0
NIC,WSM,9861.0
NIC,YEM,13781.0
NIC,ZAF,13015.0
NIC,ZMB,12971.0
NIC,ZWE,13290.0
NIU,ABW,11489.0
NIU,AFG,13992.0
NIU,AGO,16900.0
NIU,AIA,12377.0
NIU,ALB,17370.0
NIU,AND,17284.0
NIU,ARE,15337.0
NIU,ARG,10662.0
NIU,ARM,15986.0
NIU,ASM,536.0
NIU,ATG,12473.0
NIU,AUS,4825.0
NIU,AUT,16722.0
NIU,AZE,15557.0
NIU,BDI,16758.0
NIU,BEL,16441.0
NIU,BEN,18385.0
NIU,BES,11660.0
NIU,BFA,18579.0
NIU,BGD,11796.0
NIU,BGR,17106.0
NIU,BHR,15810.0
NIU,BHS,11141.0
NIU,BIH,17150.0
NIU,BLR,15860.0
NIU,BLZ,9741.0
NIU,BMU,12514.0
NIU,BOL,10610.0
NIU,BRA,12270.0
NIU,BRB,12593.0
NIU,BRN,8642.0
NIU,BTN,11967.0
NIU,BWA,14876.0
NIU,CAF,18143.0
NIU,CAN,11489.0
NIU,CCK,9916.0
NIU,CHE,16862.0
NIU,CHL,9685.0
NIU,CHN,9198.0
NIU,CIV,17865.0
NIU,CMR,18316.0
NIU,COD,17356.0
NIU,COG,17363.0
NIU,COK,1089.0
NIU,COL,10796.0
NIU,COM,15039.0
NIU,CPV,16433.0
NIU,CRI,9941.0
NIU,CUB,10588.0
NIU,CUW,11589.0
NIU,CXR,9062.0
NIU,CYM,10553.0
NIU,CYP,17115.0
NIU,CZE,16540.0
NIU,DEU,16279.0
NIU,DJI,16394.0
NIU,DMA,12471.0
NIU,DNK,15934.0
NIU,DOM,11685.0
NIU,DZA,17929.0
NIU,ECU,9941.0
NIU,EGY,17566.0
NIU,ERI,16940.0
NIU,ESH,17486.0
NIU,ESP,17300.0
NIU,EST,15369.0
NIU,ETH,16748.0
NIU,FIN,15289.0
NIU,FJI,1232.0
NIU,FLK,9792.0
NIU,FRA,16627.0
NIU,FRO,15059.0
NIU,FSM,4529.0
NIU,GAB,17938.0
NIU,GBR,16295.0
NIU,GEO,15887.0
NIU,GHA,18153.0
NIU,GIB,17591.0
NIU,GIN,17268.0
NIU,GLP,12455.0
NIU,GMB,17110.0
NIU,GNB,17168.0
NIU,GNQ,18102.0
NIU,GRC,17532.0
NIU,GRD,12338.0
NIU,GRL,13250.0
NIU,GTM,9461.0
NIU,GUF,13095.0
NIU,GUM,6136.0
NIU,GUY,12548.0
NIU,HKG,9435.0
NIU,HND,9776.0
NIU,HRV,16988.0
NIU,HTI,11439.0
NIU,HUN,16747.0
NIU,IDN,9084.0
NIU,IND,13193.0
NIU,IOT,12605.0
NIU,IRL,15951.0
NIU,IRN,15581.0
NIU,IRQ,16271.0
NIU,ISL,14456.0
NIU,ISR,17164.0
NIU,ITA,17462.0
NIU,JAM,10970.0
NIU,JOR,17069.0
NIU,JPN,8057.0
NIU,KAZ,13302.0
NIU,KEN,16335.0
NIU,KGZ,13493.0
NIU,KHM,9931.0
NIU,KIR,2929.0
NIU,KNA,12387.0
NIU,KOR,9100.0
NIU,KWT,16033.0
NIU,LAO,10400.0
NIU,LBN,17016.0
NIU,LBR,17361.0
NIU,LBY,18443.0
NIU,LCA,12475.0
NIU,LIE,16889.0
NIU,LKA,12391.0
NIU,LSO,14338.0
NIU,LTU,15846.0
NIU,LUX,16596.0
NIU,LVA,15641.0
NIU,MAC,9492.0
NIU,MAR,17635.0
NIU,MCO,17257.0
NIU,MDA,16468.0
NIU,MDG,14156.0
NIU,MDV,12961.0
NIU,MEX,8821.0
NIU,MHL,3546.0
NIU,MKD,17247.0
NIU,MLI,17971.0
NIU,MLT,18089.0
NIU,MMR,11012.0
NIU,MNE,17273.0
NIU,MNG,11067.0
NIU,MNP,6160.0
NIU,MOZ,14472.0
NIU,MRT,17284.0
NIU,MSR,12426.0
NIU,MTQ,12484.0
NIU,MUS,13271.0
NIU,MWI,15531.0
NIU,MYS,9961.0
NIU,MYT,14800.0
NIU,NAM,15338.0
NIU,NCL,2484.0
NIU,NER,18974.0
NIU,NFK,2501.0
NIU,NGA,18439.0
NIU,NIC,9800.0
NIU,NLD,16280.0
NIU,NOR,15467.0
NIU,NPL,12390.0
NIU,NRU,3255.0
NIU,NZL,2475.0
NIU,OMN,14997.0
NIU,PAK,14150.0
NIU,PAN,10381.0
NIU,PCN,4328.0
NIU,PER,9884.0
NIU,PHL,8437.0
NIU,PLW,6760.0
NIU,PNG,4737.0
NIU,POL,16203.0
NIU,PRI,12072.0
NIU,PRK,9276.0
NIU,PRT,17153.0
NIU,PRY,11207.0
NIU,PSE,17218.0
NIU,PYF,2157.0
NIU,QAT,15728.0
NIU,REU,13390.0
NIU,ROU,16825.0
NIU,RUS,15327.0
NIU,RWA,16829.0
NIU,SAU,16206.0
NIU,SDN,17617.0
NIU,SEN,17065.0
NIU,SGP,9667.0
NIU,SHN,15769.0
NIU,SLB,3415.0
NIU,SLE,17256.0
NIU,SLV,9560.0
NIU,SMR,17237.0
NIU,SOM,15752.0
NIU,SPM,13330.0
NIU,SRB,16992.0
NIU,SSD,17211.0
NIU,STP,17902.0
NIU,SUR,12830.0
NIU,SVK,16716.0
NIU,SVN,16983.0
NIU,SWE,15487.0
NIU,SWZ,14497.0
NIU,SXM,12374.0
NIU,SYC,14411.0
NIU,SYR,16967.0
NIU,TCA,11645.0
NIU,TCD,19078.0
NIU,TGO,18291.0
NIU,THA,10460.0
NIU,TJK,14011.0
NIU,TKL,1080.0
NIU,TKM,14921.0
NIU,TLS,7036.0
NIU,TON,598.0
NIU,TTO,12320.0
NIU,TUN,18036.0
NIU,TUR,16988.0
NIU,TUV,1655.0
NIU,TWN,8886.0
NIU,TZA,15727.0
NIU,UGA,16808.0
NIU,UKR,16084.0
NIU,URY,10829.0
NIU,USA,11857.0
NIU,UZB,13949.0
NIU,VAT,17462.0
NIU,VCT,12426.0
NIU,VEN,11752.0
NIU,VGB,12223.0
NIU,VNM,9721.0
NIU,VUT,2302.0
NIU,WLF,925.0
NIU,WSM,611.0
NIU,YEM,16386.0
NIU,ZAF,14637.0
NIU,ZMB,15708.0
NIU,ZWE,15331.0
NLD,ABW,7891.0
NLD,AFG,5366.0
NLD,AGO,6829.0
NLD,AIA,6930.0
NLD,ALB,1668.0
NLD,AND,1126.0
NLD,ARE,5163.0
NLD,ARG,11422.0
NLD,ARM,3289.0
NLD,ASM,15760.0
NLD,ATG,6942.0
NLD,AUS,16541.0
NLD,AUT,939.0
NLD,AZE,3640.0
NLD,BDI,6595.0
NLD,BEL,174.0
NLD,BEN,5097.0
NLD,BES,7804.0
NLD,BFA,4475.0
NLD,BGD,7659.0
NLD,BGR,1748.0
NLD,BHR,4776.0
NLD,BHS,7327.0
NLD,BIH,1376.0
NLD,BLR,1521.0
NLD,BLZ,8751.0
NLD,BMU,5901.0
NLD,BOL,10339.0
NLD,BRA,9782.0
NLD,BRB,7140.0
NLD,BRN,10912.0
NLD,BTN,7296.0
NLD,BWA,8775.0
NLD,CAF,5470.0
NLD,CAN,5997.0
NLD,CCK,11202.0
NLD,CHE,615.0
NLD,CHL,11991.0
NLD,CHN,8894.0
NLD,CIV,5278.0
NLD,CMR,5412.0
NLD,COD,6360.0
NLD,COG,6353.0
NLD,COK,16306.0
NLD,COL,8855.0
NLD,COM,7992.0
NLD,CPV,4854.0
NLD,CRI,9072.0
NLD,CUB,7825.0
NLD,CUW,7853.0
NLD,CXR,11651.0
NLD,CYM,8083.0
NLD,CYP,2952.0
NLD,CZE,712.0
NLD,DEU,579.0
NLD,DJI,5671.0
NLD,DMA,7067.0
NLD,DNK,622.0
NLD,DOM,7372.0
NLD,DZA,1742.0
NLD,ECU,9844.0
NLD,EGY,3285.0
NLD,ERI,5087.0
NLD,ESH,3181.0
NLD,ESP,1482.0
NLD,EST,1462.0
NLD,ETH,5699.0
NLD,FIN,1506.0
NLD,FJI,16164.0
NLD,FLK,12940.0
NLD,FRA,431.0
NLD,FRO,1280.0
NLD,FSM,12964.0
NLD,GAB,5777.0
NLD,GBR,358.0
NLD,GEO,3210.0
NLD,GHA,5100.0
NLD,GIB,1976.0
NLD,GIN,5034.0
NLD,GLP,7030.0
NLD,GMB,4726.0
NLD,GNB,4854.0
NLD,GNQ,5617.0
NLD,GRC,2170.0
NLD,GRD,7373.0
NLD,GRL,3432.0
NLD,GTM,9097.0
NLD,GUF,7400.0
NLD,GUM,11760.0
NLD,GUY,7601.0
NLD,HKG,9298.0
NLD,HND,8922.0
NLD,HRV,1088.0
NLD,HTI,7534.0
NLD,HUN,1149.0
NLD,IDN,11364.0
NLD,IND,6366.0
NLD,IOT,9155.0
NLD,IRL,757.0
NLD,IRN,4074.0
NLD,IRQ,3789.0
NLD,ISL,2020.0
NLD,ISR,3299.0
NLD,ITA,1298.0
NLD,JAM,7883.0
NLD,JOR,3378.0
NLD,JPN,9311.0
NLD,KAZ,5259.0
NLD,KEN,6655.0
NLD,KGZ,5135.0
NLD,KHM,9669.0
NLD,KIR,13949.0
NLD,KNA,6986.0
NLD,KOR,8578.0
NLD,KWT,4343.0
NLD,LAO,8955.0
NLD,LBN,3185.0
NLD,LBR,5307.0
NLD,LBY,2267.0
NLD,LCA,7153.0
NLD,LIE,671.0
NLD,LKA,8380.0
NLD,LSO,9313.0
NLD,LTU,1371.0
NLD,LUX,319.0
NLD,LVA,1335.0
NLD,MAC,9267.0
NLD,MAR,2315.0
NLD,MCO,979.0
NLD,MDA,1820.0
NLD,MDG,8908.0
NLD,MDV,8200.0
NLD,MEX,9230.0
NLD,MHL,13292.0
NLD,MKD,1696.0
NLD,MLI,4555.0
NLD,MLT,1982.0
NLD,MMR,8630.0
NLD,MNE,1543.0
NLD,MNG,6672.0
NLD,MNP,11628.0
NLD,MOZ,9083.0
NLD,MRT,4218.0
NLD,MSR,6994.0
NLD,MTQ,7106.0
NLD,MUS,9508.0
NLD,MWI,7858.0
NLD,MYS,10195.0
NLD,MYT,8188.0
NLD,NAM,8385.0
NLD,NCL,16313.0
NLD,NER,4318.0
NLD,NFK,17068.0
NLD,NGA,5093.0
NLD,NIC,9027.0
NLD,NIU,16280.0
NLD,NOR,914.0
NLD,NPL,6989.0
NLD,NRU,14020.0
NLD,NZL,18110.0
NLD,OMN,5518.0
NLD,PAK,5980.0
NLD,PAN,8843.0
NLD,PCN,15012.0
NLD,PER,10518.0
NLD,PHL,10404.0
NLD,PLW,11857.0
NLD,PNG,14161.0
NLD,POL,1098.0
NLD,PRI,7116.0
NLD,PRK,8384.0
NLD,PRT,1865.0
NLD,PRY,10521.0
NLD,PSE,3331.0
NLD,PYF,15544.0
NLD,QAT,4908.0
NLD,REU,9475.0
NLD,ROU,1792.0
NLD,RUS,2155.0
NLD,RWA,6467.0
NLD,SAU,4663.0
NLD,SDN,4757.0
NLD,SEN,4625.0
NLD,SGP,10503.0
NLD,SHN,7637.0
NLD,SLB,14739.0
NLD,SLE,5138.0
NLD,SLV,9088.0
NLD,SMR,1093.0
NLD,SOM,6716.0
NLD,SPM,4327.0
NLD,SRB,1418.0
NLD,SSD,5812.0
NLD,STP,5770.0
NLD,SUR,7493.0
NLD,SVK,988.0
NLD,SVN,991.0
NLD,SWE,1128.0
NLD,SWZ,9084.0
NLD,SXM,6946.0
NLD,SYC,7901.0
NLD,SYR,3267.0
NLD,TCA,7207.0
NLD,TCD,4558.0
NLD,TGO,5137.0
NLD,THA,9189.0
NLD,TJK,5048.0
NLD,TKL,15224.0
NLD,TKM,4384.0
NLD,TLS,12812.0
NLD,TON,16537.0
NLD,TTO,7479.0
NLD,TUN,1777.0
NLD,TUR,2215.0
NLD,TUV,15114.0
NLD,TWN,9468.0
NLD,TZA,7325.0
NLD,UGA,6321.0
NLD,UKR,1787.0
NLD,URY,11329.0
NLD,USA,5877.0
NLD,UZB,4889.0
NLD,VAT,1296.0
NLD,VCT,7242.0
NLD,VEN,7854.0
NLD,VGB,7019.0
NLD,VNM,9855.0
NLD,VUT,15899.0
NLD,WLF,15667.0
NLD,WSM,15719.0
NLD,YEM,5369.0
NLD,ZAF,8992.0
NLD,ZMB,7841.0
NLD,ZWE,8179.0
NOR,ABW,8296.0
NOR,AFG,5017.0
NOR,AGO,7625.0
NOR,AIA,7369.0
NOR,ALB,2160.0
NOR,AND,2036.0
NOR,ARE,5138.0
NOR,ARG,12224.0
NOR,ARM,3203.0
NOR,ASM,14937.0
NOR,ATG,7405.0
NOR,AUS,15976.0
NOR,AUT,1353.0
NOR,AZE,3459.0
NOR,BDI,7205.0
NOR,BEL,1086.0
NOR,BEN,5974.0
NOR,BES,8233.0
NOR,BFA,5374.0
NOR,BGD,7183.0
NOR,BGR,2098.0
NOR,BHR,4819.0
NOR,BHS,7525.0
NOR,BIH,1860.0
NOR,BLR,1219.0
NOR,BLZ,8881.0
NOR,BMU,6170.0
NOR,BOL,10974.0
NOR,BRA,10610.0
NOR,BRB,7662.0
NOR,BRN,10318.0
NOR,BTN,6795.0
NOR,BWA,9474.0
NOR,CAF,6198.0
NOR,CAN,5951.0
NOR,CCK,10952.0
NOR,CHE,1405.0
NOR,CHL,12709.0
NOR,CHN,8105.0
NOR,CIV,6182.0
NOR,CMR,6217.0
NOR,COD,7134.0
NOR,COG,7127.0
NOR,COK,15643.0
NOR,COL,9276.0
NOR,COM,8452.0
NOR,CPV,5716.0
NOR,CRI,9326.0
NOR,CUB,7981.0
NOR,CUW,8274.0
NOR,CXR,11276.0
NOR,CYM,8287.0
NOR,CYP,3201.0
NOR,CZE,1118.0
NOR,DEU,839.0
NOR,DJI,5992.0
NOR,DMA,7551.0
NOR,DNK,484.0
NOR,DOM,7726.0
NOR,DZA,2634.0
NOR,ECU,10249.0
NOR,EGY,3658.0
NOR,ERI,5452.0
NOR,ESH,4072.0
NOR,ESP,2390.0
NOR,EST,790.0
NOR,ETH,6112.0
NOR,FIN,790.0
NOR,FJI,15263.0
NOR,FLK,13810.0
NOR,FRA,1344.0
NOR,FRO,974.0
NOR,FSM,12060.0
NOR,GAB,6602.0
NOR,GBR,1156.0
NOR,GEO,3084.0
NOR,GHA,5997.0
NOR,GIB,2885.0
NOR,GIN,5945.0
NOR,GLP,7504.0
NOR,GMB,5625.0
NOR,GNB,5759.0
NOR,GNQ,6439.0
NOR,GRC,2610.0
NOR,GRD,7879.0
NOR,GRL,3167.0
NOR,GTM,9228.0
NOR,GUF,8059.0
NOR,GUM,10896.0
NOR,GUY,8186.0
NOR,HKG,8606.0
NOR,HND,9100.0
NOR,HRV,1607.0
NOR,HTI,7857.0
NOR,HUN,1484.0
NOR,IDN,10941.0
NOR,IND,5991.0
NOR,IOT,9183.0
NOR,IRL,1269.0
NOR,IRN,3959.0
NOR,IRQ,3839.0
NOR,ISL,1751.0
NOR,ISR,3566.0
NOR,ITA,2008.0
NOR,JAM,8156.0
NOR,JOR,3622.0
NOR,JPN,8427.0
NOR,KAZ,4709.0
NOR,KEN,7154.0
NOR,KGZ,4611.0
NOR,KHM,9134.0
NOR,KIR,13040.0
NOR,KNA,7437.0
NOR,KOR,7737.0
NOR,KWT,4389.0
NOR,LAO,8397.0
NOR,LBN,3408.0
NOR,LBR,6221.0
NOR,LBY,3011.0
NOR,LCA,7652.0
NOR,LIE,1424.0
NOR,LKA,8185.0
NOR,LSO,10007.0
NOR,LTU,1048.0
NOR,LUX,1184.0
NOR,LVA,846.0
NOR,MAC,8581.0
NOR,MAR,3220.0
NOR,MCO,1814.0
NOR,MDA,1861.0
NOR,MDG,9349.0
NOR,MDV,8116.0
NOR,MEX,9210.0
NOR,MHL,12382.0
NOR,MKD,2123.0
NOR,MLI,5468.0
NOR,MLT,2684.0
NOR,MMR,8150.0
NOR,MNE,2029.0
NOR,MNG,5877.0
NOR,MNP,10756.0
NOR,MOZ,9722.0
NOR,MRT,5114.0
NOR,MSR,7456.0
NOR,MTQ,7599.0
NOR,MUS,9830.0
NOR,MWI,8447.0
NOR,MYS,9759.0
NOR,MYT,8627.0
NOR,NAM,9158.0
NOR,NCL,15413.0
NOR,NER,5199.0
NOR,NFK,16173.0
NOR,NGA,5963.0
NOR,NIC,9235.0
NOR,NIU,15467.0
NOR,NLD,914.0
NOR,NPL,6532.0
NOR,NRU,13106.0
NOR,NZL,17201.0
NOR,OMN,5462.0
NOR,PAK,5781.0
NOR,PAN,9162.0
NOR,PCN,14959.0
NOR,PER,11032.0
NOR,PHL,9697.0
NOR,PLW,11075.0
NOR,PNG,13345.0
NOR,POL,1065.0
NOR,PRI,7516.0
NOR,PRK,7542.0
NOR,PRT,2741.0
NOR,PRY,11288.0
NOR,PSE,3613.0
NOR,PYF,15041.0
NOR,QAT,4949.0
NOR,REU,9827.0
NOR,ROU,2007.0
NOR,RUS,1649.0
NOR,RWA,7063.0
NOR,SAU,4794.0
NOR,SDN,5233.0
NOR,SEN,5520.0
NOR,SGP,10056.0
NOR,SHN,8538.0
NOR,SLB,13846.0
NOR,SLE,6050.0
NOR,SLV,9245.0
NOR,SMR,1782.0
NOR,SOM,7070.0
NOR,SPM,4471.0
NOR,SRB,1801.0
NOR,SSD,6360.0
NOR,STP,6616.0
NOR,SUR,8117.0
NOR,SVK,1373.0
NOR,SVN,1562.0
NOR,SWE,418.0
NOR,SWZ,9737.0
NOR,SXM,7386.0
NOR,SYC,8148.0
NOR,SYR,3479.0
NOR,TCA,7517.0
NOR,TCD,5317.0
NOR,TGO,6020.0
NOR,THA,8685.0
NOR,TJK,4647.0
NOR,TKL,14394.0
NOR,TKM,4124.0
NOR,TLS,12195.0
NOR,TON,15673.0
NOR,TTO,7999.0
NOR,TUN,2568.0
NOR,TUR,2449.0
NOR,TUV,14220.0
NOR,TWN,8707.0
NOR,TZA,7815.0
NOR,UGA,6874.0
NOR,UKR,1631.0
NOR,URY,12145.0
NOR,USA,5930.0
NOR,UZB,4442.0
NOR,VAT,2007.0
NOR,VCT,7745.0
NOR,VEN,8314.0
NOR,VGB,7437.0
NOR,VNM,9308.0
NOR,VUT,14988.0
NOR,WLF,14797.0
NOR,WSM,14885.0
NOR,YEM,5641.0
NOR,ZAF,9674.0
NOR,ZMB,8497.0
NOR,ZWE,8811.0
NPL,ABW,14827.0
NPL,AFG,1713.0
NPL,AGO,8739.0
NPL,AIA,13895.0
NPL,ALB,6056.0
NPL,AND,7507.0
NPL,ARE,2997.0
NPL,ARG,16504.0
NPL,ARM,3977.0
NPL,ASM,12100.0
NPL,ATG,13921.0
NPL,AUS,9552.0
NPL,AUT,6243.0
NPL,AZE,3531.0
NPL,BDI,6908.0
NPL,BEL,7060.0
NPL,BEN,8993.0
NPL,BES,14763.0
NPL,BFA,9080.0
NPL,BGD,675.0
NPL,BGR,5751.0
NPL,BHR,3442.0
NPL,BHS,13880.0
NPL,BIH,6140.0
NPL,BLR,5474.0
NPL,BLZ,14990.0
NPL,BMU,12653.0
NPL,BOL,17031.0
NPL,BRA,15213.0
NPL,BRB,14127.0
NPL,BRN,4023.0
NPL,BTN,427.0
NPL,BWA,8610.0
NPL,CAF,7504.0
NPL,CAN,11947.0
NPL,CCK,4584.0
NPL,CHE,6840.0
NPL,CHL,17641.0
NPL,CHN,3512.0
NPL,CIV,9677.0
NPL,CMR,8221.0
NPL,COD,8289.0
NPL,COG,8288.0
NPL,COK,13466.0
NPL,COL,15808.0
NPL,COM,6291.0
NPL,CPV,11024.0
NPL,CRI,15689.0
NPL,CUB,14229.0
NPL,CUW,14806.0
NPL,CXR,4755.0
NPL,CYM,14613.0
NPL,CYP,4953.0
NPL,CZE,6366.0
NPL,DEU,6413.0
NPL,DJI,4740.0
NPL,DMA,14054.0
NPL,DNK,6445.0
NPL,DOM,14244.0
NPL,DZA,7584.0
NPL,ECU,16777.0
NPL,EGY,5233.0
NPL,ERI,4966.0
NPL,ESH,9416.0
NPL,ESP,7996.0
NPL,EST,5742.0
NPL,ETH,5298.0
NPL,FIN,5747.0
NPL,FJI,11229.0
NPL,FLK,15954.0
NPL,FRA,7251.0
NPL,FRO,7432.0
NPL,FSM,7971.0
NPL,GAB,8604.0
NPL,GBR,7347.0
NPL,GEO,3976.0
NPL,GHA,9373.0
NPL,GIB,8310.0
NPL,GIN,10395.0
NPL,GLP,14014.0
NPL,GMB,10474.0
NPL,GNB,10458.0
NPL,GNQ,8496.0
NPL,GRC,5772.0
NPL,GRD,14362.0
NPL,GRL,9155.0
NPL,GTM,15301.0
NPL,GUF,14217.0
NPL,GUM,6333.0
NPL,GUY,14542.0
NPL,HKG,2968.0
NPL,HND,15312.0
NPL,HRV,6301.0
NPL,HTI,14355.0
NPL,HUN,6050.0
NPL,IDN,4409.0
NPL,IND,803.0
NPL,IOT,4108.0
NPL,IRL,7687.0
NPL,IRN,3315.0
NPL,IRQ,3952.0
NPL,ISL,8055.0
NPL,ISR,4862.0
NPL,ITA,6649.0
NPL,JAM,14596.0
NPL,JOR,4755.0
NPL,JPN,5165.0
NPL,KAZ,1884.0
NPL,KEN,6094.0
NPL,KGZ,1942.0
NPL,KHM,2715.0
NPL,KIR,9716.0
NPL,KNA,13959.0
NPL,KOR,4024.0
NPL,KWT,3644.0
NPL,LAO,2072.0
NPL,LBN,4773.0
NPL,LBR,10291.0
NPL,LBY,6828.0
NPL,LCA,14142.0
NPL,LIE,6769.0
NPL,LKA,2370.0
NPL,LSO,8817.0
NPL,LTU,5633.0
NPL,LUX,6963.0
NPL,LVA,5737.0
NPL,MAC,2908.0
NPL,MAR,8615.0
NPL,MCO,7009.0
NPL,MDA,5308.0
NPL,MDG,6571.0
NPL,MDV,2890.0
NPL,MEX,14768.0
NPL,MHL,9265.0
NPL,MKD,5914.0
NPL,MLI,9690.0
NPL,MLT,6623.0
NPL,MMR,1642.0
NPL,MNE,6086.0
NPL,MNG,2918.0
NPL,MNP,6355.0
NPL,MOZ,8203.0
NPL,MRT,10154.0
NPL,MSR,13973.0
NPL,MTQ,14094.0
NPL,MUS,6085.0
NPL,MWI,7221.0
NPL,MYS,3227.0
NPL,MYT,6226.0
NPL,NAM,9201.0
NPL,NCL,10321.0
NPL,NER,8669.0
NPL,NFK,10810.0
NPL,NGA,8890.0
NPL,NIC,15505.0
NPL,NIU,12390.0
NPL,NLD,6989.0
NPL,NOR,6532.0
NPL,NRU,9214.0
NPL,NZL,11754.0
NPL,OMN,2716.0
NPL,PAK,1846.0
NPL,PAN,15632.0
NPL,PCN,16653.0
NPL,PER,17492.0
NPL,PHL,3959.0
NPL,PLW,5638.0
NPL,PNG,7823.0
NPL,POL,5897.0
NPL,PRI,14047.0
NPL,PRK,3931.0
NPL,PRT,8500.0
NPL,PRY,16341.0
NPL,PSE,4901.0
NPL,PYF,14321.0
NPL,QAT,3379.0
NPL,REU,6264.0
NPL,ROU,5518.0
NPL,RUS,4895.0
NPL,RWA,6756.0
NPL,SAU,3858.0
NPL,SDN,5586.0
NPL,SEN,10477.0
NPL,SGP,3528.0
NPL,SHN,10923.0
NPL,SLB,9014.0
NPL,SLE,10413.0
NPL,SLV,15387.0
NPL,SMR,6608.0
NPL,SOM,5113.0
NPL,SPM,10897.0
NPL,SRB,5962.0
NPL,SSD,6215.0
NPL,STP,8874.0
NPL,SUR,14380.0
NPL,SVK,6189.0
NPL,SVN,6411.0
NPL,SWE,6118.0
NPL,SWZ,8328.0
NPL,SXM,13912.0
NPL,SYC,4804.0
NPL,SYR,4701.0
NPL,TCA,14009.0
NPL,TCD,7466.0
NPL,TGO,9121.0
NPL,THA,2210.0
NPL,TJK,1951.0
NPL,TKL,11813.0
NPL,TKM,2753.0
NPL,TLS,5906.0
NPL,TON,11973.0
NPL,TTO,14467.0
NPL,TUN,6975.0
NPL,TUR,5296.0
NPL,TUV,10830.0
NPL,TWN,3607.0
NPL,TZA,6253.0
NPL,UGA,6383.0
NPL,UKR,5222.0
NPL,URY,16298.0
NPL,USA,12136.0
NPL,UZB,2103.0
NPL,VAT,6651.0
NPL,VCT,14231.0
NPL,VEN,14834.0
NPL,VGB,13968.0
NPL,VNM,2916.0
NPL,VUT,10253.0
NPL,WLF,11517.0
NPL,WSM,11975.0
NPL,YEM,4449.0
NPL,ZAF,8553.0
NPL,ZMB,7784.0
NPL,ZWE,7719.0
NRU,ABW,13615.0
NRU,AFG,10756.0
NRU,AGO,16936.0
NRU,AIA,14233.0
NRU,ALB,14413.0
NRU,AND,15133.0
NRU,ARE,12208.0
NRU,ARG,13911.0
NRU,ARM,12745.0
NRU,ASM,2896.0
NRU,ATG,14387.0
NRU,AUS,4701.0
NRU,AUT,14014.0
NRU,AZE,12308.0
NRU,BDI,15294.0
NRU,BEL,14191.0
NRU,BEN,18197.0
NRU,BES,13810.0
NRU,BFA,18192.0
NRU,BGD,8666.0
NRU,BGR,14099.0
NRU,BHR,12655.0
NRU,BHS,12623.0
NRU,BIH,14291.0
NRU,BLR,13020.0
NRU,BLZ,11557.0
NRU,BMU,13570.0
NRU,BOL,13705.0
NRU,BRA,15524.0
NRU,BRB,14719.0
NRU,BRN,5809.0
NRU,BTN,8787.0
NRU,BWA,14983.0
NRU,CAF,16493.0
NRU,CAN,11934.0
NRU,CCK,7840.0
NRU,CHE,14413.0
NRU,CHL,12939.0
NRU,CHN,5943.0
NRU,CIV,18891.0
NRU,CMR,17275.0
NRU,COD,16832.0
NRU,COG,16837.0
NRU,COK,4283.0
NRU,COL,13242.0
NRU,COM,13663.0
NRU,CPV,18053.0
NRU,CRI,12112.0
NRU,CUB,12154.0
NRU,CUW,13739.0
NRU,CXR,6862.0
NRU,CYM,12313.0
NRU,CYP,13872.0
NRU,CZE,13927.0
NRU,DEU,13739.0
NRU,DJI,13705.0
NRU,DMA,14481.0
NRU,DNK,13468.0
NRU,DOM,13521.0
NRU,DZA,15667.0
NRU,ECU,12596.0
NRU,EGY,14312.0
NRU,ERI,14089.0
NRU,ESH,17058.0
NRU,ESP,15487.0
NRU,EST,12701.0
NRU,ETH,14216.0
NRU,FIN,12634.0
NRU,FJI,2321.0
NRU,FLK,12867.0
NRU,FRA,14450.0
NRU,FRO,13164.0
NRU,FSM,1274.0
NRU,GAB,17528.0
NRU,GBR,14225.0
NRU,GEO,12657.0
NRU,GHA,18586.0
NRU,GIB,15982.0
NRU,GIN,19002.0
NRU,GLP,14429.0
NRU,GMB,18523.0
NRU,GNB,18722.0
NRU,GNQ,17490.0
NRU,GRC,14416.0
NRU,GRD,14513.0
NRU,GRL,12280.0
NRU,GTM,11385.0
NRU,GUF,15647.0
NRU,GUM,2894.0
NRU,GUY,14985.0
NRU,HKG,6246.0
NRU,HND,11746.0
NRU,HRV,14243.0
NRU,HTI,13267.0
NRU,HUN,13950.0
NRU,IDN,6701.0
NRU,IND,10013.0
NRU,IOT,10509.0
NRU,IRL,14117.0
NRU,IRN,12329.0
NRU,IRQ,13021.0
NRU,ISL,12911.0
NRU,ISR,13909.0
NRU,ITA,14760.0
NRU,JAM,12811.0
NRU,JOR,13815.0
NRU,JPN,4904.0
NRU,KAZ,10051.0
NRU,KEN,14479.0
NRU,KGZ,10241.0
NRU,KHM,6982.0
NRU,KIR,706.0
NRU,KNA,14292.0
NRU,KOR,5882.0
NRU,KWT,12824.0
NRU,LAO,7325.0
NRU,LBN,13762.0
NRU,LBR,19321.0
NRU,LBY,15499.0
NRU,LCA,14553.0
NRU,LIE,14397.0
NRU,LKA,9701.0
NRU,LSO,14594.0
NRU,LTU,13065.0
NRU,LUX,14267.0
NRU,LVA,12932.0
NRU,MAC,6307.0
NRU,MAR,16300.0
NRU,MCO,14808.0
NRU,MDA,13455.0
NRU,MDG,13074.0
NRU,MDV,10401.0
NRU,MEX,10451.0
NRU,MHL,978.0
NRU,MKD,14265.0
NRU,MLI,18555.0
NRU,MLT,15168.0
NRU,MMR,7987.0
NRU,MNE,14356.0
NRU,MNG,7873.0
NRU,MNP,2907.0
NRU,MOZ,14327.0
NRU,MRT,18037.0
NRU,MSR,14358.0
NRU,MTQ,14531.0
NRU,MUS,12020.0
NRU,MWI,14625.0
NRU,MYS,7269.0
NRU,MYT,13433.0
NRU,NAM,15873.0
NRU,NCL,2406.0
NRU,NER,17816.0
NRU,NFK,3160.0
NRU,NGA,18089.0
NRU,NIC,11862.0
NRU,NIU,3255.0
NRU,NLD,14020.0
NRU,NOR,13106.0
NRU,NPL,9214.0
NRU,NZL,4104.0
NRU,OMN,11904.0
NRU,PAK,11033.0
NRU,PAN,12618.0
NRU,PCN,7444.0
NRU,PER,12837.0
NRU,PHL,5327.0
NRU,PLW,3705.0
NRU,PNG,2398.0
NRU,POL,13458.0
NRU,PRI,13913.0
NRU,PRK,6065.0
NRU,PRT,15757.0
NRU,PRY,14449.0
NRU,PSE,13964.0
NRU,PYF,5121.0
NRU,QAT,12593.0
NRU,REU,12220.0
NRU,ROU,13803.0
NRU,RUS,12387.0
NRU,RWA,15227.0
NRU,SAU,13072.0
NRU,SDN,14754.0
NRU,SEN,18369.0
NRU,SGP,7022.0
NRU,SHN,18016.0
NRU,SLB,1251.0
NRU,SLE,19124.0
NRU,SLV,11535.0
NRU,SMR,14576.0
NRU,SOM,13533.0
NRU,SPM,13403.0
NRU,SRB,14098.0
NRU,SSD,15048.0
NRU,STP,17832.0
NRU,SUR,15325.0
NRU,SVK,13986.0
NRU,SVN,14291.0
NRU,SWE,12948.0
NRU,SWZ,14431.0
NRU,SXM,14239.0
NRU,SYC,12394.0
NRU,SYR,13712.0
NRU,TCA,13326.0
NRU,TCD,16672.0
NRU,TGO,18327.0
NRU,THA,7483.0
NRU,TJK,10757.0
NRU,TKL,2610.0
NRU,TKM,11667.0
NRU,TLS,4669.0
NRU,TON,2996.0
NRU,TTO,14563.0
NRU,TUN,15334.0
NRU,TUR,13854.0
NRU,TUV,1624.0
NRU,TWN,5649.0
NRU,TZA,14165.0
NRU,UGA,14954.0
NRU,UKR,13120.0
NRU,URY,14073.0
NRU,USA,12462.0
NRU,UZB,10694.0
NRU,VAT,14761.0
NRU,VCT,14547.0
NRU,VEN,13984.0
NRU,VGB,14067.0
NRU,VNM,6782.0
NRU,VUT,1909.0
NRU,WLF,2338.0
NRU,WSM,2772.0
NRU,YEM,13531.0
NRU,ZAF,14713.0
NRU,ZMB,15154.0
NRU,ZWE,14789.0
NZL,ABW,13076.0
NZL,AFG,13464.0
NZL,AGO,14593.0
NZL,AIA,14049.0
NZL,ALB,17808.0
NZL,AND,19160.0
NZL,ARE,14202.0
NZL,ARG,10374.0
NZL,ARM,15726.0
NZL,ASM,2889.0
NZL,ATG,14090.0
NZL,AUS,2632.0
NZL,AUT,17852.0
NZL,AZE,15284.0
NZL,BDI,14297.0
NZL,BEL,18277.0
NZL,BEN,16549.0
NZL,BES,13209.0
NZL,BFA,17265.0
NZL,BGD,11082.0
NZL,BGR,17505.0
NZL,BHR,14671.0
NZL,BHS,13171.0
NZL,BIH,17881.0
NZL,BLR,16869.0
NZL,BLZ,11707.0
NZL,BMU,14626.0
NZL,BOL,11170.0
NZL,BRA,12039.0
NZL,BRB,14032.0
NZL,BRN,7731.0
NZL,BTN,11387.0
NZL,BWA,12457.0
NZL,CAF,15670.0
NZL,CAN,13878.0
NZL,CCK,8142.0
NZL,CHE,18390.0
NZL,CHL,9690.0
NZL,CHN,9361.0
NZL,CIV,16511.0
NZL,CMR,15973.0
NZL,COD,14974.0
NZL,COG,14982.0
NZL,COK,3010.0
NZL,COL,12197.0
NZL,COM,12628.0
NZL,CPV,16982.0
NZL,CRI,11658.0
NZL,CUB,12621.0
NZL,CUW,13147.0
NZL,CXR,7466.0
NZL,CYM,12483.0
NZL,CYP,16564.0
NZL,CZE,17861.0
NZL,DEU,17742.0
NZL,DJI,14448.0
NZL,DMA,14018.0
NZL,DNK,17524.0
NZL,DOM,13455.0
NZL,DZA,19287.0
NZL,ECU,11226.0
NZL,EGY,16573.0
NZL,ERI,15062.0
NZL,ESH,18699.0
NZL,ESP,19590.0
NZL,EST,16707.0
NZL,ETH,14630.0
NZL,FIN,16650.0
NZL,FJI,2106.0
NZL,FLK,8943.0
NZL,FRA,18540.0
NZL,FRO,17206.0
NZL,FSM,5147.0
NZL,GAB,15695.0
NZL,GBR,18329.0
NZL,GEO,15730.0
NZL,GHA,16642.0
NZL,GIB,19923.0
NZL,GIN,16866.0
NZL,GLP,14031.0
NZL,GMB,17175.0
NZL,GNB,17049.0
NZL,GNQ,15837.0
NZL,GRC,17466.0
NZL,GRD,13777.0
NZL,GRL,15694.0
NZL,GTM,11386.0
NZL,GUF,14070.0
NZL,GUM,6400.0
NZL,GUY,13726.0
NZL,HKG,9122.0
NZL,HND,11646.0
NZL,HRV,17993.0
NZL,HTI,13241.0
NZL,HUN,17704.0
NZL,IDN,7639.0
NZL,IND,12484.0
NZL,IOT,10621.0
NZL,IRL,18172.0
NZL,IRN,15009.0
NZL,IRQ,15533.0
NZL,ISL,16773.0
NZL,ISR,16338.0
NZL,ITA,18400.0
NZL,JAM,12812.0
NZL,JOR,16230.0
NZL,JPN,8813.0
NZL,KAZ,13262.0
NZL,KEN,13965.0
NZL,KGZ,13418.0
NZL,KHM,9044.0
NZL,KIR,4232.0
NZL,KNA,14023.0
NZL,KOR,9597.0
NZL,KWT,15054.0
NZL,LAO,9692.0
NZL,LBN,16339.0
NZL,LBR,16573.0
NZL,LBY,18287.0
NZL,LCA,13970.0
NZL,LIE,18346.0
NZL,LKA,10908.0
NZL,LSO,11925.0
NZL,LTU,16964.0
NZL,LUX,18323.0
NZL,LVA,16898.0
NZL,MAC,9162.0
NZL,MAR,19586.0
NZL,MCO,18701.0
NZL,MDA,17005.0
NZL,MDG,11724.0
NZL,MDV,11292.0
NZL,MEX,10949.0
NZL,MHL,4878.0
NZL,MKD,17667.0
NZL,MLI,17307.0
NZL,MLT,18253.0
NZL,MMR,10142.0
NZL,MNE,17839.0
NZL,MNG,11550.0
NZL,MNP,6519.0
NZL,MOZ,12013.0
NZL,MRT,17677.0
NZL,MSR,14038.0
NZL,MTQ,14001.0
NZL,MUS,10903.0
NZL,MWI,13058.0
NZL,MYS,8727.0
NZL,MYT,12397.0
NZL,NAM,13025.0
NZL,NCL,1805.0
NZL,NER,17317.0
NZL,NFK,1073.0
NZL,NGA,16525.0
NZL,NIC,11607.0
NZL,NIU,2475.0
NZL,NLD,18110.0
NZL,NOR,17201.0
NZL,NPL,11754.0
NZL,NRU,4104.0
NZL,OMN,13822.0
NZL,PAK,13144.0
NZL,PAN,12005.0
NZL,PCN,5547.0
NZL,PER,10783.0
NZL,PHL,8012.0
NZL,PLW,6446.0
NZL,PNG,4116.0
NZL,POL,17344.0
NZL,PRI,13792.0
NZL,PRK,9791.0
NZL,PRT,19618.0
NZL,PRY,11212.0
NZL,PSE,16345.0
NZL,PYF,4096.0
NZL,QAT,14549.0
NZL,REU,10999.0
NZL,ROU,17260.0
NZL,RUS,16191.0
NZL,RWA,14380.0
NZL,SAU,14938.0
NZL,SDN,15614.0
NZL,SEN,17270.0
NZL,SGP,8411.0
NZL,SHN,14159.0
NZL,SLB,3386.0
NZL,SLE,16760.0
NZL,SLV,11445.0
NZL,SMR,18330.0
NZL,SOM,13570.0
NZL,SPM,15726.0
NZL,SRB,17692.0
NZL,SSD,14859.0
NZL,STP,15778.0
NZL,SUR,13908.0
NZL,SVK,17806.0
NZL,SVN,18086.0
NZL,SWE,17001.0
NZL,SWZ,12047.0
NZL,SXM,14038.0
NZL,SYC,12244.0
NZL,SYR,16253.0
NZL,TCA,13517.0
NZL,TCD,16603.0
NZL,TGO,16539.0
NZL,THA,9563.0
NZL,TJK,13680.0
NZL,TKL,3355.0
NZL,TKM,14504.0
NZL,TLS,5858.0
NZL,TON,1995.0
NZL,TTO,13705.0
NZL,TUN,18653.0
NZL,TUR,17043.0
NZL,TUV,3172.0
NZL,TWN,8838.0
NZL,TZA,13323.0
NZL,UGA,14404.0
NZL,UKR,16805.0
NZL,URY,10484.0
NZL,USA,14187.0
NZL,UZB,13761.0
NZL,VAT,18402.0
NZL,VCT,13895.0
NZL,VEN,13223.0
NZL,VGB,13922.0
NZL,VNM,8840.0
NZL,VUT,2213.0
NZL,WLF,2764.0
NZL,WSM,2882.0
NZL,YEM,14609.0
NZL,ZAF,12206.0
NZL,ZMB,13241.0
NZL,ZWE,12859.0
OMN,ABW,13151.0
OMN,AFG,1587.0
OMN,AGO,6101.0
OMN,AIA,12177.0
OMN,ALB,4094.0
OMN,AND,5609.0
OMN,ARE,380.0
OMN,ARG,13871.0
OMN,ARM,2263.0
OMN,ASM,14764.0
OMN,ATG,12138.0
OMN,AUS,11280.0
OMN,AUT,4600.0
OMN,AZE,2030.0
OMN,BDI,4355.0
OMN,BEL,5516.0
OMN,BEN,6295.0
OMN,BES,13019.0
OMN,BFA,6445.0
OMN,BGD,3239.0
OMN,BGR,3869.0
OMN,BHR,859.0
OMN,BHS,12835.0
OMN,BIH,4292.0
OMN,BLR,4243.0
OMN,BLZ,14269.0
OMN,BMU,11388.0
OMN,BOL,14436.0
OMN,BRA,12498.0
OMN,BRB,12173.0
OMN,BRN,6376.0
OMN,BTN,3141.0
OMN,BWA,6400.0
OMN,CAF,4795.0
OMN,CAN,11412.0
OMN,CCK,5745.0
OMN,CHE,5136.0
OMN,CHL,14991.0
OMN,CHN,6193.0
OMN,CIV,6990.0
OMN,CMR,5505.0
OMN,COD,5621.0
OMN,COG,5620.0
OMN,COK,16086.0
OMN,COL,14018.0
OMN,COM,4249.0
OMN,CPV,8575.0
OMN,CRI,14520.0
OMN,CUB,13342.0
OMN,CUW,13081.0
OMN,CXR,6358.0
OMN,CYM,13583.0
OMN,CYP,2751.0
OMN,CZE,4808.0
OMN,DEU,4973.0
OMN,DJI,2108.0
OMN,DMA,12207.0
OMN,DNK,5163.0
OMN,DOM,12743.0
OMN,DZA,5466.0
OMN,ECU,14968.0
OMN,EGY,2803.0
OMN,ERI,2255.0
OMN,ESH,7135.0
OMN,ESP,6044.0
OMN,EST,4776.0
OMN,ETH,2659.0
OMN,FIN,4823.0
OMN,FJI,13787.0
OMN,FLK,13844.0
OMN,FRA,5617.0
OMN,FRO,6433.0
OMN,FSM,10677.0
OMN,GAB,5891.0
OMN,GBR,5837.0
OMN,GEO,2378.0
OMN,GHA,6687.0
OMN,GIB,6221.0
OMN,GIN,7791.0
OMN,GLP,12195.0
OMN,GMB,7945.0
OMN,GNB,7897.0
OMN,GNQ,5781.0
OMN,GRC,3666.0
OMN,GRD,12431.0
OMN,GRL,8595.0
OMN,GTM,14615.0
OMN,GUF,11906.0
OMN,GUM,9041.0
OMN,GUY,12382.0
OMN,HKG,5667.0
OMN,HND,14428.0
OMN,HRV,4538.0
OMN,HTI,12940.0
OMN,HUN,4385.0
OMN,IDN,6193.0
OMN,IND,1942.0
OMN,IOT,3729.0
OMN,IRL,6275.0
OMN,IRN,1507.0
OMN,IRQ,1756.0
OMN,ISL,7210.0
OMN,ISR,2519.0
OMN,ITA,4703.0
OMN,JAM,13336.0
OMN,JOR,2410.0
OMN,JPN,7751.0
OMN,KAZ,2751.0
OMN,KEN,3625.0
OMN,KGZ,2595.0
OMN,KHM,5071.0
OMN,KIR,12428.0
OMN,KNA,12205.0
OMN,KOR,6596.0
OMN,KWT,1235.0
OMN,LAO,4607.0
OMN,LBN,2520.0
OMN,LBR,7638.0
OMN,LBY,4537.0
OMN,LCA,12247.0
OMN,LIE,5056.0
OMN,LKA,2928.0
OMN,LSO,6738.0
OMN,LTU,4414.0
OMN,LUX,5363.0
OMN,LVA,4627.0
OMN,MAC,5604.0
OMN,MAR,6464.0
OMN,MCO,5145.0
OMN,MDA,3706.0
OMN,MDG,4855.0
OMN,MDV,2682.0
OMN,MEX,14670.0
OMN,MHL,11981.0
OMN,MKD,3988.0
OMN,MLI,7093.0
OMN,MLT,4434.0
OMN,MMR,3986.0
OMN,MNE,4174.0
OMN,MNG,5020.0
OMN,MNP,9068.0
OMN,MOZ,6165.0
OMN,MRT,7700.0
OMN,MSR,12190.0
OMN,MTQ,12219.0
OMN,MUS,4844.0
OMN,MWI,4957.0
OMN,MYS,5156.0
OMN,MYT,4281.0
OMN,NAM,6802.0
OMN,NCL,12716.0
OMN,NER,6030.0
OMN,NFK,13056.0
OMN,NGA,6189.0
OMN,NIC,14516.0
OMN,NIU,14997.0
OMN,NLD,5518.0
OMN,NOR,5462.0
OMN,NPL,2716.0
OMN,NRU,11904.0
OMN,NZL,13822.0
OMN,PAK,874.0
OMN,PAN,14212.0
OMN,PCN,19323.0
OMN,PER,15177.0
OMN,PHL,6592.0
OMN,PLW,8256.0
OMN,PNG,10289.0
OMN,POL,4495.0
OMN,PRI,12425.0
OMN,PRK,6471.0
OMN,PRT,6524.0
OMN,PRY,13625.0
OMN,PSE,2532.0
OMN,PYF,17025.0
OMN,QAT,750.0
OMN,REU,4934.0
OMN,ROU,3745.0
OMN,RUS,3961.0
OMN,RWA,4189.0
OMN,SAU,1213.0
OMN,SDN,2871.0
OMN,SEN,7974.0
OMN,SGP,5467.0
OMN,SHN,8248.0
OMN,SLB,11583.0
OMN,SLE,7794.0
OMN,SLV,14602.0
OMN,SMR,4751.0
OMN,SOM,2781.0
OMN,SPM,9841.0
OMN,SRB,4170.0
OMN,SSD,3565.0
OMN,STP,6159.0
OMN,SUR,12139.0
OMN,SVK,4546.0
OMN,SVN,4655.0
OMN,SWE,5071.0
OMN,SWZ,6266.0
OMN,SXM,12188.0
OMN,SYC,3142.0
OMN,SYR,2433.0
OMN,TCA,12637.0
OMN,TCD,4767.0
OMN,TGO,6424.0
OMN,THA,4540.0
OMN,TJK,1916.0
OMN,TKL,14513.0
OMN,TKM,1590.0
OMN,TLS,8101.0
OMN,TON,14517.0
OMN,TTO,12490.0
OMN,TUN,4831.0
OMN,TUR,3366.0
OMN,TUV,13507.0
OMN,TWN,6323.0
OMN,TZA,3969.0
OMN,UGA,3813.0
OMN,UKR,3840.0
OMN,URY,13671.0
OMN,USA,11367.0
OMN,UZB,2193.0
OMN,VAT,4705.0
OMN,VCT,12318.0
OMN,VEN,12996.0
OMN,VGB,12300.0
OMN,VNM,5282.0
OMN,VUT,12751.0
OMN,WLF,14169.0
OMN,WSM,14639.0
OMN,YEM,1764.0
OMN,ZAF,6419.0
OMN,ZMB,5433.0
OMN,ZWE,5475.0
PAK,ABW,13791.0
PAK,AFG,1086.0
PAK,AGO,6929.0
PAK,AIA,12813.0
PAK,ALB,4704.0
PAK,AND,6222.0
PAK,ARE,1188.0
PAK,ARG,14709.0
PAK,ARM,2699.0
PAK,ASM,13899.0
PAK,ATG,12791.0
PAK,AUS,10684.0
PAK,AUT,5103.0
PAK,AZE,2346.0
PAK,BDI,5138.0
PAK,BEL,6004.0
PAK,BEN,7167.0
PAK,BES,13674.0
PAK,BFA,7303.0
PAK,BGD,2369.0
PAK,BGR,4443.0
PAK,BHR,1663.0
PAK,BHS,13288.0
PAK,BIH,4863.0
PAK,BLR,4582.0
PAK,BLZ,14662.0
PAK,BMU,11880.0
PAK,BOL,15297.0
PAK,BRA,13367.0
PAK,BRB,12873.0
PAK,BRN,5564.0
PAK,BTN,2270.0
PAK,BWA,7053.0
PAK,CAF,5659.0
PAK,CAN,11677.0
PAK,CCK,5222.0
PAK,CHE,5673.0
PAK,CHL,15838.0
PAK,CHN,5339.0
PAK,CIV,7861.0
PAK,CMR,6376.0
PAK,COD,6462.0
PAK,COG,6461.0
PAK,COK,15237.0
PAK,COL,14703.0
PAK,COM,4806.0
PAK,CPV,9386.0
PAK,CRI,15052.0
PAK,CUB,13759.0
PAK,CUW,13732.0
PAK,CXR,5728.0
PAK,CYM,14049.0
PAK,CYP,3425.0
PAK,CZE,5285.0
PAK,DEU,5412.0
PAK,DJI,2921.0
PAK,DMA,12878.0
PAK,DNK,5550.0
PAK,DOM,13327.0
PAK,DZA,6154.0
PAK,ECU,15679.0
PAK,EGY,3573.0
PAK,ERI,3121.0
PAK,ESH,7890.0
PAK,ESP,6681.0
PAK,EST,5038.0
PAK,ETH,3479.0
PAK,FIN,5071.0
PAK,FJI,12951.0
PAK,FLK,14530.0
PAK,FRA,6138.0
PAK,FRO,6752.0
PAK,FSM,9803.0
PAK,GAB,6758.0
PAK,GBR,6320.0
PAK,GEO,2770.0
PAK,GHA,7558.0
PAK,GIB,6907.0
PAK,GIN,8643.0
PAK,GLP,12859.0
PAK,GMB,8777.0
PAK,GNB,8738.0
PAK,GNQ,6651.0
PAK,GRC,4322.0
PAK,GRD,13128.0
PAK,GRL,8813.0
PAK,GTM,15009.0
PAK,GUF,12696.0
PAK,GUM,8167.0
PAK,GUY,13138.0
PAK,HKG,4793.0
PAK,HND,14876.0
PAK,HRV,5084.0
PAK,HTI,13503.0
PAK,HUN,4890.0
PAK,IDN,5513.0
PAK,IND,1090.0
PAK,IOT,3602.0
PAK,IRL,6732.0
PAK,IRN,1919.0
PAK,IRQ,2391.0
PAK,ISL,7494.0
PAK,ISR,3248.0
PAK,ITA,5318.0
PAK,JAM,13863.0
PAK,JOR,3137.0
PAK,JPN,6933.0
PAK,KAZ,2224.0
PAK,KEN,4364.0
PAK,KGZ,2108.0
PAK,KHM,4247.0
PAK,KIR,11554.0
PAK,KNA,12851.0
PAK,KOR,5778.0
PAK,KWT,1955.0
PAK,LAO,3750.0
PAK,LBN,3210.0
PAK,LBR,8501.0
PAK,LBY,5275.0
PAK,LCA,12932.0
PAK,LIE,5594.0
PAK,LKA,2409.0
PAK,LSO,7343.0
PAK,LTU,4755.0
PAK,LUX,5867.0
PAK,LVA,4936.0
PAK,MAC,4731.0
PAK,MAR,7172.0
PAK,MCO,5739.0
PAK,MDA,4167.0
PAK,MDG,5290.0
PAK,MDV,2395.0
PAK,MEX,14880.0
PAK,MHL,11111.0
PAK,MKD,4582.0
PAK,MLI,7942.0
PAK,MLT,5134.0
PAK,MMR,3148.0
PAK,MNE,4767.0
PAK,MNG,4315.0
PAK,MNP,8195.0
PAK,MOZ,6748.0
PAK,MRT,8510.0
PAK,MSR,12844.0
PAK,MTQ,12899.0
PAK,MUS,5093.0
PAK,MWI,5618.0
PAK,MYS,4421.0
PAK,MYT,4797.0
PAK,NAM,7532.0
PAK,NCL,11925.0
PAK,NER,6888.0
PAK,NFK,12313.0
PAK,NGA,7062.0
PAK,NIC,14997.0
PAK,NIU,14150.0
PAK,NLD,5980.0
PAK,NOR,5781.0
PAK,NPL,1846.0
PAK,NRU,11033.0
PAK,NZL,13144.0
PAK,OMN,874.0
PAK,PAN,14804.0
PAK,PCN,18472.0
PAK,PER,15997.0
PAK,PHL,5727.0
PAK,PLW,7396.0
PAK,PNG,9469.0
PAK,POL,4906.0
PAK,PRI,13038.0
PAK,PRK,5662.0
PAK,PRT,7175.0
PAK,PRY,14496.0
PAK,PSE,3272.0
PAK,PYF,16152.0
PAK,QAT,1579.0
PAK,REU,5220.0
PAK,ROU,4273.0
PAK,RUS,4178.0
PAK,RWA,4978.0
PAK,SAU,2058.0
PAK,SDN,3744.0
PAK,SEN,8799.0
PAK,SGP,4736.0
PAK,SHN,9095.0
PAK,SLB,10739.0
PAK,SLE,8649.0
PAK,SLV,15025.0
PAK,SMR,5335.0
PAK,SOM,3442.0
PAK,SPM,10243.0
PAK,SRB,4718.0
PAK,SSD,4394.0
PAK,STP,7029.0
PAK,SUR,12913.0
PAK,SVK,5048.0
PAK,SVN,5201.0
PAK,SWE,5371.0
PAK,SWZ,6859.0
PAK,SXM,12826.0
PAK,SYC,3500.0
PAK,SYR,3127.0
PAK,TCA,13182.0
PAK,TCD,5640.0
PAK,TGO,7297.0
PAK,THA,3714.0
PAK,TJK,1520.0
PAK,TKL,13640.0
PAK,TKM,1664.0
PAK,TLS,7340.0
PAK,TON,13688.0
PAK,TTO,13200.0
PAK,TUN,5520.0
PAK,TUR,3946.0
PAK,TUV,12639.0
PAK,TWN,5452.0
PAK,TZA,4627.0
PAK,UGA,4602.0
PAK,UKR,4221.0
PAK,URY,14507.0
PAK,USA,11705.0
PAK,UZB,1825.0
PAK,VAT,5321.0
PAK,VCT,13009.0
PAK,VEN,13676.0
PAK,VGB,12924.0
PAK,VNM,4458.0
PAK,VUT,11930.0
PAK,WLF,13307.0
PAK,WSM,13774.0
PAK,YEM,2610.0
PAK,ZAF,7042.0
PAK,ZMB,6135.0
PAK,ZWE,6133.0
PAN,ABW,1109.0
PAN,AFG,14174.0
PAN,AGO,10469.0
PAN,AIA,2051.0
PAN,ALB,10127.0
PAN,AND,8607.0
PAN,ARE,13833.0
PAN,ARG,5314.0
PAN,ARM,12106.0
PAN,ASM,10387.0
PAN,ATG,2115.0
PAN,AUS,14545.0
PAN,AUT,9703.0
PAN,AZE,12480.0
PAN,BDI,12152.0
PAN,BEL,8809.0
PAN,BEN,9018.0
PAN,BES,1280.0
PAN,BFA,8511.0
PAN,BGD,16226.0
PAN,BGR,10371.0
PAN,BHR,13372.0
PAN,BHS,1793.0
PAN,BIH,9949.0
PAN,BLR,10301.0
PAN,BLZ,1355.0
PAN,BMU,2994.0
PAN,BOL,3085.0
PAN,BRA,5076.0
PAN,BRB,2221.0
PAN,BRN,17796.0
PAN,BTN,15806.0
PAN,BWA,11983.0
PAN,CAF,10828.0
PAN,CAN,3846.0
PAN,CCK,19488.0
PAN,CHE,9132.0
PAN,CHL,4791.0
PAN,CHN,15029.0
PAN,CIV,8335.0
PAN,CMR,10065.0
PAN,COD,10623.0
PAN,COG,10619.0
PAN,COK,9377.0
PAN,COL,772.0
PAN,COM,13772.0
PAN,CPV,6121.0
PAN,CRI,511.0
PAN,CUB,1592.0
PAN,CUW,1209.0
PAN,CXR,19443.0
PAN,CYM,1156.0
PAN,CYP,11460.0
PAN,CZE,9528.0
PAN,DEU,9418.0
PAN,DJI,13291.0
PAN,DMA,2092.0
PAN,DNK,9318.0
PAN,DOM,1477.0
PAN,DZA,8759.0
PAN,ECU,1235.0
PAN,EGY,11466.0
PAN,ERI,12732.0
PAN,ESH,7223.0
PAN,ESP,8168.0
PAN,EST,9945.0
PAN,ETH,12907.0
PAN,FIN,9932.0
PAN,FJI,11590.0
PAN,FLK,7039.0
PAN,FRA,8667.0
PAN,FRO,8229.0
PAN,FSM,13399.0
PAN,GAB,9899.0
PAN,GBR,8497.0
PAN,GEO,12044.0
PAN,GHA,8579.0
PAN,GIB,8007.0
PAN,GIN,7226.0
PAN,GLP,2082.0
PAN,GMB,6863.0
PAN,GNB,6992.0
PAN,GNQ,9908.0
PAN,GRC,10546.0
PAN,GRD,1974.0
PAN,GRL,6505.0
PAN,GTM,1351.0
PAN,GUF,3037.0
PAN,GUM,14543.0
PAN,GUY,2368.0
PAN,HKG,16240.0
PAN,HND,1010.0
PAN,HRV,9722.0
PAN,HTI,1310.0
PAN,HUN,9915.0
PAN,IDN,19265.0
PAN,IND,15152.0
PAN,IOT,16937.0
PAN,IRL,8100.0
PAN,IRN,12885.0
PAN,IRQ,12468.0
PAN,ISL,7580.0
PAN,ISR,11706.0
PAN,ITA,9514.0
PAN,JAM,1039.0
PAN,JOR,11813.0
PAN,JPN,13584.0
PAN,KAZ,13749.0
PAN,KEN,12935.0
PAN,KGZ,13692.0
PAN,KHM,17679.0
PAN,KIR,11917.0
PAN,KNA,2037.0
PAN,KOR,14164.0
PAN,KWT,12977.0
PAN,LAO,17013.0
PAN,LBN,11692.0
PAN,LBR,7578.0
PAN,LBY,9727.0
PAN,LCA,2095.0
PAN,LIE,9211.0
PAN,LKA,17136.0
PAN,LSO,12146.0
PAN,LTU,10132.0
PAN,LUX,8940.0
PAN,LVA,9988.0
PAN,MAC,16275.0
PAN,MAR,7790.0
PAN,MCO,9080.0
PAN,MDA,10643.0
PAN,MDG,14230.0
PAN,MDV,16702.0
PAN,MEX,2408.0
PAN,MHL,11972.0
PAN,MKD,10240.0
PAN,MLI,7809.0
PAN,MLT,9792.0
PAN,MMR,17112.0
PAN,MNE,10054.0
PAN,MNG,13670.0
PAN,MNP,14363.0
PAN,MOZ,12643.0
PAN,MRT,6921.0
PAN,MSR,2065.0
PAN,MTQ,2103.0
PAN,MUS,15255.0
PAN,MWI,12759.0
PAN,MYS,18655.0
PAN,MYT,13991.0
PAN,NAM,11069.0
PAN,NCL,12859.0
PAN,NER,8889.0
PAN,NFK,12682.0
PAN,NGA,9132.0
PAN,NIC,814.0
PAN,NIU,10381.0
PAN,NLD,8843.0
PAN,NOR,9162.0
PAN,NPL,15632.0
PAN,NRU,12618.0
PAN,NZL,12005.0
PAN,OMN,14212.0
PAN,PAK,14804.0
PAN,PCN,6458.0
PAN,PER,2343.0
PAN,PHL,16563.0
PAN,PLW,15849.0
PAN,PNG,14908.0
PAN,POL,9933.0
PAN,PRI,1788.0
PAN,PRK,14084.0
PAN,PRT,7690.0
PAN,PRY,4475.0
PAN,PSE,11700.0
PAN,PYF,8240.0
PAN,QAT,13495.0
PAN,REU,15032.0
PAN,ROU,10532.0
PAN,RUS,10811.0
PAN,RWA,12204.0
PAN,SAU,13105.0
PAN,SDN,12066.0
PAN,SEN,6774.0
PAN,SGP,18810.0
PAN,SHN,8586.0
PAN,SLB,13509.0
PAN,SLE,7284.0
PAN,SLV,1176.0
PAN,SMR,9480.0
PAN,SOM,13799.0
PAN,SPM,4737.0
PAN,SRB,10089.0
PAN,SSD,12239.0
PAN,STP,9600.0
PAN,SUR,2710.0
PAN,SVK,9758.0
PAN,SVN,9605.0
PAN,SWE,9580.0
PAN,SWZ,12510.0
PAN,SXM,2042.0
PAN,SYC,15039.0
PAN,SYR,11780.0
PAN,TCA,1646.0
PAN,TCD,10301.0
PAN,TGO,8898.0
PAN,THA,17492.0
PAN,TJK,13808.0
PAN,TKL,10367.0
PAN,TKM,13225.0
PAN,TLS,17277.0
PAN,TON,10958.0
PAN,TTO,1983.0
PAN,TUN,9391.0
PAN,TUR,10872.0
PAN,TUV,11394.0
PAN,TWN,15615.0
PAN,TZA,13290.0
PAN,UGA,12441.0
PAN,UKR,10623.0
PAN,URY,5439.0
PAN,USA,3556.0
PAN,UZB,13592.0
PAN,VAT,9512.0
PAN,VCT,2050.0
PAN,VEN,1397.0
PAN,VGB,1918.0
PAN,VNM,17718.0
PAN,VUT,12657.0
PAN,WLF,10959.0
PAN,WSM,10494.0
PAN,YEM,13267.0
PAN,ZAF,12201.0
PAN,ZMB,12178.0
PAN,ZWE,12489.0
PCN,ABW,7535.0
PCN,AFG,17990.0
PCN,AGO,14460.0
PCN,AIA,8504.0
PCN,ALB,16526.0
PCN,AND,15029.0
PCN,ARE,19649.0
PCN,ARG,6744.0
PCN,ARM,18131.0
PCN,ASM,4572.0
PCN,ATG,8551.0
PCN,AUS,7708.0
PCN,AUT,15947.0
PCN,AZE,18222.0
PCN,BDI,16109.0
PCN,BEL,15033.0
PCN,BEN,14414.0
PCN,BES,7674.0
PCN,BFA,14288.0
PCN,BGD,16104.0
PCN,BGR,16719.0
PCN,BHR,19778.0
PCN,BHS,7751.0
PCN,BIH,16302.0
PCN,BLR,16166.0
PCN,BLZ,6297.0
PCN,BMU,9211.0
PCN,BOL,6294.0
PCN,BRA,8176.0
PCN,BRB,8536.0
PCN,BRN,12947.0
PCN,BTN,16226.0
PCN,BWA,13915.0
PCN,CAF,15844.0
PCN,CAN,9041.0
PCN,CCK,13664.0
PCN,CHE,15444.0
PCN,CHL,5643.0
PCN,CHN,13220.0
PCN,CIV,13725.0
PCN,CMR,15163.0
PCN,COD,14964.0
PCN,COG,14966.0
PCN,COK,3239.0
PCN,COL,6690.0
PCN,COM,15911.0
PCN,CPV,12164.0
PCN,CRI,6124.0
PCN,CUB,7228.0
PCN,CUW,7610.0
PCN,CXR,13011.0
PCN,CYM,7017.0
PCN,CYP,17891.0
PCN,CZE,15723.0
PCN,DEU,15530.0
PCN,DJI,18334.0
PCN,DMA,8491.0
PCN,DNK,15304.0
PCN,DOM,7914.0
PCN,DZA,15217.0
PCN,ECU,5751.0
PCN,EGY,17912.0
PCN,ERI,18356.0
PCN,ESH,13588.0
PCN,ESP,14613.0
PCN,EST,15584.0
PCN,ETH,17831.0
PCN,FIN,15528.0
PCN,FJI,5536.0
PCN,FLK,6588.0
PCN,FRA,14957.0
PCN,FRO,14004.0
PCN,FSM,8682.0
PCN,GAB,14762.0
PCN,GBR,14712.0
PCN,GEO,17984.0
PCN,GHA,14029.0
PCN,GIB,14465.0
PCN,GIN,12945.0
PCN,GLP,8498.0
PCN,GMB,12796.0
PCN,GNB,12842.0
PCN,GNQ,14880.0
PCN,GRC,16981.0
PCN,GRD,8277.0
PCN,GRL,11794.0
PCN,GTM,5956.0
PCN,GUF,8831.0
PCN,GUM,10320.0
PCN,GUY,8347.0
PCN,HKG,13689.0
PCN,HND,6170.0
PCN,HRV,16039.0
PCN,HTI,7708.0
PCN,HUN,16160.0
PCN,IDN,13158.0
PCN,IND,17445.0
PCN,IOT,15855.0
PCN,IRL,14261.0
PCN,IRN,18749.0
PCN,IRQ,18792.0
PCN,ISL,13212.0
PCN,ISR,18162.0
PCN,ITA,15929.0
PCN,JAM,7296.0
PCN,JOR,18268.0
PCN,JPN,11719.0
PCN,KAZ,16902.0
PCN,KEN,16750.0
PCN,KGZ,17080.0
PCN,KHM,14252.0
PCN,KIR,6938.0
PCN,KNA,8480.0
PCN,KOR,12870.0
PCN,KWT,19348.0
PCN,LAO,14724.0
PCN,LBN,18129.0
PCN,LBR,13090.0
PCN,LBY,16171.0
PCN,LCA,8456.0
PCN,LIE,15525.0
PCN,LKA,16455.0
PCN,LSO,13528.0
PCN,LTU,16001.0
PCN,LUX,15197.0
PCN,LVA,15767.0
PCN,MAC,13750.0
PCN,MAR,14236.0
PCN,MCO,15476.0
PCN,MDA,16786.0
PCN,MDG,15194.0
PCN,MDV,16784.0
PCN,MEX,5788.0
PCN,MHL,7406.0
PCN,MKD,16617.0
PCN,MLI,13644.0
PCN,MLT,16251.0
PCN,MMR,15339.0
PCN,MNE,16434.0
PCN,MNG,14552.0
PCN,MNP,10300.0
PCN,MOZ,14066.0
PCN,MRT,13039.0
PCN,MSR,8499.0
PCN,MTQ,8481.0
PCN,MUS,15037.0
PCN,MWI,15343.0
PCN,MYS,14177.0
PCN,MYT,15835.0
PCN,NAM,13615.0
PCN,NCL,6610.0
PCN,NER,14703.0
PCN,NFK,6284.0
PCN,NGA,14517.0
PCN,NIC,6101.0
PCN,NIU,4328.0
PCN,NLD,15012.0
PCN,NOR,14959.0
PCN,NPL,16653.0
PCN,NRU,7444.0
PCN,NZL,5547.0
PCN,OMN,19323.0
PCN,PAK,18472.0
PCN,PAN,6458.0
PCN,PER,5563.0
PCN,PHL,12744.0
PCN,PLW,11069.0
PCN,PNG,9034.0
PCN,POL,15978.0
PCN,PRI,8246.0
PCN,PRK,13006.0
PCN,PRT,14144.0
PCN,PRY,7055.0
PCN,PSE,18159.0
PCN,PYF,2332.0
PCN,QAT,19901.0
PCN,REU,14980.0
PCN,ROU,16804.0
PCN,RUS,16337.0
PCN,RWA,16282.0
PCN,SAU,19527.0
PCN,SDN,17802.0
PCN,SEN,12767.0
PCN,SGP,13867.0
PCN,SHN,12361.0
PCN,SLB,7742.0
PCN,SLE,12941.0
PCN,SLV,5985.0
PCN,SMR,15858.0
PCN,SOM,17443.0
PCN,SPM,10690.0
PCN,SRB,16403.0
PCN,SSD,16970.0
PCN,STP,14505.0
PCN,SUR,8595.0
PCN,SVK,15998.0
PCN,SVN,15924.0
PCN,SWE,15327.0
PCN,SWZ,13980.0
PCN,SXM,8494.0
PCN,SYC,16771.0
PCN,SYR,18217.0
PCN,TCA,8000.0
PCN,TCD,15941.0
PCN,TGO,14285.0
PCN,THA,14783.0
PCN,TJK,17764.0
PCN,TKL,4841.0
PCN,TKM,18374.0
PCN,TLS,11229.0
PCN,TON,4806.0
PCN,TTO,8224.0
PCN,TUN,15850.0
PCN,TUR,17214.0
PCN,TUV,5834.0
PCN,TWN,13053.0
PCN,TZA,16303.0
PCN,UGA,16650.0
PCN,UKR,16590.0
PCN,URY,6940.0
PCN,USA,9135.0
PCN,UZB,17533.0
PCN,VAT,15926.0
PCN,VCT,8387.0
PCN,VEN,7706.0
PCN,VGB,8375.0
PCN,VNM,14041.0
PCN,VUT,6572.0
PCN,WLF,5164.0
PCN,WSM,4697.0
PCN,YEM,18747.0
PCN,ZAF,13862.0
PCN,ZMB,14928.0
PCN,ZWE,14832.0
PER,ABW,2825.0
PER,AFG,15795.0
PER,AGO,9843.0
PER,AIA,3682.0
PER,ALB,11455.0
PER,AND,9988.0
PER,ARE,14823.0
PER,ARG,3130.0
PER,ARM,13537.0
PER,ASM,10079.0
PER,ATG,3632.0
PER,AUS,12971.0
PER,AUT,11248.0
PER,AZE,13975.0
PER,BDI,11718.0
PER,BEL,10441.0
PER,BEN,9019.0
PER,BES,2845.0
PER,BFA,8764.0
PER,BGD,18167.0
PER,BGR,11753.0
PER,BHR,14340.0
PER,BHS,4105.0
PER,BIH,11358.0
PER,BLR,12037.0
PER,BLZ,3488.0
PER,BMU,5077.0
PER,BOL,1077.0
PER,BRA,3455.0
PER,BRB,3381.0
PER,BRN,18494.0
PER,BTN,17813.0
PER,BWA,10736.0
PER,CAF,10725.0
PER,CAN,6177.0
PER,CCK,17242.0
PER,CHE,10652.0
PER,CHL,2459.0
PER,CHN,17167.0
PER,CIV,8304.0
PER,CMR,9949.0
PER,COD,10173.0
PER,COG,10171.0
PER,COK,8795.0
PER,COL,1870.0
PER,COM,12930.0
PER,CPV,6611.0
PER,CRI,2552.0
PER,CUB,3933.0
PER,CUW,2817.0
PER,CXR,17502.0
PER,CYM,3498.0
PER,CYP,12625.0
PER,CZE,11129.0
PER,DEU,11090.0
PER,DJI,13530.0
PER,DMA,3481.0
PER,DNK,11078.0
PER,DOM,3467.0
PER,DZA,9938.0
PER,ECU,1137.0
PER,EGY,12426.0
PER,ERI,13122.0
PER,ESH,8138.0
PER,ESP,9501.0
PER,EST,11817.0
PER,ETH,13013.0
PER,FIN,11822.0
PER,FJI,11099.0
PER,FLK,4726.0
PER,FRA,10245.0
PER,FRO,10180.0
PER,FSM,13959.0
PER,GAB,9644.0
PER,GBR,10160.0
PER,GEO,13527.0
PER,GHA,8598.0
PER,GIB,9202.0
PER,GIN,7407.0
PER,GLP,3530.0
PER,GMB,7233.0
PER,GNB,7285.0
PER,GNQ,9712.0
PER,GRC,11767.0
PER,GRD,3155.0
PER,GRL,8721.0
PER,GTM,3303.0
PER,GUF,3316.0
PER,GUM,15502.0
PER,GUY,2951.0
PER,HKG,18376.0
PER,HND,3100.0
PER,HRV,11192.0
PER,HTI,3422.0
PER,HUN,11441.0
PER,IDN,17942.0
PER,IND,16778.0
PER,IOT,16028.0
PER,IRL,9837.0
PER,IRN,14239.0
PER,IRQ,13654.0
PER,ISL,9633.0
PER,ISR,12765.0
PER,ITA,10855.0
PER,JAM,3323.0
PER,JOR,12875.0
PER,JPN,15500.0
PER,KAZ,15741.0
PER,KEN,12578.0
PER,KGZ,15637.0
PER,KHM,19815.0
PER,KIR,12224.0
PER,KNA,3606.0
PER,KOR,16312.0
PER,KWT,14046.0
PER,LAO,19347.0
PER,LBN,12824.0
PER,LBR,7606.0
PER,LBY,10751.0
PER,LCA,3381.0
PER,LIE,10723.0
PER,LKA,17435.0
PER,LSO,10734.0
PER,LTU,11883.0
PER,LUX,10532.0
PER,LVA,11796.0
PER,MAC,18430.0
PER,MAR,8907.0
PER,MCO,10486.0
PER,MDA,12184.0
PER,MDG,13049.0
PER,MDV,16676.0
PER,MEX,4242.0
PER,MHL,12523.0
PER,MKD,11594.0
PER,MLI,8097.0
PER,MLT,10926.0
PER,MMR,19120.0
PER,MNE,11418.0
PER,MNG,16011.0
PER,MNP,15400.0
PER,MOZ,11318.0
PER,MRT,7487.0
PER,MSR,3582.0
PER,MTQ,3433.0
PER,MUS,13902.0
PER,MWI,11876.0
PER,MYS,19010.0
PER,MYT,13089.0
PER,NAM,9923.0
PER,NCL,12131.0
PER,NER,9179.0
PER,NFK,11698.0
PER,NGA,9132.0
PER,NIC,2861.0
PER,NIU,9884.0
PER,NLD,10518.0
PER,NOR,11032.0
PER,NPL,17492.0
PER,NRU,12837.0
PER,NZL,10783.0
PER,OMN,15177.0
PER,PAK,15997.0
PER,PAN,2343.0
PER,PCN,5563.0
PER,PHL,18064.0
PER,PLW,16542.0
PER,PNG,14593.0
PER,POL,11604.0
PER,PRI,3581.0
PER,PRK,16271.0
PER,PRT,8997.0
PER,PRY,2512.0
PER,PSE,12736.0
PER,PYF,7789.0
PER,QAT,14434.0
PER,REU,13679.0
PER,ROU,11980.0
PER,RUS,12641.0
PER,RWA,11829.0
PER,SAU,13964.0
PER,SDN,12442.0
PER,SEN,7204.0
PER,SGP,18811.0
PER,SHN,7681.0
PER,SLB,13297.0
PER,SLE,7415.0
PER,SLV,3146.0
PER,SMR,10888.0
PER,SOM,13586.0
PER,SPM,6838.0
PER,SRB,11533.0
PER,SSD,12153.0
PER,STP,9346.0
PER,SUR,3127.0
PER,SVK,11302.0
PER,SVN,11081.0
PER,SWE,11438.0
PER,SWZ,11180.0
PER,SXM,3663.0
PER,SYC,14461.0
PER,SYR,12903.0
PER,TCA,3761.0
PER,TCD,10515.0
PER,TGO,8888.0
PER,THA,19700.0
PER,TJK,15541.0
PER,TKL,10256.0
PER,TKM,14757.0
PER,TLS,16639.0
PER,TON,10368.0
PER,TTO,3041.0
PER,TUN,10559.0
PER,TUR,12219.0
PER,TUV,11300.0
PER,TWN,17605.0
PER,TZA,12682.0
PER,UGA,12159.0
PER,UKR,12274.0
PER,URY,3288.0
PER,USA,5849.0
PER,UZB,15404.0
PER,VAT,10853.0
PER,VCT,3288.0
PER,VEN,2733.0
PER,VGB,3634.0
PER,VNM,19604.0
PER,VUT,12131.0
PER,WLF,10681.0
PER,WSM,10202.0
PER,YEM,13686.0
PER,ZAF,10891.0
PER,ZMB,11262.0
PER,ZWE,11469.0
PHL,ABW,16772.0
PHL,AFG,5622.0
PHL,AGO,12162.0
PHL,AIA,16347.0
PHL,ALB,9856.0
PHL,AND,11179.0
PHL,ARE,6913.0
PHL,ARG,17787.0
PHL,ARM,7835.0
PHL,ASM,8172.0
PHL,ATG,16482.0
PHL,AUS,6321.0
PHL,AUT,9859.0
PHL,AZE,7378.0
PHL,BDI,10286.0
PHL,BEL,10521.0
PHL,BEN,12871.0
PHL,BES,16878.0
PHL,BFA,13027.0
PHL,BGD,3362.0
PHL,BGR,9534.0
PHL,BHR,7377.0
PHL,BHS,15192.0
PHL,BIH,9880.0
PHL,BLR,8930.0
PHL,BLZ,15214.0
PHL,BMU,14779.0
PHL,BOL,19032.0
PHL,BRA,18388.0
PHL,BRB,16939.0
PHL,BRN,1257.0
PHL,BTN,3541.0
PHL,BWA,11183.0
PHL,CAF,11228.0
PHL,CAN,13225.0
PHL,CCK,3984.0
PHL,CHE,10437.0
PHL,CHL,17615.0
PHL,CHN,1841.0
PHL,CIV,13576.0
PHL,CMR,11994.0
PHL,COD,11824.0
PHL,COG,11826.0
PHL,COK,9519.0
PHL,COL,17318.0
PHL,COM,9051.0
PHL,CPV,14930.0
PHL,CRI,16146.0
PHL,CUB,15125.0
PHL,CUW,16858.0
PHL,CXR,3242.0
PHL,CYM,15535.0
PHL,CYP,8879.0
PHL,CZE,9915.0
PHL,DEU,9877.0
PHL,DJI,8406.0
PHL,DMA,16686.0
PHL,DNK,9791.0
PHL,DOM,16157.0
PHL,DZA,11387.0
PHL,ECU,17352.0
PHL,EGY,9190.0
PHL,ERI,8764.0
PHL,ESH,13251.0
PHL,ESP,11672.0
PHL,EST,8968.0
PHL,ETH,8939.0
PHL,FIN,8940.0
PHL,FJI,7270.0
PHL,FLK,15888.0
PHL,FRA,10758.0
PHL,FRO,10373.0
PHL,FSM,4148.0
PHL,GAB,12322.0
PHL,GBR,10748.0
PHL,GEO,7801.0
PHL,GHA,13275.0
PHL,GIB,12061.0
PHL,GIN,14353.0
PHL,GLP,16606.0
PHL,GMB,14424.0
PHL,GNB,14415.0
PHL,GNQ,12243.0
PHL,GRC,9644.0
PHL,GRD,17040.0
PHL,GRL,11246.0
PHL,GTM,15280.0
PHL,GUF,17724.0
PHL,GUM,2569.0
PHL,GUY,17634.0
PHL,HKG,1112.0
PHL,HND,15581.0
PHL,HRV,9981.0
PHL,HTI,16062.0
PHL,HUN,9697.0
PHL,IDN,2782.0
PHL,IND,4760.0
PHL,IOT,5882.0
PHL,IRL,10964.0
PHL,IRN,7243.0
PHL,IRQ,7901.0
PHL,ISL,10721.0
PHL,ISR,8813.0
PHL,ITA,10406.0
PHL,JAM,15911.0
PHL,JOR,8707.0
PHL,JPN,2990.0
PHL,KAZ,5251.0
PHL,KEN,9425.0
PHL,KGZ,5410.0
PHL,KHM,1774.0
PHL,KIR,5901.0
PHL,KNA,16453.0
PHL,KOR,2613.0
PHL,KWT,7602.0
PHL,LAO,1999.0
PHL,LBN,8712.0
PHL,LBR,14229.0
PHL,LBY,10734.0
PHL,LCA,16832.0
PHL,LIE,10378.0
PHL,LKA,4571.0
PHL,LSO,11129.0
PHL,LTU,9057.0
PHL,LUX,10477.0
PHL,LVA,9070.0
PHL,MAC,1150.0
PHL,MAR,12394.0
PHL,MCO,10694.0
PHL,MDA,8995.0
PHL,MDG,8861.0
PHL,MDV,5329.0
PHL,MEX,14236.0
PHL,MHL,5562.0
PHL,MKD,9705.0
PHL,MLI,13649.0
PHL,MLT,10496.0
PHL,MMR,2670.0
PHL,MNE,9861.0
PHL,MNG,3915.0
PHL,MNP,2665.0
PHL,MOZ,10570.0
PHL,MRT,14077.0
PHL,MSR,16514.0
PHL,MTQ,16765.0
PHL,MUS,7939.0
PHL,MWI,10108.0
PHL,MYS,2469.0
PHL,MYT,8881.0
PHL,NAM,12031.0
PHL,NCL,6422.0
PHL,NER,12613.0
PHL,NFK,6990.0
PHL,NGA,12762.0
PHL,NIC,15806.0
PHL,NIU,8437.0
PHL,NLD,10404.0
PHL,NOR,9697.0
PHL,NPL,3959.0
PHL,NRU,5327.0
PHL,NZL,8012.0
PHL,OMN,6592.0
PHL,PAK,5727.0
PHL,PAN,16563.0
PHL,PCN,12744.0
PHL,PER,18064.0
PHL,PLW,1679.0
PHL,PNG,3929.0
PHL,POL,9401.0
PHL,PRI,16266.0
PHL,PRK,2747.0
PHL,PRT,12159.0
PHL,PRY,18811.0
PHL,PSE,8855.0
PHL,PYF,10440.0
PHL,QAT,7303.0
PHL,REU,8167.0
PHL,ROU,9267.0
PHL,RUS,8263.0
PHL,RWA,10171.0
PHL,SAU,7783.0
PHL,SDN,9428.0
PHL,SEN,14418.0
PHL,SGP,2391.0
PHL,SHN,14323.0
PHL,SLB,5056.0
PHL,SLE,14367.0
PHL,SLV,15456.0
PHL,SMR,10318.0
PHL,SOM,8414.0
PHL,SPM,13201.0
PHL,SRB,9686.0
PHL,SSD,9818.0
PHL,STP,12615.0
PHL,SUR,17702.0
PHL,SVK,9810.0
PHL,SVN,10078.0
PHL,SWE,9337.0
PHL,SWZ,10708.0
PHL,SXM,16368.0
PHL,SYC,7534.0
PHL,SYR,8644.0
PHL,TCA,15804.0
PHL,TCD,11350.0
PHL,TGO,13002.0
PHL,THA,2210.0
PHL,TJK,5743.0
PHL,TKL,7935.0
PHL,TKM,6632.0
PHL,TLS,2611.0
PHL,TON,8014.0
PHL,TTO,17196.0
PHL,TUN,10816.0
PHL,TUR,9127.0
PHL,TUV,6916.0
PHL,TWN,1153.0
PHL,TZA,9322.0
PHL,UGA,9837.0
PHL,UKR,8803.0
PHL,URY,17745.0
PHL,USA,13689.0
PHL,UZB,5779.0
PHL,VAT,10407.0
PHL,VCT,16924.0
PHL,VEN,17099.0
PHL,VGB,16301.0
PHL,VNM,1612.0
PHL,VUT,6308.0
PHL,WLF,7580.0
PHL,WSM,8047.0
PHL,YEM,8209.0
PHL,ZAF,11007.0
PHL,ZMB,10722.0
PHL,ZWE,10497.0
PLW,ABW,16534.0
PLW,AFG,7294.0
PLW,AGO,13565.0
PLW,AIA,16593.0
PLW,ALB,11474.0
PLW,AND,12725.0
PLW,ARE,8583.0
PLW,ARG,16713.0
PLW,ARM,9487.0
PLW,ASM,6508.0
PLW,ATG,16766.0
PLW,AUS,5116.0
PLW,AUT,11406.0
PLW,AZE,9029.0
PLW,BDI,11733.0
PLW,BEL,11990.0
PLW,BEN,14504.0
PLW,BES,16709.0
PLW,BFA,14699.0
PLW,BGD,5036.0
PLW,BGR,11148.0
PLW,BHR,9051.0
PLW,BHS,15045.0
PLW,BIH,11474.0
PLW,BLR,10441.0
PLW,BLZ,14549.0
PLW,BMU,15170.0
PLW,BOL,17370.0
PLW,BRA,18207.0
PLW,BRB,17268.0
PLW,BRN,2178.0
PLW,BTN,5219.0
PLW,BWA,12229.0
PLW,CAF,12802.0
PLW,CAN,13407.0
PLW,CCK,4716.0
PLW,CHE,11965.0
PLW,CHL,16136.0
PLW,CHN,2971.0
PLW,CIV,15217.0
PLW,CMR,13580.0
PLW,COD,13296.0
PLW,COG,13299.0
PLW,COK,7844.0
PLW,COL,16595.0
PLW,COM,10314.0
PLW,CPV,16561.0
PLW,CRI,15349.0
PLW,CUB,14784.0
PLW,CUW,16656.0
PLW,CXR,3771.0
PLW,CYM,15112.0
PLW,CYP,10546.0
PLW,CZE,11436.0
PLW,DEU,11365.0
PLW,DJI,10000.0
PLW,DMA,16959.0
PLW,DNK,11235.0
PLW,DOM,16103.0
PLW,DZA,12991.0
PLW,ECU,16182.0
PLW,EGY,10867.0
PLW,ERI,10394.0
PLW,ESH,14851.0
PLW,ESP,13210.0
PLW,EST,10398.0
PLW,ETH,10516.0
PLW,FIN,10359.0
PLW,FJI,5592.0
PLW,FLK,14958.0
PLW,FRA,12240.0
PLW,FRO,11628.0
PLW,FSM,2616.0
PLW,GAB,13874.0
PLW,GBR,12185.0
PLW,GEO,9444.0
PLW,GHA,14919.0
PLW,GIB,13630.0
PLW,GIN,16031.0
PLW,GLP,16875.0
PLW,GMB,16094.0
PLW,GNB,16092.0
PLW,GNQ,13812.0
PLW,GRC,11291.0
PLW,GRD,17219.0
PLW,GRL,12055.0
PLW,GTM,14500.0
PLW,GUF,18457.0
PLW,GUM,1313.0
PLW,GUY,17917.0
PLW,HKG,2732.0
PLW,HND,14852.0
PLW,HRV,11551.0
PLW,HTI,15914.0
PLW,HUN,11259.0
PLW,IDN,3416.0
PLW,IND,6438.0
PLW,IOT,7096.0
PLW,IRL,12338.0
PLW,IRN,8914.0
PLW,IRQ,9576.0
PLW,ISL,11834.0
PLW,ISR,10489.0
PLW,ITA,12000.0
PLW,JAM,15589.0
PLW,JOR,10384.0
PLW,JPN,3184.0
PLW,KAZ,6854.0
PLW,KEN,10882.0
PLW,KGZ,7023.0
PLW,KHM,3278.0
PLW,KIR,4323.0
PLW,KNA,16697.0
PLW,KOR,3432.0
PLW,KWT,9280.0
PLW,LAO,3650.0
PLW,LBN,10385.0
PLW,LBR,15892.0
PLW,LBY,12390.0
PLW,LCA,17100.0
PLW,LIE,11913.0
PLW,LKA,6031.0
PLW,LSO,12059.0
PLW,LTU,10553.0
PLW,LUX,11970.0
PLW,LVA,10533.0
PLW,MAC,2783.0
PLW,MAR,13973.0
PLW,MCO,12254.0
PLW,MDA,10582.0
PLW,MDG,9959.0
PLW,MDV,6758.0
PLW,MEX,13449.0
PLW,MHL,4074.0
PLW,MKD,11321.0
PLW,MLI,15327.0
PLW,MLT,12139.0
PLW,MMR,4293.0
PLW,MNE,11469.0
PLW,MNG,5198.0
PLW,MNP,1507.0
PLW,MOZ,11570.0
PLW,MRT,15727.0
PLW,MSR,16774.0
PLW,MTQ,17041.0
PLW,MUS,8951.0
PLW,MWI,11362.0
PLW,MYS,3664.0
PLW,MYT,10116.0
PLW,NAM,13139.0
PLW,NCL,4785.0
PLW,NER,14284.0
PLW,NFK,5399.0
PLW,NGA,14393.0
PLW,NIC,15035.0
PLW,NIU,6760.0
PLW,NLD,11857.0
PLW,NOR,11075.0
PLW,NPL,5638.0
PLW,NRU,3705.0
PLW,NZL,6446.0
PLW,OMN,8256.0
PLW,PAK,7396.0
PLW,PAN,15849.0
PLW,PCN,11069.0
PLW,PER,16542.0
PLW,PHL,1679.0
PLW,PNG,2330.0
PLW,POL,10917.0
PLW,PRI,16375.0
PLW,PRK,3618.0
PLW,PRT,13679.0
PLW,PRY,17645.0
PLW,PSE,10531.0
PLW,PYF,8788.0
PLW,QAT,8974.0
PLW,REU,9176.0
PLW,ROU,10873.0
PLW,RUS,9764.0
PLW,RWA,11638.0
PLW,SAU,9454.0
PLW,SDN,11067.0
PLW,SEN,16081.0
PLW,SGP,3463.0
PLW,SHN,15599.0
PLW,SLB,3380.0
PLW,SLE,16043.0
PLW,SLV,14674.0
PLW,SMR,11895.0
PLW,SOM,9894.0
PLW,SPM,13918.0
PLW,SRB,11277.0
PLW,SSD,11367.0
PLW,STP,14175.0
PLW,SUR,18204.0
PLW,SVK,11360.0
PLW,SVN,11641.0
PLW,SWE,10750.0
PLW,SWZ,11703.0
PLW,SXM,16611.0
PLW,SYC,8877.0
PLW,SYR,10318.0
PLW,TCA,15777.0
PLW,TCD,12995.0
PLW,TGO,14635.0
PLW,THA,3779.0
PLW,TJK,7397.0
PLW,TKL,6296.0
PLW,TKM,8294.0
PLW,TLS,2017.0
PLW,TON,6336.0
PLW,TTO,17352.0
PLW,TUN,12443.0
PLW,TUR,10762.0
PLW,TUV,5263.0
PLW,TWN,2396.0
PLW,TZA,10686.0
PLW,UGA,11327.0
PLW,UKR,10359.0
PLW,URY,16774.0
PLW,USA,13942.0
PLW,UZB,7414.0
PLW,VAT,12002.0
PLW,VCT,17160.0
PLW,VEN,16943.0
PLW,VGB,16477.0
PLW,VNM,3080.0
PLW,VUT,4641.0
PLW,WLF,5913.0
PLW,WSM,6384.0
PLW,YEM,9832.0
PLW,ZAF,12012.0
PLW,ZMB,11964.0
PLW,ZWE,11682.0
PNG,ABW,15958.0
PNG,AFG,9522.0
PNG,AGO,14542.0
PNG,AIA,16628.0
PNG,ALB,13784.0
PNG,AND,15055.0
PNG,ARE,10645.0
PNG,ARG,14439.0
PNG,ARM,11759.0
PNG,ASM,4614.0
PNG,ATG,16780.0
PNG,AUS,3150.0
PNG,AUT,13736.0
PNG,AZE,11302.0
PNG,BDI,12995.0
PNG,BEL,14300.0
PNG,BEN,16146.0
PNG,BES,16151.0
PNG,BFA,16603.0
PNG,BGD,7180.0
PNG,BGR,13460.0
PNG,BHR,11128.0
PNG,BHS,15018.0
PNG,BIH,13797.0
PNG,BLR,12768.0
PNG,BLZ,13932.0
PNG,BMU,15873.0
PNG,BOL,15191.0
PNG,BRA,16061.0
PNG,BRB,17083.0
PNG,BRN,3914.0
PNG,BTN,7422.0
PNG,BWA,12623.0
PNG,CAF,14336.0
PNG,CAN,14140.0
PNG,CCK,5508.0
PNG,CHE,14293.0
PNG,CHL,13806.0
PNG,CHN,5271.0
PNG,CIV,16827.0
PNG,CMR,15099.0
PNG,COD,14482.0
PNG,COG,14487.0
PNG,COK,5818.0
PNG,COL,15449.0
PNG,COM,11299.0
PNG,CPV,18847.0
PNG,CRI,14416.0
PNG,CUB,14552.0
PNG,CUW,16078.0
PNG,CXR,4550.0
PNG,CYM,14702.0
PNG,CYP,12775.0
PNG,CZE,13763.0
PNG,DEU,13685.0
PNG,DJI,11742.0
PNG,DMA,16864.0
PNG,DNK,13539.0
PNG,DOM,15913.0
PNG,DZA,15311.0
PNG,ECU,14659.0
PNG,EGY,13030.0
PNG,ERI,12237.0
PNG,ESH,17174.0
PNG,ESP,15538.0
PNG,EST,12699.0
PNG,ETH,12187.0
PNG,FIN,12656.0
PNG,FJI,3509.0
PNG,FLK,12819.0
PNG,FRA,14554.0
PNG,FRO,13801.0
PNG,FSM,2181.0
PNG,GAB,15247.0
PNG,GBR,14478.0
PNG,GEO,11728.0
PNG,GHA,16586.0
PNG,GIB,15960.0
PNG,GIN,17932.0
PNG,GLP,16816.0
PNG,GMB,18219.0
PNG,GNB,18133.0
PNG,GNQ,15249.0
PNG,GRC,13568.0
PNG,GRD,16860.0
PNG,GRL,13749.0
PNG,GTM,13740.0
PNG,GUF,17824.0
PNG,GUM,2549.0
PNG,GUY,17230.0
PNG,HKG,5027.0
PNG,HND,14097.0
PNG,HRV,13880.0
PNG,HTI,15658.0
PNG,HUN,13589.0
PNG,IDN,4461.0
PNG,IND,8607.0
PNG,IOT,8225.0
PNG,IRL,14589.0
PNG,IRN,11137.0
PNG,IRQ,11770.0
PNG,ISL,13873.0
PNG,ISR,12675.0
PNG,ITA,14323.0
PNG,JAM,15196.0
PNG,JOR,12566.0
PNG,JPN,5057.0
PNG,KAZ,9169.0
PNG,KEN,12228.0
PNG,KGZ,9333.0
PNG,KHM,5222.0
PNG,KIR,3099.0
PNG,KNA,16684.0
PNG,KOR,5614.0
PNG,KWT,11412.0
PNG,LAO,5762.0
PNG,LBN,12595.0
PNG,LBR,17583.0
PNG,LBY,14647.0
PNG,LCA,16925.0
PNG,LIE,14242.0
PNG,LKA,7684.0
PNG,LSO,12272.0
PNG,LTU,12876.0
PNG,LUX,14288.0
PNG,LVA,12847.0
PNG,MAC,5072.0
PNG,MAR,16302.0
PNG,MCO,14585.0
PNG,MDA,12907.0
PNG,MDG,10679.0
PNG,MDV,8309.0
PNG,MEX,12837.0
PNG,MHL,3248.0
PNG,MKD,13632.0
PNG,MLI,17302.0
PNG,MLT,14421.0
PNG,MMR,6322.0
PNG,MNE,13785.0
PNG,MNG,7489.0
PNG,MNP,2731.0
PNG,MOZ,11957.0
PNG,MRT,17974.0
PNG,MSR,16749.0
PNG,MTQ,16908.0
PNG,MUS,9626.0
PNG,MWI,12236.0
PNG,MYS,5234.0
PNG,MYT,11064.0
PNG,NAM,13536.0
PNG,NCL,2501.0
PNG,NER,16201.0
PNG,NFK,3070.0
PNG,NGA,16032.0
PNG,NIC,14194.0
PNG,NIU,4737.0
PNG,NLD,14161.0
PNG,NOR,13345.0
PNG,NPL,7823.0
PNG,NRU,2398.0
PNG,NZL,4116.0
PNG,OMN,10289.0
PNG,PAK,9469.0
PNG,PAN,14908.0
PNG,PCN,9034.0
PNG,PER,14593.0
PNG,PHL,3929.0
PNG,PLW,2330.0
PNG,POL,13244.0
PNG,PRI,16308.0
PNG,PRK,5807.0
PNG,PRT,16001.0
PNG,PRY,15322.0
PNG,PSE,12710.0
PNG,PYF,6879.0
PNG,QAT,11034.0
PNG,REU,9824.0
PNG,ROU,13190.0
PNG,RUS,12091.0
PNG,RWA,12952.0
PNG,SAU,11502.0
PNG,SDN,12924.0
PNG,SEN,18261.0
PNG,SGP,4948.0
PNG,SHN,15922.0
PNG,SLB,1402.0
PNG,SLE,17880.0
PNG,SLV,13882.0
PNG,SMR,14223.0
PNG,SOM,11355.0
PNG,SPM,15317.0
PNG,SRB,13601.0
PNG,SSD,12913.0
PNG,STP,15540.0
PNG,SUR,17540.0
PNG,SVK,13690.0
PNG,SVN,13971.0
PNG,SWE,13042.0
PNG,SWZ,12067.0
PNG,SXM,16634.0
PNG,SYC,10124.0
PNG,SYR,12522.0
PNG,TCA,15724.0
PNG,TCD,14799.0
PNG,TGO,16267.0
PNG,THA,5755.0
PNG,TJK,9667.0
PNG,TKL,4563.0
PNG,TKM,10546.0
PNG,TLS,2378.0
PNG,TON,4229.0
PNG,TTO,16889.0
PNG,TUN,14745.0
PNG,TUR,13056.0
PNG,TUV,3521.0
PNG,TWN,4724.0
PNG,TZA,11841.0
PNG,UGA,12723.0
PNG,UKR,12689.0
PNG,URY,14527.0
PNG,USA,14689.0
PNG,UZB,9707.0
PNG,VAT,14325.0
PNG,VCT,16909.0
PNG,VEN,16302.0
PNG,VGB,16463.0
PNG,VNM,5011.0
PNG,VUT,2462.0
PNG,WLF,4019.0
PNG,WSM,4498.0
PNG,YEM,11673.0
PNG,ZAF,12358.0
PNG,ZMB,12756.0
PNG,ZWE,12391.0
POL,ABW,8988.0
POL,AFG,4268.0
POL,AGO,6807.0
POL,AIA,8028.0
POL,ALB,1215.0
POL,AND,1817.0
POL,ARE,4154.0
POL,ARG,12308.0
POL,ARM,2238.0
POL,ASM,15668.0
POL,ATG,8039.0
POL,AUS,15448.0
POL,AUT,557.0
POL,AZE,2560.0
POL,BDI,6213.0
POL,BEL,1164.0
POL,BEN,5356.0
POL,BES,8901.0
POL,BFA,4861.0
POL,BGD,6568.0
POL,BGR,1074.0
POL,BHR,3803.0
POL,BHS,8386.0
POL,BIH,953.0
POL,BLR,477.0
POL,BLZ,9789.0
POL,BMU,6975.0
POL,BOL,11385.0
POL,BRA,10641.0
POL,BRB,8230.0
POL,BRN,9845.0
POL,BTN,6211.0
POL,BWA,8530.0
POL,CAF,5312.0
POL,CAN,6939.0
POL,CCK,10126.0
POL,CHE,1049.0
POL,CHL,12969.0
POL,CHN,7985.0
POL,CIV,5684.0
POL,CMR,5433.0
POL,COD,6291.0
POL,COG,6284.0
POL,COK,16563.0
POL,COL,9953.0
POL,COM,7398.0
POL,CPV,5700.0
POL,CRI,10149.0
POL,CUB,8870.0
POL,CUW,8950.0
POL,CXR,10555.0
POL,CYM,9145.0
POL,CYP,2135.0
POL,CZE,519.0
POL,DEU,518.0
POL,DJI,4927.0
POL,DMA,8163.0
POL,DNK,674.0
POL,DOM,8465.0
POL,DZA,2224.0
POL,ECU,10941.0
POL,EGY,2604.0
POL,ERI,4390.0
POL,ESH,3979.0
POL,ESP,2294.0
POL,EST,836.0
POL,ETH,5054.0
POL,FIN,917.0
POL,FJI,15743.0
POL,FLK,13670.0
POL,FRA,1371.0
POL,FRO,1981.0
POL,FSM,12301.0
POL,GAB,5846.0
POL,GBR,1453.0
POL,GEO,2143.0
POL,GHA,5458.0
POL,GIB,2736.0
POL,GIN,5672.0
POL,GLP,8126.0
POL,GMB,5451.0
POL,GNB,5547.0
POL,GNQ,5680.0
POL,GRC,1601.0
POL,GRD,8466.0
POL,GRL,4211.0
POL,GTM,10136.0
POL,GUF,8444.0
POL,GUM,10959.0
POL,GUY,8675.0
POL,HKG,8290.0
POL,HND,9978.0
POL,HRV,802.0
POL,HTI,8623.0
POL,HUN,545.0
POL,IDN,10266.0
POL,IND,5268.0
POL,IOT,8188.0
POL,IRL,1832.0
POL,IRN,3018.0
POL,IRQ,2815.0
POL,ISL,2778.0
POL,ISR,2501.0
POL,ITA,1317.0
POL,JAM,8963.0
POL,JOR,2557.0
POL,JPN,8600.0
POL,KAZ,4198.0
POL,KEN,6114.0
POL,KGZ,4065.0
POL,KHM,8586.0
POL,KIR,13517.0
POL,KNA,8084.0
POL,KOR,7760.0
POL,KWT,3370.0
POL,LAO,7880.0
POL,LBN,2343.0
POL,LBR,5865.0
POL,LBY,2241.0
POL,LCA,8246.0
POL,LIE,1002.0
POL,LKA,7313.0
POL,LSO,9055.0
POL,LTU,394.0
POL,LUX,1084.0
POL,LVA,562.0
POL,MAC,8255.0
POL,MAR,3086.0
POL,MCO,1382.0
POL,MDA,811.0
POL,MDG,8290.0
POL,MDV,7174.0
POL,MEX,10197.0
POL,MHL,12857.0
POL,MKD,1138.0
POL,MLI,5098.0
POL,MLT,1886.0
POL,MMR,7539.0
POL,MNE,1096.0
POL,MNG,5796.0
POL,MNP,10849.0
POL,MOZ,8733.0
POL,MRT,4972.0
POL,MSR,8091.0
POL,MTQ,8200.0
POL,MUS,8765.0
POL,MWI,7436.0
POL,MYS,9098.0
POL,MYT,7569.0
POL,NAM,8293.0
POL,NCL,15569.0
POL,NER,4614.0
POL,NFK,16273.0
POL,NGA,5326.0
POL,NIC,10092.0
POL,NIU,16203.0
POL,NLD,1098.0
POL,NOR,1065.0
POL,NPL,5897.0
POL,NRU,13458.0
POL,NZL,17344.0
POL,OMN,4495.0
POL,PAK,4906.0
POL,PAN,9933.0
POL,PCN,15978.0
POL,PER,11604.0
POL,PHL,9401.0
POL,PLW,10917.0
POL,PNG,13244.0
POL,PRI,8213.0
POL,PRK,7567.0
POL,PRT,2765.0
POL,PRY,11462.0
POL,PSE,2548.0
POL,PYF,16067.0
POL,QAT,3935.0
POL,REU,8762.0
POL,ROU,945.0
POL,RUS,1154.0
POL,RWA,6064.0
POL,SAU,3750.0
POL,SDN,4195.0
POL,SEN,5374.0
POL,SGP,9407.0
POL,SHN,7981.0
POL,SLB,13992.0
POL,SLE,5760.0
POL,SLV,10137.0
POL,SMR,1120.0
POL,SOM,6005.0
POL,SPM,5355.0
POL,SRB,825.0
POL,SSD,5342.0
POL,STP,5905.0
POL,SUR,8554.0
POL,SVK,533.0
POL,SVN,834.0
POL,SWE,812.0
POL,SWZ,8757.0
POL,SXM,8043.0
POL,SYC,7089.0
POL,SYR,2415.0
POL,TCA,8293.0
POL,TCD,4482.0
POL,TGO,5423.0
POL,THA,8101.0
POL,TJK,3952.0
POL,TKL,15125.0
POL,TKM,3292.0
POL,TLS,11747.0
POL,TON,16284.0
POL,TTO,8570.0
POL,TUN,1912.0
POL,TUR,1385.0
POL,TUV,14770.0
POL,TWN,8521.0
POL,TZA,6770.0
POL,UGA,5855.0
POL,UKR,691.0
POL,URY,12196.0
POL,USA,6872.0
POL,UZB,3800.0
POL,VAT,1317.0
POL,VCT,8335.0
POL,VEN,8951.0
POL,VGB,8116.0
POL,VNM,8776.0
POL,VUT,15237.0
POL,WLF,15421.0
POL,WSM,15596.0
POL,YEM,4577.0
POL,ZAF,8715.0
POL,ZMB,7526.0
POL,ZWE,7822.0
PRI,ABW,781.0
PRI,AFG,12480.0
PRI,AGO,9215.0
PRI,AIA,323.0
PRI,ALB,8345.0
PRI,AND,6825.0
PRI,ARE,12046.0
PRI,ARG,5930.0
PRI,ARM,10348.0
PRI,ASM,12022.0
PRI,ATG,476.0
PRI,AUS,16320.0
PRI,AUT,7950.0
PRI,AZE,10736.0
PRI,BDI,10712.0
PRI,BEL,7070.0
PRI,BEN,7521.0
PRI,BES,736.0
PRI,BFA,6930.0
PRI,BGD,14693.0
PRI,BGR,8596.0
PRI,BHR,11584.0
PRI,BHS,1371.0
PRI,BIH,8175.0
PRI,BLR,8605.0
PRI,BLZ,2404.0
PRI,BMU,1537.0
PRI,BOL,3874.0
PRI,BRA,5107.0
PRI,BRB,914.0
PRI,BRN,17413.0
PRI,BTN,14295.0
PRI,BWA,11048.0
PRI,CAF,9302.0
PRI,CAN,3063.0
PRI,CCK,18072.0
PRI,CHE,7370.0
PRI,CHL,5766.0
PRI,CHN,14447.0
PRI,CIV,6885.0
PRI,CMR,8576.0
PRI,COD,9266.0
PRI,COG,9260.0
PRI,COK,11105.0
PRI,COL,1761.0
PRI,COM,12446.0
PRI,CPV,4550.0
PRI,CRI,2156.0
PRI,CUB,1769.0
PRI,CUW,766.0
PRI,CXR,18763.0
PRI,CYM,1611.0
PRI,CYP,9673.0
PRI,CZE,7786.0
PRI,DEU,7695.0
PRI,DJI,11584.0
PRI,DMA,613.0
PRI,DNK,7624.0
PRI,DOM,401.0
PRI,DZA,6972.0
PRI,ECU,2737.0
PRI,EGY,9681.0
PRI,ERI,11005.0
PRI,ESH,5477.0
PRI,ESP,6382.0
PRI,EST,8305.0
PRI,ETH,11242.0
PRI,FIN,8301.0
PRI,FJI,13249.0
PRI,FLK,7814.0
PRI,FRA,6914.0
PRI,FRO,6625.0
PRI,FSM,14416.0
PRI,GAB,8479.0
PRI,GBR,6764.0
PRI,GEO,10294.0
PRI,GHA,7093.0
PRI,GIB,6221.0
PRI,GIN,5732.0
PRI,GLP,540.0
PRI,GMB,5305.0
PRI,GNB,5460.0
PRI,GNQ,8460.0
PRI,GRC,8759.0
PRI,GRD,850.0
PRI,GRL,5193.0
PRI,GTM,2640.0
PRI,GUF,2117.0
PRI,GUM,15126.0
PRI,GUY,1552.0
PRI,HKG,15496.0
PRI,HND,2305.0
PRI,HRV,7955.0
PRI,HTI,658.0
PRI,HUN,8159.0
PRI,IDN,18455.0
PRI,IND,13476.0
PRI,IOT,15374.0
PRI,IRL,6389.0
PRI,IRN,11121.0
PRI,IRQ,10685.0
PRI,ISL,6053.0
PRI,ISR,9918.0
PRI,ITA,7732.0
PRI,JAM,1131.0
PRI,JOR,10026.0
PRI,JPN,13426.0
PRI,KAZ,12201.0
PRI,KEN,11426.0
PRI,KGZ,12117.0
PRI,KHM,16542.0
PRI,KIR,13210.0
PRI,KNA,381.0
PRI,KOR,13653.0
PRI,KWT,11190.0
PRI,LAO,15792.0
PRI,LBN,9905.0
PRI,LBR,6139.0
PRI,LBY,7945.0
PRI,LCA,736.0
PRI,LIE,7448.0
PRI,LKA,15349.0
PRI,LSO,11334.0
PRI,LTU,8440.0
PRI,LUX,7192.0
PRI,LVA,8318.0
PRI,MAC,15505.0
PRI,MAR,6009.0
PRI,MCO,7302.0
PRI,MDA,8895.0
PRI,MDG,13078.0
PRI,MDV,14941.0
PRI,MEX,3476.0
PRI,MHL,13117.0
PRI,MKD,8461.0
PRI,MLI,6241.0
PRI,MLT,8005.0
PRI,MMR,15652.0
PRI,MNE,8276.0
PRI,MNG,12620.0
PRI,MNP,14912.0
PRI,MOZ,11723.0
PRI,MRT,5283.0
PRI,MSR,453.0
PRI,MTQ,686.0
PRI,MUS,14132.0
PRI,MWI,11523.0
PRI,MYS,17272.0
PRI,MYT,12684.0
PRI,NAM,10120.0
PRI,NCL,14555.0
PRI,NER,7282.0
PRI,NFK,14442.0
PRI,NGA,7631.0
PRI,NIC,2272.0
PRI,NIU,12072.0
PRI,NLD,7116.0
PRI,NOR,7516.0
PRI,NPL,14047.0
PRI,NRU,13913.0
PRI,NZL,13792.0
PRI,OMN,12425.0
PRI,PAK,13038.0
PRI,PAN,1788.0
PRI,PCN,8246.0
PRI,PER,3581.0
PRI,PHL,16266.0
PRI,PLW,16375.0
PRI,PNG,16308.0
PRI,POL,8213.0
PRI,PRK,13521.0
PRI,PRT,5902.0
PRI,PRY,4928.0
PRI,PSE,9913.0
PRI,PYF,9961.0
PRI,QAT,11707.0
PRI,REU,13932.0
PRI,ROU,8766.0
PRI,RUS,9156.0
PRI,RWA,10736.0
PRI,SAU,11319.0
PRI,SDN,10355.0
PRI,SEN,5195.0
PRI,SGP,17564.0
PRI,SHN,7633.0
PRI,SLB,14972.0
PRI,SLE,5810.0
PRI,SLV,2523.0
PRI,SMR,7704.0
PRI,SOM,12199.0
PRI,SPM,3269.0
PRI,SRB,8320.0
PRI,SSD,10655.0
PRI,STP,8194.0
PRI,SUR,1831.0
PRI,SVK,8005.0
PRI,SVN,7839.0
PRI,SWE,7930.0
PRI,SWZ,11603.0
PRI,SXM,327.0
PRI,SYC,13506.0
PRI,SYR,9992.0
PRI,TCA,623.0
PRI,TCD,8677.0
PRI,TGO,7411.0
PRI,THA,16158.0
PRI,TJK,12143.0
PRI,TKL,11932.0
PRI,TKM,11496.0
PRI,TLS,18350.0
PRI,TON,12661.0
PRI,TTO,994.0
PRI,TUN,7604.0
PRI,TUR,9096.0
PRI,TUV,12913.0
PRI,TWN,15125.0
PRI,TZA,11874.0
PRI,UGA,10923.0
PRI,UKR,8902.0
PRI,URY,5992.0
PRI,USA,2580.0
PRI,UZB,11954.0
PRI,VAT,7729.0
PRI,VCT,786.0
PRI,VEN,887.0
PRI,VGB,157.0
PRI,VNM,16678.0
PRI,VUT,14295.0
PRI,WLF,12566.0
PRI,WSM,12120.0
PRI,YEM,11526.0
PRI,ZAF,11301.0
PRI,ZMB,10998.0
PRI,ZWE,11357.0
PRK,ABW,14068.0
PRK,AFG,4994.0
PRK,AGO,12569.0
PRK,AIA,13601.0
PRK,ALB,8381.0
PRK,AND,9371.0
PRK,ARE,6654.0
PRK,ARG,19396.0
PRK,ARM,6712.0
PRK,ASM,8843.0
PRK,ATG,13739.0
PRK,AUS,8733.0
PRK,AUT,8103.0
PRK,AZE,6294.0
PRK,BDI,10800.0
PRK,BEL,8533.0
PRK,BEN,12327.0
PRK,BES,14156.0
PRK,BFA,12131.0
PRK,BGD,3735.0
PRK,BGR,8058.0
PRK,BHR,7000.0
PRK,BHS,12516.0
PRK,BIH,8295.0
PRK,BLR,7098.0
PRK,BLZ,12818.0
PRK,BMU,12033.0
PRK,BOL,17169.0
PRK,BRA,18146.0
PRK,BRB,14206.0
PRK,BRN,3930.0
PRK,BTN,3573.0
PRK,BWA,12509.0
PRK,CAF,11178.0
PRK,CAN,10499.0
PRK,CCK,6416.0
PRK,CHE,8601.0
PRK,CHL,18426.0
PRK,CHN,951.0
PRK,CIV,12896.0
PRK,CMR,11798.0
PRK,COD,12076.0
PRK,COG,12074.0
PRK,COK,10215.0
PRK,COL,14763.0
PRK,COM,10185.0
PRK,CPV,13236.0
PRK,CRI,13772.0
PRK,CUB,12530.0
PRK,CUW,14143.0
PRK,CXR,5857.0
PRK,CYM,12961.0
PRK,CYP,7841.0
PRK,CZE,8076.0
PRK,DEU,7953.0
PRK,DJI,8575.0
PRK,DMA,13944.0
PRK,DNK,7766.0
PRK,DOM,13432.0
PRK,DZA,9772.0
PRK,ECU,15170.0
PRK,EGY,8334.0
PRK,ERI,8684.0
PRK,ESH,11533.0
PRK,ESP,9824.0
PRK,EST,6931.0
PRK,ETH,9129.0
PRK,FIN,6881.0
PRK,FJI,8372.0
PRK,FLK,18569.0
PRK,FRA,8794.0
PRK,FRO,8023.0
PRK,FSM,4816.0
PRK,GAB,12226.0
PRK,GBR,8685.0
PRK,GEO,6611.0
PRK,GHA,12608.0
PRK,GIB,10291.0
PRK,GIN,13189.0
PRK,GLP,13863.0
PRK,GMB,13014.0
PRK,GNB,13099.0
PRK,GNQ,12091.0
PRK,GRC,8352.0
PRK,GRD,14295.0
PRK,GRL,8559.0
PRK,GTM,12977.0
PRK,GUF,15132.0
PRK,GUM,3393.0
PRK,GUY,14913.0
PRK,HKG,2159.0
PRK,HND,13206.0
PRK,HRV,8297.0
PRK,HTI,13360.0
PRK,HUN,7998.0
PRK,IDN,5376.0
PRK,IND,4580.0
PRK,IOT,7510.0
PRK,IRL,8782.0
PRK,IRN,6405.0
PRK,IRQ,7094.0
PRK,ISL,8219.0
PRK,ISR,7927.0
PRK,ITA,8798.0
PRK,JAM,13271.0
PRK,JOR,7845.0
PRK,JPN,1288.0
PRK,KAZ,4069.0
PRK,KEN,10009.0
PRK,KGZ,4262.0
PRK,KHM,3676.0
PRK,KIR,6353.0
PRK,KNA,13707.0
PRK,KOR,195.0
PRK,KWT,7032.0
PRK,LAO,3235.0
PRK,LBN,7759.0
PRK,LBR,13294.0
PRK,LBY,9444.0
PRK,LCA,14091.0
PRK,LIE,8563.0
PRK,LKA,5805.0
PRK,LSO,12662.0
PRK,LTU,7179.0
PRK,LUX,8546.0
PRK,LVA,7107.0
PRK,MAC,2198.0
PRK,MAR,10642.0
PRK,MCO,8948.0
PRK,MDA,7426.0
PRK,MDG,10343.0
PRK,MDV,6520.0
PRK,MEX,12031.0
PRK,MHL,5770.0
PRK,MKD,8229.0
PRK,MLI,12550.0
PRK,MLT,9125.0
PRK,MMR,3784.0
PRK,MNE,8338.0
PRK,MNG,1810.0
PRK,MNP,3285.0
PRK,MOZ,12047.0
PRK,MRT,12538.0
PRK,MSR,13769.0
PRK,MTQ,14024.0
PRK,MUS,9657.0
PRK,MWI,11144.0
PRK,MYS,4663.0
PRK,MYT,10096.0
PRK,NAM,13131.0
PRK,NCL,8002.0
PRK,NER,11774.0
PRK,NFK,8719.0
PRK,NGA,12246.0
PRK,NIC,13445.0
PRK,NIU,9276.0
PRK,NLD,8384.0
PRK,NOR,7542.0
PRK,NPL,3931.0
PRK,NRU,6065.0
PRK,NZL,9791.0
PRK,OMN,6471.0
PRK,PAK,5662.0
PRK,PAN,14084.0
PRK,PCN,13006.0
PRK,PER,16271.0
PRK,PHL,2747.0
PRK,PLW,3618.0
PRK,PNG,5807.0
PRK,POL,7567.0
PRK,PRI,13521.0
PRK,PRT,10247.0
PRK,PRY,18449.0
PRK,PSE,7989.0
PRK,PYF,10774.0
PRK,QAT,6984.0
PRK,REU,9867.0
PRK,ROU,7763.0
PRK,RUS,6429.0
PRK,RWA,10641.0
PRK,SAU,7419.0
PRK,SDN,9210.0
PRK,SEN,12941.0
PRK,SGP,4737.0
PRK,SHN,14669.0
PRK,SLB,6427.0
PRK,SLE,13261.0
PRK,SLV,13139.0
PRK,SMR,8644.0
PRK,SOM,9041.0
PRK,SPM,10498.0
PRK,SRB,8096.0
PRK,SSD,10035.0
PRK,STP,12454.0
PRK,SUR,15032.0
PRK,SVK,8065.0
PRK,SVN,8366.0
PRK,SWE,7256.0
PRK,SWZ,12178.0
PRK,SXM,13622.0
PRK,SYC,8655.0
PRK,SYR,7720.0
PRK,TCA,13082.0
PRK,TCD,10894.0
PRK,TGO,12439.0
PRK,THA,3742.0
PRK,TJK,4866.0
PRK,TKL,8420.0
PRK,TKM,5737.0
PRK,TLS,5269.0
PRK,TON,9061.0
PRK,TTO,14451.0
PRK,TUN,9334.0
PRK,TUR,7790.0
PRK,TUV,7622.0
PRK,TWN,1606.0
PRK,TZA,10183.0
PRK,UGA,10265.0
PRK,UKR,7121.0
PRK,URY,19510.0
PRK,USA,10949.0
PRK,UZB,4737.0
PRK,VAT,8799.0
PRK,VCT,14181.0
PRK,VEN,14369.0
PRK,VGB,13554.0
PRK,VNM,3661.0
PRK,VUT,7689.0
PRK,WLF,8352.0
PRK,WSM,8727.0
PRK,YEM,8231.0
PRK,ZAF,12426.0
PRK,ZMB,11713.0
PRK,ZWE,11636.0
PRT,ABW,6631.0
PRT,AFG,6799.0
PRT,AGO,5752.0
PRT,AIA,5655.0
PRT,ALB,2477.0
PRT,AND,995.0
PRT,ARE,6144.0
PRT,ARG,9574.0
PRT,ARM,4549.0
PRT,ASM,16754.0
PRT,ATG,5622.0
PRT,AUS,17763.0
PRT,AUT,2303.0
PRT,AZE,4980.0
PRT,BDI,6112.0
PRT,BEL,1714.0
PRT,BEN,3757.0
PRT,BES,6505.0
PRT,BFA,3015.0
PRT,BGD,9174.0
PRT,BGR,2761.0
PRT,BHR,5682.0
PRT,BHS,6480.0
PRT,BIH,2361.0
PRT,BLR,3240.0
PRT,BLZ,7946.0
PRT,BMU,5021.0
PRT,BOL,8662.0
PRT,BRA,7924.0
PRT,BRB,5706.0
PRT,BRN,12516.0
PRT,BTN,8854.0
PRT,BWA,7909.0
PRT,CAF,4724.0
PRT,CAN,5741.0
PRT,CCK,12232.0
PRT,CHE,1722.0
PRT,CHL,10205.0
PRT,CHN,10732.0
PRT,CIV,3732.0
PRT,CMR,4390.0
PRT,COD,5390.0
PRT,COG,5382.0
PRT,COK,16610.0
PRT,COL,7528.0
PRT,COM,7789.0
PRT,CPV,2990.0
PRT,CRI,8023.0
PRT,CUB,7028.0
PRT,CUW,6565.0
PRT,CXR,12880.0
PRT,CYM,7177.0
PRT,CYP,3773.0
PRT,CZE,2247.0
PRT,DEU,2316.0
PRT,DJI,5964.0
PRT,DMA,5704.0
PRT,DNK,2481.0
PRT,DOM,6230.0
PRT,DZA,1095.0
PRT,ECU,8506.0
PRT,EGY,3804.0
PRT,ERI,5349.0
PRT,ESH,1337.0
PRT,ESP,504.0
PRT,EST,3317.0
PRT,ETH,5788.0
PRT,FIN,3366.0
PRT,FJI,17610.0
PRT,FLK,11077.0
PRT,FRA,1454.0
PRT,FRO,2596.0
PRT,FSM,14786.0
PRT,GAB,4649.0
PRT,GBR,1586.0
PRT,GEO,4531.0
PRT,GHA,3627.0
PRT,GIB,440.0
PRT,GIN,3260.0
PRT,GLP,5686.0
PRT,GMB,2896.0
PRT,GNB,3043.0
PRT,GNQ,4512.0
PRT,GRC,2861.0
PRT,GRD,5958.0
PRT,GRL,3964.0
PRT,GTM,8271.0
PRT,GUF,5738.0
PRT,GUM,13624.0
PRT,GUY,6047.0
PRT,HKG,11047.0
PRT,HND,8018.0
PRT,HRV,2206.0
PRT,HTI,6438.0
PRT,HUN,2475.0
PRT,IDN,12688.0
PRT,IND,7789.0
PRT,IOT,9783.0
PRT,IRL,1640.0
PRT,IRN,5287.0
PRT,IRQ,4794.0
PRT,ISL,2951.0
PRT,ISR,4018.0
PRT,ITA,1866.0
PRT,JAM,6860.0
PRT,JOR,4125.0
PRT,JPN,11167.0
PRT,KAZ,6924.0
PRT,KEN,6454.0
PRT,KGZ,6777.0
PRT,KHM,11215.0
PRT,KIR,15565.0
PRT,KNA,5686.0
PRT,KOR,10442.0
PRT,KWT,5289.0
PRT,LAO,10547.0
PRT,LBN,4004.0
PRT,LBR,3594.0
PRT,LBY,2113.0
PRT,LCA,5758.0
PRT,LIE,1781.0
PRT,LKA,9447.0
PRT,LSO,8438.0
PRT,LTU,3126.0
PRT,LUX,1713.0
PRT,LVA,3156.0
PRT,MAC,11010.0
PRT,MAR,585.0
PRT,MCO,1493.0
PRT,MDA,3204.0
PRT,MDG,8691.0
PRT,MDV,9085.0
PRT,MEX,8686.0
PRT,MHL,14933.0
PRT,MKD,2608.0
PRT,MLI,2890.0
PRT,MLT,2114.0
PRT,MMR,10126.0
PRT,MNE,2428.0
PRT,MNG,8520.0
PRT,MNP,13491.0
PRT,MOZ,8368.0
PRT,MRT,2381.0
PRT,MSR,5675.0
PRT,MTQ,5724.0
PRT,MUS,9517.0
PRT,MWI,7345.0
PRT,MYS,11579.0
PRT,MYT,8021.0
PRT,NAM,7314.0
PRT,NCL,18135.0
PRT,NER,3005.0
PRT,NFK,18902.0
PRT,NGA,3790.0
PRT,NIC,8064.0
PRT,NIU,17153.0
PRT,NLD,1865.0
PRT,NOR,2741.0
PRT,NPL,8500.0
PRT,NRU,15757.0
PRT,NZL,19618.0
PRT,OMN,6524.0
PRT,PAK,7175.0
PRT,PAN,7690.0
PRT,PCN,14144.0
PRT,PER,8997.0
PRT,PHL,12159.0
PRT,PLW,13679.0
PRT,PNG,16001.0
PRT,POL,2765.0
PRT,PRI,5902.0
PRT,PRK,10247.0
PRT,PRY,8702.0
PRT,PSE,4015.0
PRT,PYF,15531.0
PRT,QAT,5806.0
PRT,REU,9420.0
PRT,ROU,2983.0
PRT,RUS,3915.0
PRT,RWA,6031.0
PRT,SAU,5431.0
PRT,SDN,4803.0
PRT,SEN,2784.0
PRT,SGP,11895.0
PRT,SHN,6060.0
PRT,SLB,16585.0
PRT,SLE,3374.0
PRT,SLV,8215.0
PRT,SMR,1892.0
PRT,SOM,6849.0
PRT,SPM,3893.0
PRT,SRB,2537.0
PRT,SSD,5560.0
PRT,STP,4548.0
PRT,SUR,5882.0
PRT,SVK,2353.0
PRT,SVN,2101.0
PRT,SWE,2993.0
PRT,SWZ,8331.0
PRT,SXM,5666.0
PRT,SYC,8173.0
PRT,SYR,4091.0
PRT,TCA,6155.0
PRT,TCD,3797.0
PRT,TGO,3756.0
PRT,THA,10703.0
PRT,TJK,6559.0
PRT,TKL,16302.0
PRT,TKM,5762.0
PRT,TLS,14405.0
PRT,TON,17650.0
PRT,TTO,6037.0
PRT,TUN,1711.0
PRT,TUR,3243.0
PRT,TUV,16558.0
PRT,TWN,11283.0
PRT,TZA,7095.0
PRT,UGA,6012.0
PRT,UKR,3359.0
PRT,URY,9475.0
PRT,USA,5435.0
PRT,UZB,6458.0
PRT,VAT,1864.0
PRT,VCT,5837.0
PRT,VEN,6501.0
PRT,VGB,5776.0
PRT,VNM,11415.0
PRT,VUT,17666.0
PRT,WLF,16914.0
PRT,WSM,16767.0
PRT,YEM,5794.0
PRT,ZAF,8163.0
PRT,ZMB,7148.0
PRT,ZWE,7532.0
PRY,ABW,4395.0
PRY,AFG,14848.0
PRY,AGO,7680.0
PRY,AIA,4850.0
PRY,ALB,10855.0
PRY,AND,9651.0
PRY,ARE,13355.0
PRY,ARG,1034.0
PRY,ARM,12771.0
PRY,ASM,11553.0
PRY,ATG,4715.0
PRY,AUS,12632.0
PRY,AUT,10967.0
PRY,AZE,13224.0
PRY,BDI,9555.0
PRY,BEL,10390.0
PRY,BEN,7376.0
PRY,BES,4301.0
PRY,BFA,7373.0
PRY,BGD,16795.0
PRY,BGR,11183.0
PRY,BHR,12928.0
PRY,BHS,5962.0
PRY,BIH,10876.0
PRY,BLR,11939.0
PRY,BLZ,5792.0
PRY,BMU,6419.0
PRY,BOL,1464.0
PRY,BRA,1132.0
PRY,BRB,4254.0
PRY,BRN,17619.0
PRY,BTN,16765.0
PRY,BWA,8275.0
PRY,CAF,8841.0
PRY,CAN,7958.0
PRY,CCK,15026.0
PRY,CHE,10413.0
PRY,CHL,1551.0
PRY,CHN,19342.0
PRY,CIV,6712.0
PRY,CMR,8121.0
PRY,COD,8096.0
PRY,COG,8096.0
PRY,COK,10165.0
PRY,COL,3757.0
PRY,COM,10535.0
PRY,CPV,5788.0
PRY,CRI,4839.0
PRY,CUB,5986.0
PRY,CUW,4316.0
PRY,CXR,15663.0
PRY,CYM,5562.0
PRY,CYP,11670.0
PRY,CZE,10943.0
PRY,DEU,11016.0
PRY,DJI,11633.0
PRY,DMA,4510.0
PRY,DNK,11143.0
PRY,DOM,5023.0
PRY,DZA,9359.0
PRY,ECU,3501.0
PRY,EGY,11276.0
PRY,ERI,11377.0
PRY,ESH,7510.0
PRY,ESP,9168.0
PRY,EST,11979.0
PRY,ETH,11078.0
PRY,FIN,12016.0
PRY,FJI,12279.0
PRY,FLK,2931.0
PRY,FRA,10141.0
PRY,FRO,10682.0
PRY,FSM,15714.0
PRY,GAB,7740.0
PRY,GBR,10191.0
PRY,GEO,12833.0
PRY,GHA,7016.0
PRY,GIB,8741.0
PRY,GIN,6133.0
PRY,GLP,4590.0
PRY,GMB,6174.0
PRY,GNB,6139.0
PRY,GNQ,7845.0
PRY,GRC,10995.0
PRY,GRD,4157.0
PRY,GRL,9933.0
PRY,GTM,5677.0
PRY,GUF,3394.0
PRY,GUM,17342.0
PRY,GUY,3552.0
PRY,HKG,19130.0
PRY,HND,5411.0
PRY,HRV,10814.0
PRY,HTI,5105.0
PRY,HUN,11108.0
PRY,IDN,16140.0
PRY,IND,15558.0
PRY,IOT,13530.0
PRY,IRL,10021.0
PRY,IRN,13261.0
PRY,IRQ,12573.0
PRY,ISL,10391.0
PRY,ISR,11673.0
PRY,ITA,10352.0
PRY,JAM,5221.0
PRY,JOR,11772.0
PRY,JPN,18002.0
PRY,KAZ,15457.0
PRY,KEN,10403.0
PRY,KGZ,15278.0
PRY,KHM,17637.0
PRY,KIR,13989.0
PRY,KNA,4744.0
PRY,KOR,18577.0
PRY,KWT,12780.0
PRY,LAO,17831.0
PRY,LBN,11804.0
PRY,LBR,6156.0
PRY,LBY,9884.0
PRY,LCA,4364.0
PRY,LIE,10464.0
PRY,LKA,15078.0
PRY,LSO,8239.0
PRY,LTU,11828.0
PRY,LUX,10412.0
PRY,LVA,11848.0
PRY,MAC,19066.0
PRY,MAR,8395.0
PRY,MCO,10116.0
PRY,MDA,11769.0
PRY,MDG,10568.0
PRY,MDV,14316.0
PRY,MEX,6684.0
PRY,MHL,14453.0
PRY,MKD,11009.0
PRY,MLI,6827.0
PRY,MLT,10161.0
PRY,MMR,17154.0
PRY,MNE,10870.0
PRY,MNG,17155.0
PRY,MNP,17347.0
PRY,MOZ,8832.0
PRY,MRT,6588.0
PRY,MSR,4683.0
PRY,MTQ,4431.0
PRY,MUS,11393.0
PRY,MWI,9502.0
PRY,MYS,16714.0
PRY,MYT,10671.0
PRY,NAM,7509.0
PRY,NCL,12921.0
PRY,NER,7771.0
PRY,NFK,12273.0
PRY,NGA,7474.0
PRY,NIC,5176.0
PRY,NIU,11207.0
PRY,NLD,10521.0
PRY,NOR,11288.0
PRY,NPL,16341.0
PRY,NRU,14449.0
PRY,NZL,11212.0
PRY,OMN,13625.0
PRY,PAK,14496.0
PRY,PAN,4475.0
PRY,PCN,7055.0
PRY,PER,2512.0
PRY,PHL,18811.0
PRY,PLW,17645.0
PRY,PNG,15322.0
PRY,POL,11462.0
PRY,PRI,4928.0
PRY,PRK,18449.0
PRY,PRT,8702.0
PRY,PSE,11622.0
PRY,PYF,9385.0
PRY,QAT,12980.0
PRY,REU,11171.0
PRY,ROU,11466.0
PRY,RUS,12615.0
PRY,RWA,9692.0
PRY,SAU,12506.0
PRY,SDN,10757.0
PRY,SEN,6211.0
PRY,SGP,16697.0
PRY,SHN,5477.0
PRY,SLB,14420.0
PRY,SLE,6092.0
PRY,SLV,5507.0
PRY,SMR,10468.0
PRY,SOM,11418.0
PRY,SPM,7983.0
PRY,SRB,11075.0
PRY,SSD,10166.0
PRY,STP,7468.0
PRY,SUR,3458.0
PRY,SVK,11012.0
PRY,SVN,10727.0
PRY,SWE,11623.0
PRY,SWZ,8695.0
PRY,SXM,4829.0
PRY,SYC,12089.0
PRY,SYR,11862.0
PRY,TCA,5376.0
PRY,TCD,8895.0
PRY,TGO,7250.0
PRY,THA,17406.0
PRY,TJK,14825.0
PRY,TKL,11881.0
PRY,TKM,13913.0
PRY,TLS,16242.0
PRY,TON,11544.0
PRY,TTO,4001.0
PRY,TUN,9882.0
PRY,TUR,11540.0
PRY,TUV,12825.0
PRY,TWN,19930.0
PRY,TZA,10384.0
PRY,UGA,10053.0
PRY,UKR,12009.0
PRY,URY,1066.0
PRY,USA,7502.0
PRY,UZB,14854.0
PRY,VAT,10350.0
PRY,VCT,4272.0
PRY,VEN,4084.0
PRY,VGB,4895.0
PRY,VNM,17709.0
PRY,VUT,13131.0
PRY,WLF,12113.0
PRY,WSM,11677.0
PRY,YEM,11900.0
PRY,ZAF,8413.0
PRY,ZMB,8895.0
PRY,ZWE,9058.0
PSE,ABW,10627.0
PSE,AFG,3245.0
PSE,AGO,5005.0
PSE,AIA,9656.0
PSE,ALB,1702.0
PSE,AND,3150.0
PSE,ARE,2153.0
PSE,ARG,12154.0
PSE,ARM,1321.0
PSE,ASM,16826.0
PSE,ATG,9612.0
PSE,AUS,13761.0
PSE,AUT,2402.0
PSE,AZE,1701.0
PSE,BDI,3899.0
PSE,BEL,3275.0
PSE,BEN,4341.0
PSE,BES,10490.0
PSE,BFA,4250.0
PSE,BGD,5532.0
PSE,BGR,1585.0
PSE,BHR,1677.0
PSE,BHS,10443.0
PSE,BIH,1966.0
PSE,BLR,2548.0
PSE,BLZ,11907.0
PSE,BMU,8979.0
PSE,BOL,12131.0
PSE,BRA,10560.0
PSE,BRB,9641.0
PSE,BRN,8827.0
PSE,BTN,5314.0
PSE,BWA,6282.0
PSE,CAF,3435.0
PSE,CAN,9315.0
PSE,CCK,8218.0
PSE,CHE,2821.0
PSE,CHL,13145.0
PSE,CHN,8022.0
PSE,CIV,4947.0
PSE,CMR,3890.0
PSE,COD,4456.0
PSE,COG,4451.0
PSE,COK,18203.0
PSE,COL,11486.0
PSE,COM,4873.0
PSE,CPV,6139.0
PSE,CRI,12038.0
PSE,CUB,10977.0
PSE,CUW,10553.0
PSE,CXR,8881.0
PSE,CYM,11165.0
PSE,CYP,417.0
PSE,CZE,2650.0
PSE,DEU,2890.0
PSE,DJI,2380.0
PSE,DMA,9676.0
PSE,DNK,3185.0
PSE,DOM,10245.0
PSE,DZA,2942.0
PSE,ECU,12440.0
PSE,EGY,349.0
PSE,ERI,1849.0
PSE,ESH,4618.0
PSE,ESP,3551.0
PSE,EST,3188.0
PSE,ETH,2529.0
PSE,FIN,3263.0
PSE,FJI,16119.0
PSE,FLK,12834.0
PSE,FRA,3305.0
PSE,FRO,4488.0
PSE,FSM,12690.0
PSE,GAB,4336.0
PSE,GBR,3588.0
PSE,GEO,1460.0
PSE,GHA,4648.0
PSE,GIB,3695.0
PSE,GIN,5516.0
PSE,GLP,9666.0
PSE,GMB,5573.0
PSE,GNB,5561.0
PSE,GNQ,4183.0
PSE,GRC,1212.0
PSE,GRD,9899.0
PSE,GRL,6720.0
PSE,GTM,12243.0
PSE,GUF,9426.0
PSE,GUM,11083.0
PSE,GUY,9869.0
PSE,HKG,7819.0
PSE,HND,12011.0
PSE,HRV,2250.0
PSE,HTI,10453.0
PSE,HUN,2207.0
PSE,IDN,8725.0
PSE,IND,4108.0
PSE,IOT,5887.0
PSE,IRL,4050.0
PSE,IRN,1639.0
PSE,IRQ,956.0
PSE,ISL,5283.0
PSE,ISR,70.0
PSE,ITA,2267.0
PSE,JAM,10870.0
PSE,JOR,149.0
PSE,JPN,9241.0
PSE,KAZ,3931.0
PSE,KEN,3638.0
PSE,KGZ,3739.0
PSE,KHM,7504.0
PSE,KIR,14333.0
PSE,KNA,9681.0
PSE,KOR,8157.0
PSE,KWT,1319.0
PSE,LAO,6950.0
PSE,LBN,282.0
PSE,LBR,5467.0
PSE,LBY,2008.0
PSE,LCA,9715.0
PSE,LIE,2742.0
PSE,LKA,5437.0
PSE,LSO,6772.0
PSE,LTU,2676.0
PSE,LUX,3097.0
PSE,LVA,2937.0
PSE,MAC,7764.0
PSE,MAR,3932.0
PSE,MCO,2728.0
PSE,MDA,1786.0
PSE,MDG,5752.0
PSE,MDV,5079.0
PSE,MEX,12514.0
PSE,MHL,13759.0
PSE,MKD,1642.0
PSE,MLI,4814.0
PSE,MLT,1908.0
PSE,MMR,6396.0
PSE,MNE,1812.0
PSE,MNG,6231.0
PSE,MNP,11058.0
PSE,MOZ,6364.0
PSE,MRT,5264.0
PSE,MSR,9664.0
PSE,MTQ,9688.0
PSE,MUS,6225.0
PSE,MWI,5033.0
PSE,MYS,7677.0
PSE,MYT,5034.0
PSE,NAM,6264.0
PSE,NCL,15190.0
PSE,NER,3856.0
PSE,NFK,15580.0
PSE,NGA,4258.0
PSE,NIC,12070.0
PSE,NIU,17218.0
PSE,NLD,3331.0
PSE,NOR,3613.0
PSE,NPL,4901.0
PSE,NRU,13964.0
PSE,NZL,16345.0
PSE,OMN,2532.0
PSE,PAK,3272.0
PSE,PAN,11700.0
PSE,PCN,18159.0
PSE,PER,12736.0
PSE,PHL,8855.0
PSE,PLW,10531.0
PSE,PNG,12710.0
PSE,POL,2548.0
PSE,PRI,9913.0
PSE,PRK,7989.0
PSE,PRT,4015.0
PSE,PRY,11622.0
PSE,PYF,18405.0
PSE,QAT,1797.0
PSE,REU,6216.0
PSE,ROU,1609.0
PSE,RUS,2705.0
PSE,RWA,3732.0
PSE,SAU,1420.0
PSE,SDN,1778.0
PSE,SEN,5577.0
PSE,SGP,7991.0
PSE,SHN,6781.0
PSE,SLB,13911.0
PSE,SLE,5545.0
PSE,SLV,12202.0
PSE,SMR,2368.0
PSE,SOM,3457.0
PSE,SPM,7580.0
PSE,SRB,1914.0
PSE,SSD,2966.0
PSE,STP,4521.0
PSE,SUR,9641.0
PSE,SVK,2359.0
PSE,SVN,2356.0
PSE,SWE,3327.0
PSE,SWZ,6409.0
PSE,SXM,9666.0
PSE,SYC,4577.0
PSE,SYR,282.0
PSE,TCA,10166.0
PSE,TCD,2930.0
PSE,TGO,4456.0
PSE,THA,6971.0
PSE,TJK,3208.0
PSE,TKL,16406.0
PSE,TKM,2297.0
PSE,TLS,10611.0
PSE,TON,16863.0
PSE,TTO,9959.0
PSE,TUN,2309.0
PSE,TUR,1164.0
PSE,TUV,15576.0
PSE,TWN,8338.0
PSE,TZA,4273.0
PSE,UGA,3458.0
PSE,UKR,2128.0
PSE,URY,11980.0
PSE,USA,9156.0
PSE,UZB,3275.0
PSE,VAT,2269.0
PSE,VCT,9786.0
PSE,VEN,10465.0
PSE,VGB,9784.0
PSE,VNM,7714.0
PSE,VUT,15153.0
PSE,WLF,16300.0
PSE,WSM,16707.0
PSE,YEM,2046.0
PSE,ZAF,6423.0
PSE,ZMB,5234.0
PSE,ZWE,5472.0
PYF,ABW,9349.0
PYF,AFG,15750.0
PYF,AGO,16537.0
PYF,AIA,10259.0
PYF,ALB,17181.0
PYF,AND,16123.0
PYF,ARE,17317.0
PYF,ARG,9029.0
PYF,ARM,17156.0
PYF,ASM,2290.0
PYF,ATG,10345.0
PYF,AUS,6699.0
PYF,AUT,16372.0
PYF,AZE,16865.0
PYF,BDI,17688.0
PYF,BEL,15650.0
PYF,BEN,16743.0
PYF,BES,9517.0
PYF,BFA,16552.0
PYF,BGD,13787.0
PYF,BGR,17135.0
PYF,BHR,17738.0
PYF,BHS,9134.0
PYF,BIH,16876.0
PYF,BLR,15961.0
PYF,BLZ,7693.0
PYF,BMU,10564.0
PYF,BOL,8593.0
PYF,BRA,10503.0
PYF,BRB,10443.0
PYF,BRN,10762.0
PYF,BTN,13894.0
PYF,BWA,15311.0
PYF,CAF,18068.0
PYF,CAN,9830.0
PYF,CCK,12029.0
PYF,CHE,16142.0
PYF,CHL,7951.0
PYF,CHN,10910.0
PYF,CIV,16047.0
PYF,CMR,17467.0
PYF,COD,17081.0
PYF,COG,17084.0
PYF,COK,1146.0
PYF,COL,8639.0
PYF,COM,16482.0
PYF,CPV,14279.0
PYF,CRI,7814.0
PYF,CUB,8579.0
PYF,CUW,9446.0
PYF,CXR,11203.0
PYF,CYM,8495.0
PYF,CYP,18030.0
PYF,CZE,16122.0
PYF,DEU,15848.0
PYF,DJI,18510.0
PYF,DMA,10332.0
PYF,DNK,15511.0
PYF,DOM,9583.0
PYF,DZA,16591.0
PYF,ECU,7788.0
PYF,EGY,18616.0
PYF,ERI,19093.0
PYF,ESH,15435.0
PYF,ESP,15879.0
PYF,EST,15329.0
PYF,ETH,18716.0
PYF,FIN,15250.0
PYF,FJI,3388.0
PYF,FLK,8614.0
PYF,FRA,15712.0
PYF,FRO,14283.0
PYF,FSM,6351.0
PYF,GAB,17044.0
PYF,GBR,15380.0
PYF,GEO,16999.0
PYF,GHA,16350.0
PYF,GIB,15946.0
PYF,GIN,15194.0
PYF,GLP,10320.0
PYF,GMB,14971.0
PYF,GNB,15049.0
PYF,GNQ,17176.0
PYF,GRC,17651.0
PYF,GRD,10188.0
PYF,GRL,12125.0
PYF,GTM,7392.0
PYF,GUF,10947.0
PYF,GUM,7989.0
PYF,GUY,10392.0
PYF,HKG,11360.0
PYF,HND,7689.0
PYF,HRV,16597.0
PYF,HTI,9344.0
PYF,HUN,16523.0
PYF,IDN,11240.0
PYF,IND,15113.0
PYF,IOT,14661.0
PYF,IRL,14931.0
PYF,IRN,17129.0
PYF,IRQ,17774.0
PYF,ISL,13524.0
PYF,ISR,18336.0
PYF,ITA,16815.0
PYF,JAM,8883.0
PYF,JOR,18316.0
PYF,JPN,9490.0
PYF,KAZ,14815.0
PYF,KEN,17811.0
PYF,KGZ,15007.0
PYF,KHM,12026.0
PYF,KIR,4606.0
PYF,KNA,10262.0
PYF,KOR,10624.0
PYF,KWT,17806.0
PYF,LAO,12434.0
PYF,LBN,18124.0
PYF,LBR,15385.0
PYF,LBY,17594.0
PYF,LCA,10330.0
PYF,LIE,16208.0
PYF,LKA,14548.0
PYF,LSO,14811.0
PYF,LTU,15857.0
PYF,LUX,15837.0
PYF,LVA,15598.0
PYF,MAC,11422.0
PYF,MAR,15840.0
PYF,MCO,16391.0
PYF,MDA,16732.0
PYF,MDG,15565.0
PYF,MDV,15112.0
PYF,MEX,6863.0
PYF,MHL,5085.0
PYF,MKD,17162.0
PYF,MLI,15874.0
PYF,MLT,17443.0
PYF,MMR,13079.0
PYF,MNE,17049.0
PYF,MNG,12440.0
PYF,MNP,7968.0
PYF,MOZ,15187.0
PYF,MRT,15126.0
PYF,MSR,10297.0
PYF,MTQ,10342.0
PYF,MUS,14903.0
PYF,MWI,16501.0
PYF,MYS,12111.0
PYF,MYT,16284.0
PYF,NAM,15340.0
PYF,NCL,4619.0
PYF,NER,16966.0
PYF,NFK,4501.0
PYF,NGA,16848.0
PYF,NIC,7693.0
PYF,NIU,2157.0
PYF,NLD,15544.0
PYF,NOR,15041.0
PYF,NPL,14321.0
PYF,NRU,5121.0
PYF,NZL,4096.0
PYF,OMN,17025.0
PYF,PAK,16152.0
PYF,PAN,8240.0
PYF,PCN,2332.0
PYF,PER,7789.0
PYF,PHL,10440.0
PYF,PLW,8788.0
PYF,PNG,6879.0
PYF,POL,16067.0
PYF,PRI,9961.0
PYF,PRK,10774.0
PYF,PRT,15531.0
PYF,PRY,9385.0
PYF,PSE,18405.0
PYF,QAT,17693.0
PYF,REU,14962.0
PYF,ROU,16994.0
PYF,RUS,15719.0
PYF,RWA,17849.0
PYF,SAU,18162.0
PYF,SDN,19705.0
PYF,SEN,14916.0
PYF,SGP,11820.0
PYF,SHN,14596.0
PYF,SLB,5523.0
PYF,SLE,15204.0
PYF,SLV,7477.0
PYF,SMR,16631.0
PYF,SOM,17654.0
PYF,SPM,11664.0
PYF,SRB,16841.0
PYF,SSD,18596.0
PYF,STP,16807.0
PYF,SUR,10677.0
PYF,SVK,16401.0
PYF,SVN,16519.0
PYF,SWE,15257.0
PYF,SWZ,15152.0
PYF,SXM,10254.0
PYF,SYC,16340.0
PYF,SYR,18142.0
PYF,TCA,9574.0
PYF,TCD,18271.0
PYF,TGO,16614.0
PYF,THA,12547.0
PYF,TJK,15638.0
PYF,TKL,2512.0
PYF,TKM,16479.0
PYF,TLS,9193.0
PYF,TON,2720.0
PYF,TTO,10166.0
PYF,TUN,17096.0
PYF,TUR,17397.0
PYF,TUV,3526.0
PYF,TWN,10722.0
PYF,TZA,17144.0
PYF,UGA,18086.0
PYF,UKR,16353.0
PYF,URY,9219.0
PYF,USA,10102.0
PYF,UZB,15486.0
PYF,VAT,16813.0
PYF,VCT,10278.0
PYF,VEN,9601.0
PYF,VGB,10109.0
PYF,VNM,11818.0
PYF,VUT,4459.0
PYF,WLF,2892.0
PYF,WSM,2413.0
PYF,YEM,18544.0
PYF,ZAF,15159.0
PYF,ZMB,16352.0
PYF,ZWE,16092.0
QAT,ABW,12424.0
QAT,AFG,1992.0
QAT,AGO,5602.0
QAT,AIA,11453.0
QAT,ALB,3410.0
QAT,AND,4912.0
QAT,ARE,391.0
QAT,ARG,13305.0
QAT,ARM,1772.0
QAT,ASM,15472.0
QAT,ATG,11409.0
QAT,AUS,11982.0
QAT,AUT,3975.0
QAT,AZE,1679.0
QAT,BDI,3967.0
QAT,BEL,4890.0
QAT,BEN,5614.0
QAT,BES,12287.0
QAT,BFA,5725.0
QAT,BGD,3941.0
QAT,BGR,3210.0
QAT,BHR,133.0
QAT,BHS,12182.0
QAT,BIH,3628.0
QAT,BLR,3741.0
QAT,BLZ,13634.0
QAT,BMU,10724.0
QAT,BOL,13719.0
QAT,BRA,11861.0
QAT,BRB,11432.0
QAT,BRN,7122.0
QAT,BTN,3807.0
QAT,BWA,6172.0
QAT,CAF,4206.0
QAT,CAN,10873.0
QAT,CCK,6437.0
QAT,CHE,4484.0
QAT,CHL,14402.0
QAT,CHN,6790.0
QAT,CIV,6299.0
QAT,CMR,4879.0
QAT,COD,5095.0
QAT,COG,5093.0
QAT,COK,16816.0
QAT,COL,13278.0
QAT,COM,4187.0
QAT,CPV,7828.0
QAT,CRI,13823.0
QAT,CUB,12702.0
QAT,CUW,12350.0
QAT,CXR,7084.0
QAT,CYM,12919.0
QAT,CYP,2049.0
QAT,CZE,4197.0
QAT,DEU,4386.0
QAT,DJI,1750.0
QAT,DMA,11472.0
QAT,DNK,4608.0
QAT,DOM,12035.0
QAT,DZA,4738.0
QAT,ECU,14222.0
QAT,EGY,2057.0
QAT,ERI,1706.0
QAT,ESH,6387.0
QAT,ESP,5334.0
QAT,EST,4320.0
QAT,ETH,2246.0
QAT,FIN,4376.0
QAT,FJI,14526.0
QAT,FLK,13485.0
QAT,FRA,4970.0
QAT,FRO,5907.0
QAT,FSM,11349.0
QAT,GAB,5284.0
QAT,GBR,5212.0
QAT,GEO,1918.0
QAT,GHA,5994.0
QAT,GIB,5492.0
QAT,GIN,7064.0
QAT,GLP,11463.0
QAT,GMB,7204.0
QAT,GNB,7161.0
QAT,GNQ,5163.0
QAT,GRC,2961.0
QAT,GRD,11690.0
QAT,GRL,8113.0
QAT,GTM,13976.0
QAT,GUF,11156.0
QAT,GUM,9711.0
QAT,GUY,11632.0
QAT,HKG,6347.0
QAT,HND,13767.0
QAT,HRV,3888.0
QAT,HTI,12239.0
QAT,HUN,3762.0
QAT,IDN,6932.0
QAT,IND,2583.0
QAT,IOT,4256.0
QAT,IRL,5661.0
QAT,IRN,1153.0
QAT,IRQ,1122.0
QAT,ISL,6698.0
QAT,ISR,1789.0
QAT,ITA,4011.0
QAT,JAM,12647.0
QAT,JOR,1682.0
QAT,JPN,8272.0
QAT,KAZ,3056.0
QAT,KEN,3335.0
QAT,KGZ,2875.0
QAT,KHM,5813.0
QAT,KIR,13089.0
QAT,KNA,11478.0
QAT,KOR,7123.0
QAT,KWT,566.0
QAT,LAO,5329.0
QAT,LBN,1812.0
QAT,LBR,6927.0
QAT,LBY,3795.0
QAT,LCA,11509.0
QAT,LIE,4404.0
QAT,LKA,3641.0
QAT,LSO,6562.0
QAT,LTU,3906.0
QAT,LUX,4728.0
QAT,LVA,4139.0
QAT,MAC,6286.0
QAT,MAR,5726.0
QAT,MCO,4461.0
QAT,MDA,3128.0
QAT,MDG,4909.0
QAT,MDV,3322.0
QAT,MEX,14128.0
QAT,MHL,12611.0
QAT,MKD,3315.0
QAT,MLI,6363.0
QAT,MLT,3705.0
QAT,MMR,4721.0
QAT,MNE,3499.0
QAT,MNG,5417.0
QAT,MNP,9727.0
QAT,MOZ,6026.0
QAT,MRT,6952.0
QAT,MSR,11461.0
QAT,MTQ,11482.0
QAT,MUS,5071.0
QAT,MWI,4746.0
QAT,MYS,5905.0
QAT,MYT,4265.0
QAT,NAM,6463.0
QAT,NCL,13466.0
QAT,NER,5311.0
QAT,NFK,13802.0
QAT,NGA,5512.0
QAT,NIC,13839.0
QAT,NIU,15728.0
QAT,NLD,4908.0
QAT,NOR,4949.0
QAT,NPL,3379.0
QAT,NRU,12593.0
QAT,NZL,14549.0
QAT,OMN,750.0
QAT,PAK,1579.0
QAT,PAN,13495.0
QAT,PCN,19901.0
QAT,PER,14434.0
QAT,PHL,7303.0
QAT,PLW,8974.0
QAT,PNG,11034.0
QAT,POL,3935.0
QAT,PRI,11707.0
QAT,PRK,6984.0
QAT,PRT,5806.0
QAT,PRY,12980.0
QAT,PSE,1797.0
QAT,PYF,17693.0
QAT,REU,5127.0
QAT,ROU,3117.0
QAT,RUS,3564.0
QAT,RWA,3794.0
QAT,SAU,481.0
QAT,SDN,2243.0
QAT,SEN,7230.0
QAT,SGP,6216.0
QAT,SHN,7692.0
QAT,SLB,12317.0
QAT,SLE,7070.0
QAT,SLV,13949.0
QAT,SMR,4076.0
QAT,SOM,2654.0
QAT,SPM,9233.0
QAT,SRB,3523.0
QAT,SSD,3099.0
QAT,STP,5538.0
QAT,SUR,11389.0
QAT,SVK,3924.0
QAT,SVN,4004.0
QAT,SWE,4579.0
QAT,SWZ,6112.0
QAT,SXM,11463.0
QAT,SYC,3337.0
QAT,SYR,1724.0
QAT,TCA,11944.0
QAT,TCD,4088.0
QAT,TGO,5742.0
QAT,THA,5281.0
QAT,TJK,2195.0
QAT,TKL,15191.0
QAT,TKM,1550.0
QAT,TLS,8851.0
QAT,TON,15260.0
QAT,TTO,11746.0
QAT,TUN,4105.0
QAT,TUR,2712.0
QAT,TUV,14207.0
QAT,TWN,6972.0
QAT,TZA,3789.0
QAT,UGA,3427.0
QAT,UKR,3318.0
QAT,URY,13111.0
QAT,USA,10785.0
QAT,UZB,2416.0
QAT,VAT,4013.0
QAT,VCT,11579.0
QAT,VEN,12259.0
QAT,VGB,11579.0
QAT,VNM,6024.0
QAT,VUT,13496.0
QAT,WLF,14883.0
QAT,WSM,15347.0
QAT,YEM,1333.0
QAT,ZAF,6227.0
QAT,ZMB,5156.0
QAT,ZWE,5257.0
REU,ABW,14171.0
REU,AFG,6302.0
REU,AGO,4718.0
REU,AIA,13612.0
REU,ALB,7808.0
REU,AND,8935.0
REU,ARE,5106.0
REU,ARG,10718.0
REU,ARM,6854.0
REU,ASM,13653.0
REU,ATG,13458.0
REU,AUS,8577.0
REU,AUT,8585.0
REU,AZE,6806.0
REU,BDI,3425.0
REU,BEL,9386.0
REU,BEN,6541.0
REU,BES,13976.0
REU,BFA,7237.0
REU,BGD,6221.0
REU,BGR,7773.0
REU,BHR,5237.0
REU,BHS,15192.0
REU,BIH,8105.0
REU,BLR,8706.0
REU,BLZ,16253.0
REU,BMU,14016.0
REU,BOL,12608.0
REU,BRA,10259.0
REU,BRB,13107.0
REU,BRN,7094.0
REU,BTN,6494.0
REU,BWA,3057.0
REU,CAF,4901.0
REU,CAN,15155.0
REU,CCK,4507.0
REU,CHE,8898.0
REU,CHL,11720.0
REU,CHN,9101.0
REU,CIV,7111.0
REU,CMR,5520.0
REU,COD,4710.0
REU,COG,4716.0
REU,COK,13986.0
REU,COL,14293.0
REU,COM,1651.0
REU,CPV,9491.0
REU,CRI,15537.0
REU,CUB,15685.0
REU,CUW,14044.0
REU,CXR,5485.0
REU,CYM,15527.0
REU,CYP,6627.0
REU,CZE,8838.0
REU,DEU,9093.0
REU,DJI,3836.0
REU,DMA,13359.0
REU,DNK,9398.0
REU,DOM,14324.0
REU,DZA,8424.0
REU,ECU,14536.0
REU,EGY,6203.0
REU,ERI,4394.0
REU,ESH,9105.0
REU,ESP,9137.0
REU,EST,9332.0
REU,ETH,3779.0
REU,FIN,9399.0
REU,FJI,12456.0
REU,FLK,9700.0
REU,FRA,9344.0
REU,FRO,10692.0
REU,FSM,11606.0
REU,GAB,5528.0
REU,GBR,9670.0
REU,GEO,7014.0
REU,GHA,6941.0
REU,GIB,8984.0
REU,GIN,8271.0
REU,GLP,13414.0
REU,GMB,8751.0
REU,GNB,8571.0
REU,GNQ,5576.0
REU,GRC,7309.0
REU,GRD,13295.0
REU,GRL,12906.0
REU,GTM,16366.0
REU,GUF,12059.0
REU,GUM,10470.0
REU,GUY,12736.0
REU,HKG,7968.0
REU,HND,16006.0
REU,HRV,8393.0
REU,HTI,14576.0
REU,HUN,8404.0
REU,IDN,5767.0
REU,IND,5960.0
REU,IOT,2369.0
REU,IRL,10125.0
REU,IRN,6276.0
REU,IRQ,6114.0
REU,ISL,11478.0
REU,ISR,6261.0
REU,ITA,8238.0
REU,JAM,15026.0
REU,JOR,6206.0
REU,JPN,10843.0
REU,KAZ,7433.0
REU,KEN,2966.0
REU,KGZ,7326.0
REU,KHM,6493.0
REU,KIR,12923.0
REU,KNA,13554.0
REU,KOR,9886.0
REU,KWT,5618.0
REU,LAO,6703.0
REU,LBN,6422.0
REU,LBR,7834.0
REU,LBY,7455.0
REU,LCA,13279.0
REU,LIE,8827.0
REU,LKA,4072.0
REU,LSO,2963.0
REU,LTU,8853.0
REU,LUX,9199.0
REU,LVA,9108.0
REU,MAC,7907.0
REU,MAR,9002.0
REU,MCO,8671.0
REU,MDA,7978.0
REU,MDG,857.0
REU,MDV,3402.0
REU,MEX,17375.0
REU,MHL,12988.0
REU,MKD,7793.0
REU,MLI,7867.0
REU,MLT,7622.0
REU,MMR,6094.0
REU,MNE,7935.0
REU,MNG,9182.0
REU,MNP,10638.0
REU,MOZ,2413.0
REU,MRT,8902.0
REU,MSR,13487.0
REU,MTQ,13306.0
REU,MUS,228.0
REU,MWI,2423.0
REU,MYS,5699.0
REU,MYT,1410.0
REU,NAM,3963.0
REU,NCL,11144.0
REU,NER,6964.0
REU,NFK,10917.0
REU,NGA,6441.0
REU,NIC,15842.0
REU,NIU,13390.0
REU,NLD,9475.0
REU,NOR,9827.0
REU,NPL,6264.0
REU,NRU,12220.0
REU,NZL,10999.0
REU,OMN,4934.0
REU,PAK,5220.0
REU,PAN,15032.0
REU,PCN,14980.0
REU,PER,13679.0
REU,PHL,8167.0
REU,PLW,9176.0
REU,PNG,9824.0
REU,POL,8762.0
REU,PRI,13932.0
REU,PRK,9867.0
REU,PRT,9420.0
REU,PRY,11171.0
REU,PSE,6216.0
REU,PYF,14962.0
REU,QAT,5127.0
REU,ROU,7825.0
REU,RUS,8657.0
REU,RWA,3462.0
REU,SAU,5130.0
REU,SDN,4745.0
REU,SEN,8884.0
REU,SGP,5811.0
REU,SHN,6449.0
REU,SLB,11125.0
REU,SLE,8179.0
REU,SLV,16198.0
REU,SMR,8409.0
REU,SOM,2765.0
REU,SPM,13307.0
REU,SRB,8096.0
REU,SSD,3860.0
REU,STP,5795.0
REU,SUR,12390.0
REU,SVK,8547.0
REU,SVN,8484.0
REU,SWE,9522.0
REU,SWZ,2549.0
REU,SXM,13606.0
REU,SYC,1800.0
REU,SYR,6353.0
REU,TCA,14514.0
REU,TCD,5732.0
REU,TGO,6636.0
REU,THA,6241.0
REU,TJK,6723.0
REU,TKL,13919.0
REU,TKM,6519.0
REU,TLS,7620.0
REU,TON,12814.0
REU,TTO,13224.0
REU,TUN,7962.0
REU,TUR,7380.0
REU,TUV,13072.0
REU,TWN,8759.0
REU,TZA,2337.0
REU,UGA,3420.0
REU,UKR,8272.0
REU,URY,10528.0
REU,USA,14795.0
REU,UZB,7026.0
REU,VAT,8240.0
REU,VCT,13276.0
REU,VEN,13776.0
REU,VGB,13778.0
REU,VNM,6605.0
REU,VUT,11550.0
REU,WLF,13233.0
REU,WSM,13590.0
REU,YEM,4192.0
REU,ZAF,2854.0
REU,ZMB,2934.0
REU,ZWE,2583.0
ROU,ABW,9525.0
ROU,AFG,3817.0
ROU,AGO,6040.0
ROU,AIA,8549.0
ROU,ALB,618.0
ROU,AND,1993.0
ROU,ARE,3382.0
ROU,ARG,12210.0
ROU,ARM,1586.0
ROU,ASM,16305.0
ROU,ATG,8537.0
ROU,AUS,14953.0
ROU,AUT,858.0
ROU,AZE,2002.0
ROU,BDI,5306.0
ROU,BEL,1775.0
ROU,BEN,4801.0
ROU,BES,9417.0
ROU,BFA,4424.0
ROU,BGD,6192.0
ROU,BGR,296.0
ROU,BHR,2985.0
ROU,BHS,9091.0
ROU,BIH,623.0
ROU,BLR,1058.0
ROU,BLZ,10529.0
ROU,BMU,7646.0
ROU,BOL,11610.0
ROU,BRA,10538.0
ROU,BRB,8665.0
ROU,BRN,9537.0
ROU,BTN,5877.0
ROU,BWA,7650.0
ROU,CAF,4501.0
ROU,CAN,7781.0
ROU,CCK,9471.0
ROU,CHE,1401.0
ROU,CHL,13012.0
ROU,CHN,8044.0
ROU,CIV,5233.0
ROU,CMR,4716.0
ROU,COD,5507.0
ROU,COG,5501.0
ROU,COK,17375.0
ROU,COL,10459.0
ROU,COM,6453.0
ROU,CPV,5689.0
ROU,CRI,10799.0
ROU,CUB,9600.0
ROU,CUW,9472.0
ROU,CXR,9998.0
ROU,CYM,9840.0
ROU,CYP,1202.0
ROU,CZE,1083.0
ROU,DEU,1297.0
ROU,DJI,3989.0
ROU,DMA,8638.0
ROU,DNK,1577.0
ROU,DOM,9054.0
ROU,DZA,2121.0
ROU,ECU,11447.0
ROU,EGY,1660.0
ROU,ERI,3446.0
ROU,ESH,3985.0
ROU,ESP,2479.0
ROU,EST,1672.0
ROU,ETH,4109.0
ROU,FIN,1753.0
ROU,FJI,16123.0
ROU,FLK,13342.0
ROU,FRA,1875.0
ROU,FRO,2885.0
ROU,FSM,12576.0
ROU,GAB,5149.0
ROU,GBR,2096.0
ROU,GEO,1552.0
ROU,GHA,4974.0
ROU,GIB,2808.0
ROU,GIN,5430.0
ROU,GLP,8612.0
ROU,GMB,5307.0
ROU,GNB,5365.0
ROU,GNQ,4983.0
ROU,GRC,746.0
ROU,GRD,8913.0
ROU,GRL,5120.0
ROU,GTM,10873.0
ROU,GUF,8710.0
ROU,GUM,11109.0
ROU,GUY,9029.0
ROU,HKG,8163.0
ROU,HND,10684.0
ROU,HRV,811.0
ROU,HTI,9234.0
ROU,HUN,645.0
ROU,IDN,9759.0
ROU,IND,4810.0
ROU,IOT,7364.0
ROU,IRL,2543.0
ROU,IRN,2355.0
ROU,IRQ,2001.0
ROU,ISL,3682.0
ROU,ISR,1565.0
ROU,ITA,1142.0
ROU,JAM,9609.0
ROU,JOR,1629.0
ROU,JPN,8899.0
ROU,KAZ,4021.0
ROU,KEN,5174.0
ROU,KGZ,3858.0
ROU,KHM,8233.0
ROU,KIR,13973.0
ROU,KNA,8593.0
ROU,KOR,7952.0
ROU,KWT,2553.0
ROU,LAO,7571.0
ROU,LBN,1421.0
ROU,LBR,5539.0
ROU,LBY,1702.0
ROU,LCA,8705.0
ROU,LIE,1321.0
ROU,LKA,6642.0
ROU,LSO,8167.0
ROU,LTU,1142.0
ROU,LUX,1618.0
ROU,LVA,1399.0
ROU,MAC,8120.0
ROU,MAR,3131.0
ROU,MCO,1496.0
ROU,MDA,357.0
ROU,MDG,7345.0
ROU,MDV,6421.0
ROU,MEX,11022.0
ROU,MHL,13327.0
ROU,MKD,466.0
ROU,MLI,4788.0
ROU,MLT,1366.0
ROU,MMR,7144.0
ROU,MNE,596.0
ROU,MNG,5955.0
ROU,MNP,11029.0
ROU,MOZ,7821.0
ROU,MRT,4878.0
ROU,MSR,8590.0
ROU,MTQ,8666.0
ROU,MUS,7833.0
ROU,MWI,6513.0
ROU,MYS,8623.0
ROU,MYT,6624.0
ROU,NAM,7474.0
ROU,NCL,15649.0
ROU,NER,4116.0
ROU,NFK,16257.0
ROU,NGA,4753.0
ROU,NIC,10777.0
ROU,NIU,16825.0
ROU,NLD,1792.0
ROU,NOR,2007.0
ROU,NPL,5518.0
ROU,NRU,13803.0
ROU,NZL,17260.0
ROU,OMN,3745.0
ROU,PAK,4273.0
ROU,PAN,10532.0
ROU,PCN,16804.0
ROU,PER,11980.0
ROU,PHL,9267.0
ROU,PLW,10873.0
ROU,PNG,13190.0
ROU,POL,945.0
ROU,PRI,8766.0
ROU,PRK,7763.0
ROU,PRT,2983.0
ROU,PRY,11466.0
ROU,PSE,1609.0
ROU,PYF,16994.0
ROU,QAT,3117.0
ROU,REU,7825.0
ROU,RUS,1501.0
ROU,RWA,5152.0
ROU,SAU,2876.0
ROU,SDN,3259.0
ROU,SEN,5259.0
ROU,SGP,8938.0
ROU,SHN,7424.0
ROU,SLB,14134.0
ROU,SLE,5498.0
ROU,SLV,10857.0
ROU,SMR,1092.0
ROU,SOM,5064.0
ROU,SPM,6116.0
ROU,SRB,450.0
ROU,SSD,4418.0
ROU,STP,5247.0
ROU,SUR,8863.0
ROU,SVK,806.0
ROU,SVN,927.0
ROU,SWE,1745.0
ROU,SWZ,7851.0
ROU,SXM,8563.0
ROU,SYC,6172.0
ROU,SYR,1498.0
ROU,TCA,8919.0
ROU,TCD,3736.0
ROU,TGO,4886.0
ROU,THA,7720.0
ROU,TJK,3582.0
ROU,TKL,15778.0
ROU,TKM,2782.0
ROU,TLS,11423.0
ROU,TON,16769.0
ROU,TTO,9000.0
ROU,TUN,1587.0
ROU,TUR,446.0
ROU,TUV,15258.0
ROU,TWN,8508.0
ROU,TZA,5828.0
ROU,UGA,4929.0
ROU,UKR,746.0
ROU,URY,12073.0
ROU,USA,7670.0
ROU,UZB,3501.0
ROU,VAT,1144.0
ROU,VCT,8788.0
ROU,VEN,9437.0
ROU,VGB,8655.0
ROU,VNM,8433.0
ROU,VUT,15420.0
ROU,WLF,15960.0
ROU,WSM,16216.0
ROU,YEM,3649.0
ROU,ZAF,7824.0
ROU,ZMB,6630.0
ROU,ZWE,6912.0
RUS,ABW,9937.0
RUS,AFG,3370.0
RUS,AGO,7506.0
RUS,AIA,9000.0
RUS,ALB,2062.0
RUS,AND,2971.0
RUS,ARE,3678.0
RUS,ARG,13460.0
RUS,ARM,1804.0
RUS,ASM,14805.0
RUS,ATG,9028.0
RUS,AUS,14412.0
RUS,AUT,1674.0
RUS,AZE,1932.0
RUS,BDI,6599.0
RUS,BEL,2261.0
RUS,BEN,6292.0
RUS,BES,9868.0
RUS,BFA,5877.0
RUS,BGD,5554.0
RUS,BGR,1779.0
RUS,BHR,3444.0
RUS,BHS,9162.0
RUS,BIH,1905.0
RUS,BLR,678.0
RUS,BLZ,10493.0
RUS,BMU,7819.0
RUS,BOL,12494.0
RUS,BRA,11791.0
RUS,BRB,9261.0
RUS,BRN,8762.0
RUS,BTN,5175.0
RUS,BWA,8978.0
RUS,CAF,5948.0
RUS,CAN,7504.0
RUS,CCK,9308.0
RUS,CHE,2203.0
RUS,CHL,14117.0
RUS,CHN,6831.0
RUS,CIV,6695.0
RUS,CMR,6208.0
RUS,COD,6966.0
RUS,COG,6961.0
RUS,COK,15910.0
RUS,COL,10915.0
RUS,COM,7494.0
RUS,CPV,6853.0
RUS,CRI,10970.0
RUS,CUB,9605.0
RUS,CUW,9912.0
RUS,CXR,9630.0
RUS,CYM,9924.0
RUS,CYP,2312.0
RUS,CZE,1673.0
RUS,DEU,1614.0
RUS,DJI,4923.0
RUS,DMA,9167.0
RUS,DNK,1566.0
RUS,DOM,9373.0
RUS,DZA,3343.0
RUS,ECU,11893.0
RUS,EGY,2901.0
RUS,ERI,4487.0
RUS,ESH,5130.0
RUS,ESP,3448.0
RUS,EST,870.0
RUS,ETH,5184.0
RUS,FIN,895.0
RUS,FJI,14699.0
RUS,FLK,14768.0
RUS,FRA,2494.0
RUS,FRO,2596.0
RUS,FSM,11197.0
RUS,GAB,6644.0
RUS,GBR,2509.0
RUS,GEO,1649.0
RUS,GHA,6447.0
RUS,GIB,3889.0
RUS,GIN,6781.0
RUS,GLP,9124.0
RUS,GMB,6585.0
RUS,GNB,6672.0
RUS,GNQ,6478.0
RUS,GRC,2234.0
RUS,GRD,9486.0
RUS,GRL,4650.0
RUS,GTM,10838.0
RUS,GUF,9554.0
RUS,GUM,9818.0
RUS,GUY,9747.0
RUS,HKG,7154.0
RUS,HND,10727.0
RUS,HRV,1872.0
RUS,HTI,9506.0
RUS,HUN,1573.0
RUS,IDN,9302.0
RUS,IND,4341.0
RUS,IOT,7681.0
RUS,IRL,2804.0
RUS,IRN,2464.0
RUS,IRQ,2545.0
RUS,ISL,3317.0
RUS,ISR,2640.0
RUS,ITA,2381.0
RUS,JAM,9804.0
RUS,JOR,2648.0
RUS,JPN,7497.0
RUS,KAZ,3112.0
RUS,KEN,6324.0
RUS,KGZ,2997.0
RUS,KHM,7536.0
RUS,KIR,12506.0
RUS,KNA,9065.0
RUS,KOR,6622.0
RUS,KWT,3044.0
RUS,LAO,6812.0
RUS,LBN,2434.0
RUS,LBR,6942.0
RUS,LBY,3168.0
RUS,LCA,9262.0
RUS,LIE,2156.0
RUS,LKA,6565.0
RUS,LSO,9475.0
RUS,LTU,793.0
RUS,LUX,2214.0
RUS,LVA,845.0
RUS,MAC,7121.0
RUS,MAR,4238.0
RUS,MCO,2524.0
RUS,MDA,1147.0
RUS,MDG,8326.0
RUS,MDV,6551.0
RUS,MEX,10738.0
RUS,MHL,11854.0
RUS,MKD,1926.0
RUS,MLI,6179.0
RUS,MLT,2817.0
RUS,MMR,6525.0
RUS,MNE,1985.0
RUS,MNG,4648.0
RUS,MNP,9714.0
RUS,MOZ,9067.0
RUS,MRT,6114.0
RUS,MSR,9080.0
RUS,MTQ,9211.0
RUS,MUS,8619.0
RUS,MWI,7734.0
RUS,MYS,8122.0
RUS,MYT,7628.0
RUS,NAM,8893.0
RUS,NCL,14426.0
RUS,NER,5590.0
RUS,NFK,15121.0
RUS,NGA,6248.0
RUS,NIC,10869.0
RUS,NIU,15327.0
RUS,NLD,2155.0
RUS,NOR,1649.0
RUS,NPL,4895.0
RUS,NRU,12387.0
RUS,NZL,16191.0
RUS,OMN,3961.0
RUS,PAK,4178.0
RUS,PAN,10811.0
RUS,PCN,16337.0
RUS,PER,12641.0
RUS,PHL,8263.0
RUS,PLW,9764.0
RUS,PNG,12091.0
RUS,POL,1154.0
RUS,PRI,9156.0
RUS,PRK,6429.0
RUS,PRT,3915.0
RUS,PRY,12615.0
RUS,PSE,2705.0
RUS,PYF,15719.0
RUS,QAT,3564.0
RUS,REU,8657.0
RUS,ROU,1501.0
RUS,RWA,6434.0
RUS,SAU,3528.0
RUS,SDN,4482.0
RUS,SEN,6514.0
RUS,SGP,8423.0
RUS,SHN,8920.0
RUS,SLB,12856.0
RUS,SLE,6862.0
RUS,SLV,10864.0
RUS,SMR,2217.0
RUS,SOM,5996.0
RUS,SPM,6110.0
RUS,SRB,1716.0
RUS,SSD,5670.0
RUS,STP,6747.0
RUS,SUR,9646.0
RUS,SVK,1636.0
RUS,SVN,1937.0
RUS,SWE,1232.0
RUS,SWZ,9114.0
RUS,SXM,9017.0
RUS,SYC,6889.0
RUS,SYR,2474.0
RUS,TCA,9166.0
RUS,TCD,5222.0
RUS,TGO,6374.0
RUS,THA,7071.0
RUS,TJK,2998.0
RUS,TKL,14277.0
RUS,TKM,2514.0
RUS,TLS,10660.0
RUS,TON,15304.0
RUS,TTO,9600.0
RUS,TUN,2947.0
RUS,TUR,1757.0
RUS,TUV,13785.0
RUS,TWN,7368.0
RUS,TZA,6937.0
RUS,UGA,6163.0
RUS,UKR,758.0
RUS,URY,13346.0
RUS,USA,7531.0
RUS,UZB,2798.0
RUS,VAT,2382.0
RUS,VCT,9353.0
RUS,VEN,9940.0
RUS,VGB,9074.0
RUS,VNM,7718.0
RUS,VUT,14115.0
RUS,WLF,14474.0
RUS,WSM,14717.0
RUS,YEM,4519.0
RUS,ZAF,9126.0
RUS,ZMB,7935.0
RUS,ZWE,8177.0
RWA,ABW,11160.0
RWA,AFG,5742.0
RWA,AGO,2013.0
RWA,AIA,10414.0
RWA,ALB,4903.0
RWA,AND,5697.0
RWA,ARE,4060.0
RWA,ARG,9750.0
RWA,ARM,4892.0
RWA,ASM,17115.0
RWA,ATG,10283.0
RWA,AUS,12037.0
RWA,AUT,5713.0
RWA,AZE,5103.0
RWA,BDI,176.0
RWA,BEL,6340.0
RWA,BEN,3216.0
RWA,BES,10969.0
RWA,BFA,3835.0
RWA,BGD,7114.0
RWA,BGR,4991.0
RWA,BHR,3819.0
RWA,BHS,11860.0
RWA,BIH,5205.0
RWA,BLR,6194.0
RWA,BLZ,13140.0
RWA,BMU,10584.0
RWA,BOL,10831.0
RWA,BRA,8572.0
RWA,BRB,10031.0
RWA,BRN,9471.0
RWA,BTN,7153.0
RWA,BWA,2552.0
RWA,CAF,1457.0
RWA,CAN,11718.0
RWA,CCK,7445.0
RWA,CHE,5853.0
RWA,CHL,10887.0
RWA,CHN,10259.0
RWA,CIV,3875.0
RWA,CMR,2161.0
RWA,COD,1660.0
RWA,COG,1662.0
RWA,COK,17231.0
RWA,COL,11604.0
RWA,COM,1813.0
RWA,CPV,6187.0
RWA,CRI,12702.0
RWA,CUB,12394.0
RWA,CUW,11042.0
RWA,CXR,8405.0
RWA,CYM,12338.0
RWA,CYP,4122.0
RWA,CZE,5957.0
RWA,DEU,6236.0
RWA,DJI,2083.0
RWA,DMA,10229.0
RWA,DNK,6584.0
RWA,DOM,11137.0
RWA,DZA,5116.0
RWA,ECU,12229.0
RWA,EGY,3542.0
RWA,ERI,2147.0
RWA,ESH,5644.0
RWA,ESP,5811.0
RWA,EST,6823.0
RWA,ETH,1550.0
RWA,FIN,6903.0
RWA,FJI,15911.0
RWA,FLK,9695.0
RWA,FRA,6231.0
RWA,FRO,7746.0
RWA,FSM,14254.0
RWA,GAB,2308.0
RWA,GBR,6574.0
RWA,GEO,5058.0
RWA,GHA,3648.0
RWA,GIB,5591.0
RWA,GIN,5010.0
RWA,GLP,10267.0
RWA,GMB,5433.0
RWA,GNB,5276.0
RWA,GNQ,2297.0
RWA,GRC,4465.0
RWA,GRD,10259.0
RWA,GRL,9801.0
RWA,GTM,13362.0
RWA,GUF,9194.0
RWA,GUM,12740.0
RWA,GUY,9847.0
RWA,HKG,9494.0
RWA,HND,13012.0
RWA,HRV,5470.0
RWA,HTI,11393.0
RWA,HUN,5582.0
RWA,IDN,8533.0
RWA,IND,6062.0
RWA,IOT,4732.0
RWA,IRL,6993.0
RWA,IRN,4722.0
RWA,IRQ,4186.0
RWA,ISL,8464.0
RWA,ISR,3799.0
RWA,ITA,5169.0
RWA,JAM,11867.0
RWA,JOR,3803.0
RWA,JPN,11907.0
RWA,KAZ,6848.0
RWA,KEN,756.0
RWA,KGZ,6669.0
RWA,KHM,8413.0
RWA,KIR,15911.0
RWA,KNA,10377.0
RWA,KOR,10755.0
RWA,KWT,3957.0
RWA,LAO,8241.0
RWA,LBN,4008.0
RWA,LBR,4631.0
RWA,LBY,4243.0
RWA,LCA,10183.0
RWA,LIE,5796.0
RWA,LKA,5618.0
RWA,LSO,3041.0
RWA,LTU,6293.0
RWA,LUX,6157.0
RWA,LVA,6551.0
RWA,MAC,9427.0
RWA,MAR,5573.0
RWA,MCO,5541.0
RWA,MDA,5424.0
RWA,MDG,2675.0
RWA,MDV,4881.0
RWA,MEX,14177.0
RWA,MHL,15709.0
RWA,MKD,4944.0
RWA,MLI,4505.0
RWA,MLT,4490.0
RWA,MMR,7544.0
RWA,MNE,5035.0
RWA,MNG,9191.0
RWA,MNP,12832.0
RWA,MOZ,2670.0
RWA,MRT,5509.0
RWA,MSR,10321.0
RWA,MTQ,10194.0
RWA,MUS,3600.0
RWA,MWI,1391.0
RWA,MYS,7990.0
RWA,MYT,2057.0
RWA,NAM,2677.0
RWA,NCL,14588.0
RWA,NER,3528.0
RWA,NFK,14377.0
RWA,NGA,3105.0
RWA,NIC,12925.0
RWA,NIU,16829.0
RWA,NLD,6467.0
RWA,NOR,7063.0
RWA,NPL,6756.0
RWA,NRU,15227.0
RWA,NZL,14380.0
RWA,OMN,4189.0
RWA,PAK,4978.0
RWA,PAN,12204.0
RWA,PCN,16282.0
RWA,PER,11829.0
RWA,PHL,10171.0
RWA,PLW,11638.0
RWA,PNG,12952.0
RWA,POL,6064.0
RWA,PRI,10736.0
RWA,PRK,10641.0
RWA,PRT,6031.0
RWA,PRY,9692.0
RWA,PSE,3732.0
RWA,PYF,17849.0
RWA,QAT,3794.0
RWA,REU,3462.0
RWA,ROU,5152.0
RWA,RUS,6434.0
RWA,SAU,3453.0
RWA,SDN,1954.0
RWA,SEN,5548.0
RWA,SGP,8221.0
RWA,SHN,4216.0
RWA,SLB,14339.0
RWA,SLE,4940.0
RWA,SLV,13229.0
RWA,SMR,5377.0
RWA,SOM,1757.0
RWA,SPM,9880.0
RWA,SRB,5267.0
RWA,SSD,771.0
RWA,STP,2609.0
RWA,SUR,9512.0
RWA,SVK,5691.0
RWA,SVN,5533.0
RWA,SWE,6876.0
RWA,SWZ,2699.0
RWA,SXM,10412.0
RWA,SYC,2837.0
RWA,SYR,3979.0
RWA,TCA,11256.0
RWA,TCD,2274.0
RWA,TGO,3329.0
RWA,THA,7962.0
RWA,TJK,5986.0
RWA,TKL,17355.0
RWA,TKM,5292.0
RWA,TLS,10592.0
RWA,TON,16267.0
RWA,TTO,10230.0
RWA,TUN,4760.0
RWA,TUR,4759.0
RWA,TUV,16419.0
RWA,TWN,10248.0
RWA,TZA,1156.0
RWA,UGA,376.0
RWA,UKR,5806.0
RWA,URY,9545.0
RWA,USA,11337.0
RWA,UZB,6209.0
RWA,VAT,5171.0
RWA,VCT,10206.0
RWA,VEN,10816.0
RWA,VGB,10579.0
RWA,VNM,8596.0
RWA,VUT,14963.0
RWA,WLF,16678.0
RWA,WSM,17051.0
RWA,YEM,2468.0
RWA,ZAF,2693.0
RWA,ZMB,1502.0
RWA,ZWE,1760.0
SAU,ABW,12021.0
SAU,AFG,2426.0
SAU,AGO,5192.0
SAU,AIA,11056.0
SAU,ALB,3096.0
SAU,AND,4569.0
SAU,ARE,871.0
SAU,ARG,12852.0
SAU,ARM,1730.0
SAU,ASM,15953.0
SAU,ATG,11005.0
SAU,AUS,12342.0
SAU,AUT,3724.0
SAU,AZE,1765.0
SAU,BDI,3629.0
SAU,BEL,4629.0
SAU,BEN,5136.0
SAU,BES,11878.0
SAU,BFA,5245.0
SAU,BGD,4422.0
SAU,BGR,2929.0
SAU,BHR,425.0
SAU,BHS,11860.0
SAU,BIH,3337.0
SAU,BLR,3613.0
SAU,BLZ,13322.0
SAU,BMU,10397.0
SAU,BOL,13239.0
SAU,BRA,11390.0
SAU,BRB,11008.0
SAU,BRN,7588.0
SAU,BTN,4285.0
SAU,BWA,5902.0
SAU,CAF,3760.0
SAU,CAN,10657.0
SAU,CCK,6801.0
SAU,CHE,4198.0
SAU,CHL,13940.0
SAU,CHN,7253.0
SAU,CIV,5819.0
SAU,CMR,4417.0
SAU,COD,4675.0
SAU,COG,4672.0
SAU,COK,17295.0
SAU,COL,12854.0
SAU,COM,4043.0
SAU,CPV,7363.0
SAU,CRI,13453.0
SAU,CUB,12392.0
SAU,CUW,11943.0
SAU,CXR,7485.0
SAU,CYM,12585.0
SAU,CYP,1731.0
SAU,CZE,3958.0
SAU,DEU,4169.0
SAU,DJI,1498.0
SAU,DMA,11060.0
SAU,DNK,4419.0
SAU,DOM,11657.0
SAU,DZA,4349.0
SAU,ECU,13786.0
SAU,EGY,1639.0
SAU,ERI,1316.0
SAU,ESH,5950.0
SAU,ESP,4970.0
SAU,EST,4222.0
SAU,ETH,1929.0
SAU,FIN,4284.0
SAU,FJI,15000.0
SAU,FLK,13111.0
SAU,FRA,4686.0
SAU,FRO,5730.0
SAU,FSM,11826.0
SAU,GAB,4828.0
SAU,GBR,4947.0
SAU,GEO,1894.0
SAU,GHA,5515.0
SAU,GIB,5099.0
SAU,GIN,6586.0
SAU,GLP,11054.0
SAU,GMB,6732.0
SAU,GNB,6686.0
SAU,GNQ,4704.0
SAU,GRC,2622.0
SAU,GRD,11267.0
SAU,GRL,7958.0
SAU,GTM,13660.0
SAU,GUF,10698.0
SAU,GUM,10188.0
SAU,GUY,11186.0
SAU,HKG,6826.0
SAU,HND,13431.0
SAU,HRV,3609.0
SAU,HTI,11869.0
SAU,HUN,3515.0
SAU,IDN,7353.0
SAU,IND,3060.0
SAU,IOT,4499.0
SAU,IRL,5405.0
SAU,IRN,1301.0
SAU,IRQ,985.0
SAU,ISL,6527.0
SAU,ISR,1426.0
SAU,ITA,3679.0
SAU,JAM,12289.0
SAU,JOR,1326.0
SAU,JPN,8706.0
SAU,KAZ,3436.0
SAU,KEN,3066.0
SAU,KGZ,3250.0
SAU,KHM,6284.0
SAU,KIR,13563.0
SAU,KNA,11076.0
SAU,KOR,7563.0
SAU,KWT,534.0
SAU,LAO,5808.0
SAU,LBN,1492.0
SAU,LBR,6446.0
SAU,LBY,3381.0
SAU,LCA,11091.0
SAU,LIE,4118.0
SAU,LKA,4039.0
SAU,LSO,6320.0
SAU,LTU,3770.0
SAU,LUX,4458.0
SAU,LVA,4016.0
SAU,MAC,6765.0
SAU,MAR,5318.0
SAU,MCO,4137.0
SAU,MDA,2939.0
SAU,MDG,4825.0
SAU,MDV,3659.0
SAU,MEX,13890.0
SAU,MHL,13077.0
SAU,MKD,3016.0
SAU,MLI,5886.0
SAU,MLT,3318.0
SAU,MMR,5196.0
SAU,MNE,3195.0
SAU,MNG,5813.0
SAU,MNP,10202.0
SAU,MOZ,5810.0
SAU,MRT,6489.0
SAU,MSR,11056.0
SAU,MTQ,11067.0
SAU,MUS,5098.0
SAU,MWI,4501.0
SAU,MYS,6349.0
SAU,MYT,4148.0
SAU,NAM,6130.0
SAU,NCL,13920.0
SAU,NER,4831.0
SAU,NFK,14231.0
SAU,NGA,5035.0
SAU,NIC,13490.0
SAU,NIU,16206.0
SAU,NLD,4663.0
SAU,NOR,4794.0
SAU,NPL,3858.0
SAU,NRU,13072.0
SAU,NZL,14938.0
SAU,OMN,1213.0
SAU,PAK,2058.0
SAU,PAN,13105.0
SAU,PCN,19527.0
SAU,PER,13964.0
SAU,PHL,7783.0
SAU,PLW,9454.0
SAU,PNG,11502.0
SAU,POL,3750.0
SAU,PRI,11319.0
SAU,PRK,7419.0
SAU,PRT,5431.0
SAU,PRY,12506.0
SAU,PSE,1420.0
SAU,PYF,18162.0
SAU,QAT,481.0
SAU,REU,5130.0
SAU,ROU,2876.0
SAU,RUS,3528.0
SAU,RWA,3453.0
SAU,SDN,1793.0
SAU,SEN,6761.0
SAU,SGP,6658.0
SAU,SHN,7251.0
SAU,SLB,12793.0
SAU,SLE,6591.0
SAU,SLV,13621.0
SAU,SMR,3765.0
SAU,SOM,2510.0
SAU,SPM,8965.0
SAU,SRB,3253.0
SAU,SSD,2727.0
SAU,STP,5077.0
SAU,SUR,10936.0
SAU,SVK,3675.0
SAU,SVN,3722.0
SAU,SWE,4448.0
SAU,SWZ,5887.0
SAU,SXM,11065.0
SAU,SYC,3378.0
SAU,SYR,1406.0
SAU,TCA,11584.0
SAU,TCD,3612.0
SAU,TGO,5264.0
SAU,THA,5752.0
SAU,TJK,2585.0
SAU,TKL,15668.0
SAU,TKM,1839.0
SAU,TLS,9298.0
SAU,TON,15730.0
SAU,TTO,11317.0
SAU,TUN,3721.0
SAU,TUR,2448.0
SAU,TUV,14687.0
SAU,TWN,7446.0
SAU,TZA,3579.0
SAU,UGA,3097.0
SAU,UKR,3181.0
SAU,URY,12660.0
SAU,USA,10532.0
SAU,UZB,2778.0
SAU,VAT,3682.0
SAU,VCT,11158.0
SAU,VEN,11840.0
SAU,VGB,11187.0
SAU,VNM,6495.0
SAU,VUT,13964.0
SAU,WLF,15363.0
SAU,WSM,15828.0
SAU,YEM,1066.0
SAU,ZAF,5978.0
SAU,ZMB,4867.0
SAU,ZWE,5001.0
SDN,ABW,10957.0
SDN,AFG,4219.0
SDN,AGO,3436.0
SDN,AIA,10055.0
SDN,ALB,3108.0
SDN,AND,4204.0
SDN,ARE,2604.0
SDN,ARG,11063.0
SDN,ARM,2967.0
SDN,ASM,17532.0
SDN,ATG,9966.0
SDN,AUS,13017.0
SDN,AUT,3913.0
SDN,AZE,3225.0
SDN,BDI,2123.0
SDN,BEL,4656.0
SDN,BEN,3443.0
SDN,BES,10788.0
SDN,BFA,3695.0
SDN,BGD,6098.0
SDN,BGR,3135.0
SDN,BHR,2214.0
SDN,BHS,11197.0
SDN,BIH,3412.0
SDN,BLR,4277.0
SDN,BLZ,12635.0
SDN,BMU,9769.0
SDN,BOL,11607.0
SDN,BRA,9632.0
SDN,BRB,9857.0
SDN,BRN,9060.0
SDN,BTN,6012.0
SDN,BWA,4506.0
SDN,CAF,1968.0
SDN,CAN,10501.0
SDN,CCK,7718.0
SDN,CHE,4165.0
SDN,CHL,12159.0
SDN,CHN,9033.0
SDN,CIV,4151.0
SDN,CMR,2640.0
SDN,COD,2904.0
SDN,COG,2901.0
SDN,COK,18586.0
SDN,COL,11651.0
SDN,COM,3238.0
SDN,CPV,6003.0
SDN,CRI,12498.0
SDN,CUB,11752.0
SDN,CUW,10858.0
SDN,CXR,8557.0
SDN,CYM,11831.0
SDN,CYP,2174.0
SDN,CZE,4164.0
SDN,DEU,4435.0
SDN,DJI,1229.0
SDN,DMA,9975.0
SDN,DNK,4768.0
SDN,DOM,10735.0
SDN,DZA,3742.0
SDN,ECU,12486.0
SDN,EGY,1610.0
SDN,ERI,687.0
SDN,ESH,4886.0
SDN,ESP,4453.0
SDN,EST,4913.0
SDN,ETH,989.0
SDN,FIN,4991.0
SDN,FJI,16395.0
SDN,FLK,11376.0
SDN,FRA,4602.0
SDN,FRO,6011.0
SDN,FSM,13543.0
SDN,GAB,3040.0
SDN,GBR,4931.0
SDN,GEO,3130.0
SDN,GHA,3852.0
SDN,GIB,4388.0
SDN,GIN,5052.0
SDN,GLP,9988.0
SDN,GMB,5299.0
SDN,GNB,5212.0
SDN,GNQ,2921.0
SDN,GRC,2628.0
SDN,GRD,10112.0
SDN,GRL,8183.0
SDN,GTM,12933.0
SDN,GUF,9323.0
SDN,GUM,11909.0
SDN,GUY,9890.0
SDN,HKG,8534.0
SDN,HND,12633.0
SDN,HRV,3694.0
SDN,HTI,10976.0
SDN,HUN,3755.0
SDN,IDN,8535.0
SDN,IND,4803.0
SDN,IOT,5067.0
SDN,IRL,5382.0
SDN,IRN,2917.0
SDN,IRQ,2305.0
SDN,ISL,6776.0
SDN,ISR,1845.0
SDN,ITA,3496.0
SDN,JAM,11439.0
SDN,JOR,1849.0
SDN,JPN,10497.0
SDN,KAZ,5199.0
SDN,KEN,1921.0
SDN,KGZ,5008.0
SDN,KHM,7811.0
SDN,KIR,15297.0
SDN,KNA,10050.0
SDN,KOR,9355.0
SDN,KWT,2202.0
SDN,LAO,7430.0
SDN,LBN,2054.0
SDN,LBR,4836.0
SDN,LBY,2737.0
SDN,LCA,9973.0
SDN,LIE,4097.0
SDN,LKA,5243.0
SDN,LSO,4994.0
SDN,LTU,4388.0
SDN,LUX,4469.0
SDN,LVA,4649.0
SDN,MAC,8471.0
SDN,MAR,4493.0
SDN,MCO,3926.0
SDN,MDA,3504.0
SDN,MDG,4152.0
SDN,MDV,4657.0
SDN,MEX,13470.0
SDN,MHL,14846.0
SDN,MKD,3119.0
SDN,MLI,4382.0
SDN,MLT,2879.0
SDN,MMR,6774.0
SDN,MNE,3239.0
SDN,MNG,7578.0
SDN,MNP,11939.0
SDN,MOZ,4593.0
SDN,MRT,5164.0
SDN,MSR,10013.0
SDN,MTQ,9963.0
SDN,MUS,4803.0
SDN,MWI,3268.0
SDN,MYS,7690.0
SDN,MYT,3431.0
SDN,NAM,4540.0
SDN,NCL,15140.0
SDN,NER,3284.0
SDN,NFK,15232.0
SDN,NGA,3335.0
SDN,NIC,12625.0
SDN,NIU,17617.0
SDN,NLD,4757.0
SDN,NOR,5233.0
SDN,NPL,5586.0
SDN,NRU,14754.0
SDN,NZL,15614.0
SDN,OMN,2871.0
SDN,PAK,3744.0
SDN,PAN,12066.0
SDN,PCN,17802.0
SDN,PER,12442.0
SDN,PHL,9428.0
SDN,PLW,11067.0
SDN,PNG,12924.0
SDN,POL,4195.0
SDN,PRI,10355.0
SDN,PRK,9210.0
SDN,PRT,4803.0
SDN,PRY,10757.0
SDN,PSE,1778.0
SDN,PYF,19705.0
SDN,QAT,2243.0
SDN,REU,4745.0
SDN,ROU,3259.0
SDN,RUS,4482.0
SDN,RWA,1954.0
SDN,SAU,1793.0
SDN,SEN,5360.0
SDN,SGP,7976.0
SDN,SHN,5459.0
SDN,SLB,14293.0
SDN,SLE,5035.0
SDN,SLV,12846.0
SDN,SMR,3675.0
SDN,SOM,2052.0
SDN,SPM,8669.0
SDN,SRB,3438.0
SDN,SSD,1188.0
SDN,STP,3298.0
SDN,SUR,9599.0
SDN,SVK,3882.0
SDN,SVN,3776.0
SDN,SWE,5002.0
SDN,SWZ,4634.0
SDN,SXM,10060.0
SDN,SYC,3370.0
SDN,SYR,2025.0
SDN,TCA,10749.0
SDN,TCD,1928.0
SDN,TGO,3574.0
SDN,THA,7296.0
SDN,TJK,4361.0
SDN,TKL,17362.0
SDN,TKM,3550.0
SDN,TLS,10592.0
SDN,TON,17041.0
SDN,TTO,10130.0
SDN,TUN,3231.0
SDN,TUR,2843.0
SDN,TUV,16327.0
SDN,TWN,9192.0
SDN,TZA,2584.0
SDN,UGA,1685.0
SDN,UKR,3875.0
SDN,URY,10869.0
SDN,USA,10232.0
SDN,UZB,4531.0
SDN,VAT,3498.0
SDN,VCT,10023.0
SDN,VEN,10698.0
SDN,VGB,10207.0
SDN,VNM,8018.0
SDN,VUT,15322.0
SDN,WLF,16932.0
SDN,WSM,17413.0
SDN,YEM,1253.0
SDN,ZAF,4645.0
SDN,ZMB,3457.0
SDN,ZWE,3696.0
SEN,ABW,5683.0
SEN,AFG,8796.0
SEN,AGO,4271.0
SEN,AIA,4875.0
SEN,ALB,4646.0
SEN,AND,3579.0
SEN,ARE,7620.0
SEN,ARG,6966.0
SEN,ARM,6596.0
SEN,ASM,17154.0
SEN,ATG,4752.0
SEN,AUS,16918.0
SEN,AUT,4839.0
SEN,AZE,7053.0
SEN,BDI,5535.0
SEN,BEL,4463.0
SEN,BEN,2349.0
SEN,BES,5500.0
SEN,BFA,1741.0
SEN,BGD,11108.0
SEN,BGR,4973.0
SEN,BHR,7138.0
SEN,BHS,6329.0
SEN,BIH,4684.0
SEN,BLR,5843.0
SEN,BLZ,7596.0
SEN,BMU,5163.0
SEN,BOL,6554.0
SEN,BRA,5291.0
SEN,BRB,4555.0
SEN,BRN,14348.0
SEN,BTN,10887.0
SEN,BWA,6412.0
SEN,CAF,4107.0
SEN,CAN,6648.0
SEN,CCK,12936.0
SEN,CHE,4344.0
SEN,CHL,7761.0
SEN,CHN,13301.0
SEN,CIV,1797.0
SEN,CMR,3394.0
SEN,COD,4182.0
SEN,COG,4175.0
SEN,COK,15986.0
SEN,COL,6299.0
SEN,COM,7302.0
SEN,CPV,653.0
SEN,CRI,7244.0
SEN,CUB,6853.0
SEN,CUW,5573.0
SEN,CXR,13850.0
SEN,CYM,6791.0
SEN,CYP,5539.0
SEN,CZE,4867.0
SEN,DEU,5004.0
SEN,DJI,6560.0
SEN,DMA,4718.0
SEN,DNK,5222.0
SEN,DOM,5595.0
SEN,DZA,3178.0
SEN,ECU,7129.0
SEN,EGY,5250.0
SEN,ERI,6045.0
SEN,ESH,1448.0
SEN,ESP,3148.0
SEN,EST,6041.0
SEN,ETH,6140.0
SEN,FIN,6098.0
SEN,FJI,18295.0
SEN,FLK,8327.0
SEN,FRA,4198.0
SEN,FRO,5321.0
SEN,FSM,17566.0
SEN,GAB,3356.0
SEN,GBR,4367.0
SEN,GEO,6642.0
SEN,GHA,1942.0
SEN,GIB,2664.0
SEN,GIN,701.0
SEN,GLP,4748.0
SEN,GMB,160.0
SEN,GNB,372.0
SEN,GNQ,3310.0
SEN,GRC,4796.0
SEN,GRD,4801.0
SEN,GRL,6089.0
SEN,GTM,7833.0
SEN,GUF,3970.0
SEN,GUM,16331.0
SEN,GUY,4530.0
SEN,HKG,13349.0
SEN,HND,7491.0
SEN,HRV,4653.0
SEN,HTI,5851.0
SEN,HUN,4953.0
SEN,IDN,13879.0
SEN,IND,9685.0
SEN,IOT,10203.0
SEN,IRL,4398.0
SEN,IRN,7175.0
SEN,IRQ,6525.0
SEN,ISL,5501.0
SEN,ISR,5615.0
SEN,ITA,4166.0
SEN,JAM,6326.0
SEN,JOR,5723.0
SEN,JPN,13934.0
SEN,KAZ,9251.0
SEN,KEN,6231.0
SEN,KGZ,9076.0
SEN,KHM,13043.0
SEN,KIR,17902.0
SEN,KNA,4845.0
SEN,KOR,13134.0
SEN,KWT,6863.0
SEN,LAO,12524.0
SEN,LBN,5708.0
SEN,LBR,1179.0
SEN,LBY,3692.0
SEN,LCA,4691.0
SEN,LIE,4379.0
SEN,LKA,10602.0
SEN,LSO,6856.0
SEN,LTU,5763.0
SEN,LUX,4425.0
SEN,LVA,5845.0
SEN,MAC,13299.0
SEN,MAR,2316.0
SEN,MCO,3992.0
SEN,MDA,5573.0
SEN,MDG,8033.0
SEN,MDV,10003.0
SEN,MEX,8632.0
SEN,MHL,17410.0
SEN,MKD,4799.0
SEN,MLI,1046.0
SEN,MLT,3953.0
SEN,MMR,11947.0
SEN,MNE,4666.0
SEN,MNG,11159.0
SEN,MNP,16222.0
SEN,MOZ,7031.0
SEN,MRT,407.0
SEN,MSR,4793.0
SEN,MTQ,4692.0
SEN,MUS,9059.0
SEN,MWI,6472.0
SEN,MYS,13041.0
SEN,MYT,7546.0
SEN,NAM,5582.0
SEN,NCL,19075.0
SEN,NER,2115.0
SEN,NFK,18321.0
SEN,NGA,2454.0
SEN,NIC,7429.0
SEN,NIU,17065.0
SEN,NLD,4625.0
SEN,NOR,5520.0
SEN,NPL,10477.0
SEN,NRU,18369.0
SEN,NZL,17270.0
SEN,OMN,7974.0
SEN,PAK,8799.0
SEN,PAN,6774.0
SEN,PCN,12767.0
SEN,PER,7204.0
SEN,PHL,14418.0
SEN,PLW,16081.0
SEN,PNG,18261.0
SEN,POL,5374.0
SEN,PRI,5195.0
SEN,PRK,12941.0
SEN,PRT,2784.0
SEN,PRY,6211.0
SEN,PSE,5577.0
SEN,PYF,14916.0
SEN,QAT,7230.0
SEN,REU,8884.0
SEN,ROU,5259.0
SEN,RUS,6514.0
SEN,RWA,5548.0
SEN,SAU,6761.0
SEN,SDN,5360.0
SEN,SGP,13333.0
SEN,SHN,3625.0
SEN,SLB,19362.0
SEN,SLE,826.0
SEN,SLV,7709.0
SEN,SMR,4305.0
SEN,SOM,7033.0
SEN,SPM,5051.0
SEN,SRB,4883.0
SEN,SSD,5476.0
SEN,STP,3098.0
SEN,SUR,4239.0
SEN,SVK,4878.0
SEN,SVN,4579.0
SEN,SWE,5744.0
SEN,SWZ,6944.0
SEN,SXM,4874.0
SEN,SYC,8317.0
SEN,SYR,5778.0
SEN,TCA,5708.0
SEN,TCD,3527.0
SEN,TGO,2249.0
SEN,THA,12510.0
SEN,TJK,8685.0
SEN,TKL,17125.0
SEN,TKM,7788.0
SEN,TLS,15950.0
SEN,TON,17572.0
SEN,TTO,4801.0
SEN,TUN,3673.0
SEN,TUR,5333.0
SEN,TUV,18094.0
SEN,TWN,13760.0
SEN,TZA,6696.0
SEN,UGA,5728.0
SEN,UKR,5843.0
SEN,URY,6840.0
SEN,USA,6152.0
SEN,UZB,8673.0
SEN,VAT,4165.0
SEN,VCT,4727.0
SEN,VEN,5382.0
SEN,VGB,5038.0
SEN,VNM,13254.0
SEN,VUT,19325.0
SEN,WLF,17733.0
SEN,WSM,17264.0
SEN,YEM,6606.0
SEN,ZAF,6687.0
SEN,ZMB,6032.0
SEN,ZWE,6424.0
SGP,ABW,18338.0
SGP,AFG,5147.0
SGP,AGO,10108.0
SGP,AIA,17423.0
SGP,ALB,9418.0
SGP,AND,10923.0
SGP,ARE,5842.0
SGP,ARG,15886.0
SGP,ARM,7355.0
SGP,ASM,9562.0
SGP,ATG,17445.0
SGP,AUS,6047.0
SGP,AUT,9716.0
SGP,AZE,6939.0
SGP,BDI,8304.0
SGP,BEL,10565.0
SGP,BEN,11273.0
SGP,BES,18289.0
SGP,BFA,11659.0
SGP,BGD,2873.0
SGP,BGR,9139.0
SGP,BHR,6326.0
SGP,BHS,17086.0
SGP,BIH,9550.0
SGP,BLR,8995.0
SGP,BLZ,17540.0
SGP,BMU,16102.0
SGP,BOL,18113.0
SGP,BRA,15998.0
SGP,BRB,17601.0
SGP,BRN,1298.0
SGP,BTN,3269.0
SGP,BWA,8857.0
SGP,CAF,9486.0
SGP,CAN,15010.0
SGP,CCK,1681.0
SGP,CHE,10308.0
SGP,CHL,16398.0
SGP,CHN,3797.0
SGP,CIV,11985.0
SGP,CMR,10268.0
SGP,COD,9867.0
SGP,COG,9870.0
SGP,COK,10731.0
SGP,COL,19316.0
SGP,COM,6852.0
SGP,CPV,13968.0
SGP,CRI,18494.0
SGP,CUB,17222.0
SGP,CUW,18328.0
SGP,CXR,1311.0
SGP,CYM,17659.0
SGP,CYP,8161.0
SGP,CZE,9859.0
SGP,DEU,9925.0
SGP,DJI,6797.0
SGP,DMA,17567.0
SGP,DNK,9970.0
SGP,DOM,17715.0
SGP,DZA,10889.0
SGP,ECU,19607.0
SGP,EGY,8270.0
SGP,ERI,7290.0
SGP,ESH,12602.0
SGP,ESP,11396.0
SGP,EST,9267.0
SGP,ETH,7259.0
SGP,FIN,9269.0
SGP,FJI,8435.0
SGP,FLK,14162.0
SGP,FRA,10742.0
SGP,FRO,10940.0
SGP,FSM,6059.0
SGP,GAB,10507.0
SGP,GBR,10860.0
SGP,GEO,7388.0
SGP,GHA,11712.0
SGP,GIB,11642.0
SGP,GIN,13006.0
SGP,GLP,17533.0
SGP,GMB,13275.0
SGP,GNB,13185.0
SGP,GNQ,10468.0
SGP,GRC,9056.0
SGP,GRD,17850.0
SGP,GRL,12470.0
SGP,GTM,17651.0
SGP,GUF,17299.0
SGP,GUM,4702.0
SGP,GUY,17841.0
SGP,HKG,2578.0
SGP,HND,17923.0
SGP,HRV,9743.0
SGP,HTI,17772.0
SGP,HUN,9514.0
SGP,IDN,894.0
SGP,IND,4145.0
SGP,IOT,3618.0
SGP,IRL,11212.0
SGP,IRN,6608.0
SGP,IRQ,7127.0
SGP,ISL,11520.0
SGP,ISR,7972.0
SGP,ITA,10030.0
SGP,JAM,17870.0
SGP,JOR,7861.0
SGP,JPN,5310.0
SGP,KAZ,5363.0
SGP,KEN,7467.0
SGP,KGZ,5449.0
SGP,KHM,1142.0
SGP,KIR,7693.0
SGP,KNA,17486.0
SGP,KOR,4664.0
SGP,KWT,6673.0
SGP,LAO,1850.0
SGP,LBN,7945.0
SGP,LBR,12727.0
SGP,LBY,9999.0
SGP,LCA,17642.0
SGP,LIE,10233.0
SGP,LKA,2736.0
SGP,LSO,8765.0
SGP,LTU,9157.0
SGP,LUX,10457.0
SGP,LVA,9265.0
SGP,MAC,2541.0
SGP,MAR,11908.0
SGP,MCO,10430.0
SGP,MDA,8770.0
SGP,MDG,6547.0
SGP,MDV,3388.0
SGP,MEX,16621.0
SGP,MHL,7519.0
SGP,MKD,9288.0
SGP,MLI,12354.0
SGP,MLT,9870.0
SGP,MMR,1912.0
SGP,MNE,9470.0
SGP,MNG,5174.0
SGP,MNP,4853.0
SGP,MOZ,8223.0
SGP,MRT,13108.0
SGP,MSR,17497.0
SGP,MTQ,17600.0
SGP,MUS,5583.0
SGP,MWI,7903.0
SGP,MYS,316.0
SGP,MYT,6657.0
SGP,NAM,9738.0
SGP,NCL,7270.0
SGP,NER,11254.0
SGP,NFK,7590.0
SGP,NGA,11158.0
SGP,NIC,18158.0
SGP,NIU,9667.0
SGP,NLD,10503.0
SGP,NOR,10056.0
SGP,NPL,3528.0
SGP,NRU,7022.0
SGP,NZL,8411.0
SGP,OMN,5467.0
SGP,PAK,4736.0
SGP,PAN,18810.0
SGP,PCN,13867.0
SGP,PER,18811.0
SGP,PHL,2391.0
SGP,PLW,3463.0
SGP,PNG,4948.0
SGP,POL,9407.0
SGP,PRI,17564.0
SGP,PRK,4737.0
SGP,PRT,11895.0
SGP,PRY,16697.0
SGP,PSE,7991.0
SGP,PYF,11820.0
SGP,QAT,6216.0
SGP,REU,5811.0
SGP,ROU,8938.0
SGP,RUS,8423.0
SGP,RWA,8221.0
SGP,SAU,6658.0
SGP,SDN,7976.0
SGP,SEN,13333.0
SGP,SHN,12150.0
SGP,SLB,6331.0
SGP,SLE,12973.0
SGP,SLV,17824.0
SGP,SMR,10024.0
SGP,SOM,6510.0
SGP,SPM,14336.0
SGP,SRB,9387.0
SGP,SSD,8040.0
SGP,STP,10811.0
SGP,SUR,17571.0
SGP,SVK,9661.0
SGP,SVN,9857.0
SGP,SWE,9644.0
SGP,SWZ,8361.0
SGP,SXM,17440.0
SGP,SYC,5423.0
SGP,SYR,7861.0
SGP,TCA,17430.0
SGP,TCD,9858.0
SGP,TGO,11401.0
SGP,THA,1423.0
SGP,TJK,5456.0
SGP,TKL,9482.0
SGP,TKM,6163.0
SGP,TLS,2644.0
SGP,TON,9129.0
SGP,TTO,17932.0
SGP,TUN,10256.0
SGP,TUR,8653.0
SGP,TUV,8428.0
SGP,TWN,3236.0
SGP,TZA,7229.0
SGP,UGA,7933.0
SGP,UKR,8723.0
SGP,URY,15757.0
SGP,USA,15347.0
SGP,UZB,5629.0
SGP,VAT,10032.0
SGP,VCT,17725.0
SGP,VEN,18358.0
SGP,VGB,17493.0
SGP,VNM,1092.0
SGP,VUT,7366.0
SGP,WLF,8965.0
SGP,WSM,9445.0
SGP,YEM,6727.0
SGP,ZAF,8664.0
SGP,ZMB,8509.0
SGP,ZWE,8242.0
SHN,ABW,7748.0
SHN,AFG,9677.0
SHN,AGO,2204.0
SHN,AIA,7333.0
SHN,ALB,6865.0
SHN,AND,6513.0
SHN,ARE,8034.0
SHN,ARG,5624.0
SHN,ARM,8098.0
SHN,ASM,16282.0
SHN,ATG,7163.0
SHN,AUS,13316.0
SHN,AUT,7436.0
SHN,AZE,8476.0
SHN,BDI,4083.0
SHN,BEL,7463.0
SHN,BEN,2631.0
SHN,BES,7555.0
SHN,BFA,3164.0
SHN,BGD,11322.0
SHN,BGR,7141.0
SHN,BHR,7671.0
SHN,BHS,8992.0
SHN,BIH,7059.0
SHN,BLR,8362.0
SHN,BLZ,9821.0
SHN,BMU,8248.0
SHN,BOL,6647.0
SHN,BRA,4356.0
SHN,BRB,6746.0
SHN,BRN,13447.0
SHN,BTN,11333.0
SHN,BWA,3432.0
SHN,CAF,3491.0
SHN,CAN,9963.0
SHN,CCK,10956.0
SHN,CHE,7152.0
SHN,CHL,6744.0
SHN,CHN,14433.0
SHN,CIV,2361.0
SHN,CMR,2898.0
SHN,COD,2634.0
SHN,COG,2635.0
SHN,COK,15020.0
SHN,COL,7861.0
SHN,COM,5304.0
SHN,CPV,3934.0
SHN,CRI,9094.0
SHN,CUB,9393.0
SHN,CUW,7621.0
SHN,CXR,11932.0
SHN,CYM,9151.0
SHN,CYP,7001.0
SHN,CZE,7576.0
SHN,DEU,7806.0
SHN,DJI,6183.0
SHN,DMA,7027.0
SHN,DNK,8119.0
SHN,DOM,7997.0
SHN,DZA,5904.0
SHN,ECU,8259.0
SHN,EGY,6449.0
SHN,ERI,6004.0
SHN,ESH,4836.0
SHN,ESP,6242.0
SHN,EST,8798.0
SHN,ETH,5625.0
SHN,FIN,8874.0
SHN,FJI,16207.0
SHN,FLK,6056.0
SHN,FRA,7220.0
SHN,FRO,8641.0
SHN,FSM,18007.0
SHN,GAB,2458.0
SHN,GBR,7491.0
SHN,GEO,8225.0
SHN,GHA,2543.0
SHN,GIB,5765.0
SHN,GIN,2954.0
SHN,GLP,7094.0
SHN,GMB,3467.0
SHN,GNB,3262.0
SHN,GNQ,2603.0
SHN,GRC,6714.0
SHN,GRD,6903.0
SHN,GRL,9708.0
SHN,GTM,9917.0
SHN,GUF,5630.0
SHN,GUM,16845.0
SHN,GUY,6302.0
SHN,HKG,13709.0
SHN,HND,9557.0
SHN,HRV,7179.0
SHN,HTI,8235.0
SHN,HUN,7447.0
SHN,IDN,12212.0
SHN,IND,10184.0
SHN,IOT,8532.0
SHN,IRL,7675.0
SHN,IRN,8296.0
SHN,IRQ,7619.0
SHN,ISL,8986.0
SHN,ISR,6847.0
SHN,ITA,6671.0
SHN,JAM,8648.0
SHN,JOR,6916.0
SHN,JPN,15955.0
SHN,KAZ,10627.0
SHN,KEN,4939.0
SHN,KGZ,10434.0
SHN,KHM,12549.0
SHN,KIR,18382.0
SHN,KNA,7255.0
SHN,KOR,14814.0
SHN,KWT,7641.0
SHN,LAO,12445.0
SHN,LBN,7036.0
SHN,LBR,2522.0
SHN,LBY,5764.0
SHN,LCA,6924.0
SHN,LIE,7150.0
SHN,LKA,9755.0
SHN,LSO,3703.0
SHN,LTU,8358.0
SHN,LUX,7354.0
SHN,LVA,8538.0
SHN,MAC,13642.0
SHN,MAR,5485.0
SHN,MCO,6741.0
SHN,MDA,7781.0
SHN,MDG,5647.0
SHN,MDV,8995.0
SHN,MEX,10942.0
SHN,MHL,18978.0
SHN,MKD,6995.0
SHN,MLI,3172.0
SHN,MLT,6121.0
SHN,MMR,11748.0
SHN,MNE,6953.0
SHN,MNG,12990.0
SHN,MNP,16976.0
SHN,MOZ,4106.0
SHN,MRT,3928.0
SHN,MSR,7181.0
SHN,MTQ,6962.0
SHN,MUS,6671.0
SHN,MWI,4249.0
SHN,MYS,11975.0
SHN,MYT,5493.0
SHN,NAM,2503.0
SHN,NCL,15693.0
SHN,NER,3369.0
SHN,NFK,14979.0
SHN,NGA,2672.0
SHN,NIC,9394.0
SHN,NIU,15769.0
SHN,NLD,7637.0
SHN,NOR,8538.0
SHN,NPL,10923.0
SHN,NRU,18016.0
SHN,NZL,14159.0
SHN,OMN,8248.0
SHN,PAK,9095.0
SHN,PAN,8586.0
SHN,PCN,12361.0
SHN,PER,7681.0
SHN,PHL,14323.0
SHN,PLW,15599.0
SHN,PNG,15922.0
SHN,POL,7981.0
SHN,PRI,7633.0
SHN,PRK,14669.0
SHN,PRT,6060.0
SHN,PRY,5477.0
SHN,PSE,6781.0
SHN,PYF,14596.0
SHN,QAT,7692.0
SHN,REU,6449.0
SHN,ROU,7424.0
SHN,RUS,8920.0
SHN,RWA,4216.0
SHN,SAU,7251.0
SHN,SDN,5459.0
SHN,SEN,3625.0
SHN,SGP,12150.0
SHN,SLB,16792.0
SHN,SLE,2825.0
SHN,SLV,9749.0
SHN,SMR,6883.0
SHN,SOM,5957.0
SHN,SPM,8582.0
SHN,SRB,7231.0
SHN,SSD,4708.0
SHN,STP,2261.0
SHN,SUR,5958.0
SHN,SVK,7451.0
SHN,SVN,7160.0
SHN,SWE,8617.0
SHN,SWZ,3981.0
SHN,SXM,7322.0
SHN,SYC,6793.0
SHN,SYR,7060.0
SHN,TCA,8251.0
SHN,TCD,3853.0
SHN,TGO,2558.0
SHN,THA,12135.0
SHN,TJK,9808.0
SHN,TKL,16790.0
SHN,TKM,8958.0
SHN,TLS,14016.0
SHN,TON,15747.0
SHN,TTO,6815.0
SHN,TUN,6073.0
SHN,TUR,7249.0
SHN,TUV,17247.0
SHN,TWN,14464.0
SHN,TZA,5002.0
SHN,UGA,4576.0
SHN,UKR,8162.0
SHN,URY,5425.0
SHN,USA,9419.0
SHN,UZB,9955.0
SHN,VAT,6671.0
SHN,VCT,6905.0
SHN,VEN,7345.0
SHN,VGB,7490.0
SHN,VNM,12716.0
SHN,VUT,16224.0
SHN,WLF,16609.0
SHN,WSM,16377.0
SHN,YEM,6487.0
SHN,ZAF,3675.0
SHN,ZMB,3641.0
SHN,ZWE,3917.0
SLB,ABW,14570.0
SLB,AFG,10672.0
SLB,AGO,15823.0
SLB,AIA,15295.0
SLB,ALB,14750.0
SLB,AND,15784.0
SLB,ARE,11925.0
SLB,ARG,13685.0
SLB,ARM,12840.0
SLB,ASM,3240.0
SLB,ATG,15436.0
SLB,AUS,3485.0
SLB,AUT,14530.0
SLB,AZE,12384.0
SLB,BDI,14374.0
SLB,BEL,14900.0
SLB,BEN,17544.0
SLB,BES,14761.0
SLB,BFA,17986.0
SLB,BGD,8399.0
SLB,BGR,14423.0
SLB,BHR,12402.0
SLB,BHS,13745.0
SLB,BIH,14699.0
SLB,BLR,13525.0
SLB,BLZ,12574.0
SLB,BMU,14781.0
SLB,BOL,14006.0
SLB,BRA,15359.0
SLB,BRB,15701.0
SLB,BRN,5239.0
SLB,BTN,8597.0
SLB,BWA,13771.0
SLB,CAF,15736.0
SLB,CAN,13177.0
SLB,CCK,6895.0
SLB,CHE,15019.0
SLB,CHL,12869.0
SLB,CHN,6090.0
SLB,CIV,18209.0
SLB,CMR,16494.0
SLB,COD,15825.0
SLB,COG,15831.0
SLB,COK,4504.0
SLB,COL,14048.0
SLB,COM,12649.0
SLB,CPV,19298.0
SLB,CRI,13021.0
SLB,CUB,13248.0
SLB,CUW,14688.0
SLB,CXR,5946.0
SLB,CYM,13361.0
SLB,CYP,13918.0
SLB,CZE,14498.0
SLB,DEU,14359.0
SLB,DJI,13128.0
SLB,DMA,15500.0
SLB,DNK,14140.0
SLB,DOM,14572.0
SLB,DZA,16196.0
SLB,ECU,13277.0
SLB,EGY,14246.0
SLB,ERI,13606.0
SLB,ESH,17918.0
SLB,ESP,16215.0
SLB,EST,13322.0
SLB,ETH,13583.0
SLB,FIN,13264.0
SLB,FJI,2217.0
SLB,FLK,12329.0
SLB,FRA,15164.0
SLB,FRO,14070.0
SLB,FSM,1819.0
SLB,GAB,16616.0
SLB,GBR,15000.0
SLB,GEO,12785.0
SLB,GHA,17983.0
SLB,GIB,16698.0
SLB,GIN,19333.0
SLB,GLP,15459.0
SLB,GMB,19439.0
SLB,GNB,19472.0
SLB,GNQ,16630.0
SLB,GRC,14626.0
SLB,GRD,15470.0
SLB,GRL,13440.0
SLB,GTM,12366.0
SLB,GUF,16438.0
SLB,GUM,3040.0
SLB,GUY,15829.0
SLB,HKG,6101.0
SLB,HND,12720.0
SLB,HRV,14721.0
SLB,HTI,14315.0
SLB,HUN,14421.0
SLB,IDN,5863.0
SLB,IND,9812.0
SLB,IOT,9620.0
SLB,IRL,14981.0
SLB,IRN,12292.0
SLB,IRQ,12956.0
SLB,ISL,13930.0
SLB,ISR,13868.0
SLB,ITA,15213.0
SLB,JAM,13846.0
SLB,JOR,13763.0
SLB,JPN,5429.0
SLB,KAZ,10165.0
SLB,KEN,13622.0
SLB,KGZ,10342.0
SLB,KHM,6518.0
SLB,KIR,1872.0
SLB,KNA,15340.0
SLB,KOR,6234.0
SLB,KWT,12651.0
SLB,LAO,6993.0
SLB,LBN,13762.0
SLB,LBR,18956.0
SLB,LBY,15736.0
SLB,LCA,15549.0
SLB,LIE,14985.0
SLB,LKA,9066.0
SLB,LSO,13362.0
SLB,LTU,13603.0
SLB,LUX,14937.0
SLB,LVA,13518.0
SLB,MAC,6155.0
SLB,MAR,17046.0
SLB,MCO,15375.0
SLB,MDA,13814.0
SLB,MDG,11981.0
SLB,MDV,9704.0
SLB,MEX,11498.0
SLB,MHL,2224.0
SLB,MKD,14596.0
SLB,MLI,18670.0
SLB,MLT,15459.0
SLB,MMR,7597.0
SLB,MNE,14724.0
SLB,MNG,8214.0
SLB,MNP,3143.0
SLB,MOZ,13126.0
SLB,MRT,18956.0
SLB,MSR,15400.0
SLB,MTQ,15538.0
SLB,MUS,10936.0
SLB,MWI,13547.0
SLB,MYS,6610.0
SLB,MYT,12410.0
SLB,NAM,14644.0
SLB,NCL,1582.0
SLB,NER,17577.0
SLB,NFK,2329.0
SLB,NGA,17431.0
SLB,NIC,12806.0
SLB,NIU,3415.0
SLB,NLD,14739.0
SLB,NOR,13846.0
SLB,NPL,9014.0
SLB,NRU,1251.0
SLB,NZL,3386.0
SLB,OMN,11583.0
SLB,PAK,10739.0
SLB,PAN,13509.0
SLB,PCN,7742.0
SLB,PER,13297.0
SLB,PHL,5056.0
SLB,PLW,3380.0
SLB,PNG,1402.0
SLB,POL,13992.0
SLB,PRI,14972.0
SLB,PRK,6427.0
SLB,PRT,16585.0
SLB,PRY,14420.0
SLB,PSE,13911.0
SLB,PYF,5523.0
SLB,QAT,12317.0
SLB,REU,11125.0
SLB,ROU,14134.0
SLB,RUS,12856.0
SLB,RWA,14339.0
SLB,SAU,12793.0
SLB,SDN,14293.0
SLB,SEN,19362.0
SLB,SGP,6331.0
SLB,SHN,16792.0
SLB,SLE,19279.0
SLB,SLV,12503.0
SLB,SMR,15069.0
SLB,SOM,12757.0
SLB,SPM,14648.0
SLB,SRB,14500.0
SLB,SSD,14316.0
SLB,STP,16901.0
SLB,SUR,16144.0
SLB,SVK,14492.0
SLB,SVN,14792.0
SLB,SWE,13618.0
SLB,SWZ,13224.0
SLB,SXM,15299.0
SLB,SYC,11519.0
SLB,SYR,13696.0
SLB,TCA,14416.0
SLB,TCD,16189.0
SLB,TGO,17663.0
SLB,THA,7046.0
SLB,TJK,10760.0
SLB,TKL,3162.0
SLB,TKM,11664.0
SLB,TLS,3780.0
SLB,TON,2960.0
SLB,TTO,15492.0
SLB,TUN,15721.0
SLB,TUR,14081.0
SLB,TUV,2119.0
SLB,TWN,5652.0
SLB,TZA,13215.0
SLB,UGA,14120.0
SLB,UKR,13534.0
SLB,URY,13813.0
SLB,USA,13700.0
SLB,UZB,10757.0
SLB,VAT,15215.0
SLB,VCT,15526.0
SLB,VEN,14905.0
SLB,VGB,15129.0
SLB,VNM,6308.0
SLB,VUT,1289.0
SLB,WLF,2639.0
SLB,WSM,3120.0
SLB,YEM,13040.0
SLB,ZAF,13498.0
SLB,ZMB,14034.0
SLB,ZWE,13654.0
SLE,ABW,6223.0
SLE,AFG,8789.0
SLE,AGO,3504.0
SLE,AIA,5487.0
SLE,ALB,4881.0
SLE,AND,4037.0
SLE,ARE,7462.0
SLE,ARG,6733.0
SLE,ARM,6684.0
SLE,ASM,17495.0
SLE,ATG,5350.0
SLE,AUS,16093.0
SLE,AUT,5208.0
SLE,AZE,7134.0
SLE,BDI,4907.0
SLE,BEL,4968.0
SLE,BEN,1735.0
SLE,BES,6033.0
SLE,BFA,1350.0
SLE,BGD,11007.0
SLE,BGR,5204.0
SLE,BHR,6992.0
SLE,BHS,7015.0
SLE,BIH,4972.0
SLE,BLR,6211.0
SLE,BLZ,8212.0
SLE,BMU,5920.0
SLE,BOL,6649.0
SLE,BRA,5076.0
SLE,BRB,5092.0
SLE,BRN,14094.0
SLE,BTN,10835.0
SLE,BWA,5611.0
SLE,CAF,3544.0
SLE,CAN,7453.0
SLE,CCK,12383.0
SLE,CHE,4775.0
SLE,CHL,7634.0
SLE,CHN,13494.0
SLE,CIV,1075.0
SLE,CMR,2785.0
SLE,COD,3471.0
SLE,COG,3465.0
SLE,COK,16174.0
SLE,COL,6738.0
SLE,COM,6639.0
SLE,CPV,1327.0
SLE,CRI,7773.0
SLE,CUB,7521.0
SLE,CUW,6105.0
SLE,CXR,13333.0
SLE,CYM,7420.0
SLE,CYP,5578.0
SLE,CZE,5275.0
SLE,DEU,5448.0
SLE,DJI,6181.0
SLE,DMA,5290.0
SLE,DNK,5704.0
SLE,DOM,6211.0
SLE,DZA,3537.0
SLE,ECU,7491.0
SLE,EGY,5202.0
SLE,ERI,5720.0
SLE,ESH,2066.0
SLE,ESP,3662.0
SLE,EST,6490.0
SLE,ETH,5714.0
SLE,FIN,6555.0
SLE,FJI,18368.0
SLE,FLK,7912.0
SLE,FRA,4707.0
SLE,FRO,5963.0
SLE,FSM,18059.0
SLE,GAB,2670.0
SLE,GBR,4919.0
SLE,GEO,6755.0
SLE,GHA,1296.0
SLE,GIB,3166.0
SLE,GIN,129.0
SLE,GLP,5330.0
SLE,GMB,666.0
SLE,GNB,455.0
SLE,GNQ,2651.0
SLE,GRC,4940.0
SLE,GRD,5323.0
SLE,GRL,6883.0
SLE,GTM,8424.0
SLE,GUF,4339.0
SLE,GUM,16582.0
SLE,GUY,4958.0
SLE,HKG,13360.0
SLE,HND,8071.0
SLE,HRV,4992.0
SLE,HTI,6468.0
SLE,HUN,5289.0
SLE,IDN,13421.0
SLE,IND,9610.0
SLE,IOT,9659.0
SLE,IRL,5013.0
SLE,IRN,7180.0
SLE,IRQ,6501.0
SLE,ISL,6215.0
SLE,ISR,5593.0
SLE,ITA,4481.0
SLE,JAM,6939.0
SLE,JOR,5694.0
SLE,JPN,14357.0
SLE,KAZ,9382.0
SLE,KEN,5657.0
SLE,KGZ,9198.0
SLE,KHM,12837.0
SLE,KIR,18728.0
SLE,KNA,5445.0
SLE,KOR,13450.0
SLE,KWT,6769.0
SLE,LAO,12399.0
SLE,LBN,5716.0
SLE,LBR,361.0
SLE,LBY,3832.0
SLE,LCA,5243.0
SLE,LIE,4797.0
SLE,LKA,10242.0
SLE,LSO,6044.0
SLE,LTU,6154.0
SLE,LUX,4902.0
SLE,LVA,6270.0
SLE,MAC,13304.0
SLE,MAR,2839.0
SLE,MCO,4391.0
SLE,MDA,5835.0
SLE,MDG,7323.0
SLE,MDV,9592.0
SLE,MEX,9281.0
SLE,MHL,18210.0
SLE,MKD,5032.0
SLE,MLI,735.0
SLE,MLT,4141.0
SLE,MMR,11774.0
SLE,MNE,4924.0
SLE,MNG,11453.0
SLE,MNP,16519.0
SLE,MOZ,6240.0
SLE,MRT,1103.0
SLE,MSR,5386.0
SLE,MTQ,5253.0
SLE,MUS,8363.0
SLE,MWI,5757.0
SLE,MYS,12699.0
SLE,MYT,6879.0
SLE,NAM,4766.0
SLE,NCL,18477.0
SLE,NER,1766.0
SLE,NFK,17722.0
SLE,NGA,1849.0
SLE,NIC,7986.0
SLE,NIU,17256.0
SLE,NLD,5138.0
SLE,NOR,6050.0
SLE,NPL,10413.0
SLE,NRU,19124.0
SLE,NZL,16760.0
SLE,OMN,7794.0
SLE,PAK,8649.0
SLE,PAN,7284.0
SLE,PCN,12941.0
SLE,PER,7415.0
SLE,PHL,14367.0
SLE,PLW,16043.0
SLE,PNG,17880.0
SLE,POL,5760.0
SLE,PRI,5810.0
SLE,PRK,13261.0
SLE,PRT,3374.0
SLE,PRY,6092.0
SLE,PSE,5545.0
SLE,PYF,15204.0
SLE,QAT,7070.0
SLE,REU,8179.0
SLE,ROU,5498.0
SLE,RUS,6862.0
SLE,RWA,4940.0
SLE,SAU,6591.0
SLE,SDN,5035.0
SLE,SEN,826.0
SLE,SGP,12973.0
SLE,SHN,2825.0
SLE,SLB,19279.0
SLE,SLV,8288.0
SLE,SMR,4650.0
SLE,SOM,6526.0
SLE,SPM,5877.0
SLE,SRB,5169.0
SLE,SSD,4969.0
SLE,STP,2390.0
SLE,SUR,4639.0
SLE,SVK,5240.0
SLE,SVN,4934.0
SLE,SWE,6227.0
SLE,SWZ,6148.0
SLE,SXM,5484.0
SLE,SYC,7760.0
SLE,SYR,5776.0
SLE,TCA,6357.0
SLE,TCD,3121.0
SLE,TGO,1616.0
SLE,THA,12314.0
SLE,TJK,8736.0
SLE,TKL,17618.0
SLE,TKM,7825.0
SLE,TLS,15503.0
SLE,TON,17636.0
SLE,TTO,5301.0
SLE,TUN,3929.0
SLE,TUR,5497.0
SLE,TUV,18668.0
SLE,TWN,13871.0
SLE,TZA,6067.0
SLE,UGA,5159.0
SLE,UKR,6148.0
SLE,URY,6585.0
SLE,USA,6948.0
SLE,UZB,8764.0
SLE,VAT,4480.0
SLE,VCT,5266.0
SLE,VEN,5889.0
SLE,VGB,5653.0
SLE,VNM,13045.0
SLE,VUT,18968.0
SLE,WLF,18096.0
SLE,WSM,17618.0
SLE,YEM,6286.0
SLE,ZAF,5885.0
SLE,ZMB,5286.0
SLE,ZWE,5672.0
SLV,ABW,2081.0
SLV,AFG,14202.0
SLV,AGO,11580.0
SLV,AIA,2839.0
SLV,ALB,10540.0
SLV,AND,9052.0
SLV,ARE,14238.0
SLV,ARG,6258.0
SLV,ARM,12371.0
SLV,ASM,9498.0
SLV,ATG,2957.0
SLV,AUS,14070.0
SLV,AUT,10002.0
SLV,AZE,12687.0
SLV,BDI,13193.0
SLV,BEL,9086.0
SLV,BEN,10016.0
SLV,BES,2276.0
SLV,BFA,9448.0
SLV,BGD,15867.0
SLV,BGR,10743.0
SLV,BHR,13818.0
SLV,BHS,1768.0
SLV,BIH,10322.0
SLV,BLR,10444.0
SLV,BLZ,397.0
SLV,BMU,3226.0
SLV,BOL,4062.0
SLV,BRA,6198.0
SLV,BRB,3201.0
SLV,BRN,16655.0
SLV,BTN,15449.0
SLV,BWA,13156.0
SLV,CAF,11811.0
SLV,CAN,3455.0
SLV,CCK,19361.0
SLV,CHE,9470.0
SLV,CHL,5576.0
SLV,CHN,14061.0
SLV,CIV,9357.0
SLV,CMR,11070.0
SLV,COD,11698.0
SLV,COG,11693.0
SLV,COK,8623.0
SLV,COL,1939.0
SLV,COM,14873.0
SLV,CPV,7060.0
SLV,CRI,695.0
SLV,CUB,1267.0
SLV,CUW,2204.0
SLV,CXR,18377.0
SLV,CYM,1039.0
SLV,CYP,11906.0
SLV,CZE,9797.0
SLV,DEU,9643.0
SLV,DJI,14071.0
SLV,DMA,3000.0
SLV,DNK,9483.0
SLV,DOM,2129.0
SLV,DZA,9309.0
SLV,ECU,2031.0
SLV,EGY,12015.0
SLV,ERI,13477.0
SLV,ESH,7961.0
SLV,ESP,8659.0
SLV,EST,9997.0
SLV,ETH,13755.0
SLV,FIN,9969.0
SLV,FJI,10727.0
SLV,FLK,7851.0
SLV,FRA,8986.0
SLV,FRO,8276.0
SLV,FSM,12252.0
SLV,GAB,10942.0
SLV,GBR,8765.0
SLV,GEO,12280.0
SLV,GHA,9581.0
SLV,GIB,8580.0
SLV,GIN,8219.0
SLV,GLP,2965.0
SLV,GMB,7814.0
SLV,GNB,7961.0
SLV,GNQ,10936.0
SLV,GRC,11001.0
SLV,GRD,2982.0
SLV,GRL,6301.0
SLV,GTM,177.0
SLV,GUF,4157.0
SLV,GUM,13367.0
SLV,GUY,3480.0
SLV,HKG,15287.0
SLV,HND,218.0
SLV,HRV,10068.0
SLV,HTI,1880.0
SLV,HUN,10217.0
SLV,IDN,18089.0
SLV,IND,15097.0
SLV,IOT,17896.0
SLV,IRL,8331.0
SLV,IRN,13154.0
SLV,IRQ,12853.0
SLV,ISL,7549.0
SLV,ISR,12195.0
SLV,ITA,9945.0
SLV,JAM,1410.0
SLV,JOR,12296.0
SLV,JPN,12514.0
SLV,KAZ,13544.0
SLV,KEN,13935.0
SLV,KGZ,13528.0
SLV,KHM,16814.0
SLV,KIR,10830.0
SLV,KNA,2865.0
SLV,KOR,13195.0
SLV,KWT,13396.0
SLV,LAO,16275.0
SLV,LBN,12144.0
SLV,LBR,8602.0
SLV,LBY,10317.0
SLV,LCA,3047.0
SLV,LIE,9551.0
SLV,LKA,17429.0
SLV,LSO,13321.0
SLV,LTU,10271.0
SLV,LUX,9239.0
SLV,LVA,10090.0
SLV,MAC,15331.0
SLV,MAR,8411.0
SLV,MCO,9491.0
SLV,MDA,10906.0
SLV,MDG,15384.0
SLV,MDV,17271.0
SLV,MEX,1237.0
SLV,MHL,10843.0
SLV,MKD,10634.0
SLV,MLI,8755.0
SLV,MLT,10325.0
SLV,MMR,16581.0
SLV,MNE,10450.0
SLV,MNG,12999.0
SLV,MNP,13188.0
SLV,MOZ,13818.0
SLV,MRT,7806.0
SLV,MSR,2916.0
SLV,MTQ,3035.0
SLV,MUS,16419.0
SLV,MWI,13886.0
SLV,MYS,17798.0
SLV,MYT,15101.0
SLV,NAM,12239.0
SLV,NCL,12040.0
SLV,NER,9804.0
SLV,NFK,11978.0
SLV,NGA,10127.0
SLV,NIC,362.0
SLV,NIU,9560.0
SLV,NLD,9088.0
SLV,NOR,9245.0
SLV,NPL,15387.0
SLV,NRU,11535.0
SLV,NZL,11445.0
SLV,OMN,14602.0
SLV,PAK,15025.0
SLV,PAN,1176.0
SLV,PCN,5985.0
SLV,PER,3146.0
SLV,PHL,15456.0
SLV,PLW,14674.0
SLV,PNG,13882.0
SLV,POL,10137.0
SLV,PRI,2523.0
SLV,PRK,13139.0
SLV,PRT,8215.0
SLV,PRY,5507.0
SLV,PSE,12202.0
SLV,PYF,7477.0
SLV,QAT,13949.0
SLV,REU,16198.0
SLV,ROU,10857.0
SLV,RUS,10864.0
SLV,RWA,13229.0
SLV,SAU,13621.0
SLV,SDN,12846.0
SLV,SEN,7709.0
SLV,SGP,17824.0
SLV,SHN,9749.0
SLV,SLB,12503.0
SLV,SLE,8288.0
SLV,SMR,9873.0
SLV,SOM,14722.0
SLV,SPM,4785.0
SLV,SRB,10435.0
SLV,SSD,13178.0
SLV,STP,10649.0
SLV,SUR,3827.0
SLV,SVK,10056.0
SLV,SVN,9951.0
SLV,SWE,9657.0
SLV,SWZ,13685.0
SLV,SXM,2838.0
SLV,SYC,16026.0
SLV,SYR,12232.0
SLV,TCA,2097.0
SLV,TCD,11200.0
SLV,TGO,9901.0
SLV,THA,16792.0
SLV,TJK,13788.0
SLV,TKL,9415.0
SLV,TKM,13368.0
SLV,TLS,16200.0
SLV,TON,10153.0
SLV,TTO,3028.0
SLV,TUN,9922.0
SLV,TUR,11243.0
SLV,TUV,10412.0
SLV,TWN,14594.0
SLV,TZA,14348.0
SLV,UGA,13433.0
SLV,UKR,10814.0
SLV,URY,6404.0
SLV,USA,3340.0
SLV,UZB,13530.0
SLV,VAT,9943.0
SLV,VCT,3027.0
SLV,VEN,2453.0
SLV,VGB,2678.0
SLV,VNM,16793.0
SLV,VUT,11772.0
SLV,WLF,10043.0
SLV,WSM,9596.0
SLV,YEM,13974.0
SLV,ZAF,13376.0
SLV,ZMB,13316.0
SLV,ZWE,13639.0
SMR,ABW,8455.0
SMR,AFG,4909.0
SMR,AGO,5844.0
SMR,AIA,7478.0
SMR,ALB,670.0
SMR,AND,901.0
SMR,ARE,4378.0
SMR,ARG,11267.0
SMR,ARM,2669.0
SMR,ASM,16703.0
SMR,ATG,7460.0
SMR,AUS,16017.0
SMR,AUT,563.0
SMR,AZE,3093.0
SMR,BDI,5507.0
SMR,BEL,981.0
SMR,BEN,4269.0
SMR,BES,8342.0
SMR,BFA,3747.0
SMR,BGD,7282.0
SMR,BGR,892.0
SMR,BHR,3946.0
SMR,BHS,8107.0
SMR,BIH,475.0
SMR,BLR,1561.0
SMR,BLZ,9563.0
SMR,BMU,6648.0
SMR,BOL,10536.0
SMR,BRA,9593.0
SMR,BRB,7577.0
SMR,BRN,10625.0
SMR,BTN,6964.0
SMR,BWA,7718.0
SMR,CAF,4425.0
SMR,CAN,6964.0
SMR,CCK,10496.0
SMR,CHE,489.0
SMR,CHL,12001.0
SMR,CHN,9010.0
SMR,CIV,4570.0
SMR,CMR,4440.0
SMR,COD,5353.0
SMR,COG,5346.0
SMR,COK,17387.0
SMR,COL,9380.0
SMR,COM,6906.0
SMR,CPV,4680.0
SMR,CRI,9769.0
SMR,CUB,8631.0
SMR,CUW,8399.0
SMR,CXR,11064.0
SMR,CYM,8843.0
SMR,CYP,2037.0
SMR,CZE,700.0
SMR,DEU,958.0
SMR,DJI,4637.0
SMR,DMA,7556.0
SMR,DNK,1306.0
SMR,DOM,8004.0
SMR,DZA,1128.0
SMR,ECU,10365.0
SMR,EGY,2265.0
SMR,ERI,4041.0
SMR,ESH,2958.0
SMR,ESP,1388.0
SMR,EST,1916.0
SMR,ETH,4630.0
SMR,FIN,1992.0
SMR,FJI,16861.0
SMR,FLK,12562.0
SMR,FRA,949.0
SMR,FRO,2370.0
SMR,FSM,13409.0
SMR,GAB,4832.0
SMR,GBR,1262.0
SMR,GEO,2643.0
SMR,GHA,4349.0
SMR,GIB,1743.0
SMR,GIN,4566.0
SMR,GLP,7532.0
SMR,GMB,4371.0
SMR,GNB,4456.0
SMR,GNQ,4668.0
SMR,GRC,1159.0
SMR,GRD,7826.0
SMR,GRL,4508.0
SMR,GTM,9903.0
SMR,GUF,7625.0
SMR,GUM,12029.0
SMR,GUY,7937.0
SMR,HKG,9209.0
SMR,HND,9691.0
SMR,HRV,348.0
SMR,HTI,8193.0
SMR,HUN,648.0
SMR,IDN,10838.0
SMR,IND,5902.0
SMR,IOT,8254.0
SMR,IRL,1721.0
SMR,IRN,3425.0
SMR,IRQ,2996.0
SMR,ISL,3110.0
SMR,ISR,2349.0
SMR,ITA,226.0
SMR,JAM,8584.0
SMR,JOR,2442.0
SMR,JPN,9707.0
SMR,KAZ,5068.0
SMR,KEN,5565.0
SMR,KGZ,4912.0
SMR,KHM,9323.0
SMR,KIR,14632.0
SMR,KNA,7518.0
SMR,KOR,8837.0
SMR,KWT,3527.0
SMR,LAO,8657.0
SMR,LBN,2276.0
SMR,LBR,4747.0
SMR,LBY,1229.0
SMR,LCA,7620.0
SMR,LIE,424.0
SMR,LKA,7673.0
SMR,LSO,8254.0
SMR,LTU,1512.0
SMR,LUX,794.0
SMR,LVA,1662.0
SMR,MAC,9168.0
SMR,MAR,2079.0
SMR,MCO,405.0
SMR,MDA,1325.0
SMR,MDG,7824.0
SMR,MDV,7398.0
SMR,MEX,10146.0
SMR,MHL,13972.0
SMR,MKD,763.0
SMR,MLI,3981.0
SMR,MLT,909.0
SMR,MMR,8235.0
SMR,MNE,578.0
SMR,MNG,6855.0
SMR,MNP,11929.0
SMR,MOZ,8004.0
SMR,MRT,3909.0
SMR,MSR,7513.0
SMR,MTQ,7582.0
SMR,MUS,8452.0
SMR,MWI,6768.0
SMR,MYS,9709.0
SMR,MYT,7105.0
SMR,NAM,7377.0
SMR,NCL,16629.0
SMR,NER,3513.0
SMR,NFK,17290.0
SMR,NGA,4246.0
SMR,NIC,9768.0
SMR,NIU,17237.0
SMR,NLD,1093.0
SMR,NOR,1782.0
SMR,NPL,6608.0
SMR,NRU,14576.0
SMR,NZL,18330.0
SMR,OMN,4751.0
SMR,PAK,5335.0
SMR,PAN,9480.0
SMR,PCN,15858.0
SMR,PER,10888.0
SMR,PHL,10318.0
SMR,PLW,11895.0
SMR,PNG,14223.0
SMR,POL,1120.0
SMR,PRI,7704.0
SMR,PRK,8644.0
SMR,PRT,1892.0
SMR,PRY,10468.0
SMR,PSE,2368.0
SMR,PYF,16631.0
SMR,QAT,4076.0
SMR,REU,8409.0
SMR,ROU,1092.0
SMR,RUS,2217.0
SMR,RWA,5377.0
SMR,SAU,3765.0
SMR,SDN,3675.0
SMR,SEN,4305.0
SMR,SGP,10024.0
SMR,SHN,6883.0
SMR,SLB,15069.0
SMR,SLE,4650.0
SMR,SLV,9873.0
SMR,SOM,5662.0
SMR,SPM,5212.0
SMR,SRB,646.0
SMR,SSD,4719.0
SMR,STP,4863.0
SMR,SUR,7773.0
SMR,SVK,591.0
SMR,SVN,286.0
SMR,SWE,1755.0
SMR,SWZ,8009.0
SMR,SXM,7491.0
SMR,SYC,6884.0
SMR,SYR,2363.0
SMR,TCA,7887.0
SMR,TCD,3536.0
SMR,TGO,4329.0
SMR,THA,8812.0
SMR,TJK,4668.0
SMR,TKL,16158.0
SMR,TKM,3874.0
SMR,TLS,12514.0
SMR,TON,17380.0
SMR,TTO,7912.0
SMR,TUN,813.0
SMR,TUR,1392.0
SMR,TUV,15877.0
SMR,TWN,9510.0
SMR,TZA,6235.0
SMR,UGA,5228.0
SMR,UKR,1543.0
SMR,URY,11144.0
SMR,USA,6789.0
SMR,UZB,4575.0
SMR,VAT,226.0
SMR,VCT,7702.0
SMR,VEN,8355.0
SMR,VGB,7588.0
SMR,VNM,9524.0
SMR,VUT,16332.0
SMR,WLF,16509.0
SMR,WSM,16644.0
SMR,YEM,4364.0
SMR,ZAF,7927.0
SMR,ZMB,6766.0
SMR,ZWE,7097.0
SOM,ABW,12715.0
SOM,AFG,4364.0
SOM,AGO,3760.0
SOM,AIA,11885.0
SOM,ALB,5048.0
SOM,AND,6247.0
SOM,ARE,2784.0
SOM,ARG,11400.0
SOM,ARM,4225.0
SOM,ASM,15846.0
SOM,ATG,11774.0
SOM,AUS,10997.0
SOM,AUT,5821.0
SOM,AZE,4270.0
SOM,BDI,1876.0
SOM,BEL,6633.0
SOM,BEN,4795.0
SOM,BES,12531.0
SOM,BFA,5293.0
SOM,BGD,5410.0
SOM,BGR,5008.0
SOM,BHR,2733.0
SOM,BHS,13166.0
SOM,BIH,5343.0
SOM,BLR,5975.0
SOM,BLZ,14562.0
SOM,BMU,11771.0
SOM,BOL,12587.0
SOM,BRA,10308.0
SOM,BRB,11585.0
SOM,BRN,7738.0
SOM,BTN,5489.0
SOM,BWA,3624.0
SOM,CAF,2988.0
SOM,CAN,12551.0
SOM,CCK,5905.0
SOM,CHE,6148.0
SOM,CHL,12535.0
SOM,CHN,8576.0
SOM,CIV,5495.0
SOM,CMR,3766.0
SOM,COD,3414.0
SOM,COG,3416.0
SOM,COK,16572.0
SOM,COL,13260.0
SOM,COM,1537.0
SOM,CPV,7685.0
SOM,CRI,14276.0
SOM,CUB,13719.0
SOM,CUW,12604.0
SOM,CXR,6823.0
SOM,CYM,13749.0
SOM,CYP,3870.0
SOM,CZE,6073.0
SOM,DEU,6328.0
SOM,DJI,1083.0
SOM,DMA,11750.0
SOM,DNK,6635.0
SOM,DOM,12594.0
SOM,DZA,5793.0
SOM,ECU,13946.0
SOM,EGY,3438.0
SOM,ERI,1630.0
SOM,ESH,6818.0
SOM,ESP,6505.0
SOM,EST,6610.0
SOM,ETH,1063.0
SOM,FIN,6680.0
SOM,FJI,14614.0
SOM,FLK,11094.0
SOM,FRA,6605.0
SOM,FRO,7927.0
SOM,FSM,12508.0
SOM,GAB,3998.0
SOM,GBR,6924.0
SOM,GEO,4392.0
SOM,GHA,5236.0
SOM,GIB,6429.0
SOM,GIN,6578.0
SOM,GLP,11776.0
SOM,GMB,6938.0
SOM,GNB,6808.0
SOM,GNQ,3958.0
SOM,GRC,4547.0
SOM,GRD,11827.0
SOM,GRL,10144.0
SOM,GTM,14832.0
SOM,GUF,10850.0
SOM,GUM,10982.0
SOM,GUY,11482.0
SOM,HKG,7754.0
SOM,HND,14505.0
SOM,HRV,5631.0
SOM,HTI,12845.0
SOM,HUN,5639.0
SOM,IDN,6896.0
SOM,IND,4485.0
SOM,IOT,3176.0
SOM,IRL,7383.0
SOM,IRN,3778.0
SOM,IRQ,3466.0
SOM,ISL,8714.0
SOM,ISR,3505.0
SOM,ITA,5500.0
SOM,JAM,13318.0
SOM,JOR,3455.0
SOM,JPN,10275.0
SOM,KAZ,5533.0
SOM,KEN,1018.0
SOM,KGZ,5375.0
SOM,KHM,6656.0
SOM,KIR,14198.0
SOM,KNA,11864.0
SOM,KOR,9136.0
SOM,KWT,3037.0
SOM,LAO,6490.0
SOM,LBN,3673.0
SOM,LBR,6248.0
SOM,LBY,4787.0
SOM,LCA,11723.0
SOM,LIE,6076.0
SOM,LKA,3866.0
SOM,LSO,3958.0
SOM,LTU,6115.0
SOM,LUX,6447.0
SOM,LVA,6374.0
SOM,MAC,7687.0
SOM,MAR,6514.0
SOM,MCO,5944.0
SOM,MDA,5232.0
SOM,MDG,2330.0
SOM,MDV,3139.0
SOM,MEX,15476.0
SOM,MHL,13958.0
SOM,MKD,5029.0
SOM,MLI,5993.0
SOM,MLT,4914.0
SOM,MMR,5793.0
SOM,MNE,5174.0
SOM,MNG,7755.0
SOM,MNP,11075.0
SOM,MOZ,3395.0
SOM,MRT,6918.0
SOM,MSR,11817.0
SOM,MTQ,11725.0
SOM,MUS,2792.0
SOM,MWI,2182.0
SOM,MYS,6266.0
SOM,MYT,1639.0
SOM,NAM,4102.0
SOM,NCL,13293.0
SOM,NER,4924.0
SOM,NFK,13268.0
SOM,NGA,4681.0
SOM,NIC,14457.0
SOM,NIU,15752.0
SOM,NLD,6716.0
SOM,NOR,7070.0
SOM,NPL,5113.0
SOM,NRU,13533.0
SOM,NZL,13570.0
SOM,OMN,2781.0
SOM,PAK,3442.0
SOM,PAN,13799.0
SOM,PCN,17443.0
SOM,PER,13586.0
SOM,PHL,8414.0
SOM,PLW,9894.0
SOM,PNG,11355.0
SOM,POL,6005.0
SOM,PRI,12199.0
SOM,PRK,9041.0
SOM,PRT,6849.0
SOM,PRY,11418.0
SOM,PSE,3457.0
SOM,PYF,17654.0
SOM,QAT,2654.0
SOM,REU,2765.0
SOM,ROU,5064.0
SOM,RUS,5996.0
SOM,RWA,1757.0
SOM,SAU,2510.0
SOM,SDN,2052.0
SOM,SEN,7033.0
SOM,SGP,6510.0
SOM,SHN,5957.0
SOM,SLB,12757.0
SOM,SLE,6526.0
SOM,SLV,14722.0
SOM,SMR,5662.0
SOM,SPM,10721.0
SOM,SRB,5331.0
SOM,SSD,1560.0
SOM,STP,4302.0
SOM,SUR,11158.0
SOM,SVK,5782.0
SOM,SVN,5725.0
SOM,SWE,6777.0
SOM,SWZ,3490.0
SOM,SXM,11887.0
SOM,SYC,1344.0
SOM,SYR,3609.0
SOM,TCA,12655.0
SOM,TCD,3523.0
SOM,TGO,4919.0
SOM,THA,6205.0
SOM,TJK,4693.0
SOM,TKL,15905.0
SOM,TKM,4193.0
SOM,TLS,8977.0
SOM,TON,15153.0
SOM,TTO,11817.0
SOM,TUN,5276.0
SOM,TUR,4620.0
SOM,TUV,14875.0
SOM,TWN,8520.0
SOM,TZA,1190.0
SOM,UGA,1433.0
SOM,UKR,5544.0
SOM,URY,11194.0
SOM,USA,12282.0
SOM,UZB,4961.0
SOM,VAT,5502.0
SOM,VCT,11758.0
SOM,VEN,12403.0
SOM,VGB,12045.0
SOM,VNM,6841.0
SOM,VUT,13572.0
SOM,WLF,15297.0
SOM,WSM,15748.0
SOM,YEM,1478.0
SOM,ZAF,3637.0
SOM,ZMB,2694.0
SOM,ZWE,2699.0
SPM,ABW,4013.0
SPM,AFG,9478.0
SPM,AGO,9194.0
SPM,AIA,3229.0
SPM,ALB,5879.0
SPM,AND,4499.0
SPM,ARE,9489.0
SPM,ARG,9016.0
SPM,ARM,7592.0
SPM,ASM,13018.0
SPM,ATG,3330.0
SPM,AUS,18019.0
SPM,AUT,5258.0
SPM,AZE,7902.0
SPM,BDI,9942.0
SPM,BEL,4343.0
SPM,BEN,7124.0
SPM,BES,4003.0
SPM,BFA,6350.0
SPM,BGD,11510.0
SPM,BGR,6037.0
SPM,BHR,9101.0
SPM,BHS,3054.0
SPM,BIH,5628.0
SPM,BLR,5660.0
SPM,BLZ,4434.0
SPM,BMU,1767.0
SPM,BOL,7109.0
SPM,BRA,7846.0
SPM,BRB,3747.0
SPM,BRN,14210.0
SPM,BTN,11096.0
SPM,BWA,11396.0
SPM,CAF,8496.0
SPM,CAN,1849.0
SPM,CCK,15416.0
SPM,CHE,4767.0
SPM,CHL,9003.0
SPM,CHN,11363.0
SPM,CIV,6768.0
SPM,CMR,8009.0
SPM,COD,8967.0
SPM,COG,8960.0
SPM,COK,12719.0
SPM,COL,4980.0
SPM,COM,11666.0
SPM,CPV,4652.0
SPM,CRI,4861.0
SPM,CUB,3518.0
SPM,CUW,4026.0
SPM,CXR,15628.0
SPM,CYM,3816.0
SPM,CYP,7235.0
SPM,CZE,5039.0
SPM,DEU,4868.0
SPM,DJI,9778.0
SPM,DMA,3523.0
SPM,DNK,4698.0
SPM,DOM,3379.0
SPM,DZA,4928.0
SPM,ECU,5898.0
SPM,EGY,7461.0
SPM,ERI,9164.0
SPM,ESH,4330.0
SPM,ESP,4216.0
SPM,EST,5240.0
SPM,ETH,9658.0
SPM,FIN,5219.0
SPM,FJI,14136.0
SPM,FLK,10913.0
SPM,FRA,4280.0
SPM,FRO,3513.0
SPM,FSM,13164.0
SPM,GAB,8146.0
SPM,GBR,4022.0
SPM,GEO,7496.0
SPM,GHA,6820.0
SPM,GIB,4327.0
SPM,GIN,5752.0
SPM,GLP,3451.0
SPM,GMB,5211.0
SPM,GNB,5422.0
SPM,GNQ,8046.0
SPM,GRC,6370.0
SPM,GRD,3884.0
SPM,GRL,1957.0
SPM,GTM,4781.0
SPM,GUF,4651.0
SPM,GUM,13014.0
SPM,GUY,4434.0
SPM,HKG,12296.0
SPM,HND,4633.0
SPM,HRV,5356.0
SPM,HTI,3463.0
SPM,HUN,5471.0
SPM,IDN,15226.0
SPM,IND,10433.0
SPM,IOT,13463.0
SPM,IRL,3573.0
SPM,IRN,8372.0
SPM,IRQ,8116.0
SPM,ISL,2843.0
SPM,ISR,7560.0
SPM,ITA,5327.0
SPM,JAM,3709.0
SPM,JOR,7651.0
SPM,JPN,10734.0
SPM,KAZ,9018.0
SPM,KEN,10342.0
SPM,KGZ,8957.0
SPM,KHM,13276.0
SPM,KIR,12855.0
SPM,KNA,3324.0
SPM,KOR,10657.0
SPM,KWT,8669.0
SPM,LAO,12527.0
SPM,LBN,7473.0
SPM,LBR,6230.0
SPM,LBY,5935.0
SPM,LCA,3661.0
SPM,LIE,4847.0
SPM,LKA,12651.0
SPM,LSO,11873.0
SPM,LTU,5488.0
SPM,LUX,4509.0
SPM,LVA,5314.0
SPM,MAC,12297.0
SPM,MAR,4309.0
SPM,MCO,4865.0
SPM,MDA,6135.0
SPM,MDG,12554.0
SPM,MDV,12524.0
SPM,MEX,4934.0
SPM,MHL,12426.0
SPM,MKD,5950.0
SPM,MLI,5866.0
SPM,MLT,5836.0
SPM,MMR,12440.0
SPM,MNE,5773.0
SPM,MNG,9386.0
SPM,MNP,12799.0
SPM,MOZ,11966.0
SPM,MRT,4855.0
SPM,MSR,3371.0
SPM,MTQ,3595.0
SPM,MUS,13409.0
SPM,MWI,11126.0
SPM,MYS,14066.0
SPM,MYT,11902.0
SPM,NAM,10614.0
SPM,NCL,15338.0
SPM,NER,6524.0
SPM,NFK,15741.0
SPM,NGA,7199.0
SPM,NIC,4763.0
SPM,NIU,13330.0
SPM,NLD,4327.0
SPM,NOR,4471.0
SPM,NPL,10897.0
SPM,NRU,13403.0
SPM,NZL,15726.0
SPM,OMN,9841.0
SPM,PAK,10243.0
SPM,PAN,4737.0
SPM,PCN,10690.0
SPM,PER,6838.0
SPM,PHL,13201.0
SPM,PLW,13918.0
SPM,PNG,15317.0
SPM,POL,5355.0
SPM,PRI,3269.0
SPM,PRK,10498.0
SPM,PRT,3893.0
SPM,PRY,7983.0
SPM,PSE,7580.0
SPM,PYF,11664.0
SPM,QAT,9233.0
SPM,REU,13307.0
SPM,ROU,6116.0
SPM,RUS,6110.0
SPM,RWA,9880.0
SPM,SAU,8965.0
SPM,SDN,8669.0
SPM,SEN,5051.0
SPM,SGP,14336.0
SPM,SHN,8582.0
SPM,SLB,14648.0
SPM,SLE,5877.0
SPM,SLV,4785.0
SPM,SMR,5212.0
SPM,SOM,10721.0
SPM,SRB,5716.0
SPM,SSD,9449.0
SPM,STP,7954.0
SPM,SUR,4534.0
SPM,SVK,5310.0
SPM,SVN,5243.0
SPM,SWE,4887.0
SPM,SWZ,11898.0
SPM,SXM,3250.0
SPM,SYC,12022.0
SPM,SYR,7559.0
SPM,TCA,3116.0
SPM,TCD,7609.0
SPM,TGO,7068.0
SPM,THA,12914.0
SPM,TJK,9091.0
SPM,TKL,12667.0
SPM,TKM,8593.0
SPM,TLS,15765.0
SPM,TON,13890.0
SPM,TTO,4034.0
SPM,TUN,5457.0
SPM,TUR,6526.0
SPM,TUV,13294.0
SPM,TWN,12051.0
SPM,TZA,10974.0
SPM,UGA,9890.0
SPM,UKR,6029.0
SPM,URY,9038.0
SPM,USA,1581.0
SPM,UZB,8862.0
SPM,VAT,5324.0
SPM,VCT,3757.0
SPM,VEN,4147.0
SPM,VGB,3239.0
SPM,VNM,13410.0
SPM,VUT,14835.0
SPM,WLF,13349.0
SPM,WSM,13063.0
SPM,YEM,9549.0
SPM,ZAF,11669.0
SPM,ZMB,10830.0
SPM,ZWE,11228.0
SRB,ABW,9078.0
SRB,AFG,4264.0
SRB,AGO,5986.0
SRB,AIA,8102.0
SRB,ALB,391.0
SRB,AND,1546.0
SRB,ARE,3803.0
SRB,ARG,11847.0
SRB,ARM,2035.0
SRB,ASM,16460.0
SRB,ATG,8089.0
SRB,AUS,15400.0
SRB,AUT,490.0
SRB,AZE,2451.0
SRB,BDI,5412.0
SRB,BEL,1376.0
SRB,BEN,4600.0
SRB,BES,8969.0
SRB,BFA,4162.0
SRB,BGD,6637.0
SRB,BGR,329.0
SRB,BHR,3391.0
SRB,BHS,8668.0
SRB,BIH,200.0
SRB,BLR,1133.0
SRB,BLZ,10112.0
SRB,BMU,7218.0
SRB,BOL,11178.0
SRB,BRA,10172.0
SRB,BRB,8216.0
SRB,BRN,9979.0
SRB,BTN,6318.0
SRB,BWA,7712.0
SRB,CAF,4486.0
SRB,CAN,7413.0
SRB,CCK,9906.0
SRB,CHE,966.0
SRB,CHL,12616.0
SRB,CHN,8418.0
SRB,CIV,4981.0
SRB,CMR,4621.0
SRB,COD,5467.0
SRB,COG,5461.0
SRB,COK,17388.0
SRB,COL,10010.0
SRB,COM,6668.0
SRB,CPV,5289.0
SRB,CRI,10362.0
SRB,CUB,9182.0
SRB,CUW,9024.0
SRB,CXR,10445.0
SRB,CYM,9413.0
SRB,CYP,1534.0
SRB,CZE,742.0
SRB,DEU,1001.0
SRB,DJI,4272.0
SRB,DMA,8189.0
SRB,DNK,1331.0
SRB,DOM,8612.0
SRB,DZA,1716.0
SRB,ECU,10997.0
SRB,EGY,1893.0
SRB,ERI,3702.0
SRB,ESH,3574.0
SRB,ESP,2034.0
SRB,EST,1652.0
SRB,ETH,4340.0
SRB,FIN,1734.0
SRB,FJI,16414.0
SRB,FLK,13059.0
SRB,FRA,1449.0
SRB,FRO,2596.0
SRB,FSM,12894.0
SRB,GAB,5040.0
SRB,GBR,1695.0
SRB,GEO,2001.0
SRB,GHA,4737.0
SRB,GIB,2378.0
SRB,GIN,5094.0
SRB,GLP,8163.0
SRB,GMB,4939.0
SRB,GNB,5009.0
SRB,GNQ,4873.0
SRB,GRC,810.0
SRB,GRD,8463.0
SRB,GRL,4817.0
SRB,GTM,10456.0
SRB,GUF,8270.0
SRB,GUM,11464.0
SRB,GUY,8582.0
SRB,HKG,8579.0
SRB,HND,10259.0
SRB,HRV,369.0
SRB,HTI,8794.0
SRB,HUN,318.0
SRB,IDN,10208.0
SRB,IND,5259.0
SRB,IOT,7751.0
SRB,IRL,2152.0
SRB,IRN,2801.0
SRB,IRQ,2418.0
SRB,ISL,3383.0
SRB,ISR,1881.0
SRB,ITA,724.0
SRB,JAM,9174.0
SRB,JOR,1960.0
SRB,JPN,9200.0
SRB,KAZ,4435.0
SRB,KEN,5357.0
SRB,KGZ,4276.0
SRB,KHM,8678.0
SRB,KIR,14220.0
SRB,KNA,8145.0
SRB,KOR,8287.0
SRB,KWT,2963.0
SRB,LAO,8012.0
SRB,LBN,1768.0
SRB,LBR,5234.0
SRB,LBY,1467.0
SRB,LCA,8255.0
SRB,LIE,885.0
SRB,LKA,7078.0
SRB,LSO,8240.0
SRB,LTU,1151.0
SRB,LUX,1207.0
SRB,LVA,1373.0
SRB,MAC,8537.0
SRB,MAR,2708.0
SRB,MCO,1047.0
SRB,MDA,695.0
SRB,MDG,7573.0
SRB,MDV,6838.0
SRB,MEX,10638.0
SRB,MHL,13566.0
SRB,MKD,323.0
SRB,MLI,4474.0
SRB,MLT,1111.0
SRB,MMR,7591.0
SRB,MNE,281.0
SRB,MNG,6294.0
SRB,MNP,11375.0
SRB,MOZ,7932.0
SRB,MRT,4495.0
SRB,MSR,8142.0
SRB,MTQ,8216.0
SRB,MUS,8118.0
SRB,MWI,6647.0
SRB,MYS,9072.0
SRB,MYT,6851.0
SRB,NAM,7468.0
SRB,NCL,16038.0
SRB,NER,3882.0
SRB,NFK,16671.0
SRB,NGA,4562.0
SRB,NIC,10347.0
SRB,NIU,16992.0
SRB,NLD,1418.0
SRB,NOR,1801.0
SRB,NPL,5962.0
SRB,NRU,14098.0
SRB,NZL,17692.0
SRB,OMN,4170.0
SRB,PAK,4718.0
SRB,PAN,10089.0
SRB,PCN,16403.0
SRB,PER,11533.0
SRB,PHL,9686.0
SRB,PLW,11277.0
SRB,PNG,13601.0
SRB,POL,825.0
SRB,PRI,8320.0
SRB,PRK,8096.0
SRB,PRT,2537.0
SRB,PRY,11075.0
SRB,PSE,1914.0
SRB,PYF,16841.0
SRB,QAT,3523.0
SRB,REU,8096.0
SRB,ROU,450.0
SRB,RUS,1716.0
SRB,RWA,5267.0
SRB,SAU,3253.0
SRB,SDN,3438.0
SRB,SEN,4883.0
SRB,SGP,9387.0
SRB,SHN,7231.0
SRB,SLB,14500.0
SRB,SLE,5169.0
SRB,SLV,10435.0
SRB,SMR,646.0
SRB,SOM,5331.0
SRB,SPM,5716.0
SRB,SSD,4559.0
SRB,STP,5111.0
SRB,SUR,8419.0
SRB,SVK,451.0
SRB,SVN,486.0
SRB,SWE,1623.0
SRB,SWZ,7951.0
SRB,SXM,8115.0
SRB,SYC,6489.0
SRB,SYR,1852.0
SRB,TCA,8481.0
SRB,TCD,3662.0
SRB,TGO,4676.0
SRB,THA,8167.0
SRB,TJK,4023.0
SRB,TKL,15920.0
SRB,TKM,3231.0
SRB,TLS,11868.0
SRB,TON,17015.0
SRB,TTO,8551.0
SRB,TUN,1241.0
SRB,TUR,811.0
SRB,TUV,15494.0
SRB,TWN,8901.0
SRB,TZA,6021.0
SRB,UGA,5073.0
SRB,UKR,980.0
SRB,URY,11717.0
SRB,USA,7280.0
SRB,UZB,3932.0
SRB,VAT,725.0
SRB,VCT,8338.0
SRB,VEN,8988.0
SRB,VGB,8208.0
SRB,VNM,8878.0
SRB,VUT,15779.0
SRB,WLF,16172.0
SRB,WSM,16382.0
SRB,YEM,3957.0
SRB,ZAF,7902.0
SRB,ZMB,6716.0
SRB,ZWE,7020.0
SSD,ABW,11157.0
SSD,AFG,5077.0
SSD,AGO,2537.0
SSD,AIA,10339.0
SSD,ALB,4207.0
SSD,AND,5121.0
SSD,ARE,3395.0
SSD,ARG,10315.0
SSD,ARM,4123.0
SSD,ASM,17375.0
SSD,ATG,10223.0
SSD,AUS,12390.0
SSD,AUT,5019.0
SSD,AZE,4341.0
SSD,BDI,943.0
SSD,BEL,5694.0
SSD,BEN,3242.0
SSD,BES,10972.0
SSD,BFA,3735.0
SSD,BGD,6630.0
SSD,BGR,4271.0
SSD,BHR,3112.0
SSD,BHS,11676.0
SSD,BIH,4511.0
SSD,BLR,5451.0
SSD,BLZ,13037.0
SSD,BMU,10324.0
SSD,BOL,11206.0
SSD,BRA,9035.0
SSD,BRB,10026.0
SSD,BRN,9239.0
SSD,BTN,6626.0
SSD,BWA,3322.0
SSD,CAF,1447.0
SSD,CAN,11298.0
SSD,CCK,7460.0
SSD,CHE,5203.0
SSD,CHL,11445.0
SSD,CHN,9725.0
SSD,CIV,3948.0
SSD,CMR,2230.0
SSD,COD,2074.0
SSD,COG,2074.0
SSD,COK,17826.0
SSD,COL,11706.0
SSD,COM,2241.0
SSD,CPV,6128.0
SSD,CRI,12717.0
SSD,CUB,12224.0
SSD,CUW,11044.0
SSD,CXR,8383.0
SSD,CYM,12224.0
SSD,CYP,3361.0
SSD,CZE,5266.0
SSD,DEU,5543.0
SSD,DJI,1475.0
SSD,DMA,10194.0
SSD,DNK,5886.0
SSD,DOM,11052.0
SSD,DZA,4577.0
SSD,ECU,12421.0
SSD,EGY,2788.0
SSD,ERI,1411.0
SSD,ESH,5349.0
SSD,ESP,5287.0
SSD,EST,6083.0
SSD,ETH,916.0
SSD,FIN,6162.0
SSD,FJI,16139.0
SSD,FLK,10389.0
SSD,FRA,5606.0
SSD,FRO,7085.0
SSD,FSM,13959.0
SSD,GAB,2509.0
SSD,GBR,5946.0
SSD,GEO,4289.0
SSD,GHA,3683.0
SSD,GIB,5124.0
SSD,GIN,5019.0
SSD,GLP,10223.0
SSD,GMB,5380.0
SSD,GNB,5247.0
SSD,GNQ,2447.0
SSD,GRC,3751.0
SSD,GRD,10268.0
SSD,GRL,9197.0
SSD,GTM,13294.0
SSD,GUF,9300.0
SSD,GUM,12378.0
SSD,GUY,9926.0
SSD,HKG,9053.0
SSD,HND,12959.0
SSD,HRV,4784.0
SSD,HTI,11305.0
SSD,HUN,4876.0
SSD,IDN,8453.0
SSD,IND,5484.0
SSD,IOT,4727.0
SSD,IRL,6380.0
SSD,IRN,3976.0
SSD,IRQ,3423.0
SSD,ISL,7826.0
SSD,ISR,3033.0
SSD,ITA,4521.0
SSD,JAM,11780.0
SSD,JOR,3035.0
SSD,JPN,11316.0
SSD,KAZ,6152.0
SSD,KEN,894.0
SSD,KGZ,5969.0
SSD,KHM,8096.0
SSD,KIR,15690.0
SSD,KNA,10314.0
SSD,KOR,10161.0
SSD,KWT,3217.0
SSD,LAO,7843.0
SSD,LBN,3241.0
SSD,LBR,4697.0
SSD,LBY,3644.0
SSD,LCA,10165.0
SSD,LIE,5142.0
SSD,LKA,5348.0
SSD,LSO,3806.0
SSD,LTU,5555.0
SSD,LUX,5509.0
SSD,LVA,5815.0
SSD,MAC,8987.0
SSD,MAR,5152.0
SSD,MCO,4917.0
SSD,MDA,4679.0
SSD,MDG,3157.0
SSD,MDV,4653.0
SSD,MEX,14003.0
SSD,MHL,15377.0
SSD,MKD,4237.0
SSD,MLI,4434.0
SSD,MLT,3858.0
SSD,MMR,7155.0
SSD,MNE,4339.0
SSD,MNG,8516.0
SSD,MNP,12447.0
SSD,MOZ,3410.0
SSD,MRT,5373.0
SSD,MSR,10266.0
SSD,MTQ,10168.0
SSD,MUS,3961.0
SSD,MWI,2095.0
SSD,MYS,7784.0
SSD,MYT,2466.0
SSD,NAM,3418.0
SSD,NCL,14808.0
SSD,NER,3374.0
SSD,NFK,14711.0
SSD,NGA,3127.0
SSD,NIC,12904.0
SSD,NIU,17211.0
SSD,NLD,5812.0
SSD,NOR,6360.0
SSD,NPL,6215.0
SSD,NRU,15048.0
SSD,NZL,14859.0
SSD,OMN,3565.0
SSD,PAK,4394.0
SSD,PAN,12239.0
SSD,PCN,16970.0
SSD,PER,12153.0
SSD,PHL,9818.0
SSD,PLW,11367.0
SSD,PNG,12913.0
SSD,POL,5342.0
SSD,PRI,10655.0
SSD,PRK,10035.0
SSD,PRT,5560.0
SSD,PRY,10166.0
SSD,PSE,2966.0
SSD,PYF,18596.0
SSD,QAT,3099.0
SSD,REU,3860.0
SSD,ROU,4418.0
SSD,RUS,5670.0
SSD,RWA,771.0
SSD,SAU,2727.0
SSD,SDN,1188.0
SSD,SEN,5476.0
SSD,SGP,8040.0
SSD,SHN,4708.0
SSD,SLB,14316.0
SSD,SLE,4969.0
SSD,SLV,13178.0
SSD,SMR,4719.0
SSD,SOM,1560.0
SSD,SPM,9449.0
SSD,SRB,4559.0
SSD,STP,2808.0
SSD,SUR,9605.0
SSD,SVK,4993.0
SSD,SVN,4855.0
SSD,SWE,6153.0
SSD,SWZ,3449.0
SSD,SXM,10340.0
SSD,SYC,2853.0
SSD,SYR,3210.0
SSD,TCA,11130.0
SSD,TCD,1989.0
SSD,TGO,3368.0
SSD,THA,7616.0
SSD,TJK,5293.0
SSD,TKL,17465.0
SSD,TKM,4563.0
SSD,TLS,10535.0
SSD,TON,16618.0
SSD,TTO,10257.0
SSD,TUN,4160.0
SSD,TUR,4014.0
SSD,TUV,16434.0
SSD,TWN,9778.0
SSD,TZA,1548.0
SSD,UGA,514.0
SSD,UKR,5055.0
SSD,URY,10114.0
SSD,USA,10962.0
SSD,UZB,5501.0
SSD,VAT,4522.0
SSD,VCT,10199.0
SSD,VEN,10843.0
SSD,VGB,10500.0
SSD,VNM,8290.0
SSD,VUT,15115.0
SSD,WLF,16846.0
SSD,WSM,17285.0
SSD,YEM,1805.0
SSD,ZAF,3457.0
SSD,ZMB,2271.0
SSD,ZWE,2509.0
STP,ABW,8571.0
STP,AFG,7493.0
STP,AGO,1245.0
STP,AIA,7871.0
STP,ALB,4727.0
STP,AND,4700.0
STP,ARE,5902.0
STP,ARG,7778.0
STP,ARM,5838.0
STP,ASM,18437.0
STP,ATG,7730.0
STP,AUS,14061.0
STP,AUT,5385.0
STP,AZE,6217.0
STP,BDI,2552.0
STP,BEL,5602.0
STP,BEN,832.0
STP,BES,8377.0
STP,BFA,1613.0
STP,BGD,9357.0
STP,BGR,4977.0
STP,BHR,5502.0
STP,BHS,9402.0
STP,BIH,4956.0
STP,BLR,6240.0
STP,BLZ,10590.0
STP,BMU,8260.0
STP,BOL,8415.0
STP,BRA,6339.0
STP,BRB,7447.0
STP,BRN,12036.0
STP,BTN,9298.0
STP,BWA,3453.0
STP,CAF,1389.0
STP,CAN,9674.0
STP,CCK,10036.0
STP,CHE,5213.0
STP,CHL,8864.0
STP,CHN,12329.0
STP,CIV,1317.0
STP,CMR,660.0
STP,COD,1085.0
STP,COG,1079.0
STP,COK,17275.0
STP,COL,8996.0
STP,COM,4252.0
STP,CPV,3697.0
STP,CRI,10100.0
STP,CUB,9910.0
STP,CUW,8450.0
STP,CXR,11004.0
STP,CYM,9805.0
STP,CYP,4744.0
STP,CZE,5562.0
STP,DEU,5818.0
STP,DJI,4213.0
STP,DMA,7661.0
STP,DNK,6158.0
STP,DOM,8594.0
STP,DZA,4050.0
STP,ECU,9645.0
STP,EGY,4189.0
STP,ERI,3910.0
STP,ESH,3653.0
STP,ESP,4563.0
STP,EST,6739.0
STP,ETH,3677.0
STP,FIN,6819.0
STP,FJI,17841.0
STP,FLK,8317.0
STP,FRA,5393.0
STP,FRO,6935.0
STP,FSM,16763.0
STP,GAB,304.0
STP,GBR,5708.0
STP,GEO,5965.0
STP,GHA,1163.0
STP,GIB,4157.0
STP,GIN,2477.0
STP,GLP,7704.0
STP,GMB,2961.0
STP,GNB,2777.0
STP,GNQ,378.0
STP,GRC,4516.0
STP,GRD,7669.0
STP,GRL,8500.0
STP,GTM,10790.0
STP,GUF,6585.0
STP,GUM,15159.0
STP,GUY,7239.0
STP,HKG,11797.0
STP,HND,10434.0
STP,HRV,5119.0
STP,HTI,8851.0
STP,HUN,5360.0
STP,IDN,11142.0
STP,IND,8098.0
STP,IOT,7338.0
STP,IRL,5996.0
STP,IRN,6054.0
STP,IRQ,5370.0
STP,ISL,7453.0
STP,ISR,4587.0
STP,ITA,4639.0
STP,JAM,9320.0
STP,JOR,4657.0
STP,JPN,13730.0
STP,KAZ,8390.0
STP,KEN,3354.0
STP,KGZ,8197.0
STP,KHM,10904.0
STP,KIR,18496.0
STP,KNA,7825.0
STP,KOR,12610.0
STP,KWT,5427.0
STP,LAO,10628.0
STP,LBN,4775.0
STP,LBR,2055.0
STP,LBY,3665.0
STP,LCA,7605.0
STP,LIE,5193.0
STP,LKA,8149.0
STP,LSO,3954.0
STP,LTU,6259.0
STP,LUX,5461.0
STP,LVA,6466.0
STP,MAC,11732.0
STP,MAR,3975.0
STP,MCO,4807.0
STP,MDA,5600.0
STP,MDG,4940.0
STP,MDV,7438.0
STP,MEX,11668.0
STP,MHL,18139.0
STP,MKD,4845.0
STP,MLI,2121.0
STP,MLT,4019.0
STP,MMR,9946.0
STP,MNE,4829.0
STP,MNG,10739.0
STP,MNP,15209.0
STP,MOZ,4013.0
STP,MRT,3166.0
STP,MSR,7765.0
STP,MTQ,7620.0
STP,MUS,5976.0
STP,MWI,3376.0
STP,MYS,10568.0
STP,MYT,4491.0
STP,NAM,2771.0
STP,NCL,16744.0
STP,NER,1544.0
STP,NFK,16259.0
STP,NGA,771.0
STP,NIC,10334.0
STP,NIU,17902.0
STP,NLD,5770.0
STP,NOR,6616.0
STP,NPL,8874.0
STP,NRU,17832.0
STP,NZL,15778.0
STP,OMN,6159.0
STP,PAK,7029.0
STP,PAN,9600.0
STP,PCN,14505.0
STP,PER,9346.0
STP,PHL,12615.0
STP,PLW,14175.0
STP,PNG,15540.0
STP,POL,5905.0
STP,PRI,8194.0
STP,PRK,12454.0
STP,PRT,4548.0
STP,PRY,7468.0
STP,PSE,4521.0
STP,PYF,16807.0
STP,QAT,5538.0
STP,REU,5795.0
STP,ROU,5247.0
STP,RUS,6747.0
STP,RWA,2609.0
STP,SAU,5077.0
STP,SDN,3298.0
STP,SEN,3098.0
STP,SGP,10811.0
STP,SHN,2261.0
STP,SLB,16901.0
STP,SLE,2390.0
STP,SLV,10649.0
STP,SMR,4863.0
STP,SOM,4302.0
STP,SPM,7954.0
STP,SRB,5111.0
STP,SSD,2808.0
STP,SUR,6903.0
STP,SVK,5392.0
STP,SVN,5122.0
STP,SWE,6617.0
STP,SWZ,3944.0
STP,SXM,7868.0
STP,SYC,5446.0
STP,SYR,4800.0
STP,TCA,8747.0
STP,TCD,1593.0
STP,TGO,887.0
STP,THA,10420.0
STP,TJK,7589.0
STP,TKL,18981.0
STP,TKM,6720.0
STP,TLS,13196.0
STP,TON,17693.0
STP,TTO,7633.0
STP,TUN,4055.0
STP,TUR,5032.0
STP,TUV,18788.0
STP,TWN,12480.0
STP,TZA,3700.0
STP,UGA,2878.0
STP,UKR,5993.0
STP,URY,7588.0
STP,USA,9205.0
STP,UZB,7719.0
STP,VAT,4639.0
STP,VCT,7622.0
STP,VEN,8217.0
STP,VGB,8037.0
STP,VNM,11098.0
STP,VUT,17234.0
STP,WLF,18538.0
STP,WSM,18502.0
STP,YEM,4442.0
STP,ZAF,3723.0
STP,ZMB,2941.0
STP,ZWE,3337.0
SUR,ABW,1790.0
SUR,AFG,12673.0
SUR,AGO,7762.0
SUR,AIA,1613.0
SUR,ALB,8329.0
SUR,AND,6876.0
SUR,ARE,11770.0
SUR,ARG,4492.0
SUR,ARM,10411.0
SUR,ASM,12928.0
SUR,ATG,1442.0
SUR,AUS,15927.0
SUR,AUT,8160.0
SUR,AZE,10852.0
SUR,BDI,9452.0
SUR,BEL,7398.0
SUR,BEN,6364.0
SUR,BES,1599.0
SUR,BFA,5929.0
SUR,BGD,15053.0
SUR,BGR,8630.0
SUR,BHR,11284.0
SUR,BHS,3179.0
SUR,BIH,8240.0
SUR,BLR,9007.0
SUR,BLZ,3867.0
SUR,BMU,3091.0
SUR,BOL,2857.0
SUR,BRA,3383.0
SUR,BRB,937.0
SUR,BRN,18396.0
SUR,BTN,14735.0
SUR,BWA,9389.0
SUR,CAF,8170.0
SUR,CAN,4817.0
SUR,CCK,16879.0
SUR,CHE,7564.0
SUR,CHL,4649.0
SUR,CHN,15884.0
SUR,CIV,5664.0
SUR,CMR,7396.0
SUR,COD,7915.0
SUR,COG,7911.0
SUR,COK,11763.0
SUR,COL,2101.0
SUR,COM,11064.0
SUR,CPV,3603.0
SUR,CRI,3218.0
SUR,CUB,3487.0
SUR,CUW,1663.0
SUR,CXR,17865.0
SUR,CYM,3204.0
SUR,CYP,9508.0
SUR,CZE,8060.0
SUR,DEU,8051.0
SUR,DJI,10789.0
SUR,DMA,1246.0
SUR,DNK,8085.0
SUR,DOM,2124.0
SUR,DZA,6811.0
SUR,ECU,2890.0
SUR,EGY,9345.0
SUR,ERI,10284.0
SUR,ESH,5025.0
SUR,ESP,6386.0
SUR,EST,8877.0
SUR,ETH,10345.0
SUR,FIN,8896.0
SUR,FJI,14062.0
SUR,FLK,6384.0
SUR,FRA,7183.0
SUR,FRO,7377.0
SUR,FSM,16070.0
SUR,GAB,7204.0
SUR,GBR,7138.0
SUR,GEO,10405.0
SUR,GHA,5923.0
SUR,GIB,6075.0
SUR,GIN,4596.0
SUR,GLP,1330.0
SUR,GMB,4301.0
SUR,GNB,4399.0
SUR,GNQ,7222.0
SUR,GRC,8641.0
SUR,GRD,996.0
SUR,GRL,6478.0
SUR,GTM,3987.0
SUR,GUF,331.0
SUR,GUM,16951.0
SUR,GUY,347.0
SUR,HKG,16685.0
SUR,HND,3624.0
SUR,HRV,8086.0
SUR,HTI,2332.0
SUR,HUN,8345.0
SUR,IDN,18045.0
SUR,IND,13651.0
SUR,IOT,14239.0
SUR,IRL,6867.0
SUR,IRN,11114.0
SUR,IRQ,10541.0
SUR,ISL,6990.0
SUR,ISR,9666.0
SUR,ITA,7732.0
SUR,JAM,2706.0
SUR,JOR,9777.0
SUR,JPN,15152.0
SUR,KAZ,12750.0
SUR,KEN,10253.0
SUR,KGZ,12619.0
SUR,KHM,17093.0
SUR,KIR,14626.0
SUR,KNA,1508.0
SUR,KOR,15191.0
SUR,KWT,10959.0
SUR,LAO,16425.0
SUR,LBN,9713.0
SUR,LBR,4910.0
SUR,LBY,7641.0
SUR,LCA,1104.0
SUR,LIE,7632.0
SUR,LKA,14841.0
SUR,LSO,9622.0
SUR,LTU,8864.0
SUR,LUX,7471.0
SUR,LVA,8812.0
SUR,MAC,16669.0
SUR,MAR,5780.0
SUR,MCO,7374.0
SUR,MDA,9082.0
SUR,MDG,11562.0
SUR,MDV,14224.0
SUR,MEX,4989.0
SUR,MHL,14670.0
SUR,MKD,8469.0
SUR,MLI,5229.0
SUR,MLT,7803.0
SUR,MMR,15993.0
SUR,MNE,8295.0
SUR,MNG,13795.0
SUR,MNP,16740.0
SUR,MOZ,10062.0
SUR,MRT,4465.0
SUR,MSR,1432.0
SUR,MTQ,1163.0
SUR,MUS,12606.0
SUR,MWI,10061.0
SUR,MYS,17274.0
SUR,MYT,11286.0
SUR,NAM,8461.0
SUR,NCL,15205.0
SUR,NER,6329.0
SUR,NFK,14819.0
SUR,NGA,6478.0
SUR,NIC,3485.0
SUR,NIU,12830.0
SUR,NLD,7493.0
SUR,NOR,8117.0
SUR,NPL,14380.0
SUR,NRU,15325.0
SUR,NZL,13908.0
SUR,OMN,12139.0
SUR,PAK,12913.0
SUR,PAN,2710.0
SUR,PCN,8595.0
SUR,PER,3127.0
SUR,PHL,17702.0
SUR,PLW,18204.0
SUR,PNG,17540.0
SUR,POL,8554.0
SUR,PRI,1831.0
SUR,PRK,15032.0
SUR,PRT,5882.0
SUR,PRY,3458.0
SUR,PSE,9641.0
SUR,PYF,10677.0
SUR,QAT,11389.0
SUR,REU,12390.0
SUR,ROU,8863.0
SUR,RUS,9646.0
SUR,RWA,9512.0
SUR,SAU,10936.0
SUR,SDN,9599.0
SUR,SEN,4239.0
SUR,SGP,17571.0
SUR,SHN,5958.0
SUR,SLB,16144.0
SUR,SLE,4639.0
SUR,SLV,3827.0
SUR,SMR,7773.0
SUR,SOM,11158.0
SUR,SPM,4534.0
SUR,SRB,8419.0
SUR,SSD,9605.0
SUR,STP,6903.0
SUR,SVK,8213.0
SUR,SVN,7978.0
SUR,SWE,8500.0
SUR,SWZ,9934.0
SUR,SXM,1595.0
SUR,SYC,12349.0
SUR,SYR,9793.0
SUR,TCA,2438.0
SUR,TCD,7733.0
SUR,TGO,6239.0
SUR,THA,16573.0
SUR,TJK,12441.0
SUR,TKL,12982.0
SUR,TKM,11633.0
SUR,TLS,19697.0
SUR,TON,13365.0
SUR,TTO,878.0
SUR,TUN,7433.0
SUR,TUR,9093.0
SUR,TUV,14029.0
SUR,TWN,16569.0
SUR,TZA,10583.0
SUR,UGA,9766.0
SUR,UKR,9203.0
SUR,URY,4506.0
SUR,USA,4293.0
SUR,UZB,12331.0
SUR,VAT,7730.0
SUR,VCT,1045.0
SUR,VEN,1388.0
SUR,VGB,1726.0
SUR,VNM,17296.0
SUR,VUT,15130.0
SUR,WLF,13522.0
SUR,WSM,13044.0
SUR,YEM,10846.0
SUR,ZAF,9627.0
SUR,ZMB,9490.0
SUR,ZWE,9816.0
SVK,ABW,8771.0
SVK,AFG,4516.0
SVK,AGO,6324.0
SVK,AIA,7799.0
SVK,ALB,788.0
SVK,AND,1370.0
SVK,ARE,4186.0
SVK,ARG,11832.0
SVK,ARM,2348.0
SVK,ASM,16180.0
SVK,ATG,7797.0
SVK,AUS,15702.0
SVK,AUT,55.0
SVK,AZE,2732.0
SVK,BDI,5832.0
SVK,BEL,970.0
SVK,BEN,4829.0
SVK,BES,8671.0
SVK,BFA,4329.0
SVK,BGD,6864.0
SVK,BGR,776.0
SVK,BHR,3791.0
SVK,BHS,8290.0
SVK,BIH,488.0
SVK,BLR,972.0
SVK,BLZ,9724.0
SVK,BMU,6851.0
SVK,BOL,11014.0
SVK,BRA,10161.0
SVK,BRB,7952.0
SVK,BRN,10183.0
SVK,BTN,6526.0
SVK,BWA,8111.0
SVK,CAF,4855.0
SVK,CAN,6983.0
SVK,CCK,10260.0
SVK,CHE,651.0
SVK,CHL,12536.0
SVK,CHN,8451.0
SVK,CIV,5152.0
SVK,CMR,4936.0
SVK,COD,5816.0
SVK,COG,5809.0
SVK,COK,17005.0
SVK,COL,9719.0
SVK,COM,7115.0
SVK,CPV,5231.0
SVK,CRI,10011.0
SVK,CUB,8796.0
SVK,CUW,8724.0
SVK,CXR,10758.0
SVK,CYM,9042.0
SVK,CYP,1971.0
SVK,CZE,291.0
SVK,DEU,553.0
SVK,DJI,4722.0
SVK,DMA,7907.0
SVK,DNK,893.0
SVK,DOM,8282.0
SVK,DZA,1710.0
SVK,ECU,10709.0
SVK,EGY,2344.0
SVK,ERI,4153.0
SVK,ESH,3506.0
SVK,ESP,1862.0
SVK,EST,1352.0
SVK,ETH,4790.0
SVK,FIN,1430.0
SVK,FJI,16275.0
SVK,FLK,13152.0
SVK,FRA,1092.0
SVK,FRO,2146.0
SVK,FSM,12819.0
SVK,GAB,5343.0
SVK,GBR,1291.0
SVK,GEO,2289.0
SVK,GHA,4926.0
SVK,GIB,2272.0
SVK,GIN,5155.0
SVK,GLP,7877.0
SVK,GMB,4949.0
SVK,GNB,5039.0
SVK,GNQ,5177.0
SVK,GRC,1254.0
SVK,GRD,8195.0
SVK,GRL,4367.0
SVK,GTM,10070.0
SVK,GUF,8083.0
SVK,GUM,11453.0
SVK,GUY,8355.0
SVK,HKG,8698.0
SVK,HND,9884.0
SVK,HRV,273.0
SVK,HTI,8455.0
SVK,HUN,162.0
SVK,IDN,10500.0
SVK,IND,5517.0
SVK,IOT,8168.0
SVK,IRL,1737.0
SVK,IRN,3130.0
SVK,IRQ,2807.0
SVK,ISL,2933.0
SVK,ISR,2324.0
SVK,ITA,784.0
SVK,JAM,8822.0
SVK,JOR,2399.0
SVK,JPN,9117.0
SVK,KAZ,4571.0
SVK,KEN,5800.0
SVK,KGZ,4424.0
SVK,KHM,8899.0
SVK,KIR,14049.0
SVK,KNA,7848.0
SVK,KOR,8258.0
SVK,KWT,3359.0
SVK,LAO,8213.0
SVK,LBN,2201.0
SVK,LBR,5338.0
SVK,LBY,1728.0
SVK,LCA,7981.0
SVK,LIE,581.0
SVK,LKA,7432.0
SVK,LSO,8642.0
SVK,LTU,922.0
SVK,LUX,821.0
SVK,LVA,1087.0
SVK,MAC,8660.0
SVK,MAR,2618.0
SVK,MCO,896.0
SVK,MDA,892.0
SVK,MDG,8022.0
SVK,MDV,7225.0
SVK,MEX,10218.0
SVK,MHL,13389.0
SVK,MKD,763.0
SVK,MLI,4572.0
SVK,MLT,1377.0
SVK,MMR,7829.0
SVK,MNE,656.0
SVK,MNG,6282.0
SVK,MNP,11349.0
SVK,MOZ,8350.0
SVK,MRT,4479.0
SVK,MSR,7850.0
SVK,MTQ,7939.0
SVK,MUS,8568.0
SVK,MWI,7076.0
SVK,MYS,9348.0
SVK,MYT,7299.0
SVK,NAM,7831.0
SVK,NCL,16060.0
SVK,NER,4083.0
SVK,NFK,16744.0
SVK,NGA,4801.0
SVK,NIC,9981.0
SVK,NIU,16716.0
SVK,NLD,988.0
SVK,NOR,1373.0
SVK,NPL,6189.0
SVK,NRU,13986.0
SVK,NZL,17806.0
SVK,OMN,4546.0
SVK,PAK,5048.0
SVK,PAN,9758.0
SVK,PCN,15998.0
SVK,PER,11302.0
SVK,PHL,9810.0
SVK,PLW,11360.0
SVK,PNG,13690.0
SVK,POL,533.0
SVK,PRI,8005.0
SVK,PRK,8065.0
SVK,PRT,2353.0
SVK,PRY,11012.0
SVK,PSE,2359.0
SVK,PYF,16401.0
SVK,QAT,3924.0
SVK,REU,8547.0
SVK,ROU,806.0
SVK,RUS,1636.0
SVK,RWA,5691.0
SVK,SAU,3675.0
SVK,SDN,3882.0
SVK,SEN,4878.0
SVK,SGP,9661.0
SVK,SHN,7451.0
SVK,SLB,14492.0
SVK,SLE,5240.0
SVK,SLV,10056.0
SVK,SMR,591.0
SVK,SOM,5782.0
SVK,SPM,5310.0
SVK,SRB,451.0
SVK,SSD,4993.0
SVK,STP,5392.0
SVK,SUR,8213.0
SVK,SVN,306.0
SVK,SWE,1246.0
SVK,SWZ,8365.0
SVK,SXM,7814.0
SVK,SYC,6935.0
SVK,SYR,2282.0
SVK,TCA,8136.0
SVK,TCD,4001.0
SVK,TGO,4894.0
SVK,THA,8399.0
SVK,TJK,4239.0
SVK,TKL,15636.0
SVK,TKM,3500.0
SVK,TLS,12082.0
SVK,TON,16814.0
SVK,TTO,8290.0
SVK,TUN,1380.0
SVK,TUR,1228.0
SVK,TUV,15302.0
SVK,TWN,8968.0
SVK,TZA,6465.0
SVK,UGA,5506.0
SVK,UKR,1007.0
SVK,URY,11714.0
SVK,USA,6865.0
SVK,UZB,4118.0
SVK,VAT,785.0
SVK,VCT,8067.0
SVK,VEN,8703.0
SVK,VGB,7899.0
SVK,VNM,9095.0
SVK,VUT,15747.0
SVK,WLF,15949.0
SVK,WSM,16113.0
SVK,YEM,4403.0
SVK,ZAF,8306.0
SVK,ZMB,7127.0
SVK,ZWE,7438.0
SVN,ABW,8598.0
SVN,AFG,4722.0
SVN,AGO,6080.0
SVN,AIA,7623.0
SVN,ALB,677.0
SVN,AND,1107.0
SVN,ARE,4287.0
SVN,ARG,11537.0
SVN,ARM,2511.0
SVN,ASM,16448.0
SVN,ATG,7613.0
SVN,AUS,15880.0
SVN,AUT,278.0
SVN,AZE,2918.0
SVN,BDI,5669.0
SVN,BEL,920.0
SVN,BEN,4542.0
SVN,BES,8492.0
SVN,BFA,4030.0
SVN,BGD,7086.0
SVN,BGR,795.0
SVN,BHR,3872.0
SVN,BHS,8184.0
SVN,BIH,390.0
SVN,BLR,1277.0
SVN,BLZ,9630.0
SVN,BMU,6733.0
SVN,BOL,10761.0
SVN,BRA,9864.0
SVN,BRB,7749.0
SVN,BRN,10419.0
SVN,BTN,6758.0
SVN,BWA,7914.0
SVN,CAF,4636.0
SVN,CAN,6959.0
SVN,CCK,10392.0
SVN,CHE,481.0
SVN,CHL,12256.0
SVN,CHN,8743.0
SVN,CIV,4853.0
SVN,CMR,4683.0
SVN,COD,5581.0
SVN,COG,5574.0
SVN,COK,17202.0
SVN,COL,9535.0
SVN,COM,7013.0
SVN,CPV,4942.0
SVN,CRI,9877.0
SVN,CUB,8700.0
SVN,CUW,8546.0
SVN,CXR,10926.0
SVN,CYM,8928.0
SVN,CYP,1994.0
SVN,CZE,449.0
SVN,DEU,724.0
SVN,DJI,4681.0
SVN,DMA,7716.0
SVN,DNK,1079.0
SVN,DOM,8128.0
SVN,DZA,1406.0
SVN,ECU,10523.0
SVN,EGY,2296.0
SVN,ERI,4096.0
SVN,ESH,3217.0
SVN,ESP,1601.0
SVN,EST,1638.0
SVN,ETH,4710.0
SVN,FIN,1715.0
SVN,FJI,16577.0
SVN,FLK,12847.0
SVN,FRA,967.0
SVN,FRO,2236.0
SVN,FSM,13125.0
SVN,GAB,5083.0
SVN,GBR,1232.0
SVN,GEO,2470.0
SVN,GHA,4630.0
SVN,GIB,1990.0
SVN,GIN,4850.0
SVN,GLP,7689.0
SVN,GMB,4648.0
SVN,GNB,4735.0
SVN,GNQ,4917.0
SVN,GRC,1180.0
SVN,GRD,7995.0
SVN,GRL,4422.0
SVN,GTM,9973.0
SVN,GUF,7839.0
SVN,GUM,11753.0
SVN,GUY,8131.0
SVN,HKG,8967.0
SVN,HND,9774.0
SVN,HRV,117.0
SVN,HTI,8309.0
SVN,HUN,382.0
SVN,IDN,10684.0
SVN,IND,5720.0
SVN,IOT,8221.0
SVN,IRL,1694.0
SVN,IRN,3283.0
SVN,IRQ,2902.0
SVN,ISL,3002.0
SVN,ISR,2329.0
SVN,ITA,489.0
SVN,JAM,8688.0
SVN,JOR,2415.0
SVN,JPN,9423.0
SVN,KAZ,4831.0
SVN,KEN,5683.0
SVN,KGZ,4680.0
SVN,KHM,9125.0
SVN,KIR,14349.0
SVN,KNA,7667.0
SVN,KOR,8559.0
SVN,KWT,3446.0
SVN,LAO,8449.0
SVN,LBN,2231.0
SVN,LBR,5033.0
SVN,LBY,1467.0
SVN,LCA,7785.0
SVN,LIE,401.0
SVN,LKA,7564.0
SVN,LSO,8448.0
SVN,LTU,1226.0
SVN,LUX,741.0
SVN,LVA,1380.0
SVN,MAC,8928.0
SVN,MAR,2332.0
SVN,MCO,616.0
SVN,MDA,1105.0
SVN,MDG,7927.0
SVN,MDV,7321.0
SVN,MEX,10171.0
SVN,MHL,13689.0
SVN,MKD,714.0
SVN,MLI,4266.0
SVN,MLT,1127.0
SVN,MMR,8045.0
SVN,MNE,552.0
SVN,MNG,6580.0
SVN,MNP,11651.0
SVN,MOZ,8178.0
SVN,MRT,4181.0
SVN,MSR,7666.0
SVN,MTQ,7745.0
SVN,MUS,8517.0
SVN,MWI,6923.0
SVN,MYS,9542.0
SVN,MYT,7206.0
SVN,NAM,7602.0
SVN,NCL,16358.0
SVN,NER,3791.0
SVN,NFK,17032.0
SVN,NGA,4517.0
SVN,NIC,9861.0
SVN,NIU,16983.0
SVN,NLD,991.0
SVN,NOR,1562.0
SVN,NPL,6411.0
SVN,NRU,14291.0
SVN,NZL,18086.0
SVN,OMN,4655.0
SVN,PAK,5201.0
SVN,PAN,9605.0
SVN,PCN,15924.0
SVN,PER,11081.0
SVN,PHL,10078.0
SVN,PLW,11641.0
SVN,PNG,13971.0
SVN,POL,834.0
SVN,PRI,7839.0
SVN,PRK,8366.0
SVN,PRT,2101.0
SVN,PRY,10727.0
SVN,PSE,2356.0
SVN,PYF,16519.0
SVN,QAT,4004.0
SVN,REU,8484.0
SVN,ROU,927.0
SVN,RUS,1937.0
SVN,RWA,5533.0
SVN,SAU,3722.0
SVN,SDN,3776.0
SVN,SEN,4579.0
SVN,SGP,9857.0
SVN,SHN,7160.0
SVN,SLB,14792.0
SVN,SLE,4934.0
SVN,SLV,9951.0
SVN,SMR,286.0
SVN,SOM,5725.0
SVN,SPM,5243.0
SVN,SRB,486.0
SVN,SSD,4855.0
SVN,STP,5122.0
SVN,SUR,7978.0
SVN,SVK,306.0
SVN,SWE,1497.0
SVN,SWZ,8188.0
SVN,SXM,7636.0
SVN,SYC,6916.0
SVN,SYR,2317.0
SVN,TCA,7996.0
SVN,TCD,3763.0
SVN,TGO,4605.0
SVN,THA,8619.0
SVN,TJK,4464.0
SVN,TKL,15903.0
SVN,TKM,3695.0
SVN,TLS,12314.0
SVN,TON,17105.0
SVN,TTO,8085.0
SVN,TUN,1087.0
SVN,TUR,1292.0
SVN,TUV,15597.0
SVN,TWN,9252.0
SVN,TZA,6352.0
SVN,UGA,5367.0
SVN,UKR,1282.0
SVN,URY,11417.0
SVN,USA,6812.0
SVN,UZB,4358.0
SVN,VAT,489.0
SVN,VCT,7868.0
SVN,VEN,8514.0
SVN,VGB,7728.0
SVN,VNM,9323.0
SVN,VUT,16051.0
SVN,WLF,16236.0
SVN,WSM,16384.0
SVN,YEM,4385.0
SVN,ZAF,8117.0
SVN,ZMB,6946.0
SVN,ZWE,7268.0
SWE,ABW,8710.0
SWE,AFG,4599.0
SWE,AGO,7569.0
SWE,AIA,7780.0
SWE,ALB,2006.0
SWE,AND,2190.0
SWE,ARE,4755.0
SWE,ARG,12539.0
SWE,ARM,2820.0
SWE,ASM,14952.0
SWE,ATG,7814.0
SWE,AUS,15588.0
SWE,AUT,1243.0
SWE,AZE,3058.0
SWE,BDI,7025.0
SWE,BEL,1283.0
SWE,BEN,6018.0
SWE,BES,8646.0
SWE,BFA,5461.0
SWE,BGD,6772.0
SWE,BGR,1886.0
SWE,BHR,4451.0
SWE,BHS,7941.0
SWE,BIH,1723.0
SWE,BLR,839.0
SWE,BLZ,9291.0
SWE,BMU,6588.0
SWE,BOL,11357.0
SWE,BRA,10906.0
SWE,BRB,8064.0
SWE,BRN,9927.0
SWE,BTN,6385.0
SWE,BWA,9335.0
SWE,CAF,6098.0
SWE,CAN,6344.0
SWE,CCK,10535.0
SWE,CHE,1474.0
SWE,CHL,13067.0
SWE,CHN,7782.0
SWE,CIV,6279.0
SWE,CMR,6178.0
SWE,COD,7062.0
SWE,COG,7056.0
SWE,COK,15769.0
SWE,COL,9690.0
SWE,COM,8193.0
SWE,CPV,5983.0
SWE,CRI,9743.0
SWE,CUB,8393.0
SWE,CUW,8688.0
SWE,CXR,10860.0
SWE,CYM,8703.0
SWE,CYP,2910.0
SWE,CZE,1055.0
SWE,DEU,811.0
SWE,DJI,5695.0
SWE,DMA,7958.0
SWE,DNK,524.0
SWE,DOM,8142.0
SWE,DZA,2734.0
SWE,ECU,10665.0
SWE,EGY,3404.0
SWE,ERI,5175.0
SWE,ESH,4304.0
SWE,ESP,2596.0
SWE,EST,380.0
SWE,ETH,5848.0
SWE,FIN,397.0
SWE,FJI,15165.0
SWE,FLK,14066.0
SWE,FRA,1547.0
SWE,FRO,1381.0
SWE,FSM,11857.0
SWE,GAB,6579.0
SWE,GBR,1436.0
SWE,GEO,2695.0
SWE,GHA,6076.0
SWE,GIB,3084.0
SWE,GIN,6128.0
SWE,GLP,7912.0
SWE,GMB,5841.0
SWE,GNB,5962.0
SWE,GNQ,6414.0
SWE,GRC,2412.0
SWE,GRD,8284.0
SWE,GRL,3535.0
SWE,GTM,9638.0
SWE,GUF,8432.0
SWE,GUM,10632.0
SWE,GUY,8578.0
SWE,HKG,8240.0
SWE,HND,9514.0
SWE,HRV,1511.0
SWE,HTI,8275.0
SWE,HUN,1319.0
SWE,IDN,10527.0
SWE,IND,5573.0
SWE,IOT,8797.0
SWE,IRL,1634.0
SWE,IRN,3565.0
SWE,IRQ,3481.0
SWE,ISL,2140.0
SWE,ISR,3275.0
SWE,ITA,1978.0
SWE,JAM,8574.0
SWE,JOR,3322.0
SWE,JPN,8190.0
SWE,KAZ,4303.0
SWE,KEN,6919.0
SWE,KGZ,4201.0
SWE,KHM,8731.0
SWE,KIR,12931.0
SWE,KNA,7847.0
SWE,KOR,7451.0
SWE,KWT,4025.0
SWE,LAO,7997.0
SWE,LBN,3104.0
SWE,LBR,6375.0
SWE,LBY,2963.0
SWE,LCA,8057.0
SWE,LIE,1469.0
SWE,LKA,7772.0
SWE,LSO,9863.0
SWE,LTU,677.0
SWE,LUX,1326.0
SWE,LVA,444.0
SWE,MAC,8212.0
SWE,MAR,3429.0
SWE,MCO,1881.0
SWE,MDA,1546.0
SWE,MDG,9078.0
SWE,MDV,7715.0
SWE,MEX,9600.0
SWE,MHL,12270.0
SWE,MKD,1942.0
SWE,MLI,5613.0
SWE,MLT,2618.0
SWE,MMR,7739.0
SWE,MNE,1881.0
SWE,MNG,5556.0
SWE,MNP,10500.0
SWE,MOZ,9545.0
SWE,MRT,5337.0
SWE,MSR,7865.0
SWE,MTQ,8005.0
SWE,MUS,9515.0
SWE,MWI,8248.0
SWE,MYS,9345.0
SWE,MYT,8359.0
SWE,NAM,9076.0
SWE,NCL,15197.0
SWE,NER,5254.0
SWE,NFK,15946.0
SWE,NGA,5998.0
SWE,NIC,9650.0
SWE,NIU,15487.0
SWE,NLD,1128.0
SWE,NOR,418.0
SWE,NPL,6118.0
SWE,NRU,12948.0
SWE,NZL,17001.0
SWE,OMN,5071.0
SWE,PAK,5371.0
SWE,PAN,9580.0
SWE,PCN,15327.0
SWE,PER,11438.0
SWE,PHL,9337.0
SWE,PLW,10750.0
SWE,PNG,13042.0
SWE,POL,812.0
SWE,PRI,7930.0
SWE,PRK,7256.0
SWE,PRT,2993.0
SWE,PRY,11623.0
SWE,PSE,3327.0
SWE,PYF,15257.0
SWE,QAT,4579.0
SWE,REU,9522.0
SWE,ROU,1745.0
SWE,RUS,1232.0
SWE,RWA,6876.0
SWE,SAU,4448.0
SWE,SDN,5002.0
SWE,SEN,5744.0
SWE,SGP,9644.0
SWE,SHN,8617.0
SWE,SLB,13618.0
SWE,SLE,6227.0
SWE,SLV,9657.0
SWE,SMR,1755.0
SWE,SOM,6777.0
SWE,SPM,4887.0
SWE,SRB,1623.0
SWE,SSD,6153.0
SWE,STP,6617.0
SWE,SUR,8500.0
SWE,SVK,1246.0
SWE,SVN,1497.0
SWE,SWZ,9568.0
SWE,SXM,7797.0
SWE,SYC,7817.0
SWE,SYR,3171.0
SWE,TCA,7934.0
SWE,TCD,5247.0
SWE,TGO,6074.0
SWE,THA,8278.0
SWE,TJK,4229.0
SWE,TKL,14406.0
SWE,TKM,3711.0
SWE,TLS,11811.0
SWE,TON,15634.0
SWE,TTO,8402.0
SWE,TUN,2567.0
SWE,TUR,2174.0
SWE,TUV,14147.0
SWE,TWN,8369.0
SWE,TZA,7573.0
SWE,UGA,6666.0
SWE,UKR,1268.0
SWE,URY,12451.0
SWE,USA,6336.0
SWE,UZB,4026.0
SWE,VAT,1977.0
SWE,VCT,8150.0
SWE,VEN,8724.0
SWE,VGB,7850.0
SWE,VNM,8907.0
SWE,VUT,14801.0
SWE,WLF,14760.0
SWE,WSM,14890.0
SWE,YEM,5330.0
SWE,ZAF,9523.0
SWE,ZMB,8336.0
SWE,ZWE,8633.0
SWZ,ABW,11724.0
SWZ,AFG,7839.0
SWZ,AGO,2704.0
SWZ,AIA,11297.0
SWZ,ALB,7579.0
SWZ,AND,8204.0
SWZ,ARE,6271.0
SWZ,ARG,8362.0
SWZ,ARM,7491.0
SWZ,ASM,14935.0
SWZ,ATG,11129.0
SWZ,AUS,10118.0
SWZ,AUT,8384.0
SWZ,AZE,7635.0
SWZ,BDI,2545.0
SWZ,BEL,8944.0
SWZ,BEN,4774.0
SWZ,BES,11533.0
SWZ,BFA,5551.0
SWZ,BGD,8445.0
SWZ,BGR,7683.0
SWZ,BHR,6176.0
SWZ,BHS,12948.0
SWZ,BIH,7878.0
SWZ,BLR,8893.0
SWZ,BLZ,13787.0
SWZ,BMU,12044.0
SWZ,BOL,10103.0
SWZ,BRA,7734.0
SWZ,BRB,10724.0
SWZ,BRN,9642.0
SWZ,BTN,8639.0
SWZ,BWA,557.0
SWZ,CAF,3655.0
SWZ,CAN,13589.0
SWZ,CCK,7012.0
SWZ,CHE,8469.0
SWZ,CHL,9440.0
SWZ,CHN,11507.0
SWZ,CIV,5162.0
SWZ,CMR,3952.0
SWZ,COD,2960.0
SWZ,COG,2968.0
SWZ,COK,14615.0
SWZ,COL,11759.0
SWZ,COM,2058.0
SWZ,CPV,7467.0
SWZ,CRI,13008.0
SWZ,CUB,13368.0
SWZ,CUW,11597.0
SWZ,CXR,7974.0
SWZ,CYM,13132.0
SWZ,CYP,6808.0
SWZ,CZE,8622.0
SWZ,DEU,8902.0
SWZ,DJI,4390.0
SWZ,DMA,11001.0
SWZ,DNK,9255.0
SWZ,DOM,11973.0
SWZ,DZA,7577.0
SWZ,ECU,11992.0
SWZ,EGY,6236.0
SWZ,ERI,4685.0
SWZ,ESH,7587.0
SWZ,ESP,8221.0
SWZ,EST,9521.0
SWZ,ETH,3996.0
SWZ,FIN,9602.0
SWZ,FJI,13957.0
SWZ,FLK,7691.0
SWZ,FRA,8805.0
SWZ,FRO,10359.0
SWZ,FSM,14033.0
SWZ,GAB,3761.0
SWZ,GBR,9148.0
SWZ,GEO,7661.0
SWZ,GHA,5084.0
SWZ,GIB,7904.0
SWZ,GIN,6261.0
SWZ,GLP,11066.0
SWZ,GMB,6792.0
SWZ,GNB,6588.0
SWZ,GNQ,3873.0
SWZ,GRC,7156.0
SWZ,GRD,10884.0
SWZ,GRL,12271.0
SWZ,GTM,13858.0
SWZ,GUF,9607.0
SWZ,GUM,13006.0
SWZ,GUY,10277.0
SWZ,HKG,10436.0
SWZ,HND,13503.0
SWZ,HRV,8133.0
SWZ,HTI,12213.0
SWZ,HUN,8264.0
SWZ,IDN,8287.0
SWZ,IND,7827.0
SWZ,IOT,4849.0
SWZ,IRL,9535.0
SWZ,IRN,7188.0
SWZ,IRQ,6750.0
SWZ,ISL,11031.0
SWZ,ISR,6474.0
SWZ,ITA,7792.0
SWZ,JAM,12629.0
SWZ,JOR,6469.0
SWZ,JPN,13270.0
SWZ,KAZ,9013.0
SWZ,KEN,2836.0
SWZ,KGZ,8860.0
SWZ,KHM,9006.0
SWZ,KIR,15095.0
SWZ,KNA,11223.0
SWZ,KOR,12229.0
SWZ,KWT,6419.0
SWZ,LAO,9145.0
SWZ,LBN,6680.0
SWZ,LBR,5787.0
SWZ,LBY,6821.0
SWZ,LCA,10902.0
SWZ,LIE,8420.0
SWZ,LKA,6416.0
SWZ,LSO,490.0
SWZ,LTU,8992.0
SWZ,LUX,8767.0
SWZ,LVA,9250.0
SWZ,MAC,10373.0
SWZ,MAR,7794.0
SWZ,MCO,8126.0
SWZ,MDA,8123.0
SWZ,MDG,1873.0
SWZ,MDV,5675.0
SWZ,MEX,14902.0
SWZ,MHL,15314.0
SWZ,MKD,7629.0
SWZ,MLI,6043.0
SWZ,MLT,7104.0
SWZ,MMR,8496.0
SWZ,MNE,7710.0
SWZ,MNG,11151.0
SWZ,MNP,13180.0
SWZ,MOZ,138.0
SWZ,MRT,7076.0
SWZ,MSR,11150.0
SWZ,MTQ,10938.0
SWZ,MUS,2777.0
SWZ,MWI,1395.0
SWZ,MYS,8244.0
SWZ,MYT,2102.0
SWZ,NAM,1483.0
SWZ,NCL,12800.0
SWZ,NER,5412.0
SWZ,NFK,12347.0
SWZ,NGA,4703.0
SWZ,NIC,13324.0
SWZ,NIU,14497.0
SWZ,NLD,9084.0
SWZ,NOR,9737.0
SWZ,NPL,8328.0
SWZ,NRU,14431.0
SWZ,NZL,12047.0
SWZ,OMN,6266.0
SWZ,PAK,6859.0
SWZ,PAN,12510.0
SWZ,PCN,13980.0
SWZ,PER,11180.0
SWZ,PHL,10708.0
SWZ,PLW,11703.0
SWZ,PNG,12067.0
SWZ,POL,8757.0
SWZ,PRI,11603.0
SWZ,PRK,12178.0
SWZ,PRT,8331.0
SWZ,PRY,8695.0
SWZ,PSE,6409.0
SWZ,PYF,15152.0
SWZ,QAT,6112.0
SWZ,REU,2549.0
SWZ,ROU,7851.0
SWZ,RUS,9114.0
SWZ,RWA,2699.0
SWZ,SAU,5887.0
SWZ,SDN,4634.0
SWZ,SEN,6944.0
SWZ,SGP,8361.0
SWZ,SHN,3981.0
SWZ,SLB,13224.0
SWZ,SLE,6148.0
SWZ,SLV,13685.0
SWZ,SMR,8009.0
SWZ,SOM,3490.0
SWZ,SPM,11898.0
SWZ,SRB,7951.0
SWZ,SSD,3449.0
SWZ,STP,3944.0
SWZ,SUR,9934.0
SWZ,SVK,8365.0
SWZ,SVN,8188.0
SWZ,SWE,9568.0
SWZ,SXM,11287.0
SWZ,SYC,3531.0
SWZ,SYR,6644.0
SWZ,TCA,12216.0
SWZ,TCD,4594.0
SWZ,TGO,4829.0
SWZ,THA,8713.0
SWZ,TJK,8181.0
SWZ,TKL,15380.0
SWZ,TKM,7662.0
SWZ,TLS,10035.0
SWZ,TON,14041.0
SWZ,TTO,10796.0
SWZ,TUN,7326.0
SWZ,TUR,7457.0
SWZ,TUV,14844.0
SWZ,TWN,11236.0
SWZ,TZA,2324.0
SWZ,UGA,2951.0
SWZ,UKR,8503.0
SWZ,URY,8163.0
SWZ,USA,13095.0
SWZ,UZB,8451.0
SWZ,VAT,7794.0
SWZ,VCT,10885.0
SWZ,VEN,11319.0
SWZ,VGB,11456.0
SWZ,VNM,9130.0
SWZ,VUT,13297.0
SWZ,WLF,14729.0
SWZ,WSM,14924.0
SWZ,YEM,4822.0
SWZ,ZAF,309.0
SWZ,ZMB,1243.0
SWZ,ZWE,940.0
SXM,ABW,966.0
SXM,AFG,12311.0
SXM,AGO,8889.0
SXM,AIA,21.0
SXM,ALB,8124.0
SXM,AND,6604.0
SXM,ARE,11808.0
SXM,ARG,5845.0
SXM,ARM,10148.0
SXM,ASM,12333.0
SXM,ATG,162.0
SXM,AUS,16521.0
SXM,AUT,7759.0
SXM,AZE,10546.0
SXM,BDI,10387.0
SXM,BEL,6891.0
SXM,BEN,7197.0
SXM,BES,859.0
SXM,BFA,6611.0
SXM,BGD,14569.0
SXM,BGR,8383.0
SXM,BHR,11341.0
SXM,BHS,1672.0
SXM,BIH,7964.0
SXM,BLR,8447.0
SXM,BLZ,2729.0
SXM,BMU,1590.0
SXM,BOL,3860.0
SXM,BRA,4933.0
SXM,BRB,658.0
SXM,BRN,17454.0
SXM,BTN,14180.0
SXM,BWA,10731.0
SXM,CAF,8980.0
SXM,CAN,3235.0
SXM,CCK,17776.0
SXM,CHE,7173.0
SXM,CHL,5754.0
SXM,CHN,14533.0
SXM,CIV,6558.0
SXM,CMR,8252.0
SXM,COD,8939.0
SXM,COG,8933.0
SXM,COK,11396.0
SXM,COL,1910.0
SXM,COM,12119.0
SXM,CPV,4228.0
SXM,CRI,2440.0
SXM,CUB,2091.0
SXM,CUW,911.0
SXM,CXR,18546.0
SXM,CYM,1938.0
SXM,CYP,9439.0
SXM,CZE,7603.0
SXM,DEU,7525.0
SXM,DJI,11289.0
SXM,DMA,350.0
SXM,DNK,7470.0
SXM,DOM,727.0
SXM,DZA,6725.0
SXM,ECU,2899.0
SXM,EGY,9426.0
SXM,ERI,10715.0
SXM,ESH,5191.0
SXM,ESP,6152.0
SXM,EST,8175.0
SXM,ETH,10938.0
SXM,FIN,8174.0
SXM,FJI,13558.0
SXM,FLK,7741.0
SXM,FRA,6725.0
SXM,FRO,6518.0
SXM,FSM,14726.0
SXM,GAB,8153.0
SXM,GBR,6591.0
SXM,GEO,10101.0
SXM,GHA,6768.0
SXM,GIB,5971.0
SXM,GIN,5407.0
SXM,GLP,265.0
SXM,GMB,4983.0
SXM,GNB,5136.0
SXM,GNQ,8134.0
SXM,GRC,8527.0
SXM,GRD,675.0
SXM,GRL,5198.0
SXM,GTM,2959.0
SXM,GUF,1859.0
SXM,GUM,15386.0
SXM,GUY,1350.0
SXM,HKG,15535.0
SXM,HND,2620.0
SXM,HRV,7752.0
SXM,HTI,984.0
SXM,HUN,7965.0
SXM,IDN,18310.0
SXM,IND,13311.0
SXM,IOT,15062.0
SXM,IRL,6230.0
SXM,IRN,10915.0
SXM,IRQ,10458.0
SXM,ISL,5979.0
SXM,ISR,9674.0
SXM,ITA,7510.0
SXM,JAM,1456.0
SXM,JOR,9782.0
SXM,JPN,13597.0
SXM,KAZ,12089.0
SXM,KEN,11105.0
SXM,KGZ,11996.0
SXM,KHM,16479.0
SXM,KIR,13536.0
SXM,KNA,88.0
SXM,KOR,13762.0
SXM,KWT,10955.0
SXM,LAO,15728.0
SXM,LBN,9668.0
SXM,LBR,5812.0
SXM,LBY,7686.0
SXM,LCA,496.0
SXM,LIE,7250.0
SXM,LKA,15103.0
SXM,LSO,11025.0
SXM,LTU,8285.0
SXM,LUX,7007.0
SXM,LVA,8175.0
SXM,MAC,15539.0
SXM,MAR,5749.0
SXM,MCO,7087.0
SXM,MDA,8706.0
SXM,MDG,12752.0
SXM,MDV,14667.0
SXM,MEX,3803.0
SXM,MHL,13438.0
SXM,MKD,8244.0
SXM,MLI,5921.0
SXM,MLT,7759.0
SXM,MMR,15536.0
SXM,MNE,8059.0
SXM,MNG,12634.0
SXM,MNP,15170.0
SXM,MOZ,11406.0
SXM,MRT,4969.0
SXM,MSR,163.0
SXM,MTQ,433.0
SXM,MUS,13805.0
SXM,MWI,11196.0
SXM,MYS,17136.0
SXM,MYT,12357.0
SXM,NAM,9804.0
SXM,NCL,14858.0
SXM,NER,6966.0
SXM,NFK,14721.0
SXM,NGA,7307.0
SXM,NIC,2576.0
SXM,NIU,12374.0
SXM,NLD,6946.0
SXM,NOR,7386.0
SXM,NPL,13912.0
SXM,NRU,14239.0
SXM,NZL,14038.0
SXM,OMN,12188.0
SXM,PAK,12826.0
SXM,PAN,2042.0
SXM,PCN,8494.0
SXM,PER,3663.0
SXM,PHL,16368.0
SXM,PLW,16611.0
SXM,PNG,16634.0
SXM,POL,8043.0
SXM,PRI,327.0
SXM,PRK,13622.0
SXM,PRT,5666.0
SXM,PRY,4829.0
SXM,PSE,9666.0
SXM,PYF,10254.0
SXM,QAT,11463.0
SXM,REU,13606.0
SXM,ROU,8563.0
SXM,RUS,9017.0
SXM,RWA,10412.0
SXM,SAU,11065.0
SXM,SDN,10060.0
SXM,SEN,4874.0
SXM,SGP,17440.0
SXM,SHN,7322.0
SXM,SLB,15299.0
SXM,SLE,5484.0
SXM,SLV,2838.0
SXM,SMR,7491.0
SXM,SOM,11887.0
SXM,SPM,3250.0
SXM,SRB,8115.0
SXM,SSD,10340.0
SXM,STP,7868.0
SXM,SUR,1595.0
SXM,SVK,7814.0
SXM,SVN,7636.0
SXM,SWE,7797.0
SXM,SWZ,11287.0
SXM,SYC,13189.0
SXM,SYR,9755.0
SXM,TCA,930.0
SXM,TCD,8364.0
SXM,TGO,7086.0
SXM,THA,16063.0
SXM,TJK,11988.0
SXM,TKL,12251.0
SXM,TKM,11312.0
SXM,TLS,18616.0
SXM,TON,12960.0
SXM,TTO,831.0
SXM,TUN,7359.0
SXM,TUR,8880.0
SXM,TUV,13236.0
SXM,TWN,15218.0
SXM,TZA,11549.0
SXM,UGA,10602.0
SXM,UKR,8730.0
SXM,URY,5895.0
SXM,USA,2726.0
SXM,UZB,11811.0
SXM,VAT,7507.0
SXM,VCT,573.0
SXM,VEN,931.0
SXM,VGB,172.0
SXM,VNM,16630.0
SXM,VUT,14608.0
SXM,WLF,12881.0
SXM,WSM,12433.0
SXM,YEM,11241.0
SXM,ZAF,10985.0
SXM,ZMB,10672.0
SXM,ZWE,11032.0
SYC,ABW,13981.0
SYC,AFG,4566.0
SYC,AGO,4688.0
SYC,AIA,13188.0
SYC,ALB,6243.0
SYC,AND,7527.0
SYC,ARE,3307.0
SYC,ARG,11867.0
SYC,ARM,5085.0
SYC,ASM,14526.0
SYC,ATG,13069.0
SYC,AUS,9658.0
SYC,AUT,6979.0
SYC,AZE,5014.0
SYC,BDI,2900.0
SYC,BEL,7834.0
SYC,BEN,6026.0
SYC,BES,13792.0
SYC,BFA,6578.0
SYC,BGD,4920.0
SYC,BGR,6160.0
SYC,BHR,3451.0
SYC,BHS,14507.0
SYC,BIH,6527.0
SYC,BLR,6986.0
SYC,BLZ,15889.0
SYC,BMU,13114.0
SYC,BOL,13403.0
SYC,BRA,11038.0
SYC,BRB,12849.0
SYC,BRN,6699.0
SYC,BTN,5108.0
SYC,BWA,3861.0
SYC,CAF,4221.0
SYC,CAN,13832.0
SYC,CCK,4627.0
SYC,CHE,7361.0
SYC,CHL,12963.0
SYC,CHN,8033.0
SYC,CIV,6703.0
SYC,CMR,4975.0
SYC,COD,4454.0
SYC,COG,4458.0
SYC,COK,15235.0
SYC,COL,14438.0
SYC,COM,1555.0
SYC,CPV,8967.0
SYC,CRI,15532.0
SYC,CUB,15060.0
SYC,CUW,13865.0
SYC,CXR,5574.0
SYC,CYM,15076.0
SYC,CYP,4972.0
SYC,CZE,7226.0
SYC,DEU,7464.0
SYC,DJI,2251.0
SYC,DMA,13032.0
SYC,DNK,7746.0
SYC,DOM,13904.0
SYC,DZA,7105.0
SYC,ECU,15014.0
SYC,EGY,4623.0
SYC,ERI,2861.0
SYC,ESH,8160.0
SYC,ESP,7812.0
SYC,EST,7599.0
SYC,ETH,2390.0
SYC,FIN,7662.0
SYC,FJI,13290.0
SYC,FLK,11176.0
SYC,FRA,7833.0
SYC,FRO,9057.0
SYC,FSM,11481.0
SYC,GAB,5145.0
SYC,GBR,8137.0
SYC,GEO,5240.0
SYC,GHA,6464.0
SYC,GIB,7758.0
SYC,GIN,7823.0
SYC,GLP,13064.0
SYC,GMB,8214.0
SYC,GNB,8071.0
SYC,GNQ,5132.0
SYC,GRC,5739.0
SYC,GRD,13083.0
SYC,GRL,11292.0
SYC,GTM,16146.0
SYC,GUF,12030.0
SYC,GUM,10061.0
SYC,GUY,12684.0
SYC,HKG,7048.0
SYC,HND,15808.0
SYC,HRV,6814.0
SYC,HTI,14158.0
SYC,HUN,6783.0
SYC,IDN,5696.0
SYC,IND,4359.0
SYC,IOT,1899.0
SYC,IRL,8600.0
SYC,IRN,4482.0
SYC,IRQ,4360.0
SYC,ISL,9854.0
SYC,ISR,4614.0
SYC,ITA,6739.0
SYC,JAM,14633.0
SYC,JOR,4544.0
SYC,JPN,9791.0
SYC,KAZ,5724.0
SYC,KEN,2104.0
SYC,KGZ,5602.0
SYC,KHM,5762.0
SYC,KIR,13085.0
SYC,KNA,13161.0
SYC,KOR,8715.0
SYC,KWT,3845.0
SYC,LAO,5747.0
SYC,LBN,4752.0
SYC,LBR,7461.0
SYC,LBY,6089.0
SYC,LCA,12995.0
SYC,LIE,7286.0
SYC,LKA,2997.0
SYC,LSO,4019.0
SYC,LTU,7141.0
SYC,LUX,7651.0
SYC,LVA,7390.0
SYC,MAC,6982.0
SYC,MAR,7852.0
SYC,MCO,7193.0
SYC,MDA,6287.0
SYC,MDG,1800.0
SYC,MDV,2231.0
SYC,MEX,16820.0
SYC,MHL,12941.0
SYC,MKD,6205.0
SYC,MLI,7272.0
SYC,MLT,6189.0
SYC,MMR,5066.0
SYC,MNE,6364.0
SYC,MNG,7672.0
SYC,MNP,10184.0
SYC,MOZ,3404.0
SYC,MRT,8226.0
SYC,MSR,13110.0
SYC,MTQ,13001.0
SYC,MUS,1734.0
SYC,MWI,2592.0
SYC,MYS,5214.0
SYC,MYT,1442.0
SYC,NAM,4580.0
SYC,NCL,11963.0
SYC,NER,6225.0
SYC,NFK,11925.0
SYC,NGA,5913.0
SYC,NIC,15741.0
SYC,NIU,14411.0
SYC,NLD,7901.0
SYC,NOR,8148.0
SYC,NPL,4804.0
SYC,NRU,12394.0
SYC,NZL,12244.0
SYC,OMN,3142.0
SYC,PAK,3500.0
SYC,PAN,15039.0
SYC,PCN,16771.0
SYC,PER,14461.0
SYC,PHL,7534.0
SYC,PLW,8877.0
SYC,PNG,10124.0
SYC,POL,7089.0
SYC,PRI,13506.0
SYC,PRK,8655.0
SYC,PRT,8173.0
SYC,PRY,12089.0
SYC,PSE,4577.0
SYC,PYF,16340.0
SYC,QAT,3337.0
SYC,REU,1800.0
SYC,ROU,6172.0
SYC,RUS,6889.0
SYC,RWA,2837.0
SYC,SAU,3378.0
SYC,SDN,3370.0
SYC,SEN,8317.0
SYC,SGP,5423.0
SYC,SHN,6793.0
SYC,SLB,11519.0
SYC,SLE,7760.0
SYC,SLV,16026.0
SYC,SMR,6884.0
SYC,SOM,1344.0
SYC,SPM,12022.0
SYC,SRB,6489.0
SYC,SSD,2853.0
SYC,STP,5446.0
SYC,SUR,12349.0
SYC,SVK,6935.0
SYC,SVN,6916.0
SYC,SWE,7817.0
SYC,SWZ,3531.0
SYC,SXM,13189.0
SYC,SYR,4677.0
SYC,TCA,13981.0
SYC,TCD,4839.0
SYC,TGO,6144.0
SYC,THA,5376.0
SYC,TJK,4971.0
SYC,TKL,14627.0
SYC,TKM,4722.0
SYC,TLS,7757.0
SYC,TON,13812.0
SYC,TTO,13060.0
SYC,TUN,6565.0
SYC,TUR,5728.0
SYC,TUV,13625.0
SYC,TWN,7845.0
SYC,TZA,1809.0
SYC,UGA,2601.0
SYC,UKR,6553.0
SYC,URY,11665.0
SYC,USA,13594.0
SYC,UZB,5270.0
SYC,VAT,6741.0
SYC,VCT,13023.0
SYC,VEN,13647.0
SYC,VGB,13350.0
SYC,VNM,5924.0
SYC,VUT,12262.0
SYC,WLF,13994.0
SYC,WSM,14433.0
SYC,YEM,2533.0
SYC,ZAF,3771.0
SYC,ZMB,3204.0
SYC,ZWE,3032.0
SYR,ABW,10719.0
SYR,AFG,3024.0
SYR,AGO,5284.0
SYR,AIA,9744.0
SYR,ALB,1694.0
SYR,AND,3188.0
SYR,ARE,2054.0
SYR,ARG,12412.0
SYR,ARM,1040.0
SYR,ASM,16562.0
SYR,ATG,9707.0
SYR,AUS,13705.0
SYR,AUT,2330.0
SYR,AZE,1428.0
SYR,BDI,4148.0
SYR,BEL,3227.0
SYR,BEN,4607.0
SYR,BES,10589.0
SYR,BFA,4495.0
SYR,BGD,5342.0
SYR,BGR,1526.0
SYR,BHR,1596.0
SYR,BHS,10467.0
SYR,BIH,1931.0
SYR,BLR,2368.0
SYR,BLZ,11925.0
SYR,BMU,9006.0
SYR,BOL,12331.0
SYR,BRA,10809.0
SYR,BRB,9757.0
SYR,BRN,8658.0
SYR,BTN,5109.0
SYR,BWA,6531.0
SYR,CAF,3715.0
SYR,CAN,9264.0
SYR,CCK,8161.0
SYR,CHE,2793.0
SYR,CHL,13392.0
SYR,CHN,7769.0
SYR,CIV,5203.0
SYR,CMR,4170.0
SYR,COD,4735.0
SYR,COG,4731.0
SYR,COK,17931.0
SYR,COL,11597.0
SYR,COM,5057.0
SYR,CPV,6325.0
SYR,CRI,12099.0
SYR,CUB,10994.0
SYR,CUW,10650.0
SYR,CXR,8791.0
SYR,CYM,11199.0
SYR,CYP,327.0
SYR,CZE,2570.0
SYR,DEU,2794.0
SYR,DJI,2526.0
SYR,DMA,9779.0
SYR,DNK,3069.0
SYR,DOM,10315.0
SYR,DZA,3038.0
SYR,ECU,12562.0
SYR,EGY,615.0
SYR,ERI,2031.0
SYR,ESH,4768.0
SYR,ESP,3613.0
SYR,EST,3006.0
SYR,ETH,2723.0
SYR,FIN,3078.0
SYR,FJI,15895.0
SYR,FLK,13115.0
SYR,FRA,3280.0
SYR,FRO,4381.0
SYR,FSM,12438.0
SYR,GAB,4616.0
SYR,GBR,3544.0
SYR,GEO,1179.0
SYR,GHA,4907.0
SYR,GIB,3793.0
SYR,GIN,5743.0
SYR,GLP,9766.0
SYR,GMB,5779.0
SYR,GNB,5776.0
SYR,GNQ,4463.0
SYR,GRC,1237.0
SYR,GRD,10014.0
SYR,GRL,6616.0
SYR,GTM,12265.0
SYR,GUF,9587.0
SYR,GUM,10839.0
SYR,GUY,10011.0
SYR,HKG,7597.0
SYR,HND,12047.0
SYR,HRV,2205.0
SYR,HTI,10516.0
SYR,HUN,2125.0
SYR,IDN,8615.0
SYR,IND,3915.0
SYR,IOT,5904.0
SYR,IRL,4003.0
SYR,IRN,1406.0
SYR,IRQ,753.0
SYR,ISL,5179.0
SYR,ISR,213.0
SYR,ITA,2288.0
SYR,JAM,10923.0
SYR,JOR,176.0
SYR,JPN,8969.0
SYR,KAZ,3669.0
SYR,KEN,3851.0
SYR,KGZ,3477.0
SYR,KHM,7333.0
SYR,KIR,14069.0
SYR,KNA,9773.0
SYR,KOR,7890.0
SYR,KWT,1200.0
SYR,LAO,6760.0
SYR,LBN,88.0
SYR,LBR,5708.0
SYR,LBY,2153.0
SYR,LCA,9824.0
SYR,LIE,2712.0
SYR,LKA,5358.0
SYR,LSO,7015.0
SYR,LTU,2507.0
SYR,LUX,3055.0
SYR,LVA,2766.0
SYR,MAC,7543.0
SYR,MAR,4048.0
SYR,MCO,2742.0
SYR,MDA,1625.0
SYR,MDG,5923.0
SYR,MDV,5040.0
SYR,MEX,12487.0
SYR,MHL,13489.0
SYR,MKD,1611.0
SYR,MLI,5042.0
SYR,MLT,2010.0
SYR,MMR,6224.0
SYR,MNE,1791.0
SYR,MNG,5957.0
SYR,MNP,10809.0
SYR,MOZ,6594.0
SYR,MRT,5454.0
SYR,MSR,9759.0
SYR,MTQ,9794.0
SYR,MUS,6352.0
SYR,MWI,5261.0
SYR,MYS,7546.0
SYR,MYT,5209.0
SYR,NAM,6532.0
SYR,NCL,15013.0
SYR,NER,4105.0
SYR,NFK,15439.0
SYR,NGA,4526.0
SYR,NIC,12116.0
SYR,NIU,16967.0
SYR,NLD,3267.0
SYR,NOR,3479.0
SYR,NPL,4701.0
SYR,NRU,13712.0
SYR,NZL,16253.0
SYR,OMN,2433.0
SYR,PAK,3127.0
SYR,PAN,11780.0
SYR,PCN,18217.0
SYR,PER,12903.0
SYR,PHL,8644.0
SYR,PLW,10318.0
SYR,PNG,12522.0
SYR,POL,2415.0
SYR,PRI,9992.0
SYR,PRK,7720.0
SYR,PRT,4091.0
SYR,PRY,11862.0
SYR,PSE,282.0
SYR,PYF,18142.0
SYR,QAT,1724.0
SYR,REU,6353.0
SYR,ROU,1498.0
SYR,RUS,2474.0
SYR,RWA,3979.0
SYR,SAU,1406.0
SYR,SDN,2025.0
SYR,SEN,5778.0
SYR,SGP,7861.0
SYR,SHN,7060.0
SYR,SLB,13696.0
SYR,SLE,5776.0
SYR,SLV,12232.0
SYR,SMR,2363.0
SYR,SOM,3609.0
SYR,SPM,7559.0
SYR,SRB,1852.0
SYR,SSD,3210.0
SYR,STP,4800.0
SYR,SUR,9793.0
SYR,SVK,2282.0
SYR,SVN,2317.0
SYR,SWE,3171.0
SYR,SWZ,6644.0
SYR,SXM,9755.0
SYR,SYC,4677.0
SYR,TCA,10220.0
SYR,TCD,3208.0
SYR,TGO,4721.0
SYR,THA,6801.0
SYR,TJK,2964.0
SYR,TKL,16133.0
SYR,TKM,2052.0
SYR,TLS,10465.0
SYR,TON,16637.0
SYR,TTO,10079.0
SYR,TUN,2402.0
SYR,TUR,1057.0
SYR,TUV,15318.0
SYR,TWN,8099.0
SYR,TZA,4475.0
SYR,UGA,3695.0
SYR,UKR,1940.0
SYR,URY,12241.0
SYR,USA,9128.0
SYR,UZB,3018.0
SYR,VAT,2291.0
SYR,VCT,9898.0
SYR,VEN,10573.0
SYR,VGB,9867.0
SYR,VNM,7543.0
SYR,VUT,14951.0
SYR,WLF,16046.0
SYR,WSM,16444.0
SYR,YEM,2163.0
SYR,ZAF,6666.0
SYR,ZMB,5481.0
SYR,ZWE,5709.0
TCA,ABW,996.0
TCA,AFG,12529.0
TCA,AGO,9796.0
TCA,AIA,920.0
TCA,ALB,8544.0
TCA,AND,7033.0
TCA,ARE,12262.0
TCA,ARG,6350.0
TCA,ARM,10483.0
TCA,ASM,11557.0
TCA,ATG,1089.0
TCA,AUS,16119.0
TCA,AUT,8081.0
TCA,AZE,10847.0
TCA,BDI,11241.0
TCA,BEL,7179.0
TCA,BEN,8050.0
TCA,BES,1075.0
TCA,BFA,7429.0
TCA,BGD,14626.0
TCA,BGR,8773.0
TCA,BHR,11817.0
TCA,BHS,749.0
TCA,BIH,8350.0
TCA,BLR,8656.0
TCA,BLZ,1908.0
TCA,BMU,1356.0
TCA,BOL,4212.0
TCA,BRA,5643.0
TCA,BRB,1534.0
TCA,BRN,17010.0
TCA,BTN,14213.0
TCA,BWA,11661.0
TCA,CAF,9809.0
TCA,CAN,2582.0
TCA,CCK,18381.0
TCA,CHE,7518.0
TCA,CHL,6078.0
TCA,CHN,14022.0
TCA,CIV,7431.0
TCA,CMR,9100.0
TCA,COD,9825.0
TCA,COG,9819.0
TCA,COK,10720.0
TCA,COL,1891.0
TCA,COM,12995.0
TCA,CPV,5072.0
TCA,CRI,1883.0
TCA,CUB,1172.0
TCA,CUW,1061.0
TCA,CXR,18738.0
TCA,CYM,1095.0
TCA,CYP,9896.0
TCA,CZE,7898.0
TCA,DEU,7781.0
TCA,DJI,11974.0
TCA,DMA,1235.0
TCA,DNK,7674.0
TCA,DOM,354.0
TCA,DZA,7243.0
TCA,ECU,2782.0
TCA,EGY,9958.0
TCA,ERI,11380.0
TCA,ESH,5865.0
TCA,ESP,6615.0
TCA,EST,8301.0
TCA,ETH,11667.0
TCA,FIN,8288.0
TCA,FJI,12792.0
TCA,FLK,8208.0
TCA,FRA,7047.0
TCA,FRO,6588.0
TCA,FSM,13797.0
TCA,GAB,9026.0
TCA,GBR,6864.0
TCA,GEO,10414.0
TCA,GHA,7628.0
TCA,GIB,6504.0
TCA,GIN,6274.0
TCA,GLP,1162.0
TCA,GMB,5825.0
TCA,GNB,5990.0
TCA,GNQ,8999.0
TCA,GRC,8983.0
TCA,GRD,1443.0
TCA,GRL,4960.0
TCA,GTM,2186.0
TCA,GUF,2732.0
TCA,GUM,14514.0
TCA,GUY,2141.0
TCA,HKG,15131.0
TCA,HND,1887.0
TCA,HRV,8113.0
TCA,HTI,347.0
TCA,HUN,8294.0
TCA,IDN,18303.0
TCA,IND,13508.0
TCA,IOT,15810.0
TCA,IRL,6461.0
TCA,IRN,11266.0
TCA,IRQ,10883.0
TCA,ISL,5955.0
TCA,ISR,10165.0
TCA,ITA,7937.0
TCA,JAM,706.0
TCA,JOR,10269.0
TCA,JPN,12898.0
TCA,KAZ,12133.0
TCA,KEN,11927.0
TCA,KGZ,12067.0
TCA,KHM,16326.0
TCA,KIR,12626.0
TCA,KNA,997.0
TCA,KOR,13202.0
TCA,KWT,11408.0
TCA,LAO,15590.0
TCA,LBN,10133.0
TCA,LBR,6694.0
TCA,LBY,8241.0
TCA,LCA,1356.0
TCA,LIE,7598.0
TCA,LKA,15559.0
TCA,LSO,11954.0
TCA,LTU,8487.0
TCA,LUX,7316.0
TCA,LVA,8343.0
TCA,MAC,15147.0
TCA,MAR,6322.0
TCA,MCO,7492.0
TCA,MDA,9016.0
TCA,MDG,13658.0
TCA,MDV,15240.0
TCA,MEX,2927.0
TCA,MHL,12512.0
TCA,MKD,8650.0
TCA,MLI,6751.0
TCA,MLT,8269.0
TCA,MMR,15553.0
TCA,MNE,8464.0
TCA,MNG,12319.0
TCA,MNP,14302.0
TCA,MOZ,12335.0
TCA,MRT,5764.0
TCA,MSR,1072.0
TCA,MTQ,1308.0
TCA,MUS,14708.0
TCA,MWI,12096.0
TCA,MYS,17175.0
TCA,MYT,13236.0
TCA,NAM,10733.0
TCA,NCL,14116.0
TCA,NER,7765.0
TCA,NFK,14075.0
TCA,NGA,8157.0
TCA,NIC,1911.0
TCA,NIU,11645.0
TCA,NLD,7207.0
TCA,NOR,7517.0
TCA,NPL,14009.0
TCA,NRU,13326.0
TCA,NZL,13517.0
TCA,OMN,12637.0
TCA,PAK,13182.0
TCA,PAN,1646.0
TCA,PCN,8000.0
TCA,PER,3761.0
TCA,PHL,15804.0
TCA,PLW,15777.0
TCA,PNG,15724.0
TCA,POL,8293.0
TCA,PRI,623.0
TCA,PRK,13082.0
TCA,PRT,6155.0
TCA,PRY,5376.0
TCA,PSE,10166.0
TCA,PYF,9574.0
TCA,QAT,11944.0
TCA,REU,14514.0
TCA,ROU,8919.0
TCA,RUS,9166.0
TCA,RWA,11256.0
TCA,SAU,11584.0
TCA,SDN,10749.0
TCA,SEN,5708.0
TCA,SGP,17430.0
TCA,SHN,8251.0
TCA,SLB,14416.0
TCA,SLE,6357.0
TCA,SLV,2097.0
TCA,SMR,7887.0
TCA,SOM,12655.0
TCA,SPM,3116.0
TCA,SRB,8481.0
TCA,SSD,11130.0
TCA,STP,8747.0
TCA,SUR,2438.0
TCA,SVK,8136.0
TCA,SVN,7996.0
TCA,SWE,7934.0
TCA,SWZ,12216.0
TCA,SXM,930.0
TCA,SYC,13981.0
TCA,SYR,10220.0
TCA,TCD,9142.0
TCA,TGO,7943.0
TCA,THA,16009.0
TCA,TJK,12164.0
TCA,TKL,11433.0
TCA,TKM,11584.0
TCA,TLS,17732.0
TCA,TON,12241.0
TCA,TTO,1576.0
TCA,TUN,7865.0
TCA,TUR,9276.0
TCA,TUV,12389.0
TCA,TWN,14687.0
TCA,TZA,12403.0
TCA,UGA,11424.0
TCA,UKR,8984.0
TCA,URY,6428.0
TCA,USA,2152.0
TCA,UZB,11951.0
TCA,VAT,7934.0
TCA,VCT,1398.0
TCA,VEN,1297.0
TCA,VGB,762.0
TCA,VNM,16433.0
TCA,VUT,13817.0
TCA,WLF,12083.0
TCA,WSM,11650.0
TCA,YEM,11881.0
TCA,ZAF,11915.0
TCA,ZMB,11583.0
TCA,ZWE,11948.0
TCD,ABW,9205.0
TCD,AFG,5984.0
TCD,AGO,2325.0
TCD,AIA,8362.0
TCD,ALB,3271.0
TCD,AND,3614.0
TCD,ARE,4470.0
TCD,ARG,9299.0
TCD,ARM,4245.0
TCD,ASM,19364.0
TCD,ATG,8252.0
TCD,AUS,14309.0
TCD,AUT,4004.0
TCD,AZE,4629.0
TCD,BDI,2333.0
TCD,BEL,4405.0
TCD,BEN,1528.0
TCD,BES,9024.0
TCD,BFA,1804.0
TCD,BGD,8006.0
TCD,BGR,3483.0
TCD,BHR,4033.0
TCD,BHS,9689.0
TCD,BIH,3532.0
TCD,BLR,4766.0
TCD,BLZ,11050.0
TCD,BMU,8354.0
TCD,BOL,9684.0
TCD,BRA,7785.0
TCD,BRB,8080.0
TCD,BRN,10976.0
TCD,BTN,7894.0
TCD,BWA,4235.0
TCD,CAF,940.0
TCD,CAN,9444.0
TCD,CCK,9424.0
TCD,CHE,3956.0
TCD,CHL,10353.0
TCD,CHN,10837.0
TCD,CIV,2226.0
TCD,CMR,991.0
TCD,COD,1818.0
TCD,COG,1811.0
TCD,COK,18859.0
TCD,COL,9817.0
TCD,COM,4081.0
TCD,CPV,4180.0
TCD,CRI,10765.0
TCD,CUB,10237.0
TCD,CUW,9096.0
TCD,CXR,10325.0
TCD,CYM,10237.0
TCD,CYP,3152.0
TCD,CZE,4212.0
TCD,DEU,4485.0
TCD,DJI,3061.0
TCD,DMA,8233.0
TCD,DNK,4838.0
TCD,DOM,9072.0
TCD,DZA,2983.0
TCD,ECU,10606.0
TCD,EGY,2596.0
TCD,ERI,2607.0
TCD,ESH,3385.0
TCD,ESP,3635.0
TCD,EST,5314.0
TCD,ETH,2615.0
TCD,FIN,5396.0
TCD,FJI,18127.0
TCD,FLK,9910.0
TCD,FRA,4240.0
TCD,FRO,5810.0
TCD,FSM,15437.0
TCD,GAB,1435.0
TCD,GBR,4580.0
TCD,GEO,4372.0
TCD,GHA,1926.0
TCD,GIB,3358.0
TCD,GIN,3148.0
TCD,GLP,8257.0
TCD,GMB,3445.0
TCD,GNB,3336.0
TCD,GNQ,1274.0
TCD,GRC,2991.0
TCD,GRD,8327.0
TCD,GRL,7684.0
TCD,GTM,11312.0
TCD,GUF,7444.0
TCD,GUM,13799.0
TCD,GUY,8039.0
TCD,HKG,10431.0
TCD,HND,10982.0
TCD,HRV,3738.0
TCD,HTI,9323.0
TCD,HUN,3941.0
TCD,IDN,10356.0
TCD,IND,6671.0
TCD,IOT,6698.0
TCD,IRL,4948.0
TCD,IRN,4490.0
TCD,IRQ,3799.0
TCD,ISL,6446.0
TCD,ISR,2995.0
TCD,ITA,3310.0
TCD,JAM,9797.0
TCD,JOR,3068.0
TCD,JPN,12160.0
TCD,KAZ,6825.0
TCD,KEN,2826.0
TCD,KGZ,6631.0
TCD,KHM,9738.0
TCD,KIR,17172.0
TCD,KNA,8342.0
TCD,KOR,11056.0
TCD,KWT,3905.0
TCD,LAO,9354.0
TCD,LBN,3182.0
TCD,LBR,2910.0
TCD,LBY,2308.0
TCD,LCA,8212.0
TCD,LIE,3918.0
TCD,LKA,7124.0
TCD,LSO,4774.0
TCD,LTU,4808.0
TCD,LUX,4239.0
TCD,LVA,5035.0
TCD,MAC,10369.0
TCD,MAR,3311.0
TCD,MCO,3581.0
TCD,MDA,4080.0
TCD,MDG,4948.0
TCD,MDV,6491.0
TCD,MEX,12018.0
TCD,MHL,16652.0
TCD,MKD,3370.0
TCD,MLI,2506.0
TCD,MLT,2636.0
TCD,MMR,8702.0
TCD,MNE,3387.0
TCD,MNG,9156.0
TCD,MNP,13813.0
TCD,MOZ,4615.0
TCD,MRT,3395.0
TCD,MSR,8296.0
TCD,MTQ,8211.0
TCD,MUS,5862.0
TCD,MWI,3549.0
TCD,MYS,9580.0
TCD,MYT,4323.0
TCD,NAM,3841.0
TCD,NCL,16795.0
TCD,NER,1413.0
TCD,NFK,16648.0
TCD,NGA,1424.0
TCD,NIC,10936.0
TCD,NIU,19078.0
TCD,NLD,4558.0
TCD,NOR,5317.0
TCD,NPL,7466.0
TCD,NRU,16672.0
TCD,NZL,16603.0
TCD,OMN,4767.0
TCD,PAK,5640.0
TCD,PAN,10301.0
TCD,PCN,15941.0
TCD,PER,10515.0
TCD,PHL,11350.0
TCD,PLW,12995.0
TCD,PNG,14799.0
TCD,POL,4482.0
TCD,PRI,8677.0
TCD,PRK,10894.0
TCD,PRT,3797.0
TCD,PRY,8895.0
TCD,PSE,2930.0
TCD,PYF,18271.0
TCD,QAT,4088.0
TCD,REU,5732.0
TCD,ROU,3736.0
TCD,RUS,5222.0
TCD,RWA,2274.0
TCD,SAU,3612.0
TCD,SDN,1928.0
TCD,SEN,3527.0
TCD,SGP,9858.0
TCD,SHN,3853.0
TCD,SLB,16189.0
TCD,SLE,3121.0
TCD,SLV,11200.0
TCD,SMR,3536.0
TCD,SOM,3523.0
TCD,SPM,7609.0
TCD,SRB,3662.0
TCD,SSD,1989.0
TCD,STP,1593.0
TCD,SUR,7733.0
TCD,SVK,4001.0
TCD,SVN,3763.0
TCD,SWE,5247.0
TCD,SWZ,4594.0
TCD,SXM,8364.0
TCD,SYC,4839.0
TCD,SYR,3208.0
TCD,TCA,9142.0
TCD,TGO,1657.0
TCD,THA,9223.0
TCD,TJK,6044.0
TCD,TKL,19279.0
TCD,TKM,5159.0
TCD,TLS,12435.0
TCD,TON,18540.0
TCD,TTO,8328.0
TCD,TUN,2781.0
TCD,TUR,3479.0
TCD,TUV,18255.0
TCD,TWN,11057.0
TCD,TZA,3402.0
TCD,UGA,2335.0
TCD,UKR,4480.0
TCD,URY,9116.0
TCD,USA,9064.0
TCD,UZB,6157.0
TCD,VAT,3311.0
TCD,VCT,8252.0
TCD,VEN,8909.0
TCD,VGB,8522.0
TCD,VNM,9944.0
TCD,VUT,17095.0
TCD,WLF,18810.0
TCD,WSM,19270.0
TCD,YEM,3172.0
TCD,ZAF,4466.0
TCD,ZMB,3375.0
TCD,ZWE,3749.0
TGO,ABW,7838.0
TGO,AFG,7611.0
TGO,AGO,2126.0
TGO,AIA,7088.0
TGO,ALB,4314.0
TGO,AND,4029.0
TGO,ARE,6125.0
TGO,ARG,7702.0
TGO,ARM,5728.0
TGO,ASM,18757.0
TGO,ATG,6955.0
TGO,AUS,14947.0
TGO,AUT,4879.0
TGO,AZE,6146.0
TGO,BDI,3302.0
TGO,BEL,4965.0
TGO,BEN,131.0
TGO,BES,7648.0
TGO,BFA,752.0
TGO,BGD,9663.0
TGO,BGR,4598.0
TGO,BHR,5684.0
TGO,BHS,8577.0
TGO,BIH,4502.0
TGO,BLR,5806.0
TGO,BLZ,9815.0
TGO,BMU,7396.0
TGO,BOL,8033.0
TGO,BRA,6148.0
TGO,BRB,6707.0
TGO,BRN,12571.0
TGO,BTN,9549.0
TGO,BWA,4333.0
TGO,CAF,1932.0
TGO,CAN,8788.0
TGO,CCK,10768.0
TGO,CHE,4621.0
TGO,CHL,8728.0
TGO,CHN,12455.0
TGO,CIV,587.0
TGO,CMR,1170.0
TGO,COD,1948.0
TGO,COG,1942.0
TGO,COK,17378.0
TGO,COL,8340.0
TGO,COM,5056.0
TGO,CPV,2872.0
TGO,CRI,9388.0
TGO,CUB,9096.0
TGO,CUW,7721.0
TGO,CXR,11718.0
TGO,CYM,9017.0
TGO,CYP,4601.0
TGO,CZE,5026.0
TGO,DEU,5263.0
TGO,DJI,4647.0
TGO,DMA,6901.0
TGO,DNK,5586.0
TGO,DOM,7812.0
TGO,DZA,3395.0
TGO,ECU,9061.0
TGO,EGY,4109.0
TGO,ERI,4242.0
TGO,ESH,2782.0
TGO,ESP,3829.0
TGO,EST,6243.0
TGO,ETH,4153.0
TGO,FIN,6320.0
TGO,FJI,18644.0
TGO,FLK,8499.0
TGO,FRA,4736.0
TGO,FRO,6234.0
TGO,FSM,17090.0
TGO,GAB,1114.0
TGO,GBR,5032.0
TGO,GEO,5835.0
TGO,GHA,320.0
TGO,GIB,3390.0
TGO,GIN,1682.0
TGO,GLP,6939.0
TGO,GMB,2122.0
TGO,GNB,1953.0
TGO,GNQ,1061.0
TGO,GRC,4196.0
TGO,GRD,6939.0
TGO,GRL,7674.0
TGO,GTM,10034.0
TGO,GUF,5932.0
TGO,GUM,15453.0
TGO,GUY,6563.0
TGO,HKG,12087.0
TGO,HND,9683.0
TGO,HRV,4622.0
TGO,HTI,8069.0
TGO,HUN,4889.0
TGO,IDN,11814.0
TGO,IND,8324.0
TGO,IOT,8043.0
TGO,IRL,5277.0
TGO,IRN,6072.0
TGO,IRQ,5376.0
TGO,ISL,6696.0
TGO,ISR,4516.0
TGO,ITA,4115.0
TGO,JAM,8542.0
TGO,JOR,4602.0
TGO,JPN,13673.0
TGO,KAZ,8387.0
TGO,KEN,4041.0
TGO,KGZ,8195.0
TGO,KHM,11364.0
TGO,KIR,18790.0
TGO,KNA,7049.0
TGO,KOR,12611.0
TGO,KWT,5534.0
TGO,LAO,11004.0
TGO,LBN,4680.0
TGO,LBR,1329.0
TGO,LBY,3210.0
TGO,LCA,6856.0
TGO,LIE,4613.0
TGO,LKA,8687.0
TGO,LSO,4827.0
TGO,LTU,5800.0
TGO,LUX,4841.0
TGO,LVA,5981.0
TGO,MAC,12026.0
TGO,MAR,3174.0
TGO,MCO,4210.0
TGO,MDA,5243.0
TGO,MDG,5787.0
TGO,MDV,8013.0
TGO,MEX,10870.0
TGO,MHL,18190.0
TGO,MKD,4448.0
TGO,MLI,1242.0
TGO,MLT,3565.0
TGO,MMR,10345.0
TGO,MNE,4398.0
TGO,MNG,10659.0
TGO,MNP,15459.0
TGO,MOZ,4900.0
TGO,MRT,2288.0
TGO,MSR,6993.0
TGO,MTQ,6866.0
TGO,MUS,6809.0
TGO,MWI,4230.0
TGO,MYS,11138.0
TGO,MYT,5299.0
TGO,NAM,3615.0
TGO,NCL,17629.0
TGO,NER,822.0
TGO,NFK,17115.0
TGO,NGA,244.0
TGO,NIC,9601.0
TGO,NIU,18291.0
TGO,NLD,5137.0
TGO,NOR,6020.0
TGO,NPL,9121.0
TGO,NRU,18327.0
TGO,NZL,16539.0
TGO,OMN,6424.0
TGO,PAK,7297.0
TGO,PAN,8898.0
TGO,PCN,14285.0
TGO,PER,8888.0
TGO,PHL,13002.0
TGO,PLW,14635.0
TGO,PNG,16267.0
TGO,POL,5423.0
TGO,PRI,7411.0
TGO,PRK,12439.0
TGO,PRT,3756.0
TGO,PRY,7250.0
TGO,PSE,4456.0
TGO,PYF,16614.0
TGO,QAT,5742.0
TGO,REU,6636.0
TGO,ROU,4886.0
TGO,RUS,6374.0
TGO,RWA,3329.0
TGO,SAU,5264.0
TGO,SDN,3574.0
TGO,SEN,2249.0
TGO,SGP,11401.0
TGO,SHN,2558.0
TGO,SLB,17663.0
TGO,SLE,1616.0
TGO,SLV,9901.0
TGO,SMR,4329.0
TGO,SOM,4919.0
TGO,SPM,7068.0
TGO,SRB,4676.0
TGO,SSD,3368.0
TGO,STP,887.0
TGO,SUR,6239.0
TGO,SVK,4894.0
TGO,SVN,4605.0
TGO,SWE,6074.0
TGO,SWZ,4829.0
TGO,SXM,7086.0
TGO,SYC,6144.0
TGO,SYR,4721.0
TGO,TCA,7943.0
TGO,TCD,1657.0
TGO,THA,10857.0
TGO,TJK,7641.0
TGO,TKL,19126.0
TGO,TKM,6740.0
TGO,TLS,13892.0
TGO,TON,18301.0
TGO,TTO,6916.0
TGO,TUN,3518.0
TGO,TUR,4746.0
TGO,TUV,19672.0
TGO,TWN,12704.0
TGO,TZA,4464.0
TGO,UGA,3544.0
TGO,UKR,5617.0
TGO,URY,7526.0
TGO,USA,8323.0
TGO,UZB,7729.0
TGO,VAT,4115.0
TGO,VCT,6881.0
TGO,VEN,7504.0
TGO,VGB,7253.0
TGO,VNM,11567.0
TGO,VUT,18121.0
TGO,WLF,19167.0
TGO,WSM,18871.0
TGO,YEM,4803.0
TGO,ZAF,4604.0
TGO,ZMB,3820.0
TGO,ZWE,4217.0
THA,ABW,16923.0
THA,AFG,3905.0
THA,AGO,9958.0
THA,AIA,16045.0
THA,ALB,8245.0
THA,AND,9713.0
THA,ARE,4891.0
THA,ARG,16878.0
THA,ARM,6163.0
THA,ASM,10258.0
THA,ATG,16089.0
THA,AUS,7352.0
THA,AUT,8453.0
THA,AZE,5724.0
THA,BDI,8078.0
THA,BEL,9264.0
THA,BEN,10726.0
THA,BES,16892.0
THA,BFA,10965.0
THA,BGD,1535.0
THA,BGR,7947.0
THA,BHR,5373.0
THA,BHS,15708.0
THA,BIH,8342.0
THA,BLR,7670.0
THA,BLZ,16432.0
THA,BMU,14679.0
THA,BOL,18778.0
THA,BRA,16409.0
THA,BRB,16328.0
THA,BRN,1857.0
THA,BTN,1896.0
THA,BWA,9142.0
THA,CAF,9037.0
THA,CAN,13646.0
THA,CCK,2894.0
THA,CHE,9050.0
THA,CHL,17646.0
THA,CHN,2887.0
THA,CIV,11440.0
THA,CMR,9810.0
THA,COD,9615.0
THA,COG,9616.0
THA,COK,11549.0
THA,COL,17893.0
THA,COM,6918.0
THA,CPV,13100.0
THA,CRI,17341.0
THA,CUB,15916.0
THA,CUW,16924.0
THA,CXR,2730.0
THA,CYM,16347.0
THA,CYP,7078.0
THA,CZE,8575.0
THA,DEU,8615.0
THA,DJI,6224.0
THA,DMA,16235.0
THA,DNK,8632.0
THA,DOM,16292.0
THA,DZA,9762.0
THA,ECU,18725.0
THA,EGY,7282.0
THA,ERI,6618.0
THA,ESH,11564.0
THA,ESP,10199.0
THA,EST,7898.0
THA,ETH,6747.0
THA,FIN,7895.0
THA,FJI,9247.0
THA,FLK,15371.0
THA,FRA,9459.0
THA,FRO,9545.0
THA,FSM,6344.0
THA,GAB,10123.0
THA,GBR,9547.0
THA,GEO,6173.0
THA,GHA,11144.0
THA,GIB,10498.0
THA,GIN,12320.0
THA,GLP,16189.0
THA,GMB,12484.0
THA,GNB,12436.0
THA,GNQ,10051.0
THA,GRC,7934.0
THA,GRD,16557.0
THA,GRL,11050.0
THA,GTM,16646.0
THA,GUF,16386.0
THA,GUM,4779.0
THA,GUY,16749.0
THA,HKG,1728.0
THA,HND,16815.0
THA,HRV,8509.0
THA,HTI,16352.0
THA,HUN,8260.0
THA,IDN,2312.0
THA,IND,2922.0
THA,IOT,3877.0
THA,IRL,9873.0
THA,IRN,5461.0
THA,IRQ,6050.0
THA,ISL,10106.0
THA,ISR,6941.0
THA,ITA,8845.0
THA,JAM,16484.0
THA,JOR,6830.0
THA,JPN,4604.0
THA,KAZ,3977.0
THA,KEN,7218.0
THA,KGZ,4077.0
THA,KHM,533.0
THA,KIR,8086.0
THA,KNA,16118.0
THA,KOR,3720.0
THA,KWT,5662.0
THA,LAO,520.0
THA,LBN,6879.0
THA,LBR,12131.0
THA,LBY,8953.0
THA,LCA,16332.0
THA,LIE,8979.0
THA,LKA,2384.0
THA,LSO,9168.0
THA,LTU,7825.0
THA,LUX,9171.0
THA,LVA,7915.0
THA,MAC,1667.0
THA,MAR,10793.0
THA,MCO,9214.0
THA,MDA,7517.0
THA,MDG,6840.0
THA,MDV,3149.0
THA,MEX,15759.0
THA,MHL,7770.0
THA,MKD,8106.0
THA,MLI,11627.0
THA,MLT,8776.0
THA,MMR,580.0
THA,MNE,8281.0
THA,MNG,3836.0
THA,MNP,4870.0
THA,MOZ,8575.0
THA,MRT,12223.0
THA,MSR,16140.0
THA,MTQ,16281.0
THA,MUS,6019.0
THA,MWI,7967.0
THA,MYS,1177.0
THA,MYT,6767.0
THA,NAM,9936.0
THA,NCL,8219.0
THA,NER,10549.0
THA,NFK,8651.0
THA,NGA,10614.0
THA,NIC,17050.0
THA,NIU,10460.0
THA,NLD,9189.0
THA,NOR,8685.0
THA,NPL,2210.0
THA,NRU,7483.0
THA,NZL,9563.0
THA,OMN,4540.0
THA,PAK,3714.0
THA,PAN,17492.0
THA,PCN,14783.0
THA,PER,19700.0
THA,PHL,2210.0
THA,PLW,3779.0
THA,PNG,5755.0
THA,POL,8101.0
THA,PRI,16158.0
THA,PRK,3742.0
THA,PRT,10703.0
THA,PRY,17406.0
THA,PSE,6971.0
THA,PYF,12547.0
THA,QAT,5281.0
THA,REU,6241.0
THA,ROU,7720.0
THA,RUS,7071.0
THA,RWA,7962.0
THA,SAU,5752.0
THA,SDN,7296.0
THA,SEN,12510.0
THA,SGP,1423.0
THA,SHN,12135.0
THA,SLB,7046.0
THA,SLE,12314.0
THA,SLV,16792.0
THA,SMR,8812.0
THA,SOM,6205.0
THA,SPM,12914.0
THA,SRB,8167.0
THA,SSD,7616.0
THA,STP,10420.0
THA,SUR,16573.0
THA,SVK,8399.0
THA,SVN,8619.0
THA,SWE,8278.0
THA,SWZ,8713.0
THA,SXM,16063.0
THA,SYC,5376.0
THA,SYR,6801.0
THA,TCA,16009.0
THA,TCD,9223.0
THA,TGO,10857.0
THA,TJK,4161.0
THA,TKL,10072.0
THA,TKM,4943.0
THA,TLS,3705.0
THA,TON,9979.0
THA,TTO,16668.0
THA,TUN,9142.0
THA,TUR,7481.0
THA,TUV,9032.0
THA,TWN,2524.0
THA,TZA,7139.0
THA,UGA,7627.0
THA,UKR,7429.0
THA,URY,16708.0
THA,USA,13951.0
THA,UZB,4301.0
THA,VAT,8847.0
THA,VCT,16424.0
THA,VEN,16994.0
THA,VGB,16099.0
THA,VNM,745.0
THA,VUT,8217.0
THA,WLF,9657.0
THA,WSM,10134.0
THA,YEM,6055.0
THA,ZAF,8997.0
THA,ZMB,8580.0
THA,ZWE,8387.0
TJK,ABW,12923.0
TJK,AFG,446.0
TJK,AGO,7777.0
TJK,AIA,11972.0
TJK,ALB,4141.0
TJK,AND,5565.0
TJK,ARE,1941.0
TJK,ARG,15340.0
TJK,ARM,2093.0
TJK,ASM,13635.0
TJK,ATG,11989.0
TJK,AUS,11497.0
TJK,AUT,4293.0
TJK,AZE,1635.0
TJK,BDI,6159.0
TJK,BEL,5113.0
TJK,BEN,7521.0
TJK,BES,12845.0
TJK,BFA,7457.0
TJK,BGD,2626.0
TJK,BGR,3827.0
TJK,BHR,2183.0
TJK,BHS,12133.0
TJK,BIH,4205.0
TJK,BLR,3541.0
TJK,BLZ,13403.0
TJK,BMU,10814.0
TJK,BOL,15178.0
TJK,BRA,13768.0
TJK,BRB,12179.0
TJK,BRN,5957.0
TJK,BTN,2295.0
TJK,BWA,8301.0
TJK,CAF,6322.0
TJK,CAN,10352.0
TJK,CCK,6328.0
TJK,CHE,4890.0
TJK,CHL,16353.0
TJK,CHN,4818.0
TJK,CIV,8148.0
TJK,CMR,6932.0
TJK,COD,7258.0
TJK,COG,7255.0
TJK,COK,15026.0
TJK,COL,13896.0
TJK,COM,6162.0
TJK,CPV,9188.0
TJK,CRI,13950.0
TJK,CUB,12549.0
TJK,CUW,12891.0
TJK,CXR,6636.0
TJK,CYM,12891.0
TJK,CYP,3161.0
TJK,CZE,4416.0
TJK,DEU,4470.0
TJK,DJI,3921.0
TJK,DMA,12115.0
TJK,DNK,4520.0
TJK,DOM,12369.0
TJK,DZA,5676.0
TJK,ECU,14880.0
TJK,EGY,3556.0
TJK,ERI,3891.0
TJK,ESH,7529.0
TJK,ESP,6056.0
TJK,EST,3863.0
TJK,ETH,4437.0
TJK,FIN,3877.0
TJK,FJI,12939.0
TJK,FLK,15680.0
TJK,FRA,5301.0
TJK,FRO,5582.0
TJK,FSM,9483.0
TJK,GAB,7360.0
TJK,GBR,5405.0
TJK,GEO,2064.0
TJK,GHA,7848.0
TJK,GIB,6387.0
TJK,GIN,8699.0
TJK,GLP,12078.0
TJK,GMB,8701.0
TJK,GNB,8714.0
TJK,GNQ,7225.0
TJK,GRC,3902.0
TJK,GRD,12417.0
TJK,GRL,7489.0
TJK,GTM,13741.0
TJK,GUF,12292.0
TJK,GUM,7876.0
TJK,GUY,12593.0
TJK,HKG,4664.0
TJK,HND,13669.0
TJK,HRV,4355.0
TJK,HTI,12504.0
TJK,HUN,4101.0
TJK,IDN,6323.0
TJK,IND,1344.0
TJK,IOT,5081.0
TJK,IRL,5758.0
TJK,IRN,1572.0
TJK,IRQ,2267.0
TJK,ISL,6263.0
TJK,ISR,3155.0
TJK,ITA,4720.0
TJK,JAM,12795.0
TJK,JOR,3059.0
TJK,JPN,6148.0
TJK,KAZ,861.0
TJK,KEN,5491.0
TJK,KGZ,687.0
TJK,KHM,4662.0
TJK,KIR,11152.0
TJK,KNA,12031.0
TJK,KOR,5021.0
TJK,KWT,2168.0
TJK,LAO,3989.0
TJK,LBN,3021.0
TJK,LBR,8672.0
TJK,LBY,4994.0
TJK,LCA,12198.0
TJK,LIE,4819.0
TJK,LKA,3674.0
TJK,LSO,8651.0
TJK,LTU,3704.0
TJK,LUX,5014.0
TJK,LVA,3828.0
TJK,MAC,4614.0
TJK,MAR,6702.0
TJK,MCO,5066.0
TJK,MDA,3360.0
TJK,MDG,6735.0
TJK,MDV,3835.0
TJK,MEX,13466.0
TJK,MHL,10608.0
TJK,MKD,3994.0
TJK,MLI,8001.0
TJK,MLT,4755.0
TJK,MMR,3592.0
TJK,MNE,4161.0
TJK,MNG,3228.0
TJK,MNP,7850.0
TJK,MOZ,8081.0
TJK,MRT,8335.0
TJK,MSR,12041.0
TJK,MTQ,12153.0
TJK,MUS,6603.0
TJK,MWI,6860.0
TJK,MYS,5148.0
TJK,MYT,6187.0
TJK,NAM,8649.0
TJK,NCL,12165.0
TJK,NER,7063.0
TJK,NFK,12704.0
TJK,NGA,7432.0
TJK,NIC,13828.0
TJK,NIU,14011.0
TJK,NLD,5048.0
TJK,NOR,4647.0
TJK,NPL,1951.0
TJK,NRU,10757.0
TJK,NZL,13680.0
TJK,OMN,1916.0
TJK,PAK,1520.0
TJK,PAN,13808.0
TJK,PCN,17764.0
TJK,PER,15541.0
TJK,PHL,5743.0
TJK,PLW,7397.0
TJK,PNG,9667.0
TJK,POL,3952.0
TJK,PRI,12143.0
TJK,PRK,4866.0
TJK,PRT,6559.0
TJK,PRY,14825.0
TJK,PSE,3208.0
TJK,PYF,15638.0
TJK,QAT,2195.0
TJK,REU,6723.0
TJK,ROU,3582.0
TJK,RUS,2998.0
TJK,RWA,5986.0
TJK,SAU,2585.0
TJK,SDN,4361.0
TJK,SEN,8685.0
TJK,SGP,5456.0
TJK,SHN,9808.0
TJK,SLB,10760.0
TJK,SLE,8736.0
TJK,SLV,13788.0
TJK,SMR,4668.0
TJK,SOM,4693.0
TJK,SPM,9091.0
TJK,SRB,4023.0
TJK,SSD,5293.0
TJK,STP,7589.0
TJK,SUR,12441.0
TJK,SVK,4239.0
TJK,SVN,4464.0
TJK,SWE,4229.0
TJK,SWZ,8181.0
TJK,SXM,11988.0
TJK,SYC,4971.0
TJK,SYR,2964.0
TJK,TCA,12164.0
TJK,TCD,6044.0
TJK,TGO,7641.0
TJK,THA,4161.0
TJK,TKL,13254.0
TJK,TKM,912.0
TJK,TLS,7849.0
TJK,TON,13678.0
TJK,TTO,12519.0
TJK,TUN,5084.0
TJK,TUR,3394.0
TJK,TUV,12373.0
TJK,TWN,5137.0
TJK,TZA,5876.0
TJK,UGA,5617.0
TJK,UKR,3273.0
TJK,URY,15159.0
TJK,USA,10451.0
TJK,UZB,305.0
TJK,VAT,4722.0
TJK,VCT,12287.0
TJK,VEN,12902.0
TJK,VGB,12054.0
TJK,VNM,4859.0
TJK,VUT,12035.0
TJK,WLF,13095.0
TJK,WSM,13513.0
TJK,YEM,3520.0
TJK,ZAF,8329.0
TJK,ZMB,7313.0
TJK,ZWE,7377.0
TKL,ABW,11449.0
TKL,AFG,13303.0
TKL,AGO,17931.0
TKL,AIA,12251.0
TKL,ALB,16303.0
TKL,AND,16267.0
TKL,ARE,14809.0
TKL,ARG,11452.0
TKL,ARM,15106.0
TKL,ASM,545.0
TKL,ATG,12372.0
TKL,AUS,5392.0
TKL,AUT,15641.0
TKL,AZE,14706.0
TKL,BDI,17341.0
TKL,BEL,15389.0
TKL,BEN,19255.0
TKL,BES,11634.0
TKL,BFA,18861.0
TKL,BGD,11275.0
TKL,BGR,16051.0
TKL,BHR,15247.0
TKL,BHS,10843.0
TKL,BIH,16074.0
TKL,BLR,14791.0
TKL,BLZ,9535.0
TKL,BMU,12112.0
TKL,BOL,11097.0
TKL,BRA,12987.0
TKL,BRB,12580.0
TKL,BRN,8338.0
TKL,BTN,11385.0
TKL,BWA,15809.0
TKL,CAF,18813.0
TKL,CAN,10871.0
TKL,CCK,10007.0
TKL,CHE,15794.0
TKL,CHL,10412.0
TKL,CHN,8452.0
TKL,CIV,18555.0
TKL,CMR,19328.0
TKL,COD,18328.0
TKL,COG,18336.0
TKL,COK,1799.0
TKL,COL,10886.0
TKL,COM,15554.0
TKL,CPV,16474.0
TKL,CRI,9889.0
TKL,CUB,10306.0
TKL,CUW,11562.0
TKL,CXR,9082.0
TKL,CYM,10344.0
TKL,CYP,16220.0
TKL,CZE,15460.0
TKL,DEU,15201.0
TKL,DJI,16265.0
TKL,DMA,12408.0
TKL,DNK,14858.0
TKL,DOM,11533.0
TKL,DZA,16919.0
TKL,ECU,10128.0
TKL,EGY,16748.0
TKL,ERI,16690.0
TKL,ESH,16989.0
TKL,ESP,16354.0
TKL,EST,14290.0
TKL,ETH,16741.0
TKL,FIN,14210.0
TKL,FJI,1476.0
TKL,FLK,10752.0
TKL,FRA,15588.0
TKL,FRO,14029.0
TKL,FSM,3842.0
TKL,GAB,19007.0
TKL,GBR,15263.0
TKL,GEO,14988.0
TKL,GHA,18853.0
TKL,GIB,16719.0
TKL,GIN,17577.0
TKL,GLP,12377.0
TKL,GMB,17225.0
TKL,GNB,17359.0
TKL,GNQ,19166.0
TKL,GRC,16505.0
TKL,GRD,12339.0
TKL,GRL,12340.0
TKL,GTM,9293.0
TKL,GUF,13279.0
TKL,GUM,5480.0
TKL,GUY,12667.0
TKL,HKG,8848.0
TKL,HND,9634.0
TKL,HRV,15908.0
TKL,HTI,11277.0
TKL,HUN,15670.0
TKL,IDN,9022.0
TKL,IND,12608.0
TKL,IOT,12741.0
TKL,IRL,14948.0
TKL,IRN,14817.0
TKL,IRQ,15510.0
TKL,ISL,13468.0
TKL,ISR,16343.0
TKL,ITA,16383.0
TKL,JAM,10802.0
TKL,JOR,16264.0
TKL,JPN,7165.0
TKL,KAZ,12487.0
TKL,KEN,16705.0
TKL,KGZ,12680.0
TKL,KHM,9561.0
TKL,KIR,2112.0
TKL,KNA,12280.0
TKL,KOR,8255.0
TKL,KWT,15382.0
TKL,LAO,9932.0
TKL,LBN,16166.0
TKL,LBR,17854.0
TKL,LBY,17363.0
TKL,LCA,12440.0
TKL,LIE,15818.0
TKL,LKA,12209.0
TKL,LSO,15279.0
TKL,LTU,14771.0
TKL,LUX,15537.0
TKL,LVA,14564.0
TKL,MAC,8910.0
TKL,MAR,16849.0
TKL,MCO,16195.0
TKL,MDA,15424.0
TKL,MDG,14741.0
TKL,MDV,12863.0
TKL,MEX,8521.0
TKL,MHL,2651.0
TKL,MKD,16185.0
TKL,MLI,18170.0
TKL,MLT,17010.0
TKL,MMR,10588.0
TKL,MNE,16201.0
TKL,MNG,10176.0
TKL,MNP,5467.0
TKL,MOZ,15336.0
TKL,MRT,17193.0
TKL,MSR,12331.0
TKL,MTQ,12436.0
TKL,MUS,13768.0
TKL,MWI,16238.0
TKL,MYS,9753.0
TKL,MYT,15309.0
TKL,NAM,16358.0
TKL,NCL,2776.0
TKL,NER,19170.0
TKL,NFK,3075.0
TKL,NGA,19355.0
TKL,NIC,9697.0
TKL,NIU,1080.0
TKL,NLD,15224.0
TKL,NOR,14394.0
TKL,NPL,11813.0
TKL,NRU,2610.0
TKL,NZL,3355.0
TKL,OMN,14513.0
TKL,PAK,13640.0
TKL,PAN,10367.0
TKL,PCN,4841.0
TKL,PER,10256.0
TKL,PHL,7935.0
TKL,PLW,6296.0
TKL,PNG,4563.0
TKL,POL,15125.0
TKL,PRI,11932.0
TKL,PRK,8420.0
TKL,PRT,16302.0
TKL,PRY,11881.0
TKL,PSE,16406.0
TKL,PYF,2512.0
TKL,QAT,15191.0
TKL,REU,13919.0
TKL,ROU,15778.0
TKL,RUS,14277.0
TKL,RWA,17355.0
TKL,SAU,15668.0
TKL,SDN,17362.0
TKL,SEN,17125.0
TKL,SGP,9482.0
TKL,SHN,16790.0
TKL,SLB,3162.0
TKL,SLE,17618.0
TKL,SLV,9415.0
TKL,SMR,16158.0
TKL,SOM,15905.0
TKL,SPM,12667.0
TKL,SRB,15920.0
TKL,SSD,17465.0
TKL,STP,18981.0
TKL,SUR,12982.0
TKL,SVK,15636.0
TKL,SVN,15903.0
TKL,SWE,14406.0
TKL,SWZ,15380.0
TKL,SXM,12251.0
TKL,SYC,14627.0
TKL,SYR,16133.0
TKL,TCA,11433.0
TKL,TCD,19279.0
TKL,TGO,19126.0
TKL,THA,10072.0
TKL,TJK,13254.0
TKL,TKM,14147.0
TKL,TLS,6939.0
TKL,TON,1368.0
TKL,TTO,12349.0
TKL,TUN,16961.0
TKL,TUR,15980.0
TKL,TUV,1055.0
TKL,TWN,8223.0
TKL,TZA,16200.0
TKL,UGA,17208.0
TKL,UKR,15033.0
TKL,URY,11633.0
TKL,USA,11295.0
TKL,UZB,13152.0
TKL,VAT,16382.0
TKL,VCT,12407.0
TKL,VEN,11763.0
TKL,VGB,12088.0
TKL,VNM,9357.0
TKL,VUT,2394.0
TKL,WLF,689.0
TKL,WSM,496.0
TKL,YEM,16127.0
TKL,ZAF,15555.0
TKL,ZMB,16530.0
TKL,ZWE,16135.0
TKM,ABW,12267.0
TKM,AFG,1041.0
TKM,AGO,6985.0
TKM,AIA,11298.0
TKM,ALB,3304.0
TKM,AND,4775.0
TKM,ARE,1435.0
TKM,ARG,14442.0
TKM,ARM,1224.0
TKM,ASM,14539.0
TKM,ATG,11297.0
TKM,AUS,12202.0
TKM,AUT,3555.0
TKM,AZE,781.0
TKM,BDI,5468.0
TKM,BEL,4426.0
TKM,BEN,6621.0
TKM,BES,12171.0
TKM,BFA,6545.0
TKM,BGD,3422.0
TKM,BGR,3004.0
TKM,BHR,1494.0
TKM,BHS,11645.0
TKM,BIH,3401.0
TKM,BLR,2938.0
TKM,BLZ,13001.0
TKM,BMU,10259.0
TKM,BOL,14311.0
TKM,BRA,12857.0
TKM,BRB,11444.0
TKM,BRN,6775.0
TKM,BTN,3134.0
TKM,BWA,7716.0
TKM,CAF,5489.0
TKM,CAN,10015.0
TKM,CCK,6845.0
TKM,CHE,4146.0
TKM,CHL,15442.0
TKM,CHN,5725.0
TKM,CIV,7241.0
TKM,CMR,6067.0
TKM,COD,6453.0
TKM,COG,6450.0
TKM,COK,15928.0
TKM,COL,13219.0
TKM,COM,5718.0
TKM,CPV,8304.0
TKM,CRI,13431.0
TKM,CUB,12104.0
TKM,CUW,12222.0
TKM,CXR,7269.0
TKM,CYM,12407.0
TKM,CYP,2254.0
TKM,CZE,3710.0
TKM,DEU,3807.0
TKM,DJI,3291.0
TKM,DMA,11407.0
TKM,DNK,3915.0
TKM,DOM,11756.0
TKM,DZA,4831.0
TKM,ECU,14209.0
TKM,EGY,2645.0
TKM,ERI,3152.0
TKM,ESH,6668.0
TKM,ESP,5258.0
TKM,EST,3374.0
TKM,ETH,3761.0
TKM,FIN,3407.0
TKM,FJI,13849.0
TKM,FLK,14925.0
TKM,FRA,4587.0
TKM,FRO,5092.0
TKM,FSM,10393.0
TKM,GAB,6501.0
TKM,GBR,4733.0
TKM,GEO,1231.0
TKM,GHA,6941.0
TKM,GIB,5558.0
TKM,GIN,7789.0
TKM,GLP,11377.0
TKM,GMB,7801.0
TKM,GNB,7809.0
TKM,GNQ,6361.0
TKM,GRC,3026.0
TKM,GRD,11689.0
TKM,GRL,7155.0
TKM,GTM,13348.0
TKM,GUF,11464.0
TKM,GUM,8788.0
TKM,GUY,11808.0
TKM,HKG,5564.0
TKM,HND,13224.0
TKM,HRV,3582.0
TKM,HTI,11915.0
TKM,HUN,3351.0
TKM,IDN,7000.0
TKM,IND,2028.0
TKM,IOT,5210.0
TKM,IRL,5124.0
TKM,IRN,669.0
TKM,IRQ,1364.0
TKM,ISL,5830.0
TKM,ISR,2243.0
TKM,ITA,3902.0
TKM,JAM,12249.0
TKM,JOR,2148.0
TKM,JPN,7010.0
TKM,KAZ,1670.0
TKM,KEN,4877.0
TKM,KGZ,1477.0
TKM,KHM,5461.0
TKM,KIR,12052.0
TKM,KNA,11348.0
TKM,KOR,5897.0
TKM,KWT,1354.0
TKM,LAO,4823.0
TKM,LBN,2109.0
TKM,LBR,7760.0
TKM,LBY,4103.0
TKM,LCA,11479.0
TKM,LIE,4071.0
TKM,LKA,4061.0
TKM,LSO,8112.0
TKM,LTU,3109.0
TKM,LUX,4306.0
TKM,LVA,3279.0
TKM,MAC,5512.0
TKM,MAR,5862.0
TKM,MCO,4278.0
TKM,MDA,2608.0
TKM,MDG,6396.0
TKM,MDV,4044.0
TKM,MEX,13235.0
TKM,MHL,11497.0
TKM,MKD,3163.0
TKM,MLI,7091.0
TKM,MLT,3879.0
TKM,MMR,4365.0
TKM,MNE,3338.0
TKM,MNG,4039.0
TKM,MNP,8761.0
TKM,MOZ,7575.0
TKM,MRT,7445.0
TKM,MSR,11350.0
TKM,MTQ,11438.0
TKM,MUS,6433.0
TKM,MWI,6295.0
TKM,MYS,5849.0
TKM,MYT,5781.0
TKM,NAM,7969.0
TKM,NCL,13047.0
TKM,NER,6152.0
TKM,NFK,13560.0
TKM,NGA,6534.0
TKM,NIC,13355.0
TKM,NIU,14921.0
TKM,NLD,4384.0
TKM,NOR,4124.0
TKM,NPL,2753.0
TKM,NRU,11667.0
TKM,NZL,14504.0
TKM,OMN,1590.0
TKM,PAK,1664.0
TKM,PAN,13225.0
TKM,PCN,18374.0
TKM,PER,14757.0
TKM,PHL,6632.0
TKM,PLW,8294.0
TKM,PNG,10546.0
TKM,POL,3292.0
TKM,PRI,11496.0
TKM,PRK,5737.0
TKM,PRT,5762.0
TKM,PRY,13913.0
TKM,PSE,2297.0
TKM,PYF,16479.0
TKM,QAT,1550.0
TKM,REU,6519.0
TKM,ROU,2782.0
TKM,RUS,2514.0
TKM,RWA,5292.0
TKM,SAU,1839.0
TKM,SDN,3550.0
TKM,SEN,7788.0
TKM,SGP,6163.0
TKM,SHN,8958.0
TKM,SLB,11664.0
TKM,SLE,7825.0
TKM,SLV,13368.0
TKM,SMR,3874.0
TKM,SOM,4193.0
TKM,SPM,8593.0
TKM,SRB,3231.0
TKM,SSD,4563.0
TKM,STP,6720.0
TKM,SUR,11633.0
TKM,SVK,3500.0
TKM,SVN,3695.0
TKM,SWE,3711.0
TKM,SWZ,7662.0
TKM,SXM,11312.0
TKM,SYC,4722.0
TKM,SYR,2052.0
TKM,TCA,11584.0
TKM,TCD,5159.0
TKM,TGO,6740.0
TKM,THA,4943.0
TKM,TJK,912.0
TKM,TKL,14147.0
TKM,TLS,8648.0
TKM,TON,14588.0
TKM,TTO,11780.0
TKM,TUN,4223.0
TKM,TUR,2543.0
TKM,TUV,13281.0
TKM,TWN,6048.0
TKM,TZA,5338.0
TKM,UGA,4935.0
TKM,UKR,2601.0
TKM,URY,14264.0
TKM,USA,10042.0
TKM,UZB,1000.0
TKM,VAT,3904.0
TKM,VCT,11563.0
TKM,VEN,12203.0
TKM,VGB,11394.0
TKM,VNM,5664.0
TKM,VUT,12935.0
TKM,WLF,14004.0
TKM,WSM,14418.0
TKM,YEM,2866.0
TKM,ZAF,7776.0
TKM,ZMB,6693.0
TKM,ZWE,6804.0
TLS,ABW,18273.0
TLS,AFG,7609.0
TLS,AGO,12289.0
TLS,AIA,18599.0
TLS,ALB,11950.0
TLS,AND,13413.0
TLS,ARE,8473.0
TLS,ARG,15209.0
TLS,ARM,9868.0
TLS,ASM,6964.0
TLS,ATG,18775.0
TLS,AUS,3782.0
TLS,AUT,12135.0
TLS,AZE,9429.0
TLS,BDI,10644.0
TLS,BEL,12905.0
TLS,BEN,13770.0
TLS,BES,18468.0
TLS,BFA,14238.0
TLS,BGD,5231.0
TLS,BGR,11652.0
TLS,BHR,8958.0
TLS,BHS,16984.0
TLS,BIH,12045.0
TLS,BLR,11296.0
TLS,BLZ,16192.0
TLS,BMU,17171.0
TLS,BOL,16855.0
TLS,BRA,16354.0
TLS,BRB,19264.0
TLS,BRN,1902.0
TLS,BTN,5557.0
TLS,BWA,10586.0
TLS,CAF,11960.0
TLS,CAN,15424.0
TLS,CCK,3172.0
TLS,CHE,12731.0
TLS,CHL,15051.0
TLS,CHN,4424.0
TLS,CIV,14459.0
TLS,CMR,12727.0
TLS,COD,12165.0
TLS,COG,12169.0
TLS,COK,8092.0
TLS,COL,17820.0
TLS,COM,8996.0
TLS,CPV,16595.0
TLS,CRI,16776.0
TLS,CUB,16639.0
TLS,CUW,18399.0
TLS,CXR,2194.0
TLS,CYM,16893.0
TLS,CYP,10755.0
TLS,CZE,12239.0
TLS,DEU,12252.0
TLS,DJI,9390.0
TLS,DMA,18957.0
TLS,DNK,12222.0
TLS,DOM,18025.0
TLS,DZA,13462.0
TLS,ECU,16967.0
TLS,EGY,10901.0
TLS,ERI,9909.0
TLS,ESH,15229.0
TLS,ESP,13902.0
TLS,EST,11433.0
TLS,ETH,9820.0
TLS,FIN,11415.0
TLS,FJI,5806.0
TLS,FLK,13319.0
TLS,FRA,13117.0
TLS,FRO,12938.0
TLS,FSM,4001.0
TLS,GAB,12898.0
TLS,GBR,13168.0
TLS,GEO,9877.0
TLS,GHA,14210.0
TLS,GIB,14202.0
TLS,GIN,15554.0
TLS,GLP,18876.0
TLS,GMB,15879.0
TLS,GNB,15769.0
TLS,GNQ,12889.0
TLS,GRC,11628.0
TLS,GRD,19140.0
TLS,GRL,13826.0
TLS,GTM,16046.0
TLS,GUF,19548.0
TLS,GUM,3230.0
TLS,GUY,19576.0
TLS,HKG,3630.0
TLS,HND,16409.0
TLS,HRV,12205.0
TLS,HTI,17800.0
TLS,HUN,11948.0
TLS,IDN,2083.0
TLS,IND,6626.0
TLS,IOT,5860.0
TLS,IRL,13443.0
TLS,IRN,9158.0
TLS,IRQ,9720.0
TLS,ISL,13325.0
TLS,ISR,10588.0
TLS,ITA,12550.0
TLS,JAM,17396.0
TLS,JOR,10477.0
TLS,JPN,5117.0
TLS,KAZ,7553.0
TLS,KEN,9860.0
TLS,KGZ,7683.0
TLS,KHM,3190.0
TLS,KIR,5373.0
TLS,KNA,18699.0
TLS,KOR,5108.0
TLS,KWT,9291.0
TLS,LAO,3871.0
TLS,LBN,10546.0
TLS,LBR,15216.0
TLS,LBY,12615.0
TLS,LCA,19087.0
TLS,LIE,12663.0
TLS,LKA,5355.0
TLS,LSO,10328.0
TLS,LTU,11441.0
TLS,LUX,12829.0
TLS,LVA,11495.0
TLS,MAC,3647.0
TLS,MAR,14492.0
TLS,MCO,12914.0
TLS,MDA,11209.0
TLS,MDG,8459.0
TLS,MDV,5948.0
TLS,MEX,15071.0
TLS,MHL,5370.0
TLS,MKD,11811.0
TLS,MLI,14941.0
TLS,MLT,12462.0
TLS,MMR,4284.0
TLS,MNE,11987.0
TLS,MNG,6520.0
TLS,MNP,3446.0
TLS,MOZ,9911.0
TLS,MRT,15746.0
TLS,MSR,18777.0
TLS,MTQ,19035.0
TLS,MUS,7408.0
TLS,MWI,9981.0
TLS,MYS,2950.0
TLS,MYT,8769.0
TLS,NAM,11516.0
TLS,NCL,4625.0
TLS,NER,13845.0
TLS,NFK,4974.0
TLS,NGA,13655.0
TLS,NIC,16531.0
TLS,NIU,7036.0
TLS,NLD,12812.0
TLS,NOR,12195.0
TLS,NPL,5906.0
TLS,NRU,4669.0
TLS,NZL,5858.0
TLS,OMN,8101.0
TLS,PAK,7340.0
TLS,PAN,17277.0
TLS,PCN,11229.0
TLS,PER,16639.0
TLS,PHL,2611.0
TLS,PLW,2017.0
TLS,PNG,2378.0
TLS,POL,11747.0
TLS,PRI,18350.0
TLS,PRK,5269.0
TLS,PRT,14405.0
TLS,PRY,16242.0
TLS,PSE,10611.0
TLS,PYF,9193.0
TLS,QAT,8851.0
TLS,REU,7620.0
TLS,ROU,11423.0
TLS,RUS,10660.0
TLS,RWA,10592.0
TLS,SAU,9298.0
TLS,SDN,10592.0
TLS,SEN,15950.0
TLS,SGP,2644.0
TLS,SHN,14016.0
TLS,SLB,3780.0
TLS,SLE,15503.0
TLS,SLV,16200.0
TLS,SMR,12514.0
TLS,SOM,8977.0
TLS,SPM,15765.0
TLS,SRB,11868.0
TLS,SSD,10535.0
TLS,STP,13196.0
TLS,SUR,19697.0
TLS,SVK,12082.0
TLS,SVN,12314.0
TLS,SWE,11811.0
TLS,SWZ,10035.0
TLS,SXM,18616.0
TLS,SYC,7757.0
TLS,SYR,10465.0
TLS,TCA,17732.0
TLS,TCD,12435.0
TLS,TGO,13892.0
TLS,THA,3705.0
TLS,TJK,7849.0
TLS,TKL,6939.0
TLS,TKM,8648.0
TLS,TON,6489.0
TLS,TTO,19222.0
TLS,TUN,12837.0
TLS,TUR,11185.0
TLS,TUV,5899.0
TLS,TWN,3741.0
TLS,TZA,9501.0
TLS,UGA,10352.0
TLS,UKR,11094.0
TLS,URY,15198.0
TLS,USA,15955.0
TLS,UZB,7964.0
TLS,VAT,12552.0
TLS,VCT,19126.0
TLS,VEN,18653.0
TLS,VGB,18470.0
TLS,VNM,2991.0
TLS,VUT,4734.0
TLS,WLF,6377.0
TLS,WSM,6852.0
TLS,YEM,9351.0
TLS,ZAF,10341.0
TLS,ZMB,10540.0
TLS,ZWE,10202.0
TON,ABW,12067.0
TON,AFG,13619.0
TON,AGO,16564.0
TON,AIA,12965.0
TON,ALB,17363.0
TON,AND,17615.0
TON,ARE,14869.0
TON,ARG,10929.0
TON,ARM,15719.0
TON,ASM,897.0
TON,ATG,13057.0
TON,AUS,4241.0
TON,AUT,16830.0
TON,AZE,15273.0
TON,BDI,16207.0
TON,BEL,16707.0
TON,BEN,18358.0
TON,BES,12236.0
TON,BFA,18831.0
TON,BGD,11359.0
TON,BGR,17063.0
TON,BHR,15350.0
TON,BHS,11739.0
TON,BIH,17195.0
TON,BLR,15892.0
TON,BLZ,10338.0
TON,BMU,13110.0
TON,BOL,11046.0
TON,BRA,12571.0
TON,BRB,13163.0
TON,BRN,8143.0
TON,BTN,11556.0
TON,BWA,14451.0
TON,CAF,17637.0
TON,CAN,12057.0
TON,CCK,9328.0
TON,CHE,17077.0
TON,CHL,10003.0
TON,CHN,8901.0
TON,CIV,18021.0
TON,CMR,17963.0
TON,COD,16966.0
TON,COG,16974.0
TON,COK,1603.0
TON,COL,11354.0
TON,COM,14465.0
TON,CPV,16962.0
TON,CRI,10524.0
TON,CUB,11186.0
TON,CUW,12165.0
TON,CXR,8485.0
TON,CYM,11149.0
TON,CYP,16833.0
TON,CZE,16683.0
TON,DEU,16444.0
TON,DJI,15813.0
TON,DMA,13050.0
TON,DNK,16116.0
TON,DOM,12276.0
TON,DZA,18265.0
TON,ECU,10480.0
TON,EGY,17202.0
TON,ERI,16373.0
TON,ESH,18084.0
TON,ESP,17723.0
TON,EST,15467.0
TON,ETH,16154.0
TON,FIN,15390.0
TON,FJI,744.0
TON,FLK,9913.0
TON,FRA,16922.0
TON,FRO,15379.0
TON,FSM,4255.0
TON,GAB,17655.0
TON,GBR,16607.0
TON,GEO,15640.0
TON,GHA,18267.0
TON,GIB,18077.0
TON,GIN,17672.0
TON,GLP,13036.0
TON,GMB,17597.0
TON,GNB,17625.0
TON,GNQ,17806.0
TON,GRC,17410.0
TON,GRD,12908.0
TON,GRL,13699.0
TON,GTM,10056.0
TON,GUF,13619.0
TON,GUM,5816.0
TON,GUY,13092.0
TON,HKG,9044.0
TON,HND,10368.0
TON,HRV,17086.0
TON,HTI,12031.0
TON,HUN,16815.0
TON,IDN,8522.0
TON,IND,12772.0
TON,IOT,12010.0
TON,IRL,16310.0
TON,IRN,15232.0
TON,IRQ,15907.0
TON,ISL,14835.0
TON,ISR,16817.0
TON,ITA,17594.0
TON,JAM,11563.0
TON,JOR,16714.0
TON,JPN,7884.0
TON,KAZ,13019.0
TON,KEN,15747.0
TON,KGZ,13205.0
TON,KHM,9447.0
TON,KIR,2799.0
TON,KNA,12972.0
TON,KOR,8878.0
TON,KWT,15610.0
TON,LAO,9949.0
TON,LBN,16697.0
TON,LBR,17670.0
TON,LBY,18469.0
TON,LCA,13050.0
TON,LIE,17089.0
TON,LKA,11840.0
TON,LSO,13918.0
TON,LTU,15904.0
TON,LUX,16843.0
TON,LVA,15727.0
TON,MAC,9100.0
TON,MAR,18171.0
TON,MCO,17487.0
TON,MDA,16414.0
TON,MDG,13592.0
TON,MDV,12392.0
TON,MEX,9419.0
TON,MHL,3450.0
TON,MKD,17222.0
TON,MLI,18370.0
TON,MLT,18120.0
TON,MMR,10540.0
TON,MNE,17288.0
TON,MNG,10868.0
TON,MNP,5862.0
TON,MOZ,14005.0
TON,MRT,17829.0
TON,MSR,13010.0
TON,MTQ,13061.0
TON,MUS,12690.0
TON,MWI,15005.0
TON,MYS,9428.0
TON,MYT,14225.0
TON,NAM,14991.0
TON,NCL,1901.0
TON,NER,19116.0
TON,NFK,1908.0
TON,NGA,18372.0
TON,NIC,10389.0
TON,NIU,598.0
TON,NLD,16537.0
TON,NOR,15673.0
TON,NPL,11973.0
TON,NRU,2996.0
TON,NZL,1995.0
TON,OMN,14517.0
TON,PAK,13688.0
TON,PAN,10958.0
TON,PCN,4806.0
TON,PER,10368.0
TON,PHL,8014.0
TON,PLW,6336.0
TON,PNG,4229.0
TON,POL,16284.0
TON,PRI,12661.0
TON,PRK,9061.0
TON,PRT,17650.0
TON,PRY,11544.0
TON,PSE,16863.0
TON,PYF,2720.0
TON,QAT,15260.0
TON,REU,12814.0
TON,ROU,16769.0
TON,RUS,15304.0
TON,RWA,16267.0
TON,SAU,15730.0
TON,SDN,17041.0
TON,SEN,17572.0
TON,SGP,9129.0
TON,SHN,15747.0
TON,SLB,2960.0
TON,SLE,17636.0
TON,SLV,10153.0
TON,SMR,17380.0
TON,SOM,15153.0
TON,SPM,13890.0
TON,SRB,17015.0
TON,SSD,16618.0
TON,STP,17693.0
TON,SUR,13365.0
TON,SVK,16814.0
TON,SVN,17105.0
TON,SWE,15634.0
TON,SWZ,14041.0
TON,SXM,12960.0
TON,SYC,13812.0
TON,SYR,16637.0
TON,TCA,12241.0
TON,TCD,18540.0
TON,TGO,18301.0
TON,THA,9979.0
TON,TJK,13678.0
TON,TKL,1368.0
TON,TKM,14588.0
TON,TLS,6489.0
TON,TTO,12884.0
TON,TUN,18192.0
TON,TUR,16848.0
TON,TUV,1520.0
TON,TWN,8541.0
TON,TZA,15149.0
TON,UGA,16226.0
TON,UKR,16055.0
TON,URY,11086.0
TON,USA,12435.0
TON,UZB,13645.0
TON,VAT,17594.0
TON,VCT,12998.0
TON,VEN,12321.0
TON,VGB,12811.0
TON,VNM,9236.0
TON,VUT,1770.0
TON,WLF,876.0
TON,WSM,887.0
TON,YEM,15827.0
TON,ZAF,14202.0
TON,ZMB,15225.0
TON,ZWE,14838.0
TTO,ABW,951.0
TTO,AFG,12805.0
TTO,AGO,8555.0
TTO,AIA,852.0
TTO,ALB,8514.0
TTO,AND,7012.0
TTO,ARE,12112.0
TTO,ARG,5021.0
TTO,ARM,10581.0
TTO,ASM,12355.0
TTO,ATG,715.0
TTO,AUS,16011.0
TTO,AUT,8235.0
TTO,AZE,11002.0
TTO,BDI,10183.0
TTO,BEL,7407.0
TTO,BEN,7036.0
TTO,BES,755.0
TTO,BFA,6532.0
TTO,BGD,15138.0
TTO,BGR,8795.0
TTO,BHR,11632.0
TTO,BHS,2309.0
TTO,BIH,8386.0
TTO,BLR,8998.0
TTO,BLZ,3030.0
TTO,BMU,2418.0
TTO,BOL,3092.0
TTO,BRA,4117.0
TTO,BRB,340.0
TTO,BRN,18236.0
TTO,BTN,14773.0
TTO,BWA,10247.0
TTO,CAF,8845.0
TTO,CAN,4048.0
TTO,CCK,17667.0
TTO,CHE,7640.0
TTO,CHL,4978.0
TTO,CHN,15358.0
TTO,CIV,6357.0
TTO,CMR,8085.0
TTO,COD,8672.0
TTO,COG,8667.0
TTO,COK,11286.0
TTO,COL,1539.0
TTO,COM,11845.0
TTO,CPV,4148.0
TTO,CRI,2472.0
TTO,CUB,2610.0
TTO,CUW,825.0
TTO,CXR,18634.0
TTO,CYM,2336.0
TTO,CYP,9776.0
TTO,CZE,8103.0
TTO,DEU,8054.0
TTO,DJI,11346.0
TTO,DMA,513.0
TTO,DNK,8037.0
TTO,DOM,1251.0
TTO,DZA,7046.0
TTO,ECU,2482.0
TTO,EGY,9690.0
TTO,ERI,10806.0
TTO,ESH,5369.0
TTO,ESP,6537.0
TTO,EST,8782.0
TTO,ETH,10941.0
TTO,FIN,8789.0
TTO,FJI,13541.0
TTO,FLK,6919.0
TTO,FRA,7218.0
TTO,FRO,7175.0
TTO,FSM,15224.0
TTO,GAB,7929.0
TTO,GBR,7121.0
TTO,GEO,10552.0
TTO,GHA,6597.0
TTO,GIB,6293.0
TTO,GIN,5243.0
TTO,GLP,590.0
TTO,GMB,4885.0
TTO,GNB,5010.0
TTO,GNQ,7933.0
TTO,GRC,8878.0
TTO,GRD,156.0
TTO,GRL,5990.0
TTO,GTM,3180.0
TTO,GUF,1195.0
TTO,GUM,16079.0
TTO,GUY,565.0
TTO,HKG,16330.0
TTO,HND,2818.0
TTO,HRV,8198.0
TTO,HTI,1454.0
TTO,HUN,8434.0
TTO,IDN,18659.0
TTO,IND,13805.0
TTO,IOT,14959.0
TTO,IRL,6796.0
TTO,IRN,11324.0
TTO,IRQ,10809.0
TTO,ISL,6690.0
TTO,ISR,9975.0
TTO,ITA,7903.0
TTO,JAM,1835.0
TTO,JOR,10086.0
TTO,JPN,14414.0
TTO,KAZ,12705.0
TTO,KEN,10956.0
TTO,KGZ,12596.0
TTO,KHM,17133.0
TTO,KIR,13858.0
TTO,KNA,745.0
TTO,KOR,14592.0
TTO,KWT,11272.0
TTO,LAO,16395.0
TTO,LBN,9995.0
TTO,LBR,5600.0
TTO,LBY,7953.0
TTO,LCA,374.0
TTO,LIE,7714.0
TTO,LKA,15328.0
TTO,LSO,10492.0
TTO,LTU,8842.0
TTO,LUX,7505.0
TTO,LVA,8755.0
TTO,MAC,16329.0
TTO,MAR,6032.0
TTO,MCO,7507.0
TTO,MDA,9179.0
TTO,MDG,12387.0
TTO,MDV,14787.0
TTO,MEX,4151.0
TTO,MHL,13852.0
TTO,MKD,8645.0
TTO,MLI,5830.0
TTO,MLT,8070.0
TTO,MMR,16109.0
TTO,MNE,8464.0
TTO,MNG,13416.0
TTO,MNP,15870.0
TTO,MOZ,10921.0
TTO,MRT,4967.0
TTO,MSR,682.0
TTO,MTQ,439.0
TTO,MUS,13437.0
TTO,MWI,10864.0
TTO,MYS,17616.0
TTO,MYT,12073.0
TTO,NAM,9318.0
TTO,NCL,14774.0
TTO,NER,6915.0
TTO,NFK,14508.0
TTO,NGA,7150.0
TTO,NIC,2703.0
TTO,NIU,12320.0
TTO,NLD,7479.0
TTO,NOR,7999.0
TTO,NPL,14467.0
TTO,NRU,14563.0
TTO,NZL,13705.0
TTO,OMN,12490.0
TTO,PAK,13200.0
TTO,PAN,1983.0
TTO,PCN,8224.0
TTO,PER,3041.0
TTO,PHL,17196.0
TTO,PLW,17352.0
TTO,PNG,16889.0
TTO,POL,8570.0
TTO,PRI,994.0
TTO,PRK,14451.0
TTO,PRT,6037.0
TTO,PRY,4001.0
TTO,PSE,9959.0
TTO,PYF,10166.0
TTO,QAT,11746.0
TTO,REU,13224.0
TTO,ROU,9000.0
TTO,RUS,9600.0
TTO,RWA,10230.0
TTO,SAU,11317.0
TTO,SDN,10130.0
TTO,SEN,4801.0
TTO,SGP,17932.0
TTO,SHN,6815.0
TTO,SLB,15492.0
TTO,SLE,5301.0
TTO,SLV,3028.0
TTO,SMR,7912.0
TTO,SOM,11817.0
TTO,SPM,4034.0
TTO,SRB,8551.0
TTO,SSD,10257.0
TTO,STP,7633.0
TTO,SUR,878.0
TTO,SVK,8290.0
TTO,SVN,8085.0
TTO,SWE,8402.0
TTO,SWZ,10796.0
TTO,SXM,831.0
TTO,SYC,13060.0
TTO,SYR,10079.0
TTO,TCA,1576.0
TTO,TCD,8328.0
TTO,TGO,6916.0
TTO,THA,16668.0
TTO,TJK,12519.0
TTO,TKL,12349.0
TTO,TKM,11780.0
TTO,TLS,19222.0
TTO,TON,12884.0
TTO,TUN,7681.0
TTO,TUR,9280.0
TTO,TUV,13377.0
TTO,TWN,16044.0
TTO,TZA,11331.0
TTO,UGA,10460.0
TTO,UKR,9246.0
TTO,URY,5067.0
TTO,USA,3549.0
TTO,UZB,12368.0
TTO,VAT,7901.0
TTO,VCT,278.0
TTO,VEN,587.0
TTO,VGB,920.0
TTO,VNM,17306.0
TTO,VUT,14613.0
TTO,WLF,12933.0
TTO,WSM,12464.0
TTO,YEM,11355.0
TTO,ZAF,10489.0
TTO,ZMB,10306.0
TTO,ZWE,10644.0
TUN,ABW,8321.0
TUN,AFG,5261.0
TUN,AGO,5064.0
TUN,AIA,7349.0
TUN,ALB,973.0
TUN,AND,973.0
TUN,ARE,4451.0
TUN,ARG,10624.0
TUN,ARM,3001.0
TUN,ASM,17505.0
TUN,ATG,7307.0
TUN,AUS,16055.0
TUN,AUT,1363.0
TUN,AZE,3454.0
TUN,BDI,4876.0
TUN,BEL,1626.0
TUN,BEN,3456.0
TUN,BES,8188.0
TUN,BFA,2951.0
TUN,BGD,7639.0
TUN,BGR,1301.0
TUN,BHR,3982.0
TUN,BHS,8179.0
TUN,BIH,1045.0
TUN,BLR,2324.0
TUN,BLZ,9646.0
TUN,BMU,6716.0
TUN,BOL,10095.0
TUN,BRA,8951.0
TUN,BRB,7357.0
TUN,BRN,10989.0
TUN,BTN,7357.0
TUN,BWA,7002.0
TUN,CAF,3695.0
TUN,CAN,7276.0
TUN,CCK,10521.0
TUN,CHE,1179.0
TUN,CHL,11431.0
TUN,CHN,9632.0
TUN,CIV,3774.0
TUN,CMR,3651.0
TUN,COD,4586.0
TUN,COG,4579.0
TUN,COK,18026.0
TUN,COL,9195.0
TUN,COM,6391.0
TUN,CPV,4120.0
TUN,CRI,9732.0
TUN,CUB,8723.0
TUN,CUW,8250.0
TUN,CXR,11187.0
TUN,CYM,8884.0
TUN,CYP,2095.0
TUN,CZE,1513.0
TUN,DEU,1764.0
TUN,DJI,4323.0
TUN,DMA,7377.0
TUN,DNK,2104.0
TUN,DOM,7937.0
TUN,DZA,636.0
TUN,ECU,10162.0
TUN,EGY,2093.0
TUN,ERI,3708.0
TUN,ESH,2446.0
TUN,ESP,1270.0
TUN,EST,2725.0
TUN,ETH,4217.0
TUN,FIN,2802.0
TUN,FJI,17643.0
TUN,FLK,11822.0
TUN,FRA,1480.0
TUN,FRO,3038.0
TUN,FSM,14135.0
TUN,GAB,4034.0
TUN,GBR,1824.0
TUN,GEO,3020.0
TUN,GHA,3545.0
TUN,GIB,1391.0
TUN,GIN,3855.0
TUN,GLP,7365.0
TUN,GMB,3719.0
TUN,GNB,3779.0
TUN,GNQ,3871.0
TUN,GRC,1208.0
TUN,GRD,7613.0
TUN,GRL,5044.0
TUN,GTM,9974.0
TUN,GUF,7249.0
TUN,GUM,12693.0
TUN,GUY,7634.0
TUN,HKG,9720.0
TUN,HND,9726.0
TUN,HRV,1111.0
TUN,HTI,8148.0
TUN,HUN,1392.0
TUN,IDN,11018.0
TUN,IND,6223.0
TUN,IOT,8097.0
TUN,IRL,2233.0
TUN,IRN,3681.0
TUN,IRQ,3129.0
TUN,ISL,3714.0
TUN,ISR,2315.0
TUN,ITA,598.0
TUN,JAM,8571.0
TUN,JOR,2423.0
TUN,JPN,10439.0
TUN,KAZ,5590.0
TUN,KEN,5037.0
TUN,KGZ,5420.0
TUN,KHM,9667.0
TUN,KIR,15427.0
TUN,KNA,7375.0
TUN,KOR,9524.0
TUN,KWT,3601.0
TUN,LAO,9046.0
TUN,LBN,2317.0
TUN,LBR,3996.0
TUN,LBY,517.0
TUN,LCA,7422.0
TUN,LIE,1148.0
TUN,LKA,7746.0
TUN,LSO,7541.0
TUN,LTU,2297.0
TUN,LUX,1458.0
TUN,LVA,2466.0
TUN,MAC,9674.0
TUN,MAR,1656.0
TUN,MCO,802.0
TUN,MDA,1911.0
TUN,MDG,7312.0
TUN,MDV,7374.0
TUN,MEX,10345.0
TUN,MHL,14768.0
TUN,MKD,1127.0
TUN,MLI,3234.0
TUN,MLT,403.0
TUN,MMR,8562.0
TUN,MNE,999.0
TUN,MNG,7530.0
TUN,MNP,12609.0
TUN,MOZ,7332.0
TUN,MRT,3295.0
TUN,MSR,7359.0
TUN,MTQ,7392.0
TUN,MUS,8029.0
TUN,MWI,6143.0
TUN,MYS,9941.0
TUN,MYT,6606.0
TUN,NAM,6612.0
TUN,NCL,17227.0
TUN,NER,2704.0
TUN,NFK,17784.0
TUN,NGA,3433.0
TUN,NIC,9774.0
TUN,NIU,18036.0
TUN,NLD,1777.0
TUN,NOR,2568.0
TUN,NPL,6975.0
TUN,NRU,15334.0
TUN,NZL,18653.0
TUN,OMN,4831.0
TUN,PAK,5520.0
TUN,PAN,9391.0
TUN,PCN,15850.0
TUN,PER,10559.0
TUN,PHL,10816.0
TUN,PLW,12443.0
TUN,PNG,14745.0
TUN,POL,1912.0
TUN,PRI,7604.0
TUN,PRK,9334.0
TUN,PRT,1711.0
TUN,PRY,9882.0
TUN,PSE,2309.0
TUN,PYF,17096.0
TUN,QAT,4105.0
TUN,REU,7962.0
TUN,ROU,1587.0
TUN,RUS,2947.0
TUN,RWA,4760.0
TUN,SAU,3721.0
TUN,SDN,3231.0
TUN,SEN,3673.0
TUN,SGP,10256.0
TUN,SHN,6073.0
TUN,SLB,15721.0
TUN,SLE,3929.0
TUN,SLV,9922.0
TUN,SMR,813.0
TUN,SOM,5276.0
TUN,SPM,5457.0
TUN,SRB,1241.0
TUN,SSD,4160.0
TUN,STP,4055.0
TUN,SUR,7433.0
TUN,SVK,1380.0
TUN,SVN,1087.0
TUN,SWE,2567.0
TUN,SWZ,7326.0
TUN,SXM,7359.0
TUN,SYC,6565.0
TUN,SYR,2402.0
TUN,TCA,7865.0
TUN,TCD,2781.0
TUN,TGO,3518.0
TUN,THA,9142.0
TUN,TJK,5084.0
TUN,TKL,16961.0
TUN,TKM,4223.0
TUN,TLS,12837.0
TUN,TON,18192.0
TUN,TTO,7681.0
TUN,TUR,1691.0
TUN,TUV,16682.0
TUN,TWN,10090.0
TUN,TZA,5704.0
TUN,UGA,4655.0
TUN,UKR,2220.0
TUN,URY,10489.0
TUN,USA,7032.0
TUN,UZB,5037.0
TUN,VAT,598.0
TUN,VCT,7496.0
TUN,VEN,8170.0
TUN,VGB,7475.0
TUN,VNM,9874.0
TUN,VUT,17007.0
TUN,WLF,17322.0
TUN,WSM,17450.0
TUN,YEM,4117.0
TUN,ZAF,7223.0
TUN,ZMB,6086.0
TUN,ZWE,6435.0
TUR,ABW,9845.0
TUR,AFG,3583.0
TUR,AGO,5750.0
TUR,AIA,8867.0
TUR,ALB,767.0
TUR,AND,2277.0
TUR,ARE,2996.0
TUR,ARG,12230.0
TUR,ARM,1319.0
TUR,ASM,16489.0
TUR,ATG,8847.0
TUR,AUS,14625.0
TUR,AUT,1276.0
TUR,AZE,1767.0
TUR,BDI,4916.0
TUR,BEL,2184.0
TUR,BEN,4651.0
TUR,BES,9729.0
TUR,BFA,4347.0
TUR,BGD,5965.0
TUR,BGR,503.0
TUR,BHR,2580.0
TUR,BHS,9476.0
TUR,BIH,926.0
TUR,BLR,1436.0
TUR,BLZ,10922.0
TUR,BMU,8023.0
TUR,BOL,11785.0
TUR,BRA,10569.0
TUR,BRB,8948.0
TUR,BRN,9318.0
TUR,BTN,5673.0
TUR,BWA,7277.0
TUR,CAF,4191.0
TUR,CAN,8211.0
TUR,CCK,9108.0
TUR,CHE,1773.0
TUR,CHL,13091.0
TUR,CHN,8004.0
TUR,CIV,5136.0
TUR,CMR,4469.0
TUR,COD,5209.0
TUR,COG,5203.0
TUR,COK,17664.0
TUR,COL,10763.0
TUR,COM,6019.0
TUR,CPV,5805.0
TUR,CRI,11158.0
TUR,CUB,9992.0
TUR,CUW,9787.0
TUR,CXR,9673.0
TUR,CYM,10219.0
TUR,CYP,756.0
TUR,CZE,1513.0
TUR,DEU,1738.0
TUR,DJI,3544.0
TUR,DMA,8938.0
TUR,DNK,2022.0
TUR,DOM,9397.0
TUR,DZA,2288.0
TUR,ECU,11745.0
TUR,EGY,1235.0
TUR,ERI,3005.0
TUR,ESH,4135.0
TUR,ESP,2744.0
TUR,EST,2070.0
TUR,ETH,3674.0
TUR,FIN,2149.0
TUR,FJI,16160.0
TUR,FLK,13242.0
TUR,FRA,2259.0
TUR,FRO,3330.0
TUR,FSM,12604.0
TUR,GAB,4910.0
TUR,GBR,2504.0
TUR,GEO,1329.0
TUR,GHA,4863.0
TUR,GIB,3017.0
TUR,GIN,5440.0
TUR,GLP,8916.0
TUR,GMB,5366.0
TUR,GNB,5405.0
TUR,GNQ,4746.0
TUR,GRC,562.0
TUR,GRD,9200.0
TUR,GRL,5564.0
TUR,GTM,11265.0
TUR,GUF,8922.0
TUR,GUM,11088.0
TUR,GUY,9276.0
TUR,HKG,8035.0
TUR,HND,11065.0
TUR,HRV,1176.0
TUR,HTI,9585.0
TUR,HUN,1069.0
TUR,IDN,9454.0
TUR,IND,4559.0
TUR,IOT,6944.0
TUR,IRL,2958.0
TUR,IRN,2044.0
TUR,IRQ,1611.0
TUR,ISL,4126.0
TUR,ISR,1120.0
TUR,ITA,1377.0
TUR,JAM,9972.0
TUR,JOR,1184.0
TUR,JPN,8967.0
TUR,KAZ,3918.0
TUR,KEN,4751.0
TUR,KGZ,3744.0
TUR,KHM,8001.0
TUR,KIR,14081.0
TUR,KNA,8906.0
TUR,KOR,7974.0
TUR,KWT,2153.0
TUR,LAO,7364.0
TUR,LBN,978.0
TUR,LBR,5505.0
TUR,LBY,1665.0
TUR,LCA,8998.0
TUR,LIE,1693.0
TUR,LKA,6283.0
TUR,LSO,7788.0
TUR,LTU,1545.0
TUR,LUX,2017.0
TUR,LVA,1806.0
TUR,MAC,7988.0
TUR,MAR,3319.0
TUR,MCO,1794.0
TUR,MDA,666.0
TUR,MDG,6907.0
TUR,MDV,6029.0
TUR,MEX,11444.0
TUR,MHL,13449.0
TUR,MKD,637.0
TUR,MLI,4772.0
TUR,MLT,1380.0
TUR,MMR,6901.0
TUR,MNE,821.0
TUR,MNG,5982.0
TUR,MNP,11022.0
TUR,MOZ,7424.0
TUR,MRT,4967.0
TUR,MSR,8900.0
TUR,MTQ,8961.0
TUR,MUS,7388.0
TUR,MWI,6107.0
TUR,MYS,8337.0
TUR,MYT,6187.0
TUR,NAM,7144.0
TUR,NCL,15546.0
TUR,NER,4010.0
TUR,NFK,16097.0
TUR,NGA,4593.0
TUR,NIC,11150.0
TUR,NIU,16988.0
TUR,NLD,2215.0
TUR,NOR,2449.0
TUR,NPL,5296.0
TUR,NRU,13854.0
TUR,NZL,17043.0
TUR,OMN,3366.0
TUR,PAK,3946.0
TUR,PAN,10872.0
TUR,PCN,17214.0
TUR,PER,12219.0
TUR,PHL,9127.0
TUR,PLW,10762.0
TUR,PNG,13056.0
TUR,POL,1385.0
TUR,PRI,9096.0
TUR,PRK,7790.0
TUR,PRT,3243.0
TUR,PRY,11540.0
TUR,PSE,1164.0
TUR,PYF,17397.0
TUR,QAT,2712.0
TUR,REU,7380.0
TUR,ROU,446.0
TUR,RUS,1757.0
TUR,RWA,4759.0
TUR,SAU,2448.0
TUR,SDN,2843.0
TUR,SEN,5333.0
TUR,SGP,8653.0
TUR,SHN,7249.0
TUR,SLB,14081.0
TUR,SLE,5497.0
TUR,SLV,11243.0
TUR,SMR,1392.0
TUR,SOM,4620.0
TUR,SPM,6526.0
TUR,SRB,811.0
TUR,SSD,4014.0
TUR,STP,5032.0
TUR,SUR,9093.0
TUR,SVK,1228.0
TUR,SVN,1292.0
TUR,SWE,2174.0
TUR,SWZ,7457.0
TUR,SXM,8880.0
TUR,SYC,5728.0
TUR,SYR,1057.0
TUR,TCA,9276.0
TUR,TCD,3479.0
TUR,TGO,4746.0
TUR,THA,7481.0
TUR,TJK,3394.0
TUR,TKL,15980.0
TUR,TKM,2543.0
TUR,TLS,11185.0
TUR,TON,16848.0
TUR,TTO,9280.0
TUR,TUN,1691.0
TUR,TUV,15370.0
TUR,TWN,8430.0
TUR,TZA,5401.0
TUR,UGA,4522.0
TUR,UKR,1055.0
TUR,URY,12082.0
TUR,USA,8087.0
TUR,UZB,3350.0
TUR,VAT,1380.0
TUR,VCT,9077.0
TUR,VEN,9737.0
TUR,VGB,8979.0
TUR,VNM,8206.0
TUR,VUT,15370.0
TUR,WLF,16089.0
TUR,WSM,16390.0
TUR,YEM,3203.0
TUR,ZAF,7442.0
TUR,ZMB,6247.0
TUR,ZWE,6518.0
TUV,ABW,12465.0
TUV,AFG,12380.0
TUV,AGO,17546.0
TUV,AIA,13235.0
TUV,ALB,15846.0
TUV,AND,16231.0
TUV,ARE,13819.0
TUV,ARG,12314.0
TUV,ARM,14331.0
TUV,ASM,1273.0
TUV,ATG,13364.0
TUV,AUS,4726.0
TUV,AUT,15320.0
TUV,AZE,13903.0
TUV,BDI,16435.0
TUV,BEL,15287.0
TUV,BEN,19609.0
TUV,BES,12653.0
TUV,BFA,19572.0
TUV,BGD,10270.0
TUV,BGR,15550.0
TUV,BHR,14272.0
TUV,BHS,11765.0
TUV,BIH,15675.0
TUV,BLR,14372.0
TUV,BLZ,10509.0
TUV,BMU,12960.0
TUV,BOL,12118.0
TUV,BRA,13906.0
TUV,BRB,13597.0
TUV,BRN,7285.0
TUV,BTN,10404.0
TUV,BWA,15339.0
TUV,CAF,17846.0
TUV,CAN,11575.0
TUV,CCK,8998.0
TUV,CHE,15611.0
TUV,CHL,11320.0
TUV,CHN,7555.0
TUV,CIV,19519.0
TUV,CMR,18576.0
TUV,COD,17740.0
TUV,COG,17747.0
TUV,COK,2660.0
TUV,COL,11931.0
TUV,COM,14666.0
TUV,CPV,17461.0
TUV,CRI,10909.0
TUV,CUB,11241.0
TUV,CUW,12580.0
TUV,CXR,8059.0
TUV,CYM,11310.0
TUV,CYP,15460.0
TUV,CZE,15186.0
TUV,DEU,14958.0
TUV,DJI,15211.0
TUV,DMA,13411.0
TUV,DNK,14644.0
TUV,DOM,12512.0
TUV,DZA,16853.0
TUV,ECU,11181.0
TUV,EGY,15924.0
TUV,ERI,15648.0
TUV,ESH,17571.0
TUV,ESP,16459.0
TUV,EST,13960.0
TUV,ETH,15687.0
TUV,FIN,13885.0
TUV,FJI,1068.0
TUV,FLK,11413.0
TUV,FRA,15523.0
TUV,FRO,14048.0
TUV,FSM,2892.0
TUV,GAB,18575.0
TUV,GBR,15237.0
TUV,GEO,14233.0
TUV,GHA,19786.0
TUV,GIB,16910.0
TUV,GIN,18619.0
TUV,GLP,13376.0
TUV,GMB,18215.0
TUV,GNB,18372.0
TUV,GNQ,18645.0
TUV,GRC,15926.0
TUV,GRD,13361.0
TUV,GRL,12661.0
TUV,GTM,10282.0
TUV,GUF,14329.0
TUV,GUM,4518.0
TUV,GUY,13711.0
TUV,HKG,7862.0
TUV,HND,10630.0
TUV,HRV,15572.0
TUV,HTI,12255.0
TUV,HUN,15297.0
TUV,IDN,7982.0
TUV,IND,11631.0
TUV,IOT,11729.0
TUV,IRL,15010.0
TUV,IRN,13945.0
TUV,IRQ,14639.0
TUV,ISL,13610.0
TUV,ISR,15519.0
TUV,ITA,16085.0
TUV,JAM,11781.0
TUV,JOR,15428.0
TUV,JPN,6410.0
TUV,KAZ,11650.0
TUV,KEN,15723.0
TUV,KGZ,11841.0
TUV,KHM,8517.0
TUV,KIR,1289.0
TUV,KNA,13270.0
TUV,KOR,7446.0
TUV,KWT,14447.0
TUV,LAO,8908.0
TUV,LBN,15365.0
TUV,LBR,18905.0
TUV,LBY,16953.0
TUV,LCA,13451.0
TUV,LIE,15613.0
TUV,LKA,11155.0
TUV,LSO,14845.0
TUV,LTU,14388.0
TUV,LUX,15403.0
TUV,LVA,14217.0
TUV,MAC,7922.0
TUV,MAR,17142.0
TUV,MCO,16022.0
TUV,MDA,14902.0
TUV,MDG,13918.0
TUV,MDV,11811.0
TUV,MEX,9464.0
TUV,MHL,1932.0
TUV,MKD,15707.0
TUV,MLI,19117.0
TUV,MLT,16602.0
TUV,MMR,9555.0
TUV,MNE,15768.0
TUV,MNG,9416.0
TUV,MNP,4528.0
TUV,MOZ,14775.0
TUV,MRT,18072.0
TUV,MSR,13325.0
TUV,MTQ,13444.0
TUV,MUS,12903.0
TUV,MWI,15468.0
TUV,MYS,8698.0
TUV,MYT,14422.0
TUV,NAM,16059.0
TUV,NCL,2044.0
TUV,NER,19374.0
TUV,NFK,2560.0
TUV,NGA,19513.0
TUV,NIC,10705.0
TUV,NIU,1655.0
TUV,NLD,15114.0
TUV,NOR,14220.0
TUV,NPL,10830.0
TUV,NRU,1624.0
TUV,NZL,3172.0
TUV,OMN,13507.0
TUV,PAK,12639.0
TUV,PAN,11394.0
TUV,PCN,5834.0
TUV,PER,11300.0
TUV,PHL,6916.0
TUV,PLW,5263.0
TUV,PNG,3521.0
TUV,POL,14770.0
TUV,PRI,12913.0
TUV,PRK,7622.0
TUV,PRT,16558.0
TUV,PRY,12825.0
TUV,PSE,15576.0
TUV,PYF,3526.0
TUV,QAT,14207.0
TUV,REU,13072.0
TUV,ROU,15258.0
TUV,RUS,13785.0
TUV,RWA,16419.0
TUV,SAU,14687.0
TUV,SDN,16327.0
TUV,SEN,18094.0
TUV,SGP,8428.0
TUV,SHN,17247.0
TUV,SLB,2119.0
TUV,SLE,18668.0
TUV,SLV,10412.0
TUV,SMR,15877.0
TUV,SOM,14875.0
TUV,SPM,13294.0
TUV,SRB,15494.0
TUV,SSD,16434.0
TUV,STP,18788.0
TUV,SUR,14029.0
TUV,SVK,15302.0
TUV,SVN,15597.0
TUV,SWE,14147.0
TUV,SWZ,14844.0
TUV,SXM,13236.0
TUV,SYC,13625.0
TUV,SYR,15318.0
TUV,TCA,12389.0
TUV,TCD,18255.0
TUV,TGO,19672.0
TUV,THA,9032.0
TUV,TJK,12373.0
TUV,TKL,1055.0
TUV,TKM,13281.0
TUV,TLS,5899.0
TUV,TON,1520.0
TUV,TTO,13377.0
TUV,TUN,16682.0
TUV,TUR,15370.0
TUV,TWN,7273.0
TUV,TZA,15274.0
TUV,UGA,16224.0
TUV,UKR,14538.0
TUV,URY,12483.0
TUV,USA,12040.0
TUV,UZB,12301.0
TUV,VAT,16085.0
TUV,VCT,13423.0
TUV,VEN,12790.0
TUV,VGB,13070.0
TUV,VNM,8311.0
TUV,VUT,1558.0
TUV,WLF,730.0
TUV,WSM,1148.0
TUV,YEM,15083.0
TUV,ZAF,15068.0
TUV,ZMB,15865.0
TUV,ZWE,15467.0
TWN,ABW,15671.0
TWN,AFG,5109.0
TWN,AGO,12260.0
TWN,AIA,15197.0
TWN,ALB,9118.0
TWN,AND,10331.0
TWN,ARE,6596.0
TWN,ARG,18940.0
TWN,ARM,7195.0
TWN,ASM,8545.0
TWN,ATG,15330.0
TWN,AUS,7376.0
TWN,AUT,9014.0
TWN,AZE,6741.0
TWN,BDI,10385.0
TWN,BEL,9598.0
TWN,BEN,12578.0
TWN,BES,15761.0
TWN,BFA,12587.0
TWN,BGD,3147.0
TWN,BGR,8790.0
TWN,BHR,7024.0
TWN,BHS,14109.0
TWN,BIH,9099.0
TWN,BLR,8045.0
TWN,BLZ,14304.0
TWN,BMU,13628.0
TWN,BOL,18645.0
TWN,BRA,18812.0
TWN,BRB,15786.0
TWN,BRN,2328.0
TWN,BTN,3182.0
TWN,BWA,11656.0
TWN,CAF,11106.0
TWN,CAN,12104.0
TWN,CCK,4908.0
TWN,CHE,9569.0
TWN,CHL,18517.0
TWN,CHN,688.0
TWN,CIV,13244.0
TWN,CMR,11828.0
TWN,COD,11846.0
TWN,COG,11847.0
TWN,COK,9932.0
TWN,COL,16327.0
TWN,COM,9398.0
TWN,CPV,14189.0
TWN,CRI,15258.0
TWN,CUB,14095.0
TWN,CUW,15747.0
TWN,CXR,4278.0
TWN,CYM,14521.0
TWN,CYP,8294.0
TWN,CZE,9040.0
TWN,DEU,8970.0
TWN,DJI,8311.0
TWN,DMA,15534.0
TWN,DNK,8847.0
TWN,DOM,15038.0
TWN,DZA,10617.0
TWN,ECU,16605.0
TWN,EGY,8684.0
TWN,ERI,8571.0
TWN,ESH,12468.0
TWN,ESP,10815.0
TWN,EST,8011.0
TWN,ETH,8866.0
TWN,FIN,7975.0
TWN,FJI,7805.0
TWN,FLK,17041.0
TWN,FRA,9846.0
TWN,FRO,9322.0
TWN,FSM,4386.0
TWN,GAB,12207.0
TWN,GBR,9800.0
TWN,GEO,7134.0
TWN,GHA,12940.0
TWN,GIB,11240.0
TWN,GIN,13831.0
TWN,GLP,15454.0
TWN,GMB,13796.0
TWN,GNB,13828.0
TWN,GNQ,12102.0
TWN,GRC,8974.0
TWN,GRD,15889.0
TWN,GRL,10098.0
TWN,GTM,14424.0
TWN,GUF,16625.0
TWN,GUM,2755.0
TWN,GUY,16484.0
TWN,HKG,801.0
TWN,HND,14687.0
TWN,HRV,9165.0
TWN,HTI,14962.0
TWN,HUN,8871.0
TWN,IDN,3800.0
TWN,IND,4392.0
TWN,IOT,6400.0
TWN,IRL,9975.0
TWN,IRN,6699.0
TWN,IRQ,7386.0
TWN,ISL,9622.0
TWN,ISR,8287.0
TWN,ITA,9624.0
TWN,JAM,14855.0
TWN,JOR,8189.0
TWN,JPN,2109.0
TWN,KAZ,4512.0
TWN,KEN,9536.0
TWN,KGZ,4690.0
TWN,KHM,2293.0
TWN,KIR,6117.0
TWN,KNA,15302.0
TWN,KOR,1487.0
TWN,KWT,7175.0
TWN,LAO,2102.0
TWN,LBN,8157.0
TWN,LBR,13804.0
TWN,LBY,10084.0
TWN,LCA,15679.0
TWN,LIE,9518.0
TWN,LKA,4855.0
TWN,LSO,11692.0
TWN,LTU,8157.0
TWN,LUX,9574.0
TWN,LVA,8140.0
TWN,MAC,866.0
TWN,MAR,11584.0
TWN,MCO,9864.0
TWN,MDA,8207.0
TWN,MDG,9363.0
TWN,MDV,5617.0
TWN,MEX,13422.0
TWN,MHL,5659.0
TWN,MKD,8964.0
TWN,MLI,13137.0
TWN,MLT,9809.0
TWN,MMR,2779.0
TWN,MNE,9104.0
TWN,MNG,2846.0
TWN,MNP,2756.0
TWN,MOZ,11098.0
TWN,MRT,13385.0
TWN,MSR,15362.0
TWN,MTQ,15612.0
TWN,MUS,8536.0
TWN,MWI,10432.0
TWN,MYS,3217.0
TWN,MYT,9262.0
TWN,NAM,12424.0
TWN,NCL,7141.0
TWN,NER,12187.0
TWN,NFK,7781.0
TWN,NGA,12479.0
TWN,NIC,14922.0
TWN,NIU,8886.0
TWN,NLD,9468.0
TWN,NOR,8707.0
TWN,NPL,3607.0
TWN,NRU,5649.0
TWN,NZL,8838.0
TWN,OMN,6323.0
TWN,PAK,5452.0
TWN,PAN,15615.0
TWN,PCN,13053.0
TWN,PER,17605.0
TWN,PHL,1153.0
TWN,PLW,2396.0
TWN,PNG,4724.0
TWN,POL,8521.0
TWN,PRI,15125.0
TWN,PRK,1606.0
TWN,PRT,11283.0
TWN,PRY,19930.0
TWN,PSE,8338.0
TWN,PYF,10722.0
TWN,QAT,6972.0
TWN,REU,8759.0
TWN,ROU,8508.0
TWN,RUS,7368.0
TWN,RWA,10248.0
TWN,SAU,7446.0
TWN,SDN,9192.0
TWN,SEN,13760.0
TWN,SGP,3236.0
TWN,SHN,14464.0
TWN,SLB,5652.0
TWN,SLE,13871.0
TWN,SLV,14594.0
TWN,SMR,9510.0
TWN,SOM,8520.0
TWN,SPM,12051.0
TWN,SRB,8901.0
TWN,SSD,9778.0
TWN,STP,12480.0
TWN,SUR,16569.0
TWN,SVK,8968.0
TWN,SVN,9252.0
TWN,SWE,8369.0
TWN,SWZ,11236.0
TWN,SXM,15218.0
TWN,SYC,7845.0
TWN,SYR,8099.0
TWN,TCA,14687.0
TWN,TCD,11057.0
TWN,TGO,12704.0
TWN,THA,2524.0
TWN,TJK,5137.0
TWN,TKL,8223.0
TWN,TKM,6048.0
TWN,TLS,3741.0
TWN,TON,8541.0
TWN,TTO,16044.0
TWN,TUN,10090.0
TWN,TUR,8430.0
TWN,TUV,7273.0
TWN,TZA,9552.0
TWN,UGA,9888.0
TWN,UKR,7970.0
TWN,URY,18893.0
TWN,USA,12555.0
TWN,UZB,5112.0
TWN,VAT,9626.0
TWN,VCT,15771.0
TWN,VEN,15975.0
TWN,VGB,15155.0
TWN,VNM,2221.0
TWN,VUT,6940.0
TWN,WLF,7982.0
TWN,WSM,8421.0
TWN,YEM,8046.0
TWN,ZAF,11518.0
TWN,ZMB,11040.0
TWN,ZWE,10875.0
TZA,ABW,12271.0
TZA,AFG,5553.0
TZA,AGO,2879.0
TZA,AIA,11551.0
TZA,ALB,5689.0
TZA,AND,6667.0
TZA,ARE,3953.0
TZA,ARG,10283.0
TZA,ARM,5232.0
TZA,ASM,15976.0
TZA,ATG,11417.0
TZA,AUS,10909.0
TZA,AUT,6496.0
TZA,AZE,5338.0
TZA,BDI,1162.0
TZA,BEL,7215.0
TZA,BEN,4355.0
TZA,BES,12077.0
TZA,BFA,4989.0
TZA,BGD,6501.0
TZA,BGR,5717.0
TZA,BHR,3854.0
TZA,BHS,13014.0
TZA,BIH,5994.0
TZA,BLR,6818.0
TZA,BLZ,14278.0
TZA,BMU,11737.0
TZA,BOL,11639.0
TZA,BRA,9300.0
TZA,BRB,11147.0
TZA,BRN,8508.0
TZA,BTN,6614.0
TZA,BWA,2434.0
TZA,CAF,2613.0
TZA,CAN,12821.0
TZA,CCK,6337.0
TZA,CHE,6723.0
TZA,CHL,11412.0
TZA,CHN,9666.0
TZA,CIV,4995.0
TZA,CMR,3303.0
TZA,COD,2668.0
TZA,COG,2672.0
TZA,COK,16278.0
TZA,COL,12656.0
TZA,COM,695.0
TZA,CPV,7331.0
TZA,CRI,13794.0
TZA,CUB,13546.0
TZA,CUW,12150.0
TZA,CXR,7308.0
TZA,CYM,13481.0
TZA,CYP,4688.0
TZA,CZE,6747.0
TZA,DEU,7018.0
TZA,DJI,2081.0
TZA,DMA,11355.0
TZA,DNK,7352.0
TZA,DOM,12275.0
TZA,DZA,6125.0
TZA,ECU,13206.0
TZA,EGY,4168.0
TZA,ERI,2451.0
TZA,ESH,6785.0
TZA,ESP,6833.0
TZA,EST,7458.0
TZA,ETH,1754.0
TZA,FIN,7534.0
TZA,FJI,14761.0
TZA,FLK,9906.0
TZA,FRA,7139.0
TZA,FRO,8588.0
TZA,FSM,13288.0
TZA,GAB,3406.0
TZA,GBR,7476.0
TZA,GEO,5402.0
TZA,GHA,4781.0
TZA,GIB,6656.0
TZA,GIN,6142.0
TZA,GLP,11396.0
TZA,GMB,6578.0
TZA,GNB,6416.0
TZA,GNQ,3416.0
TZA,GRC,5212.0
TZA,GRD,11369.0
TZA,GRL,10732.0
TZA,GTM,14488.0
TZA,GUF,10259.0
TZA,GUM,11862.0
TZA,GUY,10923.0
TZA,HKG,8767.0
TZA,HND,14133.0
TZA,HRV,6274.0
TZA,HTI,12532.0
TZA,HUN,6338.0
TZA,IDN,7468.0
TZA,IND,5656.0
TZA,IOT,3660.0
TZA,IRL,7916.0
TZA,IRN,4875.0
TZA,IRQ,4478.0
TZA,ISL,9344.0
TZA,ISR,4332.0
TZA,ITA,6044.0
TZA,JAM,13004.0
TZA,JOR,4306.0
TZA,JPN,11394.0
TZA,KAZ,6720.0
TZA,KEN,670.0
TZA,KGZ,6560.0
TZA,KHM,7548.0
TZA,KIR,14864.0
TZA,KNA,11511.0
TZA,KOR,10269.0
TZA,KWT,4112.0
TZA,LAO,7476.0
TZA,LBN,4525.0
TZA,LBR,5747.0
TZA,LBY,5189.0
TZA,LCA,11303.0
TZA,LIE,6658.0
TZA,LKA,4756.0
TZA,LSO,2780.0
TZA,LTU,6941.0
TZA,LUX,7028.0
TZA,LVA,7203.0
TZA,MAC,8700.0
TZA,MAR,6666.0
TZA,MCO,6452.0
TZA,MDA,6051.0
TZA,MDG,1610.0
TZA,MDV,3994.0
TZA,MEX,15328.0
TZA,MHL,14747.0
TZA,MKD,5703.0
TZA,MLI,5655.0
TZA,MLT,5392.0
TZA,MMR,6784.0
TZA,MNE,5821.0
TZA,MNG,8942.0
TZA,MNP,11980.0
TZA,MOZ,2238.0
TZA,MRT,6664.0
TZA,MSR,11453.0
TZA,MTQ,11316.0
TZA,MUS,2460.0
TZA,MWI,992.0
TZA,MYS,7022.0
TZA,MYT,928.0
TZA,NAM,2949.0
TZA,NCL,13435.0
TZA,NER,4683.0
TZA,NFK,13247.0
TZA,NGA,4246.0
TZA,NIC,14034.0
TZA,NIU,15727.0
TZA,NLD,7325.0
TZA,NOR,7815.0
TZA,NPL,6253.0
TZA,NRU,14165.0
TZA,NZL,13323.0
TZA,OMN,3969.0
TZA,PAK,4627.0
TZA,PAN,13290.0
TZA,PCN,16303.0
TZA,PER,12682.0
TZA,PHL,9322.0
TZA,PLW,10686.0
TZA,PNG,11841.0
TZA,POL,6770.0
TZA,PRI,11874.0
TZA,PRK,10183.0
TZA,PRT,7095.0
TZA,PRY,10384.0
TZA,PSE,4273.0
TZA,PYF,17144.0
TZA,QAT,3789.0
TZA,REU,2337.0
TZA,ROU,5828.0
TZA,RUS,6937.0
TZA,RWA,1156.0
TZA,SAU,3579.0
TZA,SDN,2584.0
TZA,SEN,6696.0
TZA,SGP,7229.0
TZA,SHN,5002.0
TZA,SLB,13215.0
TZA,SLE,6067.0
TZA,SLV,14348.0
TZA,SMR,6235.0
TZA,SOM,1190.0
TZA,SPM,10974.0
TZA,SRB,6021.0
TZA,SSD,1548.0
TZA,STP,3700.0
TZA,SUR,10583.0
TZA,SVK,6465.0
TZA,SVN,6352.0
TZA,SWE,7573.0
TZA,SWZ,2324.0
TZA,SXM,11549.0
TZA,SYC,1809.0
TZA,SYR,4475.0
TZA,TCA,12403.0
TZA,TCD,3402.0
TZA,TGO,4464.0
TZA,THA,7139.0
TZA,TJK,5876.0
TZA,TKL,16200.0
TZA,TKM,5338.0
TZA,TLS,9501.0
TZA,TON,15149.0
TZA,TTO,11331.0
TZA,TUN,5704.0
TZA,TUR,5401.0
TZA,TUV,15274.0
TZA,TWN,9552.0
TZA,UGA,1084.0
TZA,UKR,6401.0
TZA,URY,10077.0
TZA,USA,12461.0
TZA,UZB,6139.0
TZA,VAT,6046.0
TZA,VCT,11321.0
TZA,VEN,11915.0
TZA,VGB,11717.0
TZA,VNM,7716.0
TZA,VUT,13807.0
TZA,WLF,15523.0
TZA,WSM,15906.0
TZA,YEM,2512.0
TZA,ZAF,2453.0
TZA,ZMB,1530.0
TZA,ZWE,1509.0
UGA,ABW,11380.0
UGA,AFG,5368.0
UGA,AGO,2372.0
UGA,AIA,10603.0
UGA,ALB,4721.0
UGA,AND,5610.0
UGA,ARE,3688.0
UGA,ARG,10123.0
UGA,ARM,4578.0
UGA,ASM,17035.0
UGA,ATG,10478.0
UGA,AUS,11986.0
UGA,AUT,5532.0
UGA,AZE,4770.0
UGA,BDI,544.0
UGA,BEL,6202.0
UGA,BEN,3425.0
UGA,BES,11191.0
UGA,BFA,3996.0
UGA,BGD,6749.0
UGA,BGR,4785.0
UGA,BHR,3455.0
UGA,BHS,12003.0
UGA,BIH,5025.0
UGA,BLR,5958.0
UGA,BLZ,13322.0
UGA,BMU,10688.0
UGA,BOL,11173.0
UGA,BRA,8930.0
UGA,BRB,10248.0
UGA,BRN,9169.0
UGA,BTN,6782.0
UGA,BWA,2855.0
UGA,CAF,1623.0
UGA,CAN,11737.0
UGA,CCK,7227.0
UGA,CHE,5711.0
UGA,CHL,11260.0
UGA,CHN,9889.0
UGA,CIV,4107.0
UGA,CMR,2376.0
UGA,COD,1988.0
UGA,COG,1990.0
UGA,COK,17337.0
UGA,COL,11865.0
UGA,COM,1777.0
UGA,CPV,6375.0
UGA,CRI,12932.0
UGA,CUB,12544.0
UGA,CUW,11264.0
UGA,CXR,8174.0
UGA,CYM,12514.0
UGA,CYP,3858.0
UGA,CZE,5780.0
UGA,DEU,6056.0
UGA,DJI,1708.0
UGA,DMA,10435.0
UGA,DNK,6399.0
UGA,DOM,11323.0
UGA,DZA,5053.0
UGA,ECU,12521.0
UGA,EGY,3293.0
UGA,ERI,1802.0
UGA,ESH,5721.0
UGA,ESP,5759.0
UGA,EST,6592.0
UGA,ETH,1181.0
UGA,FIN,6671.0
UGA,FJI,15807.0
UGA,FLK,10066.0
UGA,FRA,6109.0
UGA,FRO,7596.0
UGA,FSM,13941.0
UGA,GAB,2575.0
UGA,GBR,6450.0
UGA,GEO,4745.0
UGA,GHA,3863.0
UGA,GIB,5573.0
UGA,GIN,5222.0
UGA,GLP,10469.0
UGA,GMB,5620.0
UGA,GNB,5473.0
UGA,GNQ,2545.0
UGA,GRC,4265.0
UGA,GRD,10482.0
UGA,GRL,9697.0
UGA,GTM,13560.0
UGA,GUF,9452.0
UGA,GUM,12406.0
UGA,GUY,10096.0
UGA,HKG,9138.0
UGA,HND,13215.0
UGA,HRV,5297.0
UGA,HTI,11579.0
UGA,HUN,5390.0
UGA,IDN,8281.0
UGA,IND,5687.0
UGA,IOT,4499.0
UGA,IRL,6881.0
UGA,IRN,4376.0
UGA,IRQ,3859.0
UGA,ISL,8333.0
UGA,ISR,3523.0
UGA,ITA,5028.0
UGA,JAM,12054.0
UGA,JOR,3520.0
UGA,JPN,11532.0
UGA,KAZ,6479.0
UGA,KEN,503.0
UGA,KGZ,6301.0
UGA,KHM,8085.0
UGA,KIR,15626.0
UGA,KNA,10571.0
UGA,KOR,10379.0
UGA,KWT,3607.0
UGA,LAO,7893.0
UGA,LBN,3730.0
UGA,LBR,4864.0
UGA,LBY,4138.0
UGA,LCA,10395.0
UGA,LIE,5651.0
UGA,LKA,5298.0
UGA,LSO,3324.0
UGA,LTU,6065.0
UGA,LUX,6017.0
UGA,LVA,6325.0
UGA,MAC,9072.0
UGA,MAR,5583.0
UGA,MCO,5419.0
UGA,MDA,5186.0
UGA,MDG,2683.0
UGA,MDV,4571.0
UGA,MEX,14330.0
UGA,MHL,15389.0
UGA,MKD,4750.0
UGA,MLI,4682.0
UGA,MLT,4361.0
UGA,MMR,7198.0
UGA,MNE,4853.0
UGA,MNG,8817.0
UGA,MNP,12492.0
UGA,MOZ,2908.0
UGA,MRT,5661.0
UGA,MSR,10518.0
UGA,MTQ,10403.0
UGA,MUS,3537.0
UGA,MWI,1585.0
UGA,MYS,7694.0
UGA,MYT,2012.0
UGA,NAM,3038.0
UGA,NCL,14475.0
UGA,NER,3663.0
UGA,NFK,14320.0
UGA,NGA,3312.0
UGA,NIC,13141.0
UGA,NIU,16808.0
UGA,NLD,6321.0
UGA,NOR,6874.0
UGA,NPL,6383.0
UGA,NRU,14954.0
UGA,NZL,14404.0
UGA,OMN,3813.0
UGA,PAK,4602.0
UGA,PAN,12441.0
UGA,PCN,16650.0
UGA,PER,12159.0
UGA,PHL,9837.0
UGA,PLW,11327.0
UGA,PNG,12723.0
UGA,POL,5855.0
UGA,PRI,10923.0
UGA,PRK,10265.0
UGA,PRT,6012.0
UGA,PRY,10053.0
UGA,PSE,3458.0
UGA,PYF,18086.0
UGA,QAT,3427.0
UGA,REU,3420.0
UGA,ROU,4929.0
UGA,RUS,6163.0
UGA,RWA,376.0
UGA,SAU,3097.0
UGA,SDN,1685.0
UGA,SEN,5728.0
UGA,SGP,7933.0
UGA,SHN,4576.0
UGA,SLB,14120.0
UGA,SLE,5159.0
UGA,SLV,13433.0
UGA,SMR,5228.0
UGA,SOM,1433.0
UGA,SPM,9890.0
UGA,SRB,5073.0
UGA,SSD,514.0
UGA,STP,2878.0
UGA,SUR,9766.0
UGA,SVK,5506.0
UGA,SVN,5367.0
UGA,SWE,6666.0
UGA,SWZ,2951.0
UGA,SXM,10602.0
UGA,SYC,2601.0
UGA,SYR,3695.0
UGA,TCA,11424.0
UGA,TCD,2335.0
UGA,TGO,3544.0
UGA,THA,7627.0
UGA,TJK,5617.0
UGA,TKL,17208.0
UGA,TKM,4935.0
UGA,TLS,10352.0
UGA,TON,16226.0
UGA,TTO,10460.0
UGA,TUN,4655.0
UGA,TUR,4522.0
UGA,TUV,16224.0
UGA,TWN,9888.0
UGA,TZA,1084.0
UGA,UKR,5559.0
UGA,URY,9919.0
UGA,USA,11381.0
UGA,UZB,5843.0
UGA,VAT,5030.0
UGA,VCT,10423.0
UGA,VEN,11047.0
UGA,VGB,10766.0
UGA,VNM,8271.0
UGA,VUT,14820.0
UGA,WLF,16551.0
UGA,WSM,16957.0
UGA,YEM,2098.0
UGA,ZAF,2974.0
UGA,ZMB,1803.0
UGA,ZWE,2014.0
UKR,ABW,9677.0
UKR,AFG,3580.0
UKR,AGO,6778.0
UKR,AIA,8715.0
UKR,ALB,1308.0
UKR,AND,2376.0
UKR,ARE,3510.0
UKR,ARG,12808.0
UKR,ARM,1578.0
UKR,ASM,15562.0
UKR,ATG,8724.0
UKR,AUS,14768.0
UKR,AUT,1056.0
UKR,AZE,1875.0
UKR,BDI,5965.0
UKR,BEL,1842.0
UKR,BEN,5535.0
UKR,BES,9589.0
UKR,BFA,5130.0
UKR,BGD,5895.0
UKR,BGR,1022.0
UKR,BHR,3189.0
UKR,BHS,9068.0
UKR,BIH,1176.0
UKR,BLR,434.0
UKR,BLZ,10462.0
UKR,BMU,7664.0
UKR,BOL,12016.0
UKR,BRA,11134.0
UKR,BRB,8907.0
UKR,BRN,9193.0
UKR,BTN,5545.0
UKR,BWA,8331.0
UKR,CAF,5230.0
UKR,CAN,7575.0
UKR,CCK,9438.0
UKR,CHE,1644.0
UKR,CHL,13538.0
UKR,CHN,7466.0
UKR,CIV,5945.0
UKR,CMR,5462.0
UKR,COD,6242.0
UKR,COG,6236.0
UKR,COK,16641.0
UKR,COL,10640.0
UKR,COM,6995.0
UKR,CPV,6222.0
UKR,CRI,10838.0
UKR,CUB,9547.0
UKR,CUW,9638.0
UKR,CXR,9865.0
UKR,CYM,9828.0
UKR,CYP,1714.0
UKR,CZE,1146.0
UKR,DEU,1208.0
UKR,DJI,4461.0
UKR,DMA,8845.0
UKR,DNK,1332.0
UKR,DOM,9156.0
UKR,DZA,2665.0
UKR,ECU,11629.0
UKR,EGY,2267.0
UKR,ERI,3968.0
UKR,ESH,4499.0
UKR,ESP,2869.0
UKR,EST,1066.0
UKR,ETH,4655.0
UKR,FIN,1138.0
UKR,FJI,15438.0
UKR,FLK,14037.0
UKR,FRA,2030.0
UKR,FRO,2596.0
UKR,FSM,11915.0
UKR,GAB,5895.0
UKR,GBR,2140.0
UKR,GEO,1469.0
UKR,GHA,5694.0
UKR,GIB,3272.0
UKR,GIN,6072.0
UKR,GLP,8810.0
UKR,GMB,5905.0
UKR,GNB,5980.0
UKR,GNQ,5729.0
UKR,GRC,1488.0
UKR,GRD,9144.0
UKR,GRL,4796.0
UKR,GTM,10809.0
UKR,GUF,9081.0
UKR,GUM,10495.0
UKR,GUY,9336.0
UKR,HKG,7692.0
UKR,HND,10658.0
UKR,HRV,1196.0
UKR,HTI,9314.0
UKR,HUN,901.0
UKR,IDN,9579.0
UKR,IND,4581.0
UKR,IOT,7555.0
UKR,IRL,2523.0
UKR,IRN,2347.0
UKR,IRQ,2214.0
UKR,ISL,3382.0
UKR,ISR,2070.0
UKR,ITA,1679.0
UKR,JAM,9652.0
UKR,JOR,2102.0
UKR,JPN,8220.0
UKR,KAZ,3566.0
UKR,KEN,5764.0
UKR,KGZ,3423.0
UKR,KHM,7921.0
UKR,KIR,13257.0
UKR,KNA,8770.0
UKR,KOR,7312.0
UKR,KWT,2760.0
UKR,LAO,7224.0
UKR,LBN,1882.0
UKR,LBR,6213.0
UKR,LBY,2414.0
UKR,LCA,8927.0
UKR,LIE,1580.0
UKR,LKA,6630.0
UKR,LSO,8840.0
UKR,LTU,591.0
UKR,LUX,1742.0
UKR,LVA,838.0
UKR,MAC,7653.0
UKR,MAR,3615.0
UKR,MCO,1896.0
UKR,MDA,402.0
UKR,MDG,7862.0
UKR,MDV,6510.0
UKR,MEX,10835.0
UKR,MHL,12607.0
UKR,MKD,1170.0
UKR,MLI,5453.0
UKR,MLT,2066.0
UKR,MMR,6864.0
UKR,MNE,1238.0
UKR,MNG,5322.0
UKR,MNP,10402.0
UKR,MOZ,8465.0
UKR,MRT,5450.0
UKR,MSR,8777.0
UKR,MTQ,8881.0
UKR,MUS,8258.0
UKR,MWI,7142.0
UKR,MYS,8413.0
UKR,MYT,7149.0
UKR,NAM,8194.0
UKR,NCL,15087.0
UKR,NER,4836.0
UKR,NFK,15751.0
UKR,NGA,5490.0
UKR,NIC,10776.0
UKR,NIU,16084.0
UKR,NLD,1787.0
UKR,NOR,1631.0
UKR,NPL,5222.0
UKR,NRU,13120.0
UKR,NZL,16805.0
UKR,OMN,3840.0
UKR,PAK,4221.0
UKR,PAN,10623.0
UKR,PCN,16590.0
UKR,PER,12274.0
UKR,PHL,8803.0
UKR,PLW,10359.0
UKR,PNG,12689.0
UKR,POL,691.0
UKR,PRI,8902.0
UKR,PRK,7121.0
UKR,PRT,3359.0
UKR,PRY,12009.0
UKR,PSE,2128.0
UKR,PYF,16353.0
UKR,QAT,3318.0
UKR,REU,8272.0
UKR,ROU,746.0
UKR,RUS,758.0
UKR,RWA,5806.0
UKR,SAU,3181.0
UKR,SDN,3875.0
UKR,SEN,5843.0
UKR,SGP,8723.0
UKR,SHN,8162.0
UKR,SLB,13534.0
UKR,SLE,6148.0
UKR,SLV,10814.0
UKR,SMR,1543.0
UKR,SOM,5544.0
UKR,SPM,6029.0
UKR,SRB,980.0
UKR,SSD,5055.0
UKR,STP,5993.0
UKR,SUR,9203.0
UKR,SVK,1007.0
UKR,SVN,1282.0
UKR,SWE,1268.0
UKR,SWZ,8503.0
UKR,SXM,8730.0
UKR,SYC,6553.0
UKR,SYR,1940.0
UKR,TCA,8984.0
UKR,TCD,4480.0
UKR,TGO,5617.0
UKR,THA,7429.0
UKR,TJK,3273.0
UKR,TKL,15033.0
UKR,TKM,2601.0
UKR,TLS,11094.0
UKR,TON,16055.0
UKR,TTO,9246.0
UKR,TUN,2220.0
UKR,TUR,1055.0
UKR,TUV,14538.0
UKR,TWN,7970.0
UKR,TZA,6401.0
UKR,UGA,5559.0
UKR,URY,12683.0
UKR,USA,7531.0
UKR,UZB,3133.0
UKR,VAT,1680.0
UKR,VCT,9014.0
UKR,VEN,9636.0
UKR,VGB,8805.0
UKR,VNM,8113.0
UKR,VUT,14808.0
UKR,WLF,15230.0
UKR,WSM,15474.0
UKR,YEM,4083.0
UKR,ZAF,8493.0
UKR,ZMB,7298.0
UKR,ZWE,7563.0
URY,ABW,5442.0
URY,AFG,15081.0
URY,AGO,7577.0
URY,AIA,5916.0
URY,ALB,11454.0
URY,AND,10382.0
URY,ARE,13458.0
URY,ARG,206.0
URY,ARM,13222.0
URY,ASM,11237.0
URY,ATG,5781.0
URY,AUS,11672.0
URY,AUT,11673.0
URY,AZE,13656.0
URY,BDI,9392.0
URY,BEL,11186.0
URY,BEN,7644.0
URY,BES,5355.0
URY,BFA,7774.0
URY,BGD,16571.0
URY,BGR,11780.0
URY,BHR,13083.0
URY,BHS,6995.0
URY,BIH,11517.0
URY,BLR,12671.0
URY,BLZ,6717.0
URY,BMU,7485.0
URY,BOL,2356.0
URY,BRA,1555.0
URY,BRB,5317.0
URY,BRN,16572.0
URY,BTN,16683.0
URY,BWA,7804.0
URY,CAF,8905.0
URY,CAN,9011.0
URY,CCK,14077.0
URY,CHE,11152.0
URY,CHL,1343.0
URY,CHN,19551.0
URY,CIV,7039.0
URY,CMR,8248.0
URY,COD,8050.0
URY,COG,8051.0
URY,COK,9852.0
URY,COL,4752.0
URY,COM,10120.0
URY,CPV,6499.0
URY,CRI,5762.0
URY,CUB,6986.0
URY,CUW,5367.0
URY,CXR,14646.0
URY,CYM,6556.0
URY,CYP,12095.0
URY,CZE,11681.0
URY,DEU,11786.0
URY,DJI,11585.0
URY,DMA,5576.0
URY,DNK,11950.0
URY,DOM,6078.0
URY,DZA,10018.0
URY,ECU,4373.0
URY,EGY,11632.0
URY,ERI,11429.0
URY,ESH,8218.0
URY,ESP,9916.0
URY,EST,12790.0
URY,ETH,11027.0
URY,FIN,12835.0
URY,FJI,11793.0
URY,FLK,1879.0
URY,FRA,10929.0
URY,FRO,11613.0
URY,FSM,15340.0
URY,GAB,7832.0
URY,GBR,11015.0
URY,GEO,13310.0
URY,GHA,7334.0
URY,GIB,9461.0
URY,GIN,6647.0
URY,GLP,5656.0
URY,GMB,6778.0
URY,GNB,6710.0
URY,GNQ,7959.0
URY,GRC,11523.0
URY,GRD,5223.0
URY,GRL,10983.0
URY,GTM,6568.0
URY,GUF,4420.0
URY,GUM,16850.0
URY,GUY,4613.0
URY,HKG,18333.0
URY,HND,6330.0
URY,HRV,11493.0
URY,HTI,6150.0
URY,HUN,11792.0
URY,IDN,15127.0
URY,IND,15597.0
URY,IOT,12894.0
URY,IRL,10890.0
URY,IRN,13595.0
URY,IRQ,12901.0
URY,ISL,11377.0
URY,ISR,12039.0
URY,ITA,11004.0
URY,JAM,6241.0
URY,JOR,12127.0
URY,JPN,18581.0
URY,KAZ,15910.0
URY,KEN,10205.0
URY,KGZ,15718.0
URY,KHM,16803.0
URY,KIR,13729.0
URY,KNA,5811.0
URY,KOR,19599.0
URY,KWT,13012.0
URY,LAO,17205.0
URY,LBN,12195.0
URY,LBR,6585.0
URY,LBY,10418.0
URY,LCA,5429.0
URY,LIE,11195.0
URY,LKA,14569.0
URY,LSO,7685.0
URY,LTU,12578.0
URY,LUX,11186.0
URY,LVA,12630.0
URY,MAC,18290.0
URY,MAR,9110.0
URY,MCO,10822.0
URY,MDA,12400.0
URY,MDG,10016.0
URY,MDV,13837.0
URY,MEX,7530.0
URY,MHL,14280.0
URY,MKD,11608.0
URY,MLI,7310.0
URY,MLT,10724.0
URY,MMR,16622.0
URY,MNE,11488.0
URY,MNG,17992.0
URY,MNP,16930.0
URY,MOZ,8296.0
URY,MRT,7236.0
URY,MSR,5749.0
URY,MTQ,5496.0
URY,MUS,10743.0
URY,MWI,9134.0
URY,MYS,15823.0
URY,MYT,10224.0
URY,NAM,7134.0
URY,NCL,12253.0
URY,NER,8148.0
URY,NFK,11556.0
URY,NGA,7731.0
URY,NIC,6091.0
URY,NIU,10829.0
URY,NLD,11329.0
URY,NOR,12145.0
URY,NPL,16298.0
URY,NRU,14073.0
URY,NZL,10484.0
URY,OMN,13671.0
URY,PAK,14507.0
URY,PAN,5439.0
URY,PCN,6940.0
URY,PER,3288.0
URY,PHL,17745.0
URY,PLW,16774.0
URY,PNG,14527.0
URY,POL,12196.0
URY,PRI,5992.0
URY,PRK,19510.0
URY,PRT,9475.0
URY,PRY,1066.0
URY,PSE,11980.0
URY,PYF,9219.0
URY,QAT,13111.0
URY,REU,10528.0
URY,ROU,12073.0
URY,RUS,13346.0
URY,RWA,9545.0
URY,SAU,12660.0
URY,SDN,10869.0
URY,SEN,6840.0
URY,SGP,15757.0
URY,SHN,5425.0
URY,SLB,13813.0
URY,SLE,6585.0
URY,SLV,6404.0
URY,SMR,11144.0
URY,SOM,11194.0
URY,SPM,9038.0
URY,SRB,11717.0
URY,SSD,10114.0
URY,STP,7588.0
URY,SUR,4506.0
URY,SVK,11714.0
URY,SVN,11417.0
URY,SWE,12451.0
URY,SWZ,8163.0
URY,SXM,5895.0
URY,SYC,11665.0
URY,SYR,12241.0
URY,TCA,6428.0
URY,TCD,9116.0
URY,TGO,7526.0
URY,THA,16708.0
URY,TJK,15159.0
URY,TKL,11633.0
URY,TKM,14264.0
URY,TLS,15198.0
URY,TON,11086.0
URY,TTO,5067.0
URY,TUN,10489.0
URY,TUR,12082.0
URY,TUV,12483.0
URY,TWN,18893.0
URY,TZA,10077.0
URY,UGA,9919.0
URY,UKR,12683.0
URY,USA,8563.0
URY,UZB,15255.0
URY,VAT,11003.0
URY,VCT,5338.0
URY,VEN,5142.0
URY,VGB,5961.0
URY,VNM,16827.0
URY,VUT,12535.0
URY,WLF,11754.0
URY,WSM,11357.0
URY,YEM,11908.0
URY,ZAF,7904.0
URY,ZMB,8551.0
URY,ZWE,8655.0
USA,ABW,3148.0
USA,AFG,10862.0
USA,AGO,10415.0
USA,AIA,2705.0
USA,ALB,7454.0
USA,AND,6078.0
USA,ARE,11024.0
USA,ARG,8492.0
USA,ARM,9107.0
USA,ASM,11593.0
USA,ATG,2865.0
USA,AUS,16672.0
USA,AUT,6814.0
USA,AZE,9389.0
USA,BDI,11383.0
USA,BEL,5904.0
USA,BEN,8397.0
USA,BES,3215.0
USA,BFA,7649.0
USA,BGD,12693.0
USA,BGR,7603.0
USA,BHR,10652.0
USA,BHS,1764.0
USA,BIH,7199.0
USA,BLR,7142.0
USA,BLZ,2963.0
USA,BMU,1246.0
USA,BOL,6363.0
USA,BRA,7658.0
USA,BRB,3367.0
USA,BRN,14867.0
USA,BTN,12270.0
USA,BWA,12558.0
USA,CAF,9913.0
USA,CAN,556.0
USA,CCK,16719.0
USA,CHE,6339.0
USA,CHL,8220.0
USA,CHN,11883.0
USA,CIV,7940.0
USA,CMR,9355.0
USA,COD,10265.0
USA,COG,10258.0
USA,COK,11177.0
USA,COL,3999.0
USA,COM,13144.0
USA,CPV,5636.0
USA,CRI,3553.0
USA,CUB,2103.0
USA,CUW,3209.0
USA,CXR,16647.0
USA,CYM,2477.0
USA,CYP,8806.0
USA,CZE,6588.0
USA,DEU,6402.0
USA,DJI,11355.0
USA,DMA,3070.0
USA,DNK,6204.0
USA,DOM,2495.0
USA,DZA,6491.0
USA,ECU,4786.0
USA,EGY,9041.0
USA,ERI,10740.0
USA,ESH,5703.0
USA,ESP,5782.0
USA,EST,6668.0
USA,ETH,11219.0
USA,FIN,6636.0
USA,FJI,12770.0
USA,FLK,10358.0
USA,FRA,5852.0
USA,FRO,4957.0
USA,FSM,12525.0
USA,GAB,9431.0
USA,GBR,5585.0
USA,GEO,9000.0
USA,GHA,8044.0
USA,GIB,5861.0
USA,GIN,6834.0
USA,GLP,2985.0
USA,GMB,6303.0
USA,GNB,6507.0
USA,GNQ,9351.0
USA,GRC,7948.0
USA,GRD,3395.0
USA,GRL,2983.0
USA,GTM,3308.0
USA,GUF,4517.0
USA,GUM,12805.0
USA,GUY,4074.0
USA,HKG,12979.0
USA,HND,3219.0
USA,HRV,6923.0
USA,HTI,2464.0
USA,HUN,7026.0
USA,IDN,16181.0
USA,IND,11771.0
USA,IOT,15031.0
USA,IRL,5129.0
USA,IRN,9878.0
USA,IRQ,9664.0
USA,ISL,4214.0
USA,ISR,9135.0
USA,ITA,6907.0
USA,JAM,2533.0
USA,JOR,9224.0
USA,JPN,10872.0
USA,KAZ,10259.0
USA,KEN,11849.0
USA,KGZ,10226.0
USA,KHM,14215.0
USA,KIR,11832.0
USA,KNA,2813.0
USA,KOR,11077.0
USA,KWT,10219.0
USA,LAO,13498.0
USA,LBN,9043.0
USA,LBR,7309.0
USA,LBY,7504.0
USA,LCA,3219.0
USA,LIE,6418.0
USA,LKA,14094.0
USA,LSO,12981.0
USA,LTU,6970.0
USA,LUX,6074.0
USA,LVA,6775.0
USA,MAC,12995.0
USA,MAR,5810.0
USA,MCO,6446.0
USA,MDA,7667.0
USA,MDG,14002.0
USA,MDV,14041.0
USA,MEX,3359.0
USA,MHL,11516.0
USA,MKD,7522.0
USA,MLI,7085.0
USA,MLT,7415.0
USA,MMR,13556.0
USA,MNE,7347.0
USA,MNG,10186.0
USA,MNP,12585.0
USA,MOZ,13183.0
USA,MRT,6040.0
USA,MSR,2885.0
USA,MTQ,3154.0
USA,MUS,14917.0
USA,MWI,12507.0
USA,MYS,15128.0
USA,MYT,13385.0
USA,NAM,11699.0
USA,NCL,14052.0
USA,NER,7878.0
USA,NFK,14332.0
USA,NGA,8484.0
USA,NIC,3387.0
USA,NIU,11857.0
USA,NLD,5877.0
USA,NOR,5930.0
USA,NPL,12136.0
USA,NRU,12462.0
USA,NZL,14187.0
USA,OMN,11367.0
USA,PAK,11705.0
USA,PAN,3556.0
USA,PCN,9135.0
USA,PER,5849.0
USA,PHL,13689.0
USA,PLW,13942.0
USA,PNG,14689.0
USA,POL,6872.0
USA,PRI,2580.0
USA,PRK,10949.0
USA,PRT,5435.0
USA,PRY,7502.0
USA,PSE,9156.0
USA,PYF,10102.0
USA,QAT,10785.0
USA,REU,14795.0
USA,ROU,7670.0
USA,RUS,7531.0
USA,RWA,11337.0
USA,SAU,10532.0
USA,SDN,10232.0
USA,SEN,6152.0
USA,SGP,15347.0
USA,SHN,9419.0
USA,SLB,13700.0
USA,SLE,6948.0
USA,SLV,3340.0
USA,SMR,6789.0
USA,SOM,12282.0
USA,SPM,1581.0
USA,SRB,7280.0
USA,SSD,10962.0
USA,STP,9205.0
USA,SUR,4293.0
USA,SVK,6865.0
USA,SVN,6812.0
USA,SWE,6336.0
USA,SWZ,13095.0
USA,SXM,2726.0
USA,SYC,13594.0
USA,SYR,9128.0
USA,TCA,2152.0
USA,TCD,9064.0
USA,TGO,8323.0
USA,THA,13951.0
USA,TJK,10451.0
USA,TKL,11295.0
USA,TKM,10042.0
USA,TLS,15955.0
USA,TON,12435.0
USA,TTO,3549.0
USA,TUN,7032.0
USA,TUR,8087.0
USA,TUV,12040.0
USA,TWN,12555.0
USA,TZA,12461.0
USA,UGA,11381.0
USA,UKR,7531.0
USA,URY,8563.0
USA,UZB,10198.0
USA,VAT,6904.0
USA,VCT,3298.0
USA,VEN,3422.0
USA,VGB,2630.0
USA,VNM,14306.0
USA,VUT,13597.0
USA,WLF,11984.0
USA,WSM,11651.0
USA,YEM,11130.0
USA,ZAF,12833.0
USA,ZMB,12141.0
USA,ZWE,12539.0
UZB,ABW,12735.0
UZB,AFG,748.0
UZB,AGO,7961.0
UZB,AIA,11795.0
UZB,ALB,4079.0
UZB,AND,5464.0
UZB,ARE,2190.0
UZB,ARG,15429.0
UZB,ARM,2083.0
UZB,ASM,13552.0
UZB,ATG,11818.0
UZB,AUS,11652.0
UZB,AUT,4171.0
UZB,AZE,1630.0
UZB,BDI,6383.0
UZB,BEL,4964.0
UZB,BEN,7612.0
UZB,BES,12665.0
UZB,BFA,7508.0
UZB,BGD,2770.0
UZB,BGR,3759.0
UZB,BHR,2392.0
UZB,BHS,11896.0
UZB,BIH,4120.0
UZB,BLR,3372.0
UZB,BLZ,13142.0
UZB,BMU,10598.0
UZB,BOL,15110.0
UZB,BRA,13823.0
UZB,BRB,12029.0
UZB,BRN,6065.0
UZB,BTN,2412.0
UZB,BWA,8557.0
UZB,CAF,6481.0
UZB,CAN,10086.0
UZB,CCK,6563.0
UZB,CHE,4767.0
UZB,CHL,16398.0
UZB,CHN,4752.0
UZB,CIV,8221.0
UZB,CMR,7066.0
UZB,COD,7434.0
UZB,COG,7431.0
UZB,COK,14938.0
UZB,COL,13713.0
UZB,COM,6442.0
UZB,CPV,9155.0
UZB,CRI,13715.0
UZB,CUB,12300.0
UZB,CUW,12708.0
UZB,CXR,6834.0
UZB,CYM,12650.0
UZB,CYP,3188.0
UZB,CZE,4279.0
UZB,DEU,4314.0
UZB,DJI,4158.0
UZB,DMA,11951.0
UZB,DNK,4342.0
UZB,DOM,12167.0
UZB,DZA,5614.0
UZB,ECU,14690.0
UZB,EGY,3624.0
UZB,ERI,4093.0
UZB,ESH,7475.0
UZB,ESP,5957.0
UZB,EST,3654.0
UZB,ETH,4662.0
UZB,FIN,3664.0
UZB,FJI,12913.0
UZB,FLK,15889.0
UZB,FRA,5162.0
UZB,FRO,5363.0
UZB,FSM,9420.0
UZB,GAB,7500.0
UZB,GBR,5247.0
UZB,GEO,2030.0
UZB,GHA,7923.0
UZB,GIB,6308.0
UZB,GIN,8721.0
UZB,GLP,11910.0
UZB,GMB,8697.0
UZB,GNB,8720.0
UZB,GNQ,7360.0
UZB,GRC,3877.0
UZB,GRD,12261.0
UZB,GRL,7228.0
UZB,GTM,13478.0
UZB,GUF,12196.0
UZB,GUM,7830.0
UZB,GUY,12469.0
UZB,HKG,4685.0
UZB,HND,13417.0
UZB,HRV,4252.0
UZB,HTI,12293.0
UZB,HUN,3987.0
UZB,IDN,6505.0
UZB,IND,1575.0
UZB,IOT,5380.0
UZB,IRL,5584.0
UZB,IRN,1667.0
UZB,IRQ,2359.0
UZB,ISL,6026.0
UZB,ISR,3218.0
UZB,ITA,4642.0
UZB,JAM,12571.0
UZB,JOR,3128.0
UZB,JPN,6011.0
UZB,KAZ,672.0
UZB,KEN,5736.0
UZB,KGZ,479.0
UZB,KHM,4789.0
UZB,KIR,11061.0
UZB,KNA,11857.0
UZB,KOR,4899.0
UZB,KWT,2329.0
UZB,LAO,4094.0
UZB,LBN,3068.0
UZB,LBR,8717.0
UZB,LBY,4982.0
UZB,LCA,12040.0
UZB,LIE,4699.0
UZB,LKA,3947.0
UZB,LSO,8917.0
UZB,LTU,3530.0
UZB,LUX,4874.0
UZB,LVA,3637.0
UZB,MAC,4638.0
UZB,MAR,6631.0
UZB,MCO,4967.0
UZB,MDA,3254.0
UZB,MDG,7028.0
UZB,MDV,4131.0
UZB,MEX,13179.0
UZB,MHL,10501.0
UZB,MKD,3930.0
UZB,MLI,8029.0
UZB,MLT,4725.0
UZB,MMR,3742.0
UZB,MNE,4089.0
UZB,MNG,3048.0
UZB,MNP,7793.0
UZB,MOZ,8353.0
UZB,MRT,8313.0
UZB,MSR,11870.0
UZB,MTQ,11992.0
UZB,MUS,6907.0
UZB,MWI,7119.0
UZB,MYS,5326.0
UZB,MYT,6472.0
UZB,NAM,8879.0
UZB,NCL,12196.0
UZB,NER,7122.0
UZB,NFK,12763.0
UZB,NGA,7526.0
UZB,NIC,13581.0
UZB,NIU,13949.0
UZB,NLD,4889.0
UZB,NOR,4442.0
UZB,NPL,2103.0
UZB,NRU,10694.0
UZB,NZL,13761.0
UZB,OMN,2193.0
UZB,PAK,1825.0
UZB,PAN,13592.0
UZB,PCN,17533.0
UZB,PER,15404.0
UZB,PHL,5779.0
UZB,PLW,7414.0
UZB,PNG,9707.0
UZB,POL,3800.0
UZB,PRI,11954.0
UZB,PRK,4737.0
UZB,PRT,6458.0
UZB,PRY,14854.0
UZB,PSE,3275.0
UZB,PYF,15486.0
UZB,QAT,2416.0
UZB,REU,7026.0
UZB,ROU,3501.0
UZB,RUS,2798.0
UZB,RWA,6209.0
UZB,SAU,2778.0
UZB,SDN,4531.0
UZB,SEN,8673.0
UZB,SGP,5629.0
UZB,SHN,9955.0
UZB,SLB,10757.0
UZB,SLE,8764.0
UZB,SLV,13530.0
UZB,SMR,4575.0
UZB,SOM,4961.0
UZB,SPM,8862.0
UZB,SRB,3932.0
UZB,SSD,5501.0
UZB,STP,7719.0
UZB,SUR,12331.0
UZB,SVK,4118.0
UZB,SVN,4358.0
UZB,SWE,4026.0
UZB,SWZ,8451.0
UZB,SXM,11811.0
UZB,SYC,5270.0
UZB,SYR,3018.0
UZB,TCA,11951.0
UZB,TCD,6157.0
UZB,TGO,7729.0
UZB,THA,4301.0
UZB,TJK,305.0
UZB,TKL,13152.0
UZB,TKM,1000.0
UZB,TLS,7964.0
UZB,TON,13645.0
UZB,TTO,12368.0
UZB,TUN,5037.0
UZB,TUR,3350.0
UZB,TUV,12301.0
UZB,TWN,5112.0
UZB,TZA,6139.0
UZB,UGA,5843.0
UZB,UKR,3133.0
UZB,URY,15255.0
UZB,USA,10198.0
UZB,VAT,4644.0
UZB,VCT,12130.0
UZB,VEN,12731.0
UZB,VGB,11871.0
UZB,VNM,4981.0
UZB,VUT,12040.0
UZB,WLF,13027.0
UZB,WSM,13433.0
UZB,YEM,3748.0
UZB,ZAF,8592.0
UZB,ZMB,7559.0
UZB,ZWE,7635.0
VAT,ABW,8473.0
VAT,AFG,4943.0
VAT,AGO,5619.0
VAT,AIA,7495.0
VAT,ALB,617.0
VAT,AND,905.0
VAT,ARE,4329.0
VAT,ARG,11130.0
VAT,ARM,2687.0
VAT,ASM,16927.0
VAT,ATG,7471.0
VAT,AUS,15985.0
VAT,AUT,765.0
VAT,AZE,3123.0
VAT,BDI,5299.0
VAT,BEL,1172.0
VAT,BEN,4053.0
VAT,BES,8354.0
VAT,BFA,3544.0
VAT,BGD,7323.0
VAT,BGR,900.0
VAT,BHR,3884.0
VAT,BHS,8180.0
VAT,BIH,528.0
VAT,BLR,1741.0
VAT,BLZ,9641.0
VAT,BMU,6717.0
VAT,BOL,10466.0
VAT,BRA,9455.0
VAT,BRB,7569.0
VAT,BRN,10673.0
VAT,BTN,7015.0
VAT,BWA,7498.0
VAT,CAF,4203.0
VAT,CAN,7096.0
VAT,CCK,10447.0
VAT,CHE,682.0
VAT,CHL,11891.0
VAT,CHN,9139.0
VAT,CIV,4367.0
VAT,CMR,4214.0
VAT,COD,5128.0
VAT,COG,5121.0
VAT,COK,17600.0
VAT,COL,9384.0
VAT,COM,6721.0
VAT,CPV,4564.0
VAT,CRI,9816.0
VAT,CUB,8710.0
VAT,CUW,8412.0
VAT,CXR,11042.0
VAT,CYM,8909.0
VAT,CYP,1965.0
VAT,CZE,922.0
VAT,DEU,1183.0
VAT,DJI,4491.0
VAT,DMA,7560.0
VAT,DNK,1532.0
VAT,DOM,8040.0
VAT,DZA,992.0
VAT,ECU,10366.0
VAT,EGY,2137.0
VAT,ERI,3888.0
VAT,ESH,2850.0
VAT,ESP,1364.0
VAT,EST,2128.0
VAT,ETH,4462.0
VAT,FIN,2204.0
VAT,FJI,17057.0
VAT,FLK,12388.0
VAT,FRA,1104.0
VAT,FRO,2576.0
VAT,FSM,13579.0
VAT,GAB,4607.0
VAT,GBR,1433.0
VAT,GEO,2675.0
VAT,GHA,4142.0
VAT,GIB,1665.0
VAT,GIN,4399.0
VAT,GLP,7539.0
VAT,GMB,4225.0
VAT,GNB,4301.0
VAT,GNQ,4443.0
VAT,GRC,1059.0
VAT,GRD,7820.0
VAT,GRL,4689.0
VAT,GTM,9978.0
VAT,GUF,7571.0
VAT,GUM,12176.0
VAT,GUY,7905.0
VAT,HKG,9301.0
VAT,HND,9757.0
VAT,HRV,519.0
VAT,HTI,8235.0
VAT,HUN,811.0
VAT,IDN,10832.0
VAT,IND,5929.0
VAT,IOT,8154.0
VAT,IRL,1885.0
VAT,IRN,3424.0
VAT,IRQ,2956.0
VAT,ISL,3303.0
VAT,ISR,2257.0
VAT,ITA,2.0
VAT,JAM,8635.0
VAT,JOR,2355.0
VAT,JPN,9878.0
VAT,KAZ,5158.0
VAT,KEN,5375.0
VAT,KGZ,4997.0
VAT,KHM,9363.0
VAT,KIR,14834.0
VAT,KNA,7531.0
VAT,KOR,8990.0
VAT,KWT,3474.0
VAT,LAO,8710.0
VAT,LBN,2203.0
VAT,LBR,4565.0
VAT,LBY,1004.0
VAT,LCA,7618.0
VAT,LIE,627.0
VAT,LKA,7632.0
VAT,LSO,8035.0
VAT,LTU,1705.0
VAT,LUX,987.0
VAT,LVA,1869.0
VAT,MAC,9259.0
VAT,MAR,1988.0
VAT,MCO,459.0
VAT,MDA,1420.0
VAT,MDG,7640.0
VAT,MDV,7330.0
VAT,MEX,10255.0
VAT,MHL,14174.0
VAT,MKD,744.0
VAT,MLI,3800.0
VAT,MLT,690.0
VAT,MMR,8269.0
VAT,MNE,566.0
VAT,MNG,7002.0
VAT,MNP,12082.0
VAT,MOZ,7791.0
VAT,MRT,3773.0
VAT,MSR,7524.0
VAT,MTQ,7582.0
VAT,MUS,8288.0
VAT,MWI,6562.0
VAT,MYS,9716.0
VAT,MYT,6923.0
VAT,NAM,7152.0
VAT,NCL,16761.0
VAT,NER,3301.0
VAT,NFK,17395.0
VAT,NGA,4028.0
VAT,NIC,9826.0
VAT,NIU,17462.0
VAT,NLD,1296.0
VAT,NOR,2007.0
VAT,NPL,6651.0
VAT,NRU,14761.0
VAT,NZL,18402.0
VAT,OMN,4705.0
VAT,PAK,5321.0
VAT,PAN,9512.0
VAT,PCN,15926.0
VAT,PER,10853.0
VAT,PHL,10407.0
VAT,PLW,12002.0
VAT,PNG,14325.0
VAT,POL,1317.0
VAT,PRI,7729.0
VAT,PRK,8799.0
VAT,PRT,1864.0
VAT,PRY,10350.0
VAT,PSE,2269.0
VAT,PYF,16813.0
VAT,QAT,4013.0
VAT,REU,8240.0
VAT,ROU,1144.0
VAT,RUS,2382.0
VAT,RWA,5171.0
VAT,SAU,3682.0
VAT,SDN,3498.0
VAT,SEN,4165.0
VAT,SGP,10032.0
VAT,SHN,6671.0
VAT,SLB,15215.0
VAT,SLE,4480.0
VAT,SLV,9943.0
VAT,SMR,226.0
VAT,SOM,5502.0
VAT,SPM,5324.0
VAT,SRB,725.0
VAT,SSD,4522.0
VAT,STP,4639.0
VAT,SUR,7730.0
VAT,SVK,785.0
VAT,SVN,489.0
VAT,SWE,1977.0
VAT,SWZ,7794.0
VAT,SXM,7507.0
VAT,SYC,6741.0
VAT,SYR,2291.0
VAT,TCA,7934.0
VAT,TCD,3311.0
VAT,TGO,4115.0
VAT,THA,8847.0
VAT,TJK,4722.0
VAT,TKL,16382.0
VAT,TKM,3904.0
VAT,TLS,12552.0
VAT,TON,17594.0
VAT,TTO,7901.0
VAT,TUN,598.0
VAT,TUR,1380.0
VAT,TUV,16085.0
VAT,TWN,9626.0
VAT,TZA,6046.0
VAT,UGA,5030.0
VAT,UKR,1680.0
VAT,URY,11003.0
VAT,USA,6904.0
VAT,UZB,4644.0
VAT,VCT,7698.0
VAT,VEN,8358.0
VAT,VGB,7610.0
VAT,VNM,9566.0
VAT,VUT,16487.0
VAT,WLF,16726.0
VAT,WSM,16867.0
VAT,YEM,4232.0
VAT,ZAF,7709.0
VAT,ZMB,6551.0
VAT,ZWE,6885.0
VCT,ABW,958.0
VCT,AFG,12582.0
VCT,AGO,8581.0
VCT,AIA,593.0
VCT,ALB,8313.0
VCT,AND,6804.0
VCT,ARE,11939.0
VCT,ARG,5294.0
VCT,ARM,10371.0
VCT,ASM,12437.0
VCT,ATG,443.0
VCT,AUS,16249.0
VCT,AUT,8012.0
VCT,AZE,10787.0
VCT,BDI,10166.0
VCT,BEL,7173.0
VCT,BEN,6998.0
VCT,BES,773.0
VCT,BFA,6466.0
VCT,BGD,14900.0
VCT,BGR,8588.0
VCT,BHR,11462.0
VCT,BHS,2144.0
VCT,BIH,8176.0
VCT,BLR,8758.0
VCT,BLZ,2991.0
VCT,BMU,2150.0
VCT,BOL,3368.0
VCT,BRA,4360.0
VCT,BRB,174.0
VCT,BRN,17960.0
VCT,BTN,14528.0
VCT,BWA,10333.0
VCT,CAF,8802.0
VCT,CAN,3806.0
VCT,CCK,17650.0
VCT,CHE,7419.0
VCT,CHL,5255.0
VCT,CHN,15085.0
VCT,CIV,6331.0
VCT,CMR,8051.0
VCT,COD,8674.0
VCT,COG,8669.0
VCT,COK,11408.0
VCT,COL,1700.0
VCT,COM,11856.0
VCT,CPV,4074.0
VCT,CRI,2518.0
VCT,CUB,2491.0
VCT,CUW,845.0
VCT,CXR,18575.0
VCT,CYM,2256.0
VCT,CYP,9590.0
VCT,CZE,7874.0
VCT,DEU,7818.0
VCT,DJI,11246.0
VCT,DMA,238.0
VCT,DNK,7793.0
VCT,DOM,1101.0
VCT,DZA,6861.0
VCT,ECU,2670.0
VCT,EGY,9525.0
VCT,ERI,10694.0
VCT,ESH,5219.0
VCT,ESP,6334.0
VCT,EST,8530.0
VCT,ETH,10857.0
VCT,FIN,8535.0
VCT,FJI,13639.0
VCT,FLK,7193.0
VCT,FRA,6990.0
VCT,FRO,6913.0
VCT,FSM,15142.0
VCT,GAB,7915.0
VCT,GBR,6884.0
VCT,GEO,10338.0
VCT,GHA,6562.0
VCT,GIB,6106.0
VCT,GIN,5201.0
VCT,GLP,319.0
VCT,GMB,4820.0
VCT,GNB,4955.0
VCT,GNQ,7911.0
VCT,GRC,8688.0
VCT,GRD,135.0
VCT,GRL,5713.0
VCT,GTM,3170.0
VCT,GUF,1335.0
VCT,GUM,15911.0
VCT,GUY,779.0
VCT,HKG,16053.0
VCT,HND,2812.0
VCT,HRV,7983.0
VCT,HTI,1330.0
VCT,HUN,8213.0
VCT,IDN,18510.0
VCT,IND,13584.0
VCT,IOT,14919.0
VCT,IRL,6551.0
VCT,IRN,11122.0
VCT,IRQ,10621.0
VCT,ISL,6419.0
VCT,ISR,9800.0
VCT,ITA,7700.0
VCT,JAM,1753.0
VCT,JOR,9910.0
VCT,JPN,14170.0
VCT,KAZ,12454.0
VCT,KEN,10922.0
VCT,KGZ,12348.0
VCT,KHM,16878.0
VCT,KIR,13841.0
VCT,KNA,485.0
VCT,KOR,14325.0
VCT,KWT,11094.0
VCT,LAO,16137.0
VCT,LBN,9813.0
VCT,LBR,5576.0
VCT,LBY,7784.0
VCT,LCA,97.0
VCT,LIE,7493.0
VCT,LKA,15186.0
VCT,LSO,10597.0
VCT,LTU,8601.0
VCT,LUX,7276.0
VCT,LVA,8509.0
VCT,MAC,16052.0
VCT,MAR,5855.0
VCT,MCO,7296.0
VCT,MDA,8957.0
VCT,MDG,12431.0
VCT,MDV,14675.0
VCT,MEX,4103.0
VCT,MHL,13800.0
VCT,MKD,8441.0
VCT,MLI,5765.0
VCT,MLT,7889.0
VCT,MMR,15872.0
VCT,MNE,8259.0
VCT,MNG,13139.0
VCT,MNP,15698.0
VCT,MOZ,11008.0
VCT,MRT,4871.0
VCT,MSR,416.0
VCT,MTQ,161.0
VCT,MUS,13485.0
VCT,MWI,10894.0
VCT,MYS,17410.0
VCT,MYT,12088.0
VCT,NAM,9403.0
VCT,NCL,14896.0
VCT,NER,6841.0
VCT,NFK,14667.0
VCT,NGA,7111.0
VCT,NIC,2720.0
VCT,NIU,12426.0
VCT,NLD,7242.0
VCT,NOR,7745.0
VCT,NPL,14231.0
VCT,NRU,14547.0
VCT,NZL,13895.0
VCT,OMN,12318.0
VCT,PAK,13009.0
VCT,PAN,2050.0
VCT,PCN,8387.0
VCT,PER,3288.0
VCT,PHL,16924.0
VCT,PLW,17160.0
VCT,PNG,16909.0
VCT,POL,8335.0
VCT,PRI,786.0
VCT,PRK,14181.0
VCT,PRT,5837.0
VCT,PRY,4272.0
VCT,PSE,9786.0
VCT,PYF,10278.0
VCT,QAT,11579.0
VCT,REU,13276.0
VCT,ROU,8788.0
VCT,RUS,9353.0
VCT,RWA,10206.0
VCT,SAU,11158.0
VCT,SDN,10023.0
VCT,SEN,4727.0
VCT,SGP,17725.0
VCT,SHN,6905.0
VCT,SLB,15526.0
VCT,SLE,5266.0
VCT,SLV,3027.0
VCT,SMR,7702.0
VCT,SOM,11758.0
VCT,SPM,3757.0
VCT,SRB,8338.0
VCT,SSD,10199.0
VCT,STP,7622.0
VCT,SUR,1045.0
VCT,SVK,8067.0
VCT,SVN,7868.0
VCT,SWE,8150.0
VCT,SWZ,10885.0
VCT,SXM,573.0
VCT,SYC,13023.0
VCT,SYR,9898.0
VCT,TCA,1398.0
VCT,TCD,8252.0
VCT,TGO,6881.0
VCT,THA,16424.0
VCT,TJK,12287.0
VCT,TKL,12407.0
VCT,TKM,11563.0
VCT,TLS,19126.0
VCT,TON,12998.0
VCT,TTO,278.0
VCT,TUN,7496.0
VCT,TUR,9077.0
VCT,TUV,13423.0
VCT,TWN,15771.0
VCT,TZA,11321.0
VCT,UGA,10423.0
VCT,UKR,9014.0
VCT,URY,5338.0
VCT,USA,3298.0
VCT,UZB,12130.0
VCT,VAT,7698.0
VCT,VEN,683.0
VCT,VGB,686.0
VCT,VNM,17047.0
VCT,VUT,14707.0
VCT,WLF,13007.0
VCT,WSM,12544.0
VCT,YEM,11237.0
VCT,ZAF,10580.0
VCT,ZMB,10347.0
VCT,ZWE,10693.0
VEN,ABW,411.0
VEN,AFG,13213.0
VEN,AGO,9127.0
VEN,AIA,949.0
VEN,ALB,8975.0
VEN,AND,7461.0
VEN,ARE,12617.0
VEN,ARG,5070.0
VEN,ARM,11022.0
VEN,ASM,11776.0
VEN,ATG,913.0
VEN,AUS,15628.0
VEN,AUT,8648.0
VEN,AZE,11431.0
VEN,BDI,10769.0
VEN,BEL,7794.0
VEN,BEN,7623.0
VEN,BES,238.0
VEN,BFA,7116.0
VEN,BGD,15494.0
VEN,BGR,9245.0
VEN,BHR,12141.0
VEN,BHS,1955.0
VEN,BIH,8830.0
VEN,BLR,9363.0
VEN,BLZ,2479.0
VEN,BMU,2424.0
VEN,BOL,2988.0
VEN,BRA,4363.0
VEN,BRB,843.0
VEN,BRN,18286.0
VEN,BTN,15108.0
VEN,BWA,10775.0
VEN,CAF,9432.0
VEN,CAN,3875.0
VEN,CCK,18247.0
VEN,CHE,8058.0
VEN,CHL,4880.0
VEN,CHN,15304.0
VEN,CIV,6944.0
VEN,CMR,8672.0
VEN,COD,9253.0
VEN,COG,9249.0
VEN,COK,10728.0
VEN,COL,1027.0
VEN,COM,12422.0
VEN,CPV,4729.0
VEN,CRI,1886.0
VEN,CUB,2161.0
VEN,CUW,287.0
VEN,CXR,19221.0
VEN,CYM,1837.0
VEN,CYP,10263.0
VEN,CZE,8501.0
VEN,DEU,8433.0
VEN,DJI,11918.0
VEN,DMA,799.0
VEN,DNK,8389.0
VEN,DOM,943.0
VEN,DZA,7535.0
VEN,ECU,2010.0
VEN,EGY,10205.0
VEN,ERI,11371.0
VEN,ESH,5903.0
VEN,ESP,6996.0
VEN,EST,9102.0
VEN,ETH,11520.0
VEN,FIN,9103.0
VEN,FJI,12969.0
VEN,FLK,6945.0
VEN,FRA,7620.0
VEN,FRO,7448.0
VEN,FSM,14683.0
VEN,GAB,8514.0
VEN,GBR,7498.0
VEN,GEO,10983.0
VEN,GHA,7184.0
VEN,GIB,6779.0
VEN,GIN,5830.0
VEN,GLP,827.0
VEN,GMB,5469.0
VEN,GNB,5595.0
VEN,GNQ,8519.0
VEN,GRC,9357.0
VEN,GRD,586.0
VEN,GRL,6078.0
VEN,GTM,2609.0
VEN,GUF,1718.0
VEN,GUM,15640.0
VEN,GUY,1043.0
VEN,HKG,16377.0
VEN,HND,2246.0
VEN,HRV,8629.0
VEN,HTI,1067.0
VEN,HUN,8852.0
VEN,IDN,19188.0
VEN,IND,14215.0
VEN,IOT,15546.0
VEN,IRL,7147.0
VEN,IRN,11780.0
VEN,IRQ,11292.0
VEN,ISL,6906.0
VEN,ISR,10478.0
VEN,ITA,8361.0
VEN,JAM,1354.0
VEN,JOR,10587.0
VEN,JPN,14187.0
VEN,KAZ,13019.0
VEN,KEN,11543.0
VEN,KGZ,12924.0
VEN,KHM,17406.0
VEN,KIR,13280.0
VEN,KNA,877.0
VEN,KOR,14493.0
VEN,KWT,11770.0
VEN,LAO,16655.0
VEN,LBN,10487.0
VEN,LBR,6187.0
VEN,LBY,8464.0
VEN,LCA,749.0
VEN,LIE,8134.0
VEN,LKA,15869.0
VEN,LSO,10998.0
VEN,LTU,9202.0
VEN,LUX,7904.0
VEN,LVA,9097.0
VEN,MAC,16388.0
VEN,MAR,6533.0
VEN,MCO,7950.0
VEN,MDA,9595.0
VEN,MDG,12945.0
VEN,MDV,15353.0
VEN,MEX,3602.0
VEN,MHL,13292.0
VEN,MKD,9100.0
VEN,MLI,6413.0
VEN,MLT,8564.0
VEN,MMR,16463.0
VEN,MNE,8917.0
VEN,MNG,13507.0
VEN,MNP,15438.0
VEN,MOZ,11447.0
VEN,MRT,5540.0
VEN,MSR,861.0
VEN,MTQ,778.0
VEN,MUS,13992.0
VEN,MWI,11433.0
VEN,MYS,18048.0
VEN,MYT,12648.0
VEN,NAM,9847.0
VEN,NCL,14217.0
VEN,NER,7497.0
VEN,NFK,13984.0
VEN,NGA,7737.0
VEN,NIC,2122.0
VEN,NIU,11752.0
VEN,NLD,7854.0
VEN,NOR,8314.0
VEN,NPL,14834.0
VEN,NRU,13984.0
VEN,NZL,13223.0
VEN,OMN,12996.0
VEN,PAK,13676.0
VEN,PAN,1397.0
VEN,PCN,7706.0
VEN,PER,2733.0
VEN,PHL,17099.0
VEN,PLW,16943.0
VEN,PNG,16302.0
VEN,POL,8951.0
VEN,PRI,887.0
VEN,PRK,14369.0
VEN,PRT,6501.0
VEN,PRY,4084.0
VEN,PSE,10465.0
VEN,PYF,9601.0
VEN,QAT,12259.0
VEN,REU,13776.0
VEN,ROU,9437.0
VEN,RUS,9940.0
VEN,RWA,10816.0
VEN,SAU,11840.0
VEN,SDN,10698.0
VEN,SEN,5382.0
VEN,SGP,18358.0
VEN,SHN,7345.0
VEN,SLB,14905.0
VEN,SLE,5889.0
VEN,SLV,2453.0
VEN,SMR,8355.0
VEN,SOM,12403.0
VEN,SPM,4147.0
VEN,SRB,8988.0
VEN,SSD,10843.0
VEN,STP,8217.0
VEN,SUR,1388.0
VEN,SVK,8703.0
VEN,SVN,8514.0
VEN,SWE,8724.0
VEN,SWZ,11319.0
VEN,SXM,931.0
VEN,SYC,13647.0
VEN,SYR,10573.0
VEN,TCA,1297.0
VEN,TCD,8909.0
VEN,TGO,7504.0
VEN,THA,16994.0
VEN,TJK,12902.0
VEN,TKL,11763.0
VEN,TKM,12203.0
VEN,TLS,18653.0
VEN,TON,12321.0
VEN,TTO,587.0
VEN,TUN,8170.0
VEN,TUR,9737.0
VEN,TUV,12790.0
VEN,TWN,15975.0
VEN,TZA,11915.0
VEN,UGA,11047.0
VEN,UKR,9636.0
VEN,URY,5142.0
VEN,USA,3422.0
VEN,UZB,12731.0
VEN,VAT,8358.0
VEN,VCT,683.0
VEN,VGB,910.0
VEN,VNM,17552.0
VEN,VUT,14040.0
VEN,WLF,12351.0
VEN,WSM,11884.0
VEN,YEM,11916.0
VEN,ZAF,11010.0
VEN,ZMB,10869.0
VEN,ZWE,11200.0
VGB,ABW,873.0
VGB,AFG,12385.0
VGB,AGO,9060.0
VGB,AIA,166.0
VGB,ALB,8227.0
VGB,AND,6706.0
VGB,ARE,11920.0
VGB,ARG,5905.0
VGB,ARM,10238.0
VGB,ASM,12176.0
VGB,ATG,327.0
VGB,AUS,16432.0
VGB,AUT,7844.0
VGB,AZE,10631.0
VGB,BDI,10555.0
VGB,BEL,6969.0
VGB,BEN,7364.0
VGB,BES,796.0
VGB,BFA,6774.0
VGB,BGD,14619.0
VGB,BGR,8480.0
VGB,BHR,11456.0
VGB,BHS,1507.0
VGB,BIH,8060.0
VGB,BLR,8514.0
VGB,BLZ,2561.0
VGB,BMU,1537.0
VGB,BOL,3881.0
VGB,BRA,5037.0
VGB,BRB,796.0
VGB,BRN,17420.0
VGB,BTN,14225.0
VGB,BWA,10901.0
VGB,CAF,9145.0
VGB,CAN,3128.0
VGB,CCK,17924.0
VGB,CHE,7261.0
VGB,CHL,5776.0
VGB,CHN,14473.0
VGB,CIV,6727.0
VGB,CMR,8418.0
VGB,COD,9109.0
VGB,COG,9103.0
VGB,COK,11252.0
VGB,COL,1842.0
VGB,COM,12289.0
VGB,CPV,4393.0
VGB,CRI,2299.0
VGB,CUB,1920.0
VGB,CUW,838.0
VGB,CXR,18652.0
VGB,CYM,1768.0
VGB,CYP,9549.0
VGB,CZE,7684.0
VGB,DEU,7598.0
VGB,DJI,11436.0
VGB,DMA,487.0
VGB,DNK,7535.0
VGB,DOM,558.0
VGB,DZA,6842.0
VGB,ECU,2826.0
VGB,EGY,9548.0
VGB,ERI,10858.0
VGB,ESH,5332.0
VGB,ESP,6259.0
VGB,EST,8226.0
VGB,ETH,11090.0
VGB,FIN,8224.0
VGB,FJI,13403.0
VGB,FLK,7795.0
VGB,FRA,6809.0
VGB,FRO,6556.0
VGB,FSM,14559.0
VGB,GAB,8322.0
VGB,GBR,6666.0
VGB,GEO,10188.0
VGB,GHA,6936.0
VGB,GIB,6090.0
VGB,GIN,5575.0
VGB,GLP,408.0
VGB,GMB,5148.0
VGB,GNB,5303.0
VGB,GNQ,8303.0
VGB,GRC,8636.0
VGB,GRD,768.0
VGB,GRL,5176.0
VGB,GTM,2796.0
VGB,GUF,2002.0
VGB,GUM,15241.0
VGB,GUY,1463.0
VGB,HKG,15500.0
VGB,HND,2460.0
VGB,HRV,7844.0
VGB,HTI,815.0
VGB,HUN,8052.0
VGB,IDN,18376.0
VGB,IND,13383.0
VGB,IOT,15220.0
VGB,IRL,6297.0
VGB,IRN,11009.0
VGB,IRQ,10564.0
VGB,ISL,5999.0
VGB,ISR,9790.0
VGB,ITA,7612.0
VGB,JAM,1289.0
VGB,JOR,9898.0
VGB,JPN,13494.0
VGB,KAZ,12132.0
VGB,KEN,11269.0
VGB,KGZ,12044.0
VGB,KHM,16498.0
VGB,KIR,13365.0
VGB,KNA,236.0
VGB,KOR,13690.0
VGB,KWT,11066.0
VGB,LAO,15747.0
VGB,LBN,9780.0
VGB,LBR,5982.0
VGB,LBY,7810.0
VGB,LCA,623.0
VGB,LIE,7339.0
VGB,LKA,15221.0
VGB,LSO,11192.0
VGB,LTU,8350.0
VGB,LUX,7089.0
VGB,LVA,8234.0
VGB,MAC,15506.0
VGB,MAR,5873.0
VGB,MCO,7186.0
VGB,MDA,8790.0
VGB,MDG,12924.0
VGB,MDV,14801.0
VGB,MEX,3633.0
VGB,MHL,13267.0
VGB,MKD,8344.0
VGB,MLI,6085.0
VGB,MLT,7876.0
VGB,MMR,15583.0
VGB,MNE,8159.0
VGB,MNG,12610.0
VGB,MNP,15026.0
VGB,MOZ,11575.0
VGB,MRT,5128.0
VGB,MSR,312.0
VGB,MTQ,566.0
VGB,MUS,13977.0
VGB,MWI,11367.0
VGB,MYS,17195.0
VGB,MYT,12527.0
VGB,NAM,9973.0
VGB,NCL,14707.0
VGB,NER,7126.0
VGB,NFK,14585.0
VGB,NGA,7474.0
VGB,NIC,2423.0
VGB,NIU,12223.0
VGB,NLD,7019.0
VGB,NOR,7437.0
VGB,NPL,13968.0
VGB,NRU,14067.0
VGB,NZL,13922.0
VGB,OMN,12300.0
VGB,PAK,12924.0
VGB,PAN,1918.0
VGB,PCN,8375.0
VGB,PER,3634.0
VGB,PHL,16301.0
VGB,PLW,16477.0
VGB,PNG,16463.0
VGB,POL,8116.0
VGB,PRI,157.0
VGB,PRK,13554.0
VGB,PRT,5776.0
VGB,PRY,4895.0
VGB,PSE,9784.0
VGB,PYF,10109.0
VGB,QAT,11579.0
VGB,REU,13778.0
VGB,ROU,8655.0
VGB,RUS,9074.0
VGB,RWA,10579.0
VGB,SAU,11187.0
VGB,SDN,10207.0
VGB,SEN,5038.0
VGB,SGP,17493.0
VGB,SHN,7490.0
VGB,SLB,15129.0
VGB,SLE,5653.0
VGB,SLV,2678.0
VGB,SMR,7588.0
VGB,SOM,12045.0
VGB,SPM,3239.0
VGB,SRB,8208.0
VGB,SSD,10500.0
VGB,STP,8037.0
VGB,SUR,1726.0
VGB,SVK,7899.0
VGB,SVN,7728.0
VGB,SWE,7850.0
VGB,SWZ,11456.0
VGB,SXM,172.0
VGB,SYC,13350.0
VGB,SYR,9867.0
VGB,TCA,762.0
VGB,TCD,8522.0
VGB,TGO,7253.0
VGB,THA,16099.0
VGB,TJK,12054.0
VGB,TKL,12088.0
VGB,TKM,11394.0
VGB,TLS,18470.0
VGB,TON,12811.0
VGB,TTO,920.0
VGB,TUN,7475.0
VGB,TUR,8979.0
VGB,TUV,13070.0
VGB,TWN,15155.0
VGB,TZA,11717.0
VGB,UGA,10766.0
VGB,UKR,8805.0
VGB,URY,5961.0
VGB,USA,2630.0
VGB,UZB,11871.0
VGB,VAT,7610.0
VGB,VCT,686.0
VGB,VEN,910.0
VGB,VNM,16642.0
VGB,VUT,14450.0
VGB,WLF,12721.0
VGB,WSM,12275.0
VGB,YEM,11381.0
VGB,ZAF,11155.0
VGB,ZMB,10844.0
VGB,ZWE,11204.0
VNM,ABW,17405.0
VNM,AFG,4624.0
VNM,AGO,10570.0
VNM,AIA,16611.0
VNM,ALB,8969.0
VNM,AND,10422.0
VNM,ARE,5634.0
VNM,ARG,16964.0
VNM,ARM,6887.0
VNM,ASM,9528.0
VNM,ATG,16677.0
VNM,AUS,6694.0
VNM,AUT,9148.0
VNM,AZE,6444.0
VNM,BDI,8703.0
VNM,BEL,9939.0
VNM,BEN,11436.0
VNM,BES,17412.0
VNM,BFA,11697.0
VNM,BGD,2243.0
VNM,BGR,8666.0
VNM,BHR,6117.0
VNM,BHS,16019.0
VNM,BIH,9056.0
VNM,BLR,8335.0
VNM,BLZ,16480.0
VNM,BMU,15156.0
VNM,BOL,19169.0
VNM,BRA,16863.0
VNM,BRB,16970.0
VNM,BRN,1116.0
VNM,BTN,2569.0
VNM,BWA,9591.0
VNM,CAF,9723.0
VNM,CAN,13943.0
VNM,CCK,2760.0
VNM,CHE,9745.0
VNM,CHL,17475.0
VNM,CHN,2732.0
VNM,CIV,12153.0
VNM,CMR,10500.0
VNM,COD,10255.0
VNM,COG,10257.0
VNM,COK,10809.0
VNM,COL,18303.0
VNM,COM,7439.0
VNM,CPV,13844.0
VNM,CRI,17433.0
VNM,CUB,16132.0
VNM,CUW,17431.0
VNM,CXR,2344.0
VNM,CYM,16569.0
VNM,CYP,7817.0
VNM,CZE,9260.0
VNM,DEU,9287.0
VNM,DJI,6924.0
VNM,DMA,16842.0
VNM,DNK,9284.0
VNM,DOM,16748.0
VNM,DZA,10491.0
VNM,ECU,18821.0
VNM,EGY,8026.0
VNM,ERI,7337.0
VNM,ESH,12303.0
VNM,ESP,10912.0
VNM,EST,8527.0
VNM,ETH,7436.0
VNM,FIN,8518.0
VNM,FJI,8506.0
VNM,FLK,15252.0
VNM,FRA,10142.0
VNM,FRO,10135.0
VNM,FSM,5674.0
VNM,GAB,10799.0
VNM,GBR,10213.0
VNM,GEO,6891.0
VNM,GHA,11859.0
VNM,GIB,11223.0
VNM,GIN,13054.0
VNM,GLP,16786.0
VNM,GMB,13226.0
VNM,GNB,13176.0
VNM,GNQ,10734.0
VNM,GRC,8667.0
VNM,GRD,17182.0
VNM,GRL,11497.0
VNM,GTM,16628.0
VNM,GUF,17123.0
VNM,GUM,4153.0
VNM,GUY,17449.0
VNM,HKG,1507.0
VNM,HND,16867.0
VNM,HRV,9214.0
VNM,HTI,16763.0
VNM,HUN,8959.0
VNM,IDN,1876.0
VNM,IND,3652.0
VNM,IOT,4286.0
VNM,IRL,10521.0
VNM,IRN,6196.0
VNM,IRQ,6791.0
VNM,ISL,10651.0
VNM,ISR,7684.0
VNM,ITA,9564.0
VNM,JAM,16802.0
VNM,JOR,7574.0
VNM,JPN,4327.0
VNM,KAZ,4607.0
VNM,KEN,7844.0
VNM,KGZ,4723.0
VNM,KHM,211.0
VNM,KIR,7401.0
VNM,KNA,16694.0
VNM,KOR,3599.0
VNM,KWT,6406.0
VNM,LAO,911.0
VNM,LBN,7620.0
VNM,LBR,12853.0
VNM,LBY,9693.0
VNM,LCA,16952.0
VNM,LIE,9675.0
VNM,LKA,2979.0
VNM,LSO,9564.0
VNM,LTU,8486.0
VNM,LUX,9854.0
VNM,LVA,8561.0
VNM,MAC,1464.0
VNM,MAR,11523.0
VNM,MCO,9924.0
VNM,MDA,8219.0
VNM,MDG,7270.0
VNM,MDV,3729.0
VNM,MEX,15641.0
VNM,MHL,7117.0
VNM,MKD,8827.0
VNM,MLI,12363.0
VNM,MLT,9512.0
VNM,MMR,1319.0
VNM,MNE,9001.0
VNM,MNG,4119.0
VNM,MNP,4264.0
VNM,MOZ,8992.0
VNM,MRT,12968.0
VNM,MSR,16725.0
VNM,MTQ,16896.0
VNM,MUS,6379.0
VNM,MWI,8496.0
VNM,MYS,1005.0
VNM,MYT,7271.0
VNM,NAM,10426.0
VNM,NCL,7475.0
VNM,NER,11282.0
VNM,NFK,7915.0
VNM,NGA,11324.0
VNM,NIC,17106.0
VNM,NIU,9721.0
VNM,NLD,9855.0
VNM,NOR,9308.0
VNM,NPL,2916.0
VNM,NRU,6782.0
VNM,NZL,8840.0
VNM,OMN,5282.0
VNM,PAK,4458.0
VNM,PAN,17718.0
VNM,PCN,14041.0
VNM,PER,19604.0
VNM,PHL,1612.0
VNM,PLW,3080.0
VNM,PNG,5011.0
VNM,POL,8776.0
VNM,PRI,16678.0
VNM,PRK,3661.0
VNM,PRT,11415.0
VNM,PRY,17709.0
VNM,PSE,7714.0
VNM,PYF,11818.0
VNM,QAT,6024.0
VNM,REU,6605.0
VNM,ROU,8433.0
VNM,RUS,7718.0
VNM,RWA,8596.0
VNM,SAU,6495.0
VNM,SDN,8018.0
VNM,SEN,13254.0
VNM,SGP,1092.0
VNM,SHN,12716.0
VNM,SLB,6308.0
VNM,SLE,13045.0
VNM,SLV,16793.0
VNM,SMR,9524.0
VNM,SOM,6841.0
VNM,SPM,13410.0
VNM,SRB,8878.0
VNM,SSD,8290.0
VNM,STP,11098.0
VNM,SUR,17296.0
VNM,SVK,9095.0
VNM,SVN,9323.0
VNM,SWE,8907.0
VNM,SWZ,9130.0
VNM,SXM,16630.0
VNM,SYC,5924.0
VNM,SYR,7543.0
VNM,TCA,16433.0
VNM,TCD,9944.0
VNM,TGO,11567.0
VNM,THA,745.0
VNM,TJK,4859.0
VNM,TKL,9357.0
VNM,TKM,5664.0
VNM,TLS,2991.0
VNM,TON,9236.0
VNM,TTO,17306.0
VNM,TUN,9874.0
VNM,TUR,8206.0
VNM,TUV,8311.0
VNM,TWN,2221.0
VNM,TZA,7716.0
VNM,UGA,8271.0
VNM,UKR,8113.0
VNM,URY,16827.0
VNM,USA,14306.0
VNM,UZB,4981.0
VNM,VAT,9566.0
VNM,VCT,17047.0
VNM,VEN,17552.0
VNM,VGB,16642.0
VNM,VUT,7473.0
VNM,WLF,8927.0
VNM,WSM,9405.0
VNM,YEM,6772.0
VNM,ZAF,9424.0
VNM,ZMB,9111.0
VNM,ZWE,8888.0
VUT,ABW,13759.0
VUT,AFG,11931.0
VUT,AGO,16001.0
VUT,AIA,14610.0
VUT,ALB,16037.0
VUT,AND,16990.0
VUT,ARE,13107.0
VUT,ARG,12402.0
VUT,ARM,14121.0
VUT,ASM,2276.0
VUT,ATG,14720.0
VUT,AUS,3184.0
VUT,AUT,15783.0
VUT,AZE,13664.0
VUT,BDI,14956.0
VUT,BEL,16067.0
VUT,BEN,18052.0
VUT,BES,13936.0
VUT,BFA,18787.0
VUT,BGD,9622.0
VUT,BGR,15710.0
VUT,BHR,13590.0
VUT,BHS,13236.0
VUT,BIH,15978.0
VUT,BLR,14776.0
VUT,BLZ,11912.0
VUT,BMU,14489.0
VUT,BOL,12771.0
VUT,BRA,14076.0
VUT,BRB,14876.0
VUT,BRN,6375.0
VUT,BTN,9842.0
VUT,BWA,13803.0
VUT,CAF,16420.0
VUT,CAN,13133.0
VUT,CCK,7673.0
VUT,CHE,16241.0
VUT,CHL,11580.0
VUT,CHN,7378.0
VUT,CIV,18409.0
VUT,CMR,17069.0
VUT,COD,16184.0
VUT,COG,16191.0
VUT,COK,3368.0
VUT,COL,13096.0
VUT,COM,13170.0
VUT,CPV,18731.0
VUT,CRI,12201.0
VUT,CUB,12698.0
VUT,CUW,13865.0
VUT,CXR,6786.0
VUT,CYM,12724.0
VUT,CYP,15186.0
VUT,CZE,15732.0
VUT,DEU,15571.0
VUT,DJI,14109.0
VUT,DMA,14736.0
VUT,DNK,15325.0
VUT,DOM,13899.0
VUT,DZA,17457.0
VUT,ECU,12242.0
VUT,EGY,15480.0
VUT,ERI,14641.0
VUT,ESH,18950.0
VUT,ESP,17378.0
VUT,EST,14528.0
VUT,ETH,14504.0
VUT,FIN,14466.0
VUT,FJI,1073.0
VUT,FLK,11111.0
VUT,FRA,16329.0
VUT,FRO,15073.0
VUT,FSM,2947.0
VUT,GAB,17018.0
VUT,GBR,16122.0
VUT,GEO,14069.0
VUT,GHA,18379.0
VUT,GIB,17873.0
VUT,GIN,19078.0
VUT,GLP,14713.0
VUT,GMB,19305.0
VUT,GNB,19238.0
VUT,GNQ,17096.0
VUT,GRC,15913.0
VUT,GRD,14625.0
VUT,GRL,14036.0
VUT,GTM,11657.0
VUT,GUF,15388.0
VUT,GUM,4315.0
VUT,GUY,14850.0
VUT,HKG,7371.0
VUT,HND,11990.0
VUT,HRV,15985.0
VUT,HTI,13646.0
VUT,HUN,15686.0
VUT,IDN,6788.0
VUT,IND,11045.0
VUT,IOT,10397.0
VUT,IRL,16026.0
VUT,IRN,13552.0
VUT,IRQ,14204.0
VUT,ISL,14793.0
VUT,ISR,15115.0
VUT,ITA,16486.0
VUT,JAM,13171.0
VUT,JOR,15007.0
VUT,JPN,6639.0
VUT,KAZ,11452.0
VUT,KEN,14317.0
VUT,KGZ,11629.0
VUT,KHM,7684.0
VUT,KIR,2169.0
VUT,KNA,14630.0
VUT,KOR,7497.0
VUT,KWT,13867.0
VUT,LAO,8207.0
VUT,LBN,15020.0
VUT,LBR,18736.0
VUT,LBY,17022.0
VUT,LCA,14751.0
VUT,LIE,16215.0
VUT,LKA,10089.0
VUT,LSO,13323.0
VUT,LTU,14844.0
VUT,LUX,16127.0
VUT,LVA,14740.0
VUT,MAC,7423.0
VUT,MAR,18202.0
VUT,MCO,16615.0
VUT,MDA,15097.0
VUT,MDG,12387.0
VUT,MDV,10667.0
VUT,MEX,10913.0
VUT,MHL,2766.0
VUT,MKD,15884.0
VUT,MLI,19326.0
VUT,MLT,16748.0
VUT,MMR,8782.0
VUT,MNE,16009.0
VUT,MNG,9486.0
VUT,MNP,4406.0
VUT,MOZ,13224.0
VUT,MRT,19577.0
VUT,MSR,14676.0
VUT,MTQ,14755.0
VUT,MUS,11390.0
VUT,MWI,13925.0
VUT,MYS,7663.0
VUT,MYT,12925.0
VUT,NAM,14567.0
VUT,NCL,539.0
VUT,NER,18482.0
VUT,NFK,1256.0
VUT,NGA,17965.0
VUT,NIC,12036.0
VUT,NIU,2302.0
VUT,NLD,15899.0
VUT,NOR,14988.0
VUT,NPL,10253.0
VUT,NRU,1909.0
VUT,NZL,2213.0
VUT,OMN,12751.0
VUT,PAK,11930.0
VUT,PAN,12657.0
VUT,PCN,6572.0
VUT,PER,12131.0
VUT,PHL,6308.0
VUT,PLW,4641.0
VUT,PNG,2462.0
VUT,POL,15237.0
VUT,PRI,14295.0
VUT,PRK,7689.0
VUT,PRT,17666.0
VUT,PRY,13131.0
VUT,PSE,15153.0
VUT,PYF,4459.0
VUT,QAT,13496.0
VUT,REU,11550.0
VUT,ROU,15420.0
VUT,RUS,14115.0
VUT,RWA,14963.0
VUT,SAU,13964.0
VUT,SDN,15322.0
VUT,SEN,19325.0
VUT,SGP,7366.0
VUT,SHN,16224.0
VUT,SLB,1289.0
VUT,SLE,18968.0
VUT,SLV,11772.0
VUT,SMR,16332.0
VUT,SOM,13572.0
VUT,SPM,14835.0
VUT,SRB,15779.0
VUT,SSD,15115.0
VUT,STP,17234.0
VUT,SUR,15130.0
VUT,SVK,15747.0
VUT,SVN,16051.0
VUT,SWE,14801.0
VUT,SWZ,13297.0
VUT,SXM,14608.0
VUT,SYC,12262.0
VUT,SYR,14951.0
VUT,TCA,13817.0
VUT,TCD,17095.0
VUT,TGO,18121.0
VUT,THA,8217.0
VUT,TJK,12035.0
VUT,TKL,2394.0
VUT,TKM,12935.0
VUT,TLS,4734.0
VUT,TON,1770.0
VUT,TTO,14613.0
VUT,TUN,17007.0
VUT,TUR,15370.0
VUT,TUV,1558.0
VUT,TWN,6940.0
VUT,TZA,13807.0
VUT,UGA,14820.0
VUT,UKR,14808.0
VUT,URY,12535.0
VUT,USA,13597.0
VUT,UZB,12040.0
VUT,VAT,16487.0
VUT,VCT,14707.0
VUT,VEN,14040.0
VUT,VGB,14450.0
VUT,VNM,7473.0
VUT,WLF,1734.0
VUT,WSM,2175.0
VUT,YEM,14084.0
VUT,ZAF,13530.0
VUT,ZMB,14308.0
VUT,ZWE,13910.0
WLF,ABW,12052.0
WLF,AFG,13091.0
WLF,AGO,17351.0
WLF,AIA,12882.0
WLF,ALB,16535.0
WLF,AND,16757.0
WLF,ARE,14493.0
WLF,ARG,11586.0
WLF,ARM,15061.0
WLF,ASM,602.0
WLF,ATG,12997.0
WLF,AUS,4704.0
WLF,AUT,15963.0
WLF,AZE,14632.0
WLF,BDI,16656.0
WLF,BEL,15837.0
WLF,BEN,19232.0
WLF,BES,12234.0
WLF,BFA,19444.0
WLF,BGD,10942.0
WLF,BGR,16249.0
WLF,BHR,14955.0
WLF,BHS,11508.0
WLF,BIH,16346.0
WLF,BLR,15043.0
WLF,BLZ,10179.0
WLF,BMU,12794.0
WLF,BOL,11458.0
WLF,BRA,13186.0
WLF,BRB,13179.0
WLF,BRN,7873.0
WLF,BTN,11092.0
WLF,BWA,15178.0
WLF,CAF,18132.0
WLF,CAN,11559.0
WLF,CCK,9393.0
WLF,CHE,16201.0
WLF,CHL,10600.0
WLF,CHN,8279.0
WLF,CIV,18789.0
WLF,CMR,18675.0
WLF,COD,17689.0
WLF,COG,17696.0
WLF,COK,1953.0
WLF,COL,11443.0
WLF,COM,14871.0
WLF,CPV,17080.0
WLF,CRI,10492.0
WLF,CUB,10967.0
WLF,CUW,12162.0
WLF,CXR,8487.0
WLF,CYM,10990.0
WLF,CYP,16191.0
WLF,CZE,15811.0
WLF,DEU,15569.0
WLF,DJI,15761.0
WLF,DMA,13022.0
WLF,DNK,15241.0
WLF,DOM,12168.0
WLF,DZA,17403.0
WLF,ECU,10642.0
WLF,EGY,16649.0
WLF,ERI,16245.0
WLF,ESH,17675.0
WLF,ESP,16910.0
WLF,EST,14599.0
WLF,ETH,16195.0
WLF,FIN,14522.0
WLF,FJI,789.0
WLF,FLK,10697.0
WLF,FRA,16057.0
WLF,FRO,14529.0
WLF,FSM,3612.0
WLF,GAB,18454.0
WLF,GBR,15749.0
WLF,GEO,14963.0
WLF,GHA,19074.0
WLF,GIB,17313.0
WLF,GIN,18085.0
WLF,GLP,12995.0
WLF,GMB,17815.0
WLF,GNB,17920.0
WLF,GNQ,18588.0
WLF,GRC,16642.0
WLF,GRD,12932.0
WLF,GRL,12952.0
WLF,GTM,9926.0
WLF,GUF,13806.0
WLF,GUM,5228.0
WLF,GUY,13219.0
WLF,HKG,8552.0
WLF,HND,10262.0
WLF,HRV,16222.0
WLF,HTI,11915.0
WLF,HUN,15958.0
WLF,IDN,8455.0
WLF,IND,12320.0
WLF,IOT,12122.0
WLF,IRL,15473.0
WLF,IRN,14667.0
WLF,IRQ,15360.0
WLF,ISL,14019.0
WLF,ISR,16245.0
WLF,ITA,16726.0
WLF,JAM,11440.0
WLF,JOR,16152.0
WLF,JPN,7137.0
WLF,KAZ,12379.0
WLF,KEN,16049.0
WLF,KGZ,12569.0
WLF,KHM,9135.0
WLF,KIR,2011.0
WLF,KNA,12906.0
WLF,KOR,8176.0
WLF,KWT,15149.0
WLF,LAO,9562.0
WLF,LBN,16093.0
WLF,LBR,18251.0
WLF,LBY,17639.0
WLF,LCA,13045.0
WLF,LIE,16213.0
WLF,LKA,11701.0
WLF,LSO,14656.0
WLF,LTU,15047.0
WLF,LUX,15970.0
WLF,LVA,14863.0
WLF,MAC,8611.0
WLF,MAR,17479.0
WLF,MCO,16611.0
WLF,MDA,15603.0
WLF,MDG,14053.0
WLF,MDV,12323.0
WLF,MEX,9182.0
WLF,MHL,2640.0
WLF,MKD,16400.0
WLF,MLI,18751.0
WLF,MLT,17283.0
WLF,MMR,10194.0
WLF,MNE,16450.0
WLF,MNG,10145.0
WLF,MNP,5245.0
WLF,MOZ,14679.0
WLF,MRT,17846.0
WLF,MSR,12954.0
WLF,MTQ,13045.0
WLF,MUS,13084.0
WLF,MWI,15550.0
WLF,MYS,9248.0
WLF,MYT,14626.0
WLF,NAM,15787.0
WLF,NCL,2091.0
WLF,NER,19847.0
WLF,NFK,2396.0
WLF,NGA,19247.0
WLF,NIC,10314.0
WLF,NIU,925.0
WLF,NLD,15667.0
WLF,NOR,14797.0
WLF,NPL,11517.0
WLF,NRU,2338.0
WLF,NZL,2764.0
WLF,OMN,14169.0
WLF,PAK,13307.0
WLF,PAN,10959.0
WLF,PCN,5164.0
WLF,PER,10681.0
WLF,PHL,7580.0
WLF,PLW,5913.0
WLF,PNG,4019.0
WLF,POL,15421.0
WLF,PRI,12566.0
WLF,PRK,8352.0
WLF,PRT,16914.0
WLF,PRY,12113.0
WLF,PSE,16300.0
WLF,PYF,2892.0
WLF,QAT,14883.0
WLF,REU,13233.0
WLF,ROU,15960.0
WLF,RUS,14474.0
WLF,RWA,16678.0
WLF,SAU,15363.0
WLF,SDN,16932.0
WLF,SEN,17733.0
WLF,SGP,8965.0
WLF,SHN,16609.0
WLF,SLB,2639.0
WLF,SLE,18096.0
WLF,SLV,10043.0
WLF,SMR,16509.0
WLF,SOM,15297.0
WLF,SPM,13349.0
WLF,SRB,16172.0
WLF,SSD,16846.0
WLF,STP,18538.0
WLF,SUR,13522.0
WLF,SVK,15949.0
WLF,SVN,16236.0
WLF,SWE,14760.0
WLF,SWZ,14729.0
WLF,SXM,12881.0
WLF,SYC,13994.0
WLF,SYR,16046.0
WLF,TCA,12083.0
WLF,TCD,18810.0
WLF,TGO,19167.0
WLF,THA,9657.0
WLF,TJK,13095.0
WLF,TKL,689.0
WLF,TKM,14004.0
WLF,TLS,6377.0
WLF,TON,876.0
WLF,TTO,12933.0
WLF,TUN,17322.0
WLF,TUR,16089.0
WLF,TUV,730.0
WLF,TWN,7982.0
WLF,TZA,15523.0
WLF,UGA,16551.0
WLF,UKR,15230.0
WLF,URY,11754.0
WLF,USA,11984.0
WLF,UZB,13027.0
WLF,VAT,16726.0
WLF,VCT,13007.0
WLF,VEN,12351.0
WLF,VGB,12721.0
WLF,VNM,8927.0
WLF,VUT,1734.0
WLF,WSM,481.0
WLF,YEM,15679.0
WLF,ZAF,14917.0
WLF,ZMB,15855.0
WLF,ZWE,15459.0
WSM,ABW,11591.0
WSM,AFG,13527.0
WSM,AGO,17438.0
WSM,AIA,12435.0
WSM,ALB,16759.0
WSM,AND,16762.0
WSM,ARE,14958.0
WSM,ARG,11184.0
WSM,ARM,15438.0
WSM,ASM,125.0
WSM,ATG,12545.0
WSM,AUS,5023.0
WSM,AUT,16120.0
WSM,AZE,15020.0
WSM,BDI,17012.0
WSM,BEL,15884.0
WSM,BEN,18976.0
WSM,BES,11771.0
WSM,BFA,18963.0
WSM,BGD,11407.0
WSM,BGR,16496.0
WSM,BHR,15416.0
WSM,BHS,11093.0
WSM,BIH,16541.0
WSM,BLR,15249.0
WSM,BLZ,9743.0
WSM,BMU,12409.0
WSM,BOL,10989.0
WSM,BRA,12762.0
WSM,BRB,12715.0
WSM,BRN,8354.0
WSM,BTN,11548.0
WSM,BWA,15339.0
WSM,CAF,18478.0
WSM,CAN,11247.0
WSM,CCK,9847.0
WSM,CHE,16287.0
WSM,CHL,10177.0
WSM,CHN,8696.0
WSM,CIV,18386.0
WSM,CMR,18847.0
WSM,COD,17853.0
WSM,COG,17860.0
WSM,COK,1514.0
WSM,COL,10968.0
WSM,COM,15238.0
WSM,CPV,16612.0
WSM,CRI,10031.0
WSM,CUB,10548.0
WSM,CUW,11699.0
WSM,CXR,8950.0
WSM,CYM,10556.0
WSM,CYP,16564.0
WSM,CZE,15944.0
WSM,DEU,15688.0
WSM,DJI,16239.0
WSM,DMA,12564.0
WSM,DNK,15346.0
WSM,DOM,11724.0
WSM,DZA,17414.0
WSM,ECU,10162.0
WSM,EGY,17055.0
WSM,ERI,16726.0
WSM,ESH,17353.0
WSM,ESP,16840.0
WSM,EST,14763.0
WSM,ETH,16666.0
WSM,FIN,14684.0
WSM,FJI,1151.0
WSM,FLK,10379.0
WSM,FRA,16083.0
WSM,FRO,14524.0
WSM,FSM,4039.0
WSM,GAB,18512.0
WSM,GBR,15759.0
WSM,GEO,15330.0
WSM,GHA,18687.0
WSM,GIB,17191.0
WSM,GIN,17604.0
WSM,GLP,12540.0
WSM,GMB,17341.0
WSM,GNB,17441.0
WSM,GNQ,18670.0
WSM,GRC,16929.0
WSM,GRD,12467.0
WSM,GRL,12812.0
WSM,GTM,9484.0
WSM,GUF,13327.0
WSM,GUM,5666.0
WSM,GUY,12743.0
WSM,HKG,9007.0
WSM,HND,9814.0
WSM,HRV,16385.0
WSM,HTI,11472.0
WSM,HUN,16140.0
WSM,IDN,8927.0
WSM,IND,12776.0
WSM,IOT,12572.0
WSM,IRL,15441.0
WSM,IRN,15085.0
WSM,IRQ,15780.0
WSM,ISL,13958.0
WSM,ISR,16648.0
WSM,ITA,16867.0
WSM,JAM,10998.0
WSM,JOR,16561.0
WSM,JPN,7492.0
WSM,KAZ,12777.0
WSM,KEN,16461.0
WSM,KGZ,12969.0
WSM,KHM,9613.0
WSM,KIR,2375.0
WSM,KNA,12455.0
WSM,KOR,8555.0
WSM,KWT,15595.0
WSM,LAO,10033.0
WSM,LBN,16486.0
WSM,LBR,17787.0
WSM,LBY,17837.0
WSM,LCA,12584.0
WSM,LIE,16309.0
WSM,LKA,12181.0
WSM,LSO,14805.0
WSM,LTU,15237.0
WSM,LUX,16032.0
WSM,LVA,15035.0
WSM,MAC,9067.0
WSM,MAR,17301.0
WSM,MCO,16689.0
WSM,MDA,15860.0
WSM,MDG,14393.0
WSM,MDV,12799.0
WSM,MEX,8765.0
WSM,MHL,2970.0
WSM,MKD,16636.0
WSM,MLI,18272.0
WSM,MLT,17482.0
WSM,MMR,10669.0
WSM,MNE,16663.0
WSM,MNG,10506.0
WSM,MNP,5674.0
WSM,MOZ,14887.0
WSM,MRT,17402.0
WSM,MSR,12501.0
WSM,MTQ,12586.0
WSM,MUS,13452.0
WSM,MWI,15849.0
WSM,MYS,9728.0
WSM,MYT,14994.0
WSM,NAM,15866.0
WSM,NCL,2484.0
WSM,NER,19372.0
WSM,NFK,2686.0
WSM,NGA,19040.0
WSM,NIC,9861.0
WSM,NIU,611.0
WSM,NLD,15719.0
WSM,NOR,14885.0
WSM,NPL,11975.0
WSM,NRU,2772.0
WSM,NZL,2882.0
WSM,OMN,14639.0
WSM,PAK,13774.0
WSM,PAN,10494.0
WSM,PCN,4697.0
WSM,PER,10202.0
WSM,PHL,8047.0
WSM,PLW,6384.0
WSM,PNG,4498.0
WSM,POL,15596.0
WSM,PRI,12120.0
WSM,PRK,8727.0
WSM,PRT,16767.0
WSM,PRY,11677.0
WSM,PSE,16707.0
WSM,PYF,2413.0
WSM,QAT,15347.0
WSM,REU,13590.0
WSM,ROU,16216.0
WSM,RUS,14717.0
WSM,RWA,17051.0
WSM,SAU,15828.0
WSM,SDN,17413.0
WSM,SEN,17264.0
WSM,SGP,9445.0
WSM,SHN,16377.0
WSM,SLB,3120.0
WSM,SLE,17618.0
WSM,SLV,9596.0
WSM,SMR,16644.0
WSM,SOM,15748.0
WSM,SPM,13063.0
WSM,SRB,16382.0
WSM,SSD,17285.0
WSM,STP,18502.0
WSM,SUR,13044.0
WSM,SVK,16113.0
WSM,SVN,16384.0
WSM,SWE,14890.0
WSM,SWZ,14924.0
WSM,SXM,12433.0
WSM,SYC,14433.0
WSM,SYR,16444.0
WSM,TCA,11650.0
WSM,TCD,19270.0
WSM,TGO,18871.0
WSM,THA,10134.0
WSM,TJK,13513.0
WSM,TKL,496.0
WSM,TKM,14418.0
WSM,TLS,6852.0
WSM,TON,887.0
WSM,TTO,12464.0
WSM,TUN,17450.0
WSM,TUR,16390.0
WSM,TUV,1148.0
WSM,TWN,8421.0
WSM,TZA,15906.0
WSM,UGA,16957.0
WSM,UKR,15474.0
WSM,URY,11357.0
WSM,USA,11651.0
WSM,UZB,13433.0
WSM,VAT,16867.0
WSM,VCT,12544.0
WSM,VEN,11884.0
WSM,VGB,12275.0
WSM,VNM,9405.0
WSM,VUT,2175.0
WSM,WLF,481.0
WSM,YEM,16160.0
WSM,ZAF,15088.0
WSM,ZMB,16099.0
WSM,ZWE,15709.0
YEM,ABW,12159.0
YEM,AFG,3279.0
YEM,AGO,4339.0
YEM,AIA,11235.0
YEM,ALB,3715.0
YEM,AND,5055.0
YEM,ARE,1595.0
YEM,ARG,12108.0
YEM,ARM,2752.0
YEM,ASM,16279.0
YEM,ATG,11156.0
YEM,AUS,11978.0
YEM,AUT,4446.0
YEM,AZE,2828.0
YEM,BDI,2640.0
YEM,BEL,5304.0
YEM,BEN,4671.0
YEM,BES,11995.0
YEM,BFA,4948.0
YEM,BGD,4915.0
YEM,BGR,3628.0
YEM,BHR,1373.0
YEM,BHS,12268.0
YEM,BIH,3996.0
YEM,BLR,4516.0
YEM,BLZ,13729.0
YEM,BMU,10814.0
YEM,BOL,12827.0
YEM,BRA,10769.0
YEM,BRB,11074.0
YEM,BRN,7808.0
YEM,BTN,4869.0
YEM,BWA,4852.0
YEM,CAF,3060.0
YEM,CAN,11327.0
YEM,CCK,6549.0
YEM,CHE,4836.0
YEM,CHL,13231.0
YEM,CHN,7948.0
YEM,CIV,5385.0
YEM,CMR,3799.0
YEM,COD,3858.0
YEM,COG,3857.0
YEM,COK,17419.0
YEM,COL,12884.0
YEM,COM,2994.0
YEM,CPV,7245.0
YEM,CRI,13680.0
YEM,CUB,12819.0
YEM,CUW,12064.0
YEM,CXR,7351.0
YEM,CYM,12942.0
YEM,CYP,2447.0
YEM,CZE,4695.0
YEM,DEU,4936.0
YEM,DJI,432.0
YEM,DMA,11177.0
YEM,DNK,5225.0
YEM,DOM,11895.0
YEM,DZA,4701.0
YEM,ECU,13735.0
YEM,EGY,2099.0
YEM,ERI,566.0
YEM,ESH,6050.0
YEM,ESP,5386.0
YEM,EST,5146.0
YEM,ETH,918.0
YEM,FIN,5215.0
YEM,FJI,15156.0
YEM,FLK,12163.0
YEM,FRA,5312.0
YEM,FRO,6532.0
YEM,FSM,12346.0
YEM,GAB,4163.0
YEM,GBR,5610.0
YEM,GEO,2920.0
YEM,GHA,5089.0
YEM,GIB,5409.0
YEM,GIN,6305.0
YEM,GLP,11185.0
YEM,GMB,6548.0
YEM,GNB,6464.0
YEM,GNQ,4064.0
YEM,GRC,3212.0
YEM,GRD,11330.0
YEM,GRL,8765.0
YEM,GTM,14044.0
YEM,GUF,10573.0
YEM,GUM,10723.0
YEM,GUY,11133.0
YEM,HKG,7355.0
YEM,HND,13767.0
YEM,HRV,4282.0
YEM,HTI,12128.0
YEM,HUN,4252.0
YEM,IDN,7305.0
YEM,IND,3697.0
YEM,IOT,3989.0
YEM,IRL,6074.0
YEM,IRN,2365.0
YEM,IRQ,1993.0
YEM,ISL,7328.0
YEM,ISR,2085.0
YEM,ITA,4230.0
YEM,JAM,12580.0
YEM,JOR,2021.0
YEM,JPN,9513.0
YEM,KAZ,4381.0
YEM,KEN,2012.0
YEM,KGZ,4204.0
YEM,KHM,6567.0
YEM,KIR,14103.0
YEM,KNA,11237.0
YEM,KOR,8358.0
YEM,KWT,1600.0
YEM,LAO,6211.0
YEM,LBN,2234.0
YEM,LBR,6082.0
YEM,LBY,3680.0
YEM,LCA,11183.0
YEM,LIE,4759.0
YEM,LKA,3997.0
YEM,LSO,5259.0
YEM,LTU,4661.0
YEM,LUX,5122.0
YEM,LVA,4917.0
YEM,MAC,7291.0
YEM,MAR,5564.0
YEM,MCO,4689.0
YEM,MDA,3787.0
YEM,MDG,3808.0
YEM,MDV,3438.0
YEM,MEX,14461.0
YEM,MHL,13699.0
YEM,MKD,3673.0
YEM,MLI,5635.0
YEM,MLT,3725.0
YEM,MMR,5544.0
YEM,MNE,3834.0
YEM,MNG,6726.0
YEM,MNP,10767.0
YEM,MOZ,4745.0
YEM,MRT,6398.0
YEM,MSR,11204.0
YEM,MTQ,11170.0
YEM,MUS,4189.0
YEM,MWI,3440.0
YEM,MYS,6438.0
YEM,MYT,3113.0
YEM,NAM,5131.0
YEM,NCL,13931.0
YEM,NER,4537.0
YEM,NFK,14091.0
YEM,NGA,4561.0
YEM,NIC,13781.0
YEM,NIU,16386.0
YEM,NLD,5369.0
YEM,NOR,5641.0
YEM,NPL,4449.0
YEM,NRU,13531.0
YEM,NZL,14609.0
YEM,OMN,1764.0
YEM,PAK,2610.0
YEM,PAN,13267.0
YEM,PCN,18747.0
YEM,PER,13686.0
YEM,PHL,8209.0
YEM,PLW,9832.0
YEM,PNG,11673.0
YEM,POL,4577.0
YEM,PRI,11526.0
YEM,PRK,8231.0
YEM,PRT,5794.0
YEM,PRY,11900.0
YEM,PSE,2046.0
YEM,PYF,18544.0
YEM,QAT,1333.0
YEM,REU,4192.0
YEM,ROU,3649.0
YEM,RUS,4519.0
YEM,RWA,2468.0
YEM,SAU,1066.0
YEM,SDN,1253.0
YEM,SEN,6606.0
YEM,SGP,6727.0
YEM,SHN,6487.0
YEM,SLB,13040.0
YEM,SLE,6286.0
YEM,SLV,13974.0
YEM,SMR,4364.0
YEM,SOM,1478.0
YEM,SPM,9549.0
YEM,SRB,3957.0
YEM,SSD,1805.0
YEM,STP,4442.0
YEM,SUR,10846.0
YEM,SVK,4403.0
YEM,SVN,4385.0
YEM,SWE,5330.0
YEM,SWZ,4822.0
YEM,SXM,11241.0
YEM,SYC,2533.0
YEM,SYR,2163.0
YEM,TCA,11881.0
YEM,TCD,3172.0
YEM,TGO,4803.0
YEM,THA,6055.0
YEM,TJK,3520.0
YEM,TKL,16127.0
YEM,TKM,2866.0
YEM,TLS,9351.0
YEM,TON,15827.0
YEM,TTO,11355.0
YEM,TUN,4117.0
YEM,TUR,3203.0
YEM,TUV,15083.0
YEM,TWN,8046.0
YEM,TZA,2512.0
YEM,UGA,2098.0
YEM,UKR,4083.0
YEM,URY,11908.0
YEM,USA,11130.0
YEM,UZB,3748.0
YEM,VAT,4232.0
YEM,VCT,11237.0
YEM,VEN,11916.0
YEM,VGB,11381.0
YEM,VNM,6772.0
YEM,VUT,14084.0
YEM,WLF,15679.0
YEM,WSM,16160.0
YEM,ZAF,4919.0
YEM,ZMB,3827.0
YEM,ZWE,3944.0
ZAF,ABW,11417.0
ZAF,AFG,8000.0
ZAF,AGO,2478.0
ZAF,AIA,10995.0
ZAF,ALB,7524.0
ZAF,AND,8080.0
ZAF,ARE,6405.0
ZAF,ARG,8105.0
ZAF,ARM,7545.0
ZAF,ASM,15092.0
ZAF,ATG,10828.0
ZAF,AUS,10347.0
ZAF,AUT,8323.0
ZAF,AZE,7710.0
ZAF,BDI,2529.0
ZAF,BEL,8847.0
ZAF,BEN,4555.0
ZAF,BES,11225.0
ZAF,BFA,5335.0
ZAF,BGD,8691.0
ZAF,BGR,7644.0
ZAF,BHR,6284.0
ZAF,BHS,12649.0
ZAF,BIH,7819.0
ZAF,BLR,8874.0
ZAF,BLZ,13479.0
ZAF,BMU,11765.0
ZAF,BOL,9814.0
ZAF,BRA,7442.0
ZAF,BRB,10420.0
ZAF,BRN,9948.0
ZAF,BTN,8874.0
ZAF,BWA,275.0
ZAF,CAF,3533.0
ZAF,CAN,13335.0
ZAF,CCK,7321.0
ZAF,CHE,8379.0
ZAF,CHL,9192.0
ZAF,CHN,11775.0
ZAF,CIV,4915.0
ZAF,CMR,3774.0
ZAF,COD,2775.0
ZAF,COG,2783.0
ZAF,COK,14690.0
ZAF,COL,11451.0
ZAF,COM,2263.0
ZAF,CPV,7199.0
ZAF,CRI,12700.0
ZAF,CUB,13065.0
ZAF,CUW,11289.0
ZAF,CXR,8283.0
ZAF,CYM,12825.0
ZAF,CYP,6815.0
ZAF,CZE,8557.0
ZAF,DEU,8837.0
ZAF,DJI,4489.0
ZAF,DMA,10698.0
ZAF,DNK,9190.0
ZAF,DOM,11669.0
ZAF,DZA,7445.0
ZAF,ECU,11692.0
ZAF,EGY,6233.0
ZAF,ERI,4744.0
ZAF,ESH,7375.0
ZAF,ESP,8074.0
ZAF,EST,9495.0
ZAF,ETH,4066.0
ZAF,FIN,9576.0
ZAF,FJI,14155.0
ZAF,FLK,7494.0
ZAF,FRA,8697.0
ZAF,FRO,10261.0
ZAF,FSM,14337.0
ZAF,GAB,3556.0
ZAF,GBR,9039.0
ZAF,GEO,7714.0
ZAF,GHA,4849.0
ZAF,GIB,7741.0
ZAF,GIN,6000.0
ZAF,GLP,10763.0
ZAF,GMB,6533.0
ZAF,GNB,6328.0
ZAF,GNQ,3675.0
ZAF,GRC,7116.0
ZAF,GRD,10578.0
ZAF,GRL,12118.0
ZAF,GTM,13549.0
ZAF,GUF,9300.0
ZAF,GUM,13314.0
ZAF,GUY,9969.0
ZAF,HKG,10717.0
ZAF,HND,13195.0
ZAF,HRV,8068.0
ZAF,HTI,11909.0
ZAF,HUN,8212.0
ZAF,IDN,8596.0
ZAF,IND,8029.0
ZAF,IOT,5140.0
ZAF,IRL,9414.0
ZAF,IRN,7279.0
ZAF,IRQ,6813.0
ZAF,ISL,10912.0
ZAF,ISR,6490.0
ZAF,ITA,7708.0
ZAF,JAM,12323.0
ZAF,JOR,6491.0
ZAF,JPN,13538.0
ZAF,KAZ,9170.0
ZAF,KEN,2913.0
ZAF,KGZ,9012.0
ZAF,KHM,9298.0
ZAF,KIR,15370.0
ZAF,KNA,10921.0
ZAF,KOR,12483.0
ZAF,KWT,6507.0
ZAF,LAO,9422.0
ZAF,LBN,6698.0
ZAF,LBR,5524.0
ZAF,LBY,6725.0
ZAF,LCA,10597.0
ZAF,LIE,8333.0
ZAF,LKA,6686.0
ZAF,LSO,350.0
ZAF,LTU,8966.0
ZAF,LUX,8673.0
ZAF,LVA,9221.0
ZAF,MAC,10653.0
ZAF,MAR,7617.0
ZAF,MCO,8025.0
ZAF,MDA,8108.0
ZAF,MDG,2158.0
ZAF,MDV,5940.0
ZAF,MEX,14593.0
ZAF,MHL,15606.0
ZAF,MKD,7581.0
ZAF,MLI,5805.0
ZAF,MLT,7019.0
ZAF,MMR,8768.0
ZAF,MNE,7653.0
ZAF,MNG,11348.0
ZAF,MNP,13487.0
ZAF,MOZ,443.0
ZAF,MRT,6832.0
ZAF,MSR,10848.0
ZAF,MTQ,10634.0
ZAF,MUS,3082.0
ZAF,MWI,1481.0
ZAF,MYS,8545.0
ZAF,MYT,2332.0
ZAF,NAM,1182.0
ZAF,NCL,13026.0
ZAF,NER,5215.0
ZAF,NFK,12549.0
ZAF,NGA,4488.0
ZAF,NIC,13015.0
ZAF,NIU,14637.0
ZAF,NLD,8992.0
ZAF,NOR,9674.0
ZAF,NPL,8553.0
ZAF,NRU,14713.0
ZAF,NZL,12206.0
ZAF,OMN,6419.0
ZAF,PAK,7042.0
ZAF,PAN,12201.0
ZAF,PCN,13862.0
ZAF,PER,10891.0
ZAF,PHL,11007.0
ZAF,PLW,12012.0
ZAF,PNG,12358.0
ZAF,POL,8715.0
ZAF,PRI,11301.0
ZAF,PRK,12426.0
ZAF,PRT,8163.0
ZAF,PRY,8413.0
ZAF,PSE,6423.0
ZAF,PYF,15159.0
ZAF,QAT,6227.0
ZAF,REU,2854.0
ZAF,ROU,7824.0
ZAF,RUS,9126.0
ZAF,RWA,2693.0
ZAF,SAU,5978.0
ZAF,SDN,4645.0
ZAF,SEN,6687.0
ZAF,SGP,8664.0
ZAF,SHN,3675.0
ZAF,SLB,13498.0
ZAF,SLE,5885.0
ZAF,SLV,13376.0
ZAF,SMR,7927.0
ZAF,SOM,3637.0
ZAF,SPM,11669.0
ZAF,SRB,7902.0
ZAF,SSD,3457.0
ZAF,STP,3723.0
ZAF,SUR,9627.0
ZAF,SVK,8306.0
ZAF,SVN,8117.0
ZAF,SWE,9523.0
ZAF,SWZ,309.0
ZAF,SXM,10985.0
ZAF,SYC,3771.0
ZAF,SYR,6666.0
ZAF,TCA,11915.0
ZAF,TCD,4466.0
ZAF,TGO,4604.0
ZAF,THA,8997.0
ZAF,TJK,8329.0
ZAF,TKL,15555.0
ZAF,TKM,7776.0
ZAF,TLS,10341.0
ZAF,TON,14202.0
ZAF,TTO,10489.0
ZAF,TUN,7223.0
ZAF,TUR,7442.0
ZAF,TUV,15068.0
ZAF,TWN,11518.0
ZAF,TZA,2453.0
ZAF,UGA,2974.0
ZAF,UKR,8493.0
ZAF,URY,7904.0
ZAF,USA,12833.0
ZAF,UZB,8592.0
ZAF,VAT,7709.0
ZAF,VCT,10580.0
ZAF,VEN,11010.0
ZAF,VGB,11155.0
ZAF,VNM,9424.0
ZAF,VUT,13530.0
ZAF,WLF,14917.0
ZAF,WSM,15088.0
ZAF,YEM,4919.0
ZAF,ZMB,1195.0
ZAF,ZWE,978.0
ZMB,ABW,11256.0
ZMB,AFG,7019.0
ZMB,AGO,1791.0
ZMB,AIA,10678.0
ZMB,ALB,6342.0
ZMB,AND,6974.0
ZMB,ARE,5372.0
ZMB,ARG,8757.0
ZMB,ARM,6380.0
ZMB,ASM,16121.0
ZMB,ATG,10524.0
ZMB,AUS,11171.0
ZMB,AUT,7145.0
ZMB,AZE,6569.0
ZMB,BDI,1336.0
ZMB,BEL,7702.0
ZMB,BEN,3744.0
ZMB,BES,11060.0
ZMB,BFA,4498.0
ZMB,BGD,8023.0
ZMB,BGR,6454.0
ZMB,BHR,5200.0
ZMB,BHS,12275.0
ZMB,BIH,6639.0
ZMB,BLR,7680.0
ZMB,BLZ,13334.0
ZMB,BMU,11195.0
ZMB,BOL,10200.0
ZMB,BRA,7834.0
ZMB,BRB,10177.0
ZMB,BRN,9806.0
ZMB,BTN,8144.0
ZMB,BWA,1053.0
ZMB,CAF,2435.0
ZMB,CAN,12597.0
ZMB,CCK,7390.0
ZMB,CHE,7227.0
ZMB,CHL,9883.0
ZMB,CHN,11183.0
ZMB,CIV,4238.0
ZMB,CMR,2821.0
ZMB,COD,1876.0
ZMB,COG,1883.0
ZMB,COK,15858.0
ZMB,COL,11477.0
ZMB,COM,1672.0
ZMB,CPV,6611.0
ZMB,CRI,12689.0
ZMB,CUB,12755.0
ZMB,CUW,11130.0
ZMB,CXR,8376.0
ZMB,CYM,12594.0
ZMB,CYP,5623.0
ZMB,CZE,7382.0
ZMB,DEU,7662.0
ZMB,DJI,3406.0
ZMB,DMA,10425.0
ZMB,DNK,8014.0
ZMB,DOM,11390.0
ZMB,DZA,6353.0
ZMB,ECU,11898.0
ZMB,EGY,5039.0
ZMB,ERI,3597.0
ZMB,ESH,6500.0
ZMB,ESP,7010.0
ZMB,EST,8302.0
ZMB,ETH,2939.0
ZMB,FIN,8383.0
ZMB,FJI,15070.0
ZMB,FLK,8413.0
ZMB,FRA,7566.0
ZMB,FRO,9117.0
ZMB,FSM,14493.0
ZMB,GAB,2710.0
ZMB,GBR,7909.0
ZMB,GEO,6548.0
ZMB,GHA,4105.0
ZMB,GIB,6715.0
ZMB,GIN,5386.0
ZMB,GLP,10480.0
ZMB,GMB,5890.0
ZMB,GNB,5699.0
ZMB,GNQ,2794.0
ZMB,GRC,5926.0
ZMB,GRD,10370.0
ZMB,GRL,11059.0
ZMB,GTM,13477.0
ZMB,GUF,9159.0
ZMB,GUM,13207.0
ZMB,GUY,9836.0
ZMB,HKG,10246.0
ZMB,HND,13113.0
ZMB,HRV,6893.0
ZMB,HTI,11642.0
ZMB,HUN,7028.0
ZMB,IDN,8612.0
ZMB,IND,7177.0
ZMB,IOT,4892.0
ZMB,IRL,8301.0
ZMB,IRN,6160.0
ZMB,IRQ,5661.0
ZMB,ISL,9795.0
ZMB,ISR,5301.0
ZMB,ITA,6549.0
ZMB,JAM,12093.0
ZMB,JOR,5305.0
ZMB,JPN,12919.0
ZMB,KAZ,8169.0
ZMB,KEN,1823.0
ZMB,KGZ,8000.0
ZMB,KHM,8956.0
ZMB,KIR,15855.0
ZMB,KNA,10619.0
ZMB,KOR,11799.0
ZMB,KWT,5389.0
ZMB,LAO,8947.0
ZMB,LBN,5511.0
ZMB,LBR,4933.0
ZMB,LBY,5580.0
ZMB,LCA,10347.0
ZMB,LIE,7177.0
ZMB,LKA,6200.0
ZMB,LSO,1542.0
ZMB,LTU,7773.0
ZMB,LUX,7525.0
ZMB,LVA,8028.0
ZMB,MAC,10180.0
ZMB,MAR,6628.0
ZMB,MCO,6885.0
ZMB,MDA,6913.0
ZMB,MDG,2084.0
ZMB,MDV,5435.0
ZMB,MEX,14450.0
ZMB,MHL,15908.0
ZMB,MKD,6395.0
ZMB,MLI,5060.0
ZMB,MLT,5861.0
ZMB,MMR,8261.0
ZMB,MNE,6472.0
ZMB,MNG,10441.0
ZMB,MNP,13346.0
ZMB,MOZ,1246.0
ZMB,MRT,6106.0
ZMB,MSR,10552.0
ZMB,MTQ,10373.0
ZMB,MUS,3138.0
ZMB,MWI,615.0
ZMB,MYS,8336.0
ZMB,MYT,1853.0
ZMB,NAM,1419.0
ZMB,NCL,13843.0
ZMB,NER,4306.0
ZMB,NFK,13460.0
ZMB,NGA,3658.0
ZMB,NIC,12971.0
ZMB,NIU,15708.0
ZMB,NLD,7841.0
ZMB,NOR,8497.0
ZMB,NPL,7784.0
ZMB,NRU,15154.0
ZMB,NZL,13241.0
ZMB,OMN,5433.0
ZMB,PAK,6135.0
ZMB,PAN,12178.0
ZMB,PCN,14928.0
ZMB,PER,11262.0
ZMB,PHL,10722.0
ZMB,PLW,11964.0
ZMB,PNG,12756.0
ZMB,POL,7526.0
ZMB,PRI,10998.0
ZMB,PRK,11713.0
ZMB,PRT,7148.0
ZMB,PRY,8895.0
ZMB,PSE,5234.0
ZMB,PYF,16352.0
ZMB,QAT,5156.0
ZMB,REU,2934.0
ZMB,ROU,6630.0
ZMB,RUS,7935.0
ZMB,RWA,1502.0
ZMB,SAU,4867.0
ZMB,SDN,3457.0
ZMB,SEN,6032.0
ZMB,SGP,8509.0
ZMB,SHN,3641.0
ZMB,SLB,14034.0
ZMB,SLE,5286.0
ZMB,SLV,13316.0
ZMB,SMR,6766.0
ZMB,SOM,2694.0
ZMB,SPM,10830.0
ZMB,SRB,6716.0
ZMB,SSD,2271.0
ZMB,STP,2941.0
ZMB,SUR,9490.0
ZMB,SVK,7127.0
ZMB,SVN,6946.0
ZMB,SWE,8336.0
ZMB,SWZ,1243.0
ZMB,SXM,10672.0
ZMB,SYC,3204.0
ZMB,SYR,5481.0
ZMB,TCA,11583.0
ZMB,TCD,3375.0
ZMB,TGO,3820.0
ZMB,THA,8580.0
ZMB,TJK,7313.0
ZMB,TKL,16530.0
ZMB,TKM,6693.0
ZMB,TLS,10540.0
ZMB,TON,15225.0
ZMB,TTO,10306.0
ZMB,TUN,6086.0
ZMB,TUR,6247.0
ZMB,TUV,15865.0
ZMB,TWN,11040.0
ZMB,TZA,1530.0
ZMB,UGA,1803.0
ZMB,UKR,7298.0
ZMB,URY,8551.0
ZMB,USA,12141.0
ZMB,UZB,7559.0
ZMB,VAT,6551.0
ZMB,VCT,10347.0
ZMB,VEN,10869.0
ZMB,VGB,10844.0
ZMB,VNM,9111.0
ZMB,VUT,14308.0
ZMB,WLF,15855.0
ZMB,WSM,16099.0
ZMB,YEM,3827.0
ZMB,ZAF,1195.0
ZMB,ZWE,399.0
ZWE,ABW,11592.0
ZWE,AFG,7061.0
ZWE,AGO,2169.0
ZWE,AIA,11039.0
ZWE,ALB,6651.0
ZWE,AND,7335.0
ZWE,ARE,5445.0
ZWE,ARG,8859.0
ZWE,ARM,6572.0
ZWE,ASM,15734.0
ZWE,ATG,10882.0
ZWE,AUS,10772.0
ZWE,AUT,7458.0
ZWE,AZE,6733.0
ZWE,BDI,1609.0
ZWE,BEL,8043.0
ZWE,BEN,4142.0
ZWE,BES,11397.0
ZWE,BFA,4897.0
ZWE,BGD,7917.0
ZWE,BGR,6748.0
ZWE,BHR,5311.0
ZWE,BHS,12647.0
ZWE,BIH,6951.0
ZWE,BLR,7954.0
ZWE,BLZ,13673.0
ZWE,BMU,11586.0
ZWE,BOL,10398.0
ZWE,BRA,8022.0
ZWE,BRB,10525.0
ZWE,BRN,9539.0
ZWE,BTN,8064.0
ZWE,BWA,925.0
ZWE,CAF,2812.0
ZWE,CAN,12995.0
ZWE,CCK,7068.0
ZWE,CHE,7564.0
ZWE,CHL,9974.0
ZWE,CHN,11058.0
ZWE,CIV,4628.0
ZWE,CMR,3219.0
ZWE,COD,2274.0
ZWE,COG,2281.0
ZWE,COK,15527.0
ZWE,COL,11776.0
ZWE,COM,1477.0
ZWE,CPV,6998.0
ZWE,CRI,13000.0
ZWE,CUB,13120.0
ZWE,CUW,11465.0
ZWE,CXR,8052.0
ZWE,CYM,12946.0
ZWE,CYP,5869.0
ZWE,CZE,7699.0
ZWE,DEU,7978.0
ZWE,DJI,3515.0
ZWE,DMA,10778.0
ZWE,DNK,8329.0
ZWE,DOM,11746.0
ZWE,DZA,6720.0
ZWE,ECU,12154.0
ZWE,EGY,5297.0
ZWE,ERI,3768.0
ZWE,ESH,6898.0
ZWE,ESP,7384.0
ZWE,EST,8583.0
ZWE,ETH,3088.0
ZWE,FIN,8663.0
ZWE,FJI,14673.0
ZWE,FLK,8398.0
ZWE,FRA,7914.0
ZWE,FRO,9457.0
ZWE,FSM,14176.0
ZWE,GAB,3108.0
ZWE,GBR,8258.0
ZWE,GEO,6741.0
ZWE,GHA,4500.0
ZWE,GIB,7098.0
ZWE,GIN,5773.0
ZWE,GLP,10835.0
ZWE,GMB,6281.0
ZWE,GNB,6088.0
ZWE,GNQ,3193.0
ZWE,GRC,6222.0
ZWE,GRD,10713.0
ZWE,GRL,11429.0
ZWE,GTM,13803.0
ZWE,GUF,9486.0
ZWE,GUM,12944.0
ZWE,GUY,10163.0
ZWE,HKG,10076.0
ZWE,HND,13440.0
ZWE,HRV,7210.0
ZWE,HTI,11997.0
ZWE,HUN,7334.0
ZWE,IDN,8305.0
ZWE,IND,7150.0
ZWE,IOT,4632.0
ZWE,IRL,8658.0
ZWE,IRN,6301.0
ZWE,IRQ,5838.0
ZWE,ISL,10148.0
ZWE,ISR,5537.0
ZWE,ITA,6883.0
ZWE,JAM,12444.0
ZWE,JOR,5534.0
ZWE,JPN,12810.0
ZWE,KAZ,8225.0
ZWE,KEN,1936.0
ZWE,KGZ,8063.0
ZWE,KHM,8741.0
ZWE,KIR,15487.0
ZWE,KNA,10977.0
ZWE,KOR,11710.0
ZWE,KWT,5530.0
ZWE,LAO,8774.0
ZWE,LBN,5744.0
ZWE,LBR,5317.0
ZWE,LBY,5925.0
ZWE,LCA,10696.0
ZWE,LIE,7512.0
ZWE,LKA,6021.0
ZWE,LSO,1323.0
ZWE,LTU,8053.0
ZWE,LUX,7864.0
ZWE,LVA,8311.0
ZWE,MAC,10011.0
ZWE,MAR,7017.0
ZWE,MCO,7230.0
ZWE,MDA,7183.0
ZWE,MDG,1745.0
ZWE,MDV,5258.0
ZWE,MEX,14793.0
ZWE,MHL,15571.0
ZWE,MKD,6697.0
ZWE,MLI,5457.0
ZWE,MLT,6197.0
ZWE,MMR,8097.0
ZWE,MNE,6782.0
ZWE,MNG,10448.0
ZWE,MNP,13092.0
ZWE,MOZ,912.0
ZWE,MRT,6503.0
ZWE,MSR,10909.0
ZWE,MTQ,10724.0
ZWE,MUS,2794.0
ZWE,MWI,518.0
ZWE,MYS,8082.0
ZWE,MYT,1621.0
ZWE,NAM,1550.0
ZWE,NCL,13444.0
ZWE,NER,4704.0
ZWE,NFK,13063.0
ZWE,NGA,4056.0
ZWE,NIC,13290.0
ZWE,NIU,15331.0
ZWE,NLD,8179.0
ZWE,NOR,8811.0
ZWE,NPL,7719.0
ZWE,NRU,14789.0
ZWE,NZL,12859.0
ZWE,OMN,5475.0
ZWE,PAK,6133.0
ZWE,PAN,12489.0
ZWE,PCN,14832.0
ZWE,PER,11469.0
ZWE,PHL,10497.0
ZWE,PLW,11682.0
ZWE,PNG,12391.0
ZWE,POL,7822.0
ZWE,PRI,11357.0
ZWE,PRK,11636.0
ZWE,PRT,7532.0
ZWE,PRY,9058.0
ZWE,PSE,5472.0
ZWE,PYF,16092.0
ZWE,QAT,5257.0
ZWE,REU,2583.0
ZWE,ROU,6912.0
ZWE,RUS,8177.0
ZWE,RWA,1760.0
ZWE,SAU,5001.0
ZWE,SDN,3696.0
ZWE,SEN,6424.0
ZWE,SGP,8242.0
ZWE,SHN,3917.0
ZWE,SLB,13654.0
ZWE,SLE,5672.0
ZWE,SLV,13639.0
ZWE,SMR,7097.0
ZWE,SOM,2699.0
ZWE,SPM,11228.0
ZWE,SRB,7020.0
ZWE,SSD,2509.0
ZWE,STP,3337.0
ZWE,SUR,9816.0
ZWE,SVK,7438.0
ZWE,SVN,7268.0
ZWE,SWE,8633.0
ZWE,SWZ,940.0
ZWE,SXM,11032.0
ZWE,SYC,3032.0
ZWE,SYR,5709.0
ZWE,TCA,11948.0
ZWE,TCD,3749.0
ZWE,TGO,4217.0
ZWE,THA,8387.0
ZWE,TJK,7377.0
ZWE,TKL,16135.0
ZWE,TKM,6804.0
ZWE,TLS,10202.0
ZWE,TON,14838.0
ZWE,TTO,10644.0
ZWE,TUN,6435.0
ZWE,TUR,6518.0
ZWE,TUV,15467.0
ZWE,TWN,10875.0
ZWE,TZA,1509.0
ZWE,UGA,2014.0
ZWE,UKR,7563.0
ZWE,URY,8655.0
ZWE,USA,12539.0
ZWE,UZB,7635.0
ZWE,VAT,6885.0
ZWE,VCT,10693.0
ZWE,VEN,11200.0
ZWE,VGB,11204.0
ZWE,VNM,8888.0
ZWE,VUT,13910.0
ZWE,WLF,15459.0
ZWE,WSM,15709.0
ZWE,YEM,3944.0
ZWE,ZAF,978.0
ZWE,ZMB,399.0
