location,product,rca_transformation,time,pci,density,cog,rca,density_percentile
ARG,0101,0.6840538464083391,2024,0.4286324952311362,0.1485113670519555,0.3774698467273888,0.6840538464083391,0.7013888888888888
ARG,0102,0.0041960307564749,2024,-0.3892227808129251,0.1696067123792397,0.0970817838059845,0.0041960307564749,0.625
ARG,0103,0.0030014819651271,2024,0.7517387367573796,0.1357187872225098,0.2527483506300551,0.0030014819651271,0.6180555555555556
ARG,0104,0.0043877477182683,2024,-1.604438198569644,0.1842608943752607,-0.1529733405505277,0.0043877477182683,0.6111111111111112
ARG,0105,0.126680782905069,2024,-0.2855398613995999,0.1583899121494902,0.106357878278945,0.126680782905069,0.5625
ARG,0106,0.1659279427167998,2024,-1.0049763834242222,0.170169858336292,-0.0647706631947036,0.1659279427167998,0.5694444444444444
ARG,0201,0.9011852968635666,2024,-0.243726812870784,0.1939354621825353,0.1290163262006002,0.9011852968635666,0.6944444444444444
ARG,0202,0.9449232681929154,2024,-0.9879704774668924,0.2521787152243758,-0.0060387547604893,0.9449232681929154,0.8333333333333334
ARG,0203,0.0567874321978079,2024,0.8611541034930087,0.1419745931801784,0.3548743837609882,0.0567874321978079,0.6666666666666666
ARG,0204,0.3766176639442491,2024,-1.180343902527818,0.1857598254758916,-0.0673152888593494,0.3766176639442491,0.6527777777777778
ARG,0205,0.9743813988301856,2024,-0.3492357580569469,0.189318260869318,0.1709880793690915,0.9743813988301856,0.7361111111111112
ARG,0206,0.8071515417481119,2024,-0.2470096033850333,0.2003001512773845,0.1642473925594685,0.8071515417481119,0.7638888888888888
ARG,0207,0.5940710119306288,2024,-0.1247186514804897,0.1877713167586608,0.1266870153452907,0.5940710119306288,0.7083333333333334
ARG,0208,0.3963860912988804,2024,0.2220383631635074,0.132016071916616,0.186073000129617,0.3963860912988804,0.5486111111111112
ARG,0209,0.3591750084820469,2024,0.4359457522060792,0.1441878082158389,0.2639847701912001,0.3591750084820469,0.6388888888888888
ARG,0210,0.0174097545278854,2024,0.7359784308442808,0.1301439082343025,0.3340234705649335,0.0174097545278854,0.6111111111111112
ARG,0301,0.0022062084382633,2024,-0.6147605908244539,0.115821697489491,0.0502044792567901,0.0022062084382633,0.4722222222222222
ARG,0302,0.1673377533420614,2024,-1.1706259169560966,0.1607568421879434,-0.1105306691136008,0.1673377533420614,0.5555555555555556
ARG,0303,0.7189095657572766,2024,-1.491538910071056,0.1881836829226455,-0.1486101752838254,0.7189095657572766,0.6319444444444444
ARG,0304,0.7593120773595117,2024,-1.0963230844558869,0.1859774851543682,-0.1308939117878396,0.7593120773595117,0.6180555555555556
ARG,0305,0.3883475767257724,2024,-1.3743866405971874,0.1655493958744912,-0.1327341642007896,0.3883475767257724,0.5555555555555556
ARG,0306,0.9200763264540748,2024,-1.8937737705162183,0.1905280393528977,-0.3172487946071768,0.9200763264540748,0.6180555555555556
ARG,0307,0.9195322707459868,2024,-1.3319460565083192,0.1776708914536046,-0.0972877463110601,0.9195322707459868,0.625
ARG,0401,0.1834991991613568,2024,0.2089128693628307,0.1547055673636782,0.1768110914433068,0.1834991991613568,0.5763888888888888
ARG,0402,0.8750366672035637,2024,-0.4880701285189129,0.1982437707359983,0.0943922371134623,0.8750366672035637,0.7083333333333334
ARG,0403,0.1360896531081714,2024,0.0231195132987401,0.1506984161569596,0.1189023857358279,0.1360896531081714,0.5486111111111112
ARG,0404,0.8655289856767695,2024,0.5832214956681898,0.1616942797016019,0.2459342450326994,0.8655289856767695,0.6666666666666666
ARG,0405,0.5857618681826989,2024,-0.3696110315891137,0.1863451533729065,0.1563031384448836,0.5857618681826989,0.7152777777777778
ARG,0406,0.7292765113229488,2024,0.3357048709278969,0.165237011604391,0.1981766656105631,0.7292765113229488,0.6666666666666666
ARG,0407,0.015320852468166,2024,-0.4737094757597827,0.1587940646054685,0.0144543690873064,0.015320852468166,0.5555555555555556
ARG,0408,0.7742409052681245,2024,-0.0176105189452263,0.16280289025746,0.1396029584458881,0.7742409052681245,0.6597222222222222
ARG,0409,0.9621591355676892,2024,-1.037788648423395,0.1985826983227706,-0.1128144067487675,0.9621591355676892,0.6597222222222222
ARG,0410,0.0147642919739478,2024,-1.5785695374111317,0.0862340137725043,-0.2465868512697857,0.0147642919739478,0.4166666666666667
ARG,0501,0.0404790592471574,2024,-1.7497144111556473,0.1308243761316001,-0.1826842812942239,0.0404790592471574,0.5833333333333334
ARG,0502,0.0,2024,0.156838908359074,0.1267530652002,0.3048315839774733,0.0,0.6319444444444444
ARG,0503,0.0,2024,-0.1949482934737703,0.0,0.0,0.0,0.5034722222222222
ARG,0504,0.7765735633095333,2024,-0.8366916451482332,0.1892694588921105,0.016124870480269,0.7765735633095333,0.6736111111111112
ARG,0505,0.6286438030832623,2024,0.1617362647795845,0.1444166971684491,0.216258813853846,0.6286438030832623,0.6319444444444444
ARG,0506,1.6008318679417853e-05,2024,-0.6833233910511599,0.1794783187910691,0.0684475620907636,1.6008318679417853e-05,0.6736111111111112
ARG,0507,0.4131661282873095,2024,-1.3942690757543528,0.1779727533017459,-0.0966873616424515,0.4131661282873095,0.625
ARG,0508,0.0,2024,-1.3862071787743817,0.1533095564314067,-0.1544088839371493,0.0,0.5069444444444444
ARG,0509,0.0,2024,-0.1949482934737703,0.0,0.0,0.0,0.5034722222222222
ARG,0510,0.8959428431865788,2024,-1.3174214632946193,0.2428393395615828,-0.111480233593425,0.8959428431865788,0.7986111111111112
ARG,0511,0.7486732194618764,2024,-0.6398546144854327,0.1839058070040264,0.0580312320787361,0.7486732194618764,0.6666666666666666
ARG,0601,0.0,2024,-0.3592252810176624,0.1530738858768708,0.1838529665902438,0.0,0.6458333333333334
ARG,0602,0.1110697096673732,2024,-0.8855770345902149,0.1438802983158104,-0.0317844224919861,0.1110697096673732,0.5277777777777778
ARG,0603,0.0070653256411845,2024,-2.006540814904775,0.1713967090168772,-0.201423262196312,0.0070653256411845,0.5902777777777778
ARG,0604,0.0003101965925516,2024,-0.8659067523816512,0.1520721102079378,-0.0736419475561133,0.0003101965925516,0.5486111111111112
ARG,0701,0.3565824167764473,2024,-0.5989140066072508,0.166678791606764,0.0383176529313123,0.3565824167764473,0.5972222222222222
ARG,0702,0.0564419443053871,2024,-1.5236453941500696,0.1649800831968896,-0.1629337658885193,0.0564419443053871,0.5763888888888888
ARG,0703,0.8821805337110034,2024,-1.9584178667300365,0.2045976029693393,-0.2448167370561403,0.8821805337110034,0.6597222222222222
ARG,0704,0.0240055339126486,2024,-0.930995333036099,0.1419093273683292,-0.0243722316157554,0.0240055339126486,0.5694444444444444
ARG,0705,0.0795863490768864,2024,-0.1721621104347049,0.1387061950930761,0.1851059198985837,0.0795863490768864,0.6041666666666666
ARG,0706,0.0839740664641561,2024,-0.437189738454381,0.1563341234537525,0.0148073242580831,0.0839740664641561,0.5694444444444444
ARG,0707,0.0,2024,-0.6331973377176013,0.1482855855909102,-0.0070754341079904,0.0,0.5694444444444444
ARG,0708,0.1310824645103982,2024,-1.9422903109222,0.1795469670785247,-0.2356284363112873,0.1310824645103982,0.5486111111111112
ARG,0709,0.0772758694791119,2024,-0.8533206258874777,0.1665568461207003,-0.099514703294958,0.0772758694791119,0.5625
ARG,0710,0.1355646899628958,2024,-0.6393497776921824,0.1672396352262353,-0.0036428787331115,0.1355646899628958,0.5902777777777778
ARG,0711,0.8932688636562955,2024,-0.9435213134472856,0.1717049942048105,-0.1020309544668203,0.8932688636562955,0.5972222222222222
ARG,0712,0.0829074690296654,2024,-0.7819244076997485,0.1491429702612915,-0.0405256209270001,0.0829074690296654,0.5555555555555556
ARG,0713,0.8546062671429338,2024,-2.007985609117139,0.2273716828548785,-0.30604518156945,0.8546062671429338,0.6805555555555556
ARG,0714,0.2898790958130451,2024,-2.3003486597415983,0.1740803971558479,-0.3262517546117582,0.2898790958130451,0.5416666666666666
ARG,0801,0.0060748231668947,2024,-2.661963271880204,0.1623925390018981,-0.4280906591153092,0.0060748231668947,0.5138888888888888
ARG,0802,0.3120983842055954,2024,-1.5527074431754355,0.1847266909240155,-0.1853327666623921,0.3120983842055954,0.6111111111111112
ARG,0803,0.0012935204153647,2024,-1.9149346530849576,0.1792688440019217,-0.3308527107817346,0.0012935204153647,0.5208333333333334
ARG,0804,0.0063575281063014,2024,-1.7720916589071365,0.1986975064043684,-0.2779992134451396,0.0063575281063014,0.6041666666666666
ARG,0805,0.7403859431197943,2024,-1.2871845228895948,0.2103795602788447,-0.1811777656330402,0.7403859431197943,0.6805555555555556
ARG,0806,0.6762406344348185,2024,-1.1737880555158848,0.1926559502822863,-0.0755017529014228,0.6762406344348185,0.6736111111111112
ARG,0807,0.0007982673564216,2024,-1.4314071965641355,0.158068892301556,-0.1534289292877394,0.0007982673564216,0.5486111111111112
ARG,0808,0.9089658518333716,2024,-0.2851708905918533,0.1694510082599697,0.0808342537076045,0.9089658518333716,0.6458333333333334
ARG,0809,0.5796573843066944,2024,-1.1375902048916386,0.1933598095263366,-0.1193047725914874,0.5796573843066944,0.6319444444444444
ARG,0810,0.2953573122154319,2024,-1.387596678232757,0.1811266210290445,-0.1419713623847865,0.2953573122154319,0.6111111111111112
ARG,0811,0.4199060134964805,2024,-0.6222582704485617,0.1658605357474357,-0.0767941099118673,0.4199060134964805,0.5763888888888888
ARG,0812,0.7873660384032344,2024,-1.199271338479278,0.1866551819361075,-0.0675582189993193,0.7873660384032344,0.6458333333333334
ARG,0813,0.8495456824209359,2024,-1.074752843882784,0.1841443440757478,-0.0309005862607191,0.8495456824209359,0.6319444444444444
ARG,0814,0.9295434796296864,2024,-1.6150659745241138,0.1982059434952617,-0.1925577319688707,0.9295434796296864,0.6527777777777778
ARG,0901,0.0136405658106532,2024,-1.967273803952284,0.1735804832669908,-0.2521972823563289,0.0136405658106532,0.5277777777777778
ARG,0902,0.7602547385410772,2024,-1.8072248629271488,0.1759387612491019,-0.187769320858741,0.7602547385410772,0.6041666666666666
ARG,0903,0.9809509615840124,2024,-1.7047058135967494,0.3536725069299462,-0.248666487924889,0.9809509615840124,0.9444444444444444
ARG,0904,0.0162461997848651,2024,-1.962909406648879,0.162514211460818,-0.3436919516037562,0.0162461997848651,0.5347222222222222
ARG,0905,0.0,2024,-1.5689654551829806,0.1458177030167957,-0.0755238456908535,0.0,0.5902777777777778
ARG,0906,0.0077900614529025,2024,-1.7022099571118314,0.113371566139006,-0.3055221555115959,0.0077900614529025,0.4513888888888889
ARG,0907,0.0153528762676986,2024,-1.5745412245319372,0.1115145970074547,-0.2708321225678417,0.0153528762676986,0.4513888888888889
ARG,0908,0.0006581945083034,2024,-1.5298534317820938,0.1286209347058036,-0.2358691944408257,0.0006581945083034,0.4930555555555556
ARG,0909,0.4769532621392782,2024,-1.175434741578267,0.1583502751497491,-0.1044486960079219,0.4769532621392782,0.5902777777777778
ARG,0910,0.0234155302801183,2024,-1.4364878316370262,0.164690025243412,-0.1777658216199769,0.0234155302801183,0.5625
ARG,1001,0.9112420088832884,2024,0.0070673627637351,0.1768514696995937,0.1602692888165778,0.9112420088832884,0.6944444444444444
ARG,1002,2.719019454329868e-05,2024,0.4950553158382273,0.1243685035081776,0.3237814529354765,2.719019454329868e-05,0.5972222222222222
ARG,1003,0.9591171019768178,2024,-0.1334439406833237,0.1779880904975102,0.1722250026658022,0.9591171019768178,0.6944444444444444
ARG,1004,0.0342756521115729,2024,0.181778388560232,0.1545220085743039,0.2327804594078709,0.0342756521115729,0.6527777777777778
ARG,1005,0.9792163783830008,2024,-0.9064352036553572,0.1898334076853862,0.0319206126419601,0.9792163783830008,0.6666666666666666
ARG,1006,0.6452668578813084,2024,-1.909947532086112,0.1986903877361045,-0.2673024865994027,0.6452668578813084,0.7152777777777778
ARG,1007,0.9628997251874132,2024,-1.776143229906146,0.2634048477407951,-0.0510159217023822,0.9628997251874132,0.8402777777777778
ARG,1008,0.7753198589021453,2024,-1.3767308574875816,0.1941187769043051,-0.1008588974158992,0.7753198589021453,0.6597222222222222
ARG,1101,0.9023831536320468,2024,-0.9544096777193982,0.1803939713878964,-0.0595051394465198,0.9023831536320468,0.6041666666666666
ARG,1102,0.3865543499809458,2024,-1.2177002728540256,0.1612064812185997,-0.1086405055514206,0.3865543499809458,0.5625
ARG,1103,0.8150313633053091,2024,-0.7099698853333956,0.1750081250231016,-0.0176366100464695,0.8150313633053091,0.6041666666666666
ARG,1104,0.7660971602753828,2024,-0.6519726626545076,0.1774007141269641,0.0246671809618862,0.7660971602753828,0.6388888888888888
ARG,1105,0.2338159981276117,2024,0.8779723231660337,0.1273374743886618,0.3880937110620288,0.2338159981276117,0.6388888888888888
ARG,1106,0.5251860164805973,2024,-1.5045788812687322,0.1916866671644951,-0.1273712819186217,0.5251860164805973,0.6458333333333334
ARG,1107,0.9542876330027812,2024,0.2008506114238892,0.1636982963593384,0.2461318617062078,0.9542876330027812,0.6875
ARG,1108,0.6678672333535313,2024,-0.200517678523826,0.1713203560143032,0.1019680605700883,0.6678672333535313,0.6666666666666666
ARG,1109,0.4927389744105236,2024,0.9572066891413744,0.1115617473592963,0.4166719591882222,0.4927389744105236,0.5902777777777778
ARG,1201,0.8760507179358684,2024,-1.6497580154875662,0.271702608090311,0.0235943336340375,0.8760507179358684,0.8263888888888888
ARG,1202,0.9817488577680972,2024,-2.5342268553959424,0.2472239524262158,-0.314928638968193,0.9817488577680972,0.7986111111111112
ARG,1203,0.0,2024,-1.6309345459879694,0.1236583977594006,-0.1630910391220588,0.0,0.5277777777777778
ARG,1204,0.5740804620281007,2024,-0.6058907956343619,0.185255440297876,0.0932928623571457,0.5740804620281007,0.7430555555555556
ARG,1205,0.3952821847327392,2024,0.1330037541948281,0.1439296804730712,0.2459353823315314,0.3952821847327392,0.6319444444444444
ARG,1206,0.8062810742872617,2024,-0.054791287045518,0.1586873894952654,0.2137277905649891,0.8062810742872617,0.6666666666666666
ARG,1207,0.4488267719660416,2024,-2.375768705095767,0.211253203411825,-0.2572232960776108,0.4488267719660416,0.6666666666666666
ARG,1208,0.7474782849496401,2024,-1.135664976096482,0.1998159921607435,0.0329177225600158,0.7474782849496401,0.7152777777777778
ARG,1209,0.7506844854376273,2024,-0.8318800792922537,0.1925668620217235,0.0268128897021658,0.7506844854376273,0.6875
ARG,1210,0.002154287575943,2024,0.9005005961462975,0.1218344086409031,0.4572094635031468,0.002154287575943,0.6388888888888888
ARG,1211,0.1510561122056973,2024,-1.6926250274263157,0.1706952167235713,-0.2284362988453801,0.1510561122056973,0.5555555555555556
ARG,1212,0.0818291300950464,2024,-1.777854297771985,0.1643328324502153,-0.2242966916319579,0.0818291300950464,0.5625
ARG,1213,0.0,2024,-0.0494870822505916,0.1478177915873547,0.2012715779391337,0.0,0.6319444444444444
ARG,1214,0.5641089725881283,2024,-0.6277083353682754,0.1923677085703732,0.0889753219624279,0.5641089725881283,0.7083333333333334
ARG,1301,0.3916473091362021,2024,-2.622114727241304,0.1882435215173346,-0.3760189355189928,0.3916473091362021,0.6041666666666666
ARG,1302,0.2236025920903963,2024,-1.1297872284023087,0.1489929288809817,-0.0497051368011187,0.2236025920903963,0.5486111111111112
ARG,1401,0.8979961924959554,2024,-0.9606064100633837,0.1604773154623792,-0.1004800710265577,0.8979961924959554,0.5486111111111112
ARG,1402,0.0,2024,-0.1949482934737703,0.0,0.0,0.0,0.5034722222222222
ARG,1403,0.0,2024,-0.1949482934737703,0.0,0.0,0.0,0.5034722222222222
ARG,1404,0.2806896532309512,2024,-1.619282220145041,0.1810047089292185,-0.2480862078054878,0.2806896532309512,0.5763888888888888
ARG,1501,0.0984808933394424,2024,0.3222908839146264,0.1441714631098925,0.2077845623845827,0.0984808933394424,0.5555555555555556
ARG,1502,0.91995576374468,2024,-0.5598363040590255,0.2233077509439404,0.1266173377740093,0.91995576374468,0.8055555555555556
ARG,1503,0.3823759225039125,2024,0.0216253386385651,0.111766174704294,0.4162066936624577,0.3823759225039125,0.5902777777777778
ARG,1504,0.0975341939332993,2024,-1.3768610066131464,0.1783391893835891,-0.0637323459977787,0.0975341939332993,0.625
ARG,1505,0.7594767057685886,2024,0.3287350592719643,0.1455036530216502,0.333246271322217,0.7594767057685886,0.6527777777777778
ARG,1506,0.053342931138254,2024,0.87275360415962,0.1337953388542161,0.3587871792016883,0.053342931138254,0.625
ARG,1507,0.9922746772126424,2024,-1.368200444362379,0.2181807117940768,-0.1556868106201404,0.9922746772126424,0.7291666666666666
ARG,1508,0.972260282643638,2024,-1.9565719255526712,0.2338398920356357,-0.0095183786044874,0.972260282643638,0.8611111111111112
ARG,1509,0.7798720189918322,2024,-0.7524742680794811,0.1678425760095147,0.0083503584268803,0.7798720189918322,0.6527777777777778
ARG,1510,0.1417202717222212,2024,-0.3732488354162554,0.1208034586015956,0.0752913410764775,0.1417202717222212,0.5555555555555556
ARG,1511,0.0857860678402641,2024,-2.087414369728839,0.1608336399094475,-0.2727512079311798,0.0857860678402641,0.5208333333333334
ARG,1512,0.9296279196766712,2024,-0.7573925814211501,0.1835360990655337,-0.0167918271029869,0.9296279196766712,0.6458333333333334
ARG,1513,0.0002621103183725,2024,-1.6603533453449877,0.1344610898686265,-0.1107443837914923,0.0002621103183725,0.4861111111111111
ARG,1514,0.1354188203992649,2024,0.1835136226445936,0.1547525024977373,0.2101289830465661,0.1354188203992649,0.6458333333333334
ARG,1515,0.7075646160054551,2024,-1.1342076026711398,0.1821914288353786,-0.0454189616096928,0.7075646160054551,0.625
ARG,1516,0.172916030121901,2024,-0.8974327063143346,0.1624097516819556,-0.0945857097244363,0.172916030121901,0.5625
ARG,1517,0.6589996022199851,2024,-0.6409603432044371,0.1851571037962479,-0.0468903948815736,0.6589996022199851,0.625
ARG,1518,0.7063701090636351,2024,0.2042758943877056,0.161284183437508,0.1454599682722774,0.7063701090636351,0.6319444444444444
ARG,1519,0.8103712137692336,2024,-0.9308463180367784,0.178884922908512,-0.0242506917163844,0.8103712137692336,0.6736111111111112
ARG,1520,0.8471599462967188,2024,-0.1279133494088332,0.1680133011747784,0.1537437563754712,0.8471599462967188,0.6597222222222222
ARG,1521,0.7525377199802771,2024,-1.8753210395437017,0.2056619366879709,-0.1559503843263357,0.7525377199802771,0.6944444444444444
ARG,1522,0.7686218748820325,2024,-0.1840892901498461,0.1614077249541729,0.1449068003570291,0.7686218748820325,0.6597222222222222
ARG,1601,0.0387863369470615,2024,0.4696081598954742,0.144335217298917,0.1740686165289484,0.0387863369470615,0.5555555555555556
ARG,1602,0.4773459043876504,2024,0.3126503206756828,0.1603743857709184,0.166359713443193,0.4773459043876504,0.6111111111111112
ARG,1603,0.0052037409497285,2024,-0.1247085268047937,0.1515941029382603,0.1793013525213928,0.0052037409497285,0.6180555555555556
ARG,1604,0.1753370477557114,2024,-1.280830813491649,0.1521374985016222,-0.1324186865538963,0.1753370477557114,0.5
ARG,1605,0.1855524562328565,2024,-1.6683760465189992,0.1718339248175568,-0.2451408877919502,0.1855524562328565,0.5555555555555556
ARG,1701,0.6171078279762081,2024,-1.523040940570349,0.2031439809822955,-0.2318168231237038,0.6171078279762081,0.6458333333333334
ARG,1702,0.5633688712529497,2024,0.1577816120216624,0.1714504002215091,0.184675716082298,0.5633688712529497,0.6875
ARG,1703,0.490058622309622,2024,-1.3865401450173902,0.1804629636498566,-0.2096072933804322,0.490058622309622,0.5625
ARG,1704,0.5364422616042868,2024,-0.2039913127221543,0.1736482048868636,0.0476253847691558,0.5364422616042868,0.6111111111111112
ARG,1801,1.2983190094279508e-07,2024,-3.1348441753105067,0.1975774019663533,-0.4009552609777204,1.2983190094279508e-07,0.6111111111111112
ARG,1802,0.0,2024,-3.2591520145902164,0.1083016127875523,-0.23182179507143,0.0,0.3819444444444444
ARG,1803,0.0200142749200534,2024,-0.5921351447090814,0.1233849948390246,0.2591289572536573,0.0200142749200534,0.5763888888888888
ARG,1804,3.9214060411166325e-05,2024,-1.3865403062050214,0.144653897736879,0.1096676282867731,3.9214060411166325e-05,0.5833333333333334
ARG,1805,0.0025816824467087,2024,-0.7299136479495512,0.1463883407004794,0.1110755501139745,0.0025816824467087,0.6111111111111112
ARG,1806,0.4109129266466114,2024,0.4243526092291604,0.1452891886663853,0.1945754311742595,0.4109129266466114,0.5833333333333334
ARG,1901,0.5294666826999403,2024,-0.0962550797892106,0.1709850792600988,0.0964311618002374,0.5294666826999403,0.625
ARG,1902,0.3610924623259465,2024,-0.7714895042686368,0.1518300394642855,-0.0585391752991046,0.3610924623259465,0.5555555555555556
ARG,1903,0.0,2024,-1.4561275588745108,0.1381028751436068,-0.0459700858101289,0.0,0.5486111111111112
ARG,1904,0.2331681114593226,2024,-0.3379365584672341,0.1605872085148287,0.0386449744123034,0.2331681114593226,0.5694444444444444
ARG,1905,0.3573648420825734,2024,-0.059353406478403,0.150735151838938,0.0673820678613329,0.3573648420825734,0.5555555555555556
ARG,2001,0.0242222224585942,2024,-0.9225082775921432,0.165238897992341,-0.0968625590804158,0.0242222224585942,0.5902777777777778
ARG,2002,0.2956639193591982,2024,-0.5926972722784808,0.1363311956748783,0.0569246251840967,0.2956639193591982,0.5555555555555556
ARG,2003,0.0022131636572743,2024,0.7327227995152895,0.104314637790605,0.3095021692990775,0.0022131636572743,0.5277777777777778
ARG,2004,0.8602851556437344,2024,0.28585040485298,0.1762248414727787,0.3184593736110387,0.8602851556437344,0.7430555555555556
ARG,2005,0.7148073591345324,2024,-0.637070454589333,0.1733400134666385,-0.0480274367937785,0.7148073591345324,0.5902777777777778
ARG,2006,0.2555751570544854,2024,-0.5064144964443283,0.1313590607010794,0.0533614136552539,0.2555751570544854,0.5208333333333334
ARG,2007,0.6596952013306928,2024,-0.6626917120705086,0.180967615660831,-0.0227754324843473,0.6596952013306928,0.6180555555555556
ARG,2008,0.7168646559263039,2024,-1.142689108727423,0.1894131575153492,-0.1350934726173345,0.7168646559263039,0.5902777777777778
ARG,2009,0.8416490598655336,2024,-0.9203588451763668,0.1976269528342931,-0.1187015019530507,0.8416490598655336,0.625
ARG,2101,0.1517646509111573,2024,-0.3299859614333773,0.1491263566053847,0.0601592213763849,0.1517646509111573,0.5347222222222222
ARG,2102,0.7027199562135933,2024,-0.3244129492713608,0.1750991404963567,0.0295419886659627,0.7027199562135933,0.625
ARG,2103,0.3039582444571952,2024,-0.1627349738260946,0.1551403902390055,0.0504536989552684,0.3039582444571952,0.5625
ARG,2104,0.1097968813671517,2024,-0.2414993618991417,0.1607106926716746,0.0826569889391579,0.1097968813671517,0.5833333333333334
ARG,2105,0.4755622034501957,2024,0.0820878691263585,0.150940870484526,0.1117185493661116,0.4755622034501957,0.5625
ARG,2106,0.3792282269630521,2024,0.2649411801344574,0.1540019374284272,0.1334089036439061,0.3792282269630521,0.5625
ARG,2201,0.0111270684462277,2024,-0.3906338904333171,0.1473827748585779,0.0426763744330083,0.0111270684462277,0.5625
ARG,2202,0.3202970645498032,2024,-0.581286827084805,0.15839654895562,0.0207627543037849,0.3202970645498032,0.5555555555555556
ARG,2203,0.2705575957441826,2024,-0.3944225459489297,0.143088953247592,0.0868409211863948,0.2705575957441826,0.5277777777777778
ARG,2204,0.8456939606137872,2024,-0.6385933625793845,0.1926325419255529,0.0620993548528312,0.8456939606137872,0.7152777777777778
ARG,2205,0.795162127213919,2024,-0.2546600372646408,0.1704960771205591,0.2361432877040309,0.795162127213919,0.7083333333333334
ARG,2206,0.3241186850563619,2024,0.0068166373559899,0.138064435167874,0.1483920062798049,0.3241186850563619,0.5347222222222222
ARG,2207,0.6079143391819394,2024,-0.8871378717929808,0.2032468053214781,0.0356652490218453,0.6079143391819394,0.7083333333333334
ARG,2208,0.2297641275865939,2024,-0.4422132373141415,0.1553250472734187,0.0616526418373406,0.2297641275865939,0.5555555555555556
ARG,2209,0.3308763833163901,2024,0.1832766193129079,0.1316164381118336,0.2316339558061167,0.3308763833163901,0.5208333333333334
ARG,2301,0.6832054302599002,2024,-1.3557577655522728,0.2044843772228714,-0.1515772416081401,0.6832054302599002,0.6597222222222222
ARG,2302,0.951019754561798,2024,-2.0723815881201193,0.2007505459382974,-0.2579442683813921,0.951019754561798,0.625
ARG,2303,0.6777593593105037,2024,-0.0541445638359054,0.187495269245414,0.1795872704027218,0.6777593593105037,0.7083333333333334
ARG,2304,0.9870967945009188,2024,-1.514911500158514,0.214009040574213,-0.0058733323159714,0.9870967945009188,0.7569444444444444
ARG,2305,0.98654862012838,2024,-2.3763270774454743,0.2468528980602239,-0.0411672994001541,0.98654862012838,0.875
ARG,2306,0.8809165651894076,2024,-0.8349876627987669,0.181450481616335,-0.0181261888246256,0.8809165651894076,0.6527777777777778
ARG,2307,0.6704780601046691,2024,-0.2148620941156158,0.1917959411288707,0.2144059281274757,0.6704780601046691,0.7708333333333334
ARG,2308,0.9872071791843442,2024,-0.562788353326185,0.1830512847807167,0.0611375368219088,0.9872071791843442,0.6666666666666666
ARG,2309,0.5514042882211322,2024,-0.3624930787076405,0.1744815779330401,0.0695264828108188,0.5514042882211322,0.6111111111111112
ARG,2401,0.8866698313160122,2024,-1.7872104705410743,0.2036631204959938,-0.2816793412745697,0.8866698313160122,0.6388888888888888
ARG,2402,0.1111884659679383,2024,-0.7511764423061457,0.1562327855955255,-0.029516035264436,0.1111884659679383,0.5347222222222222
ARG,2403,0.0134781425037243,2024,-0.5015311601424497,0.1390523610289275,0.0433498787827756,0.0134781425037243,0.5416666666666666
ARG,2501,0.2419789673682014,2024,-0.7536264349129874,0.1675966511690393,-0.0337629910150211,0.2419789673682014,0.5763888888888888
ARG,2502,0.0,2024,-1.1065254593617022,0.1406401679492361,0.0128293677738583,0.0,0.5694444444444444
ARG,2503,0.0003171332678218,2024,-1.4695747786638078,0.179826471227611,-0.2153336412249108,0.0003171332678218,0.6736111111111112
ARG,2504,0.0029018417344434,2024,-1.7115205898798231,0.1094642603419688,-0.0508219529486535,0.0029018417344434,0.5208333333333334
ARG,2505,0.0713159147369443,2024,-0.660916725286009,0.1418785311866961,0.0514891174469809,0.0713159147369443,0.5486111111111112
ARG,2506,0.0475196161509035,2024,-1.5923686062955833,0.1481530826478054,-0.1019559020989002,0.0475196161509035,0.5555555555555556
ARG,2507,0.033611779209978,2024,-0.1045092387073811,0.1501104805470631,0.1659227438511251,0.033611779209978,0.6388888888888888
ARG,2508,0.6742731826220365,2024,-0.6733178529256256,0.1825449086951684,0.0183099521418912,0.6742731826220365,0.6666666666666666
ARG,2509,0.6285689797120929,2024,-0.0347504097169218,0.161579376626156,0.1724937143379137,0.6285689797120929,0.6388888888888888
ARG,2510,0.0,2024,-1.3471512481210852,0.174907554411986,-0.1113267272948649,0.0,0.6527777777777778
ARG,2511,0.0003431339836942,2024,-0.9678047841051988,0.136403468376265,-0.0061585901964372,0.0003431339836942,0.5486111111111112
ARG,2512,0.8635985851222452,2024,-0.3689051686051725,0.1718821458819681,0.2263641329598897,0.8635985851222452,0.7222222222222222
ARG,2513,0.0205291184853168,2024,-0.8000648536156607,0.1273407442190375,0.0464694952712529,0.0205291184853168,0.5833333333333334
ARG,2514,0.0978807691713853,2024,-0.2709689535352503,0.1515834529894222,0.0596838851361015,0.0978807691713853,0.6180555555555556
ARG,2515,0.0116487308327085,2024,-1.2504097847376936,0.151185787922291,-0.112915856832822,0.0116487308327085,0.5833333333333334
ARG,2516,0.0065129731979269,2024,-1.6960578702191915,0.1686212065959788,-0.2004536688532565,0.0065129731979269,0.5763888888888888
ARG,2517,0.1949298295877097,2024,-0.1408554795111495,0.1458123402945643,0.0759812354652806,0.1949298295877097,0.5416666666666666
ARG,2518,0.7402016347348079,2024,-0.5957193639949596,0.1643020172920591,0.0624951488828919,0.7402016347348079,0.6458333333333334
ARG,2519,0.0007299031673624,2024,-0.3750467810262268,0.1240401915522298,0.1738929383293352,0.0007299031673624,0.5625
ARG,2520,0.4919301611133277,2024,-1.1373517316072876,0.1595587895856491,-0.0706980138120906,0.4919301611133277,0.5833333333333334
ARG,2521,0.0062765164731854,2024,-0.6736844767301359,0.1260852860373279,0.0479584624089066,0.0062765164731854,0.5277777777777778
ARG,2522,0.93362215925114,2024,-0.6424571425994929,0.1725897538103903,0.000559978072755,0.93362215925114,0.6041666666666666
ARG,2523,0.0255875602731442,2024,-1.336474831037387,0.1720557972623514,-0.1881578353761167,0.0255875602731442,0.5625
ARG,2524,0.0,2024,-1.4662335893955158,0.2556933970460853,-0.2389003268289644,0.0,0.875
ARG,2525,0.012003501304831,2024,-1.6467816069311736,0.1298812975487373,0.003077359233828,0.012003501304831,0.5416666666666666
ARG,2526,0.0432440659829193,2024,0.4561826946440763,0.1193720249177012,0.291818773850089,0.0432440659829193,0.5972222222222222
ARG,2527,0.0,2024,-0.1949482934737703,0.0,0.0,0.0,0.5034722222222222
ARG,2528,0.9558286715277524,2024,-0.8641842179671693,0.2197244220650538,0.1068884959616206,0.9558286715277524,0.7847222222222222
ARG,2529,0.2481765942993989,2024,-1.6251087023325237,0.1570972928771395,-0.1477720151171224,0.2481765942993989,0.5555555555555556
ARG,2530,0.0989545416576992,2024,-2.6208602258147584,0.195174194167214,-0.4120493869649126,0.0989545416576992,0.6736111111111112
ARG,2601,0.0083118833491216,2024,-2.003723289022638,0.2073940750159672,-0.1523371848574254,0.0083118833491216,0.7569444444444444
ARG,2602,0.0006136704817825,2024,-2.837843552907631,0.1824676513372166,-0.5730613187262243,0.0006136704817825,0.6180555555555556
ARG,2603,0.0019856262091139,2024,-2.064041430869215,0.187059414442764,-0.2978355307041117,0.0019856262091139,0.5902777777777778
ARG,2604,0.0,2024,-1.8179429998585543,0.1814443690717254,-0.2129035417974054,0.0,0.6944444444444444
ARG,2605,0.0482561442119648,2024,-2.916576564874316,0.1098333553779978,0.044620491116555,0.0482561442119648,0.5416666666666666
ARG,2606,0.0,2024,-2.5313307745485076,0.1657213197098881,-0.2077891296984389,0.0,0.6388888888888888
ARG,2607,0.8097854404292053,2024,-1.3511660877089555,0.1932752628104837,-0.1118717462564187,0.8097854404292053,0.6597222222222222
ARG,2608,0.2222845423098916,2024,-1.6556095196883185,0.1803430544617323,-0.1533137989576788,0.2222845423098916,0.6111111111111112
ARG,2609,0.0,2024,-3.3301721545374536,0.1952832292292196,-0.6335537058257766,0.0,0.6944444444444444
ARG,2610,0.0,2024,-2.366084273527014,0.1559814507320693,-0.3510743791554901,0.0,0.5763888888888888
ARG,2611,0.0114609248551902,2024,-2.288756822711202,0.1653818419787243,-0.1546117156790714,0.0114609248551902,0.6319444444444444
ARG,2612,0.0,2024,-3.3486815819413938,0.1616696458195938,-0.6633966301990201,0.0,0.6388888888888888
ARG,2613,0.0,2024,-1.1185115995076906,0.1693397820437659,0.1079221874383921,0.0,0.7152777777777778
ARG,2614,0.0,2024,-2.2489787947156987,0.1662809648352928,-0.2821820636813332,0.0,0.6388888888888888
ARG,2615,0.0,2024,-2.9031411621078043,0.190739293947477,-0.4733765914510953,0.0,0.6319444444444444
ARG,2616,0.8701066115011266,2024,-1.7872239709399445,0.2166993209005382,-0.2581684064830511,0.8701066115011266,0.6944444444444444
ARG,2617,0.0060569670570211,2024,-2.237161504153716,0.1639906280596007,-0.1845772508769978,0.0060569670570211,0.5486111111111112
ARG,2618,2.2271610447052215e-05,2024,0.5631729687376104,0.1102239530757584,0.3014136704724753,2.2271610447052215e-05,0.5416666666666666
ARG,2619,0.0648418702161379,2024,-0.9024411380204392,0.1665188980900802,-0.1065127744719065,0.0648418702161379,0.5902777777777778
ARG,2620,0.2391813390928911,2024,-0.1476298676383846,0.1538798971033456,0.1182303668620554,0.2391813390928911,0.5694444444444444
ARG,2621,0.0023585645121263,2024,0.5026510593043124,0.1169105666418495,0.2344820559816668,0.0023585645121263,0.5277777777777778
ARG,2701,0.0001289329799468,2024,-1.9444421918711712,0.195236769152325,-0.1642965448033869,0.0001289329799468,0.7222222222222222
ARG,2702,0.0,2024,-1.5733424241495004,0.131228297737705,-0.1642024387845075,0.0,0.5208333333333334
ARG,2703,0.2136540283523694,2024,0.5892848134097346,0.1221978994088676,0.3031981198474739,0.2136540283523694,0.6111111111111112
ARG,2704,0.032847671144121,2024,-0.7649590411543022,0.1034920050110261,0.1978356615995559,0.032847671144121,0.5277777777777778
ARG,2705,0.0,2024,0.7377280434769788,0.1029547271954702,0.5435762842625029,0.0,0.6180555555555556
ARG,2706,0.0,2024,0.2993209798208218,0.1309972042319349,0.2440384098649505,0.0,0.6111111111111112
ARG,2707,0.297734706008494,2024,0.0236656371699699,0.1393942024473098,0.1901512380571597,0.297734706008494,0.5416666666666666
ARG,2708,0.0,2024,1.0906788541634302,0.0999875893832271,0.3929422266624978,0.0,0.5625
ARG,2709,0.5501607363416225,2024,-2.409110393296686,0.2498905344799152,-0.2022151859974658,0.5501607363416225,0.8055555555555556
ARG,2710,0.2692570860872484,2024,-1.0661734203179698,0.1711182904901652,-0.0316066820491735,0.2692570860872484,0.5902777777777778
ARG,2711,0.4805315295582363,2024,-1.995103946431193,0.1801123537561646,-0.1557713670050179,0.4805315295582363,0.6736111111111112
ARG,2712,0.0147206437791772,2024,-0.387876042841154,0.1476074709711222,0.1156797304463895,0.0147206437791772,0.6111111111111112
ARG,2713,0.6925867382912715,2024,-0.8714232536826623,0.1903304480139546,-0.0371072999418577,0.6925867382912715,0.6666666666666666
ARG,2714,0.6597743580756626,2024,-0.5843231106202634,0.1810225616391317,0.0197030532360541,0.6597743580756626,0.6527777777777778
ARG,2715,0.0170490119497452,2024,-0.5410798321029977,0.1633078058061155,0.0600020387287152,0.0170490119497452,0.625
ARG,2716,0.145184977697509,2024,-0.6393620674642877,0.1606284399632686,0.0255833625542932,0.145184977697509,0.5694444444444444
ARG,2801,0.024698888311291,2024,-0.7211464605698186,0.1401559659545265,0.2419958213351656,0.024698888311291,0.6041666666666666
ARG,2802,0.0,2024,-1.5984548025293606,0.1134701068603936,-0.0510756181459332,0.0,0.5208333333333334
ARG,2803,0.6589723688730867,2024,0.0891683613319117,0.1439076455572428,0.2239669737991137,0.6589723688730867,0.625
ARG,2804,0.0144541476912263,2024,-0.2853736091798989,0.1347046362385138,0.1740320112537246,0.0144541476912263,0.5972222222222222
ARG,2805,0.014317637281794,2024,-0.8624339883050965,0.1095185280116127,0.1597010758933767,0.014317637281794,0.5347222222222222
ARG,2806,0.3808504076146091,2024,0.3846794898266018,0.1404222738598113,0.2119440024844891,0.3808504076146091,0.6041666666666666
ARG,2807,0.0156012051023007,2024,-0.0367038718637041,0.1285695956512789,0.1626414065891685,0.0156012051023007,0.5347222222222222
ARG,2808,0.3839003350072951,2024,0.5533684637735289,0.1232692833379067,0.3184240602728686,0.3839003350072951,0.5833333333333334
ARG,2809,0.0046443960824677,2024,-0.4798809783805683,0.130222111250153,0.0767977631428468,0.0046443960824677,0.5555555555555556
ARG,2810,0.896197643708402,2024,-0.6629512107905293,0.192095795450913,0.0902503557568875,0.896197643708402,0.7708333333333334
ARG,2811,0.4842724040155264,2024,0.2515701649680793,0.1192928534269237,0.2315182674036236,0.4842724040155264,0.5069444444444444
ARG,2812,0.0001240895055873,2024,1.4809417707040906,0.0921271871948118,0.5476306261252797,0.0001240895055873,0.6041666666666666
ARG,2813,0.8038801422232948,2024,0.6384038401088898,0.1374384366505307,0.4430623044149307,0.8038801422232948,0.6805555555555556
ARG,2814,0.4119016140181039,2024,-0.9225822817500424,0.1466564242078392,0.0087563626322167,0.4119016140181039,0.6180555555555556
ARG,2815,0.3855595725894257,2024,0.1363434735778551,0.126678925853573,0.2303942508037813,0.3855595725894257,0.5694444444444444
ARG,2816,3.747891973035175e-05,2024,1.1213559060397456,0.0880992111917745,0.4642594592871099,3.747891973035175e-05,0.5208333333333334
ARG,2817,0.2299939027440923,2024,-0.0649408023096309,0.1356828106750871,0.1393025155357778,0.2299939027440923,0.5625
ARG,2818,0.0001902206998953,2024,-0.6136863018003611,0.1409789253266485,-0.0332594043636988,0.0001902206998953,0.6180555555555556
ARG,2819,0.0038165073973778,2024,-0.345093611704805,0.1230243110482972,0.1975282284152076,0.0038165073973778,0.5833333333333334
ARG,2820,0.0,2024,-0.5934266411619612,0.1320598486169002,0.149415365660862,0.0,0.5902777777777778
ARG,2821,0.0004660212574561,2024,0.1763943491531074,0.1110735046825816,0.2588684679750825,0.0004660212574561,0.5486111111111112
ARG,2822,0.0006112635411203,2024,-1.284842509578768,0.1154773206650492,0.3064292876336743,0.0006112635411203,0.5972222222222222
ARG,2823,0.0001745249865032,2024,1.6113858450508574,0.0832415134895383,0.4959347752666279,0.0001745249865032,0.5555555555555556
ARG,2824,0.0,2024,-0.4950781000772816,0.130794310410071,0.14567243404464,0.0,0.5694444444444444
ARG,2825,0.0093749049405598,2024,-0.4263162206372157,0.1440601895356941,0.1986656938766607,0.0093749049405598,0.6388888888888888
ARG,2826,0.0333385599331178,2024,0.7738658799413793,0.0874027900558257,0.3349258826351165,0.0333385599331178,0.5
ARG,2827,0.6829535313381866,2024,-0.0046293883413968,0.1509810424838912,0.2284530248809958,0.6829535313381866,0.6458333333333334
ARG,2828,0.0367297472047735,2024,-0.1412847546578419,0.1302868454057855,0.0799056804740034,0.0367297472047735,0.5347222222222222
ARG,2829,0.0010322145720085,2024,-0.3185543646814616,0.1626650379859531,0.2318290972584111,0.0010322145720085,0.7222222222222222
ARG,2830,0.8284584159832052,2024,-0.7687103948901353,0.1350330756794385,0.1553326852193669,0.8284584159832052,0.5902777777777778
ARG,2831,0.0,2024,-0.0766157312726296,0.0931970464937469,0.2747694832665403,0.0,0.5277777777777778
ARG,2832,0.2534700366146752,2024,-0.6330361414663973,0.1037472369302366,0.1807046601554818,0.2534700366146752,0.5277777777777778
ARG,2833,0.0122685681444934,2024,-0.4598631748402541,0.1475289203046342,0.0560506731366434,0.0122685681444934,0.5972222222222222
ARG,2834,0.0027062087428268,2024,0.2229722535092458,0.1397900937713279,0.210025473733476,0.0027062087428268,0.6180555555555556
ARG,2835,0.0397100280801618,2024,0.1479588458895369,0.1269902816025842,0.1784739877878398,0.0397100280801618,0.5416666666666666
ARG,2836,0.9408721721093976,2024,-0.938068224157469,0.186660641894983,-0.0299924057758113,0.9408721721093976,0.6736111111111112
ARG,2837,0.0002643076348589,2024,-0.4690763692381882,0.1011549034709876,0.3190527077890022,0.0002643076348589,0.5208333333333334
ARG,2838,0.0,2024,-0.1949482934737703,0.0,0.0,0.0,0.5034722222222222
ARG,2839,0.2735585692316249,2024,-0.1580501562375161,0.1428706952786242,0.1126714606624619,0.2735585692316249,0.5833333333333334
ARG,2840,0.7632691642965282,2024,-0.784614244258187,0.2455626802615676,0.1103717895625571,0.7632691642965282,0.8402777777777778
ARG,2841,0.0001257099285318,2024,0.7445018824221323,0.0696112364044547,0.4561370619126591,0.0001257099285318,0.4861111111111111
ARG,2842,0.1093934969486766,2024,1.4829990235633412,0.0708060404659698,0.5166336024216269,0.1093934969486766,0.4722222222222222
ARG,2843,0.5458619875402165,2024,1.0444116491397195,0.1349492011422326,0.4799926725997144,0.5458619875402165,0.6875
ARG,2844,0.1308386445158023,2024,-0.763679597992196,0.1578210757274641,0.1468928501752602,0.1308386445158023,0.6875
ARG,2845,0.0031250192650433,2024,0.1705252858359866,0.129469256386381,0.188763155888387,0.0031250192650433,0.5902777777777778
ARG,2846,0.0,2024,0.1225953349362055,0.0892356193512609,0.3994879932133197,0.0,0.5277777777777778
ARG,2847,0.0384193468788295,2024,0.3894563950396426,0.1334372902340696,0.2334898253668573,0.0384193468788295,0.5833333333333334
ARG,2848,0.0,2024,-0.1949482934737703,0.0,0.0,0.0,0.5034722222222222
ARG,2849,0.0259568567448742,2024,0.0330402393802317,0.1201562242041893,0.3030484783657553,0.0259568567448742,0.6041666666666666
ARG,2850,0.0936622185960112,2024,1.4801386466820363,0.082902925437065,0.5115047539819015,0.0936622185960112,0.5555555555555556
ARG,2851,0.0098902158013337,2024,1.1312029737371654,0.0984238000291461,0.4554358148827854,0.0098902158013337,0.5694444444444444
ARG,2901,0.0187497393470022,2024,0.3233299162946437,0.1233429301023274,0.3008162704107683,0.0187497393470022,0.5972222222222222
ARG,2902,0.3794653998747925,2024,0.3642005691297371,0.1100591879513029,0.2892639338664636,0.3794653998747925,0.5694444444444444
ARG,2903,0.0047919485247461,2024,0.4242912606838929,0.1129837210279711,0.315909923393941,0.0047919485247461,0.5833333333333334
ARG,2904,0.0153926278710933,2024,-0.560428772348622,0.1295823045087297,0.0865489684598914,0.0153926278710933,0.5486111111111112
ARG,2905,0.391118847622171,2024,-0.5408113671575832,0.165097563502237,0.1711161672278822,0.391118847622171,0.6736111111111112
ARG,2906,0.0234297288216144,2024,0.84376019005214,0.1076284473396712,0.3885883738186548,0.0234297288216144,0.5625
ARG,2907,0.0005497346652325,2024,1.2734715524556766,0.1136553591868883,0.3995694867033722,0.0005497346652325,0.5902777777777778
ARG,2908,0.0168978798949,2024,1.0860186240117131,0.084632940020166,0.4432369986057504,0.0168978798949,0.5
ARG,2909,0.0196478982340698,2024,0.0841223030644022,0.1227632299520542,0.2531170082439536,0.0196478982340698,0.6111111111111112
ARG,2910,0.025383616205057,2024,1.6732455167180431,0.0985503969691158,0.5691522617858514,0.025383616205057,0.6111111111111112
ARG,2911,0.0059359769666358,2024,1.5925515221932494,0.0947235024636894,0.490181832051001,0.0059359769666358,0.5625
ARG,2912,0.1360194838208191,2024,1.4018964425026823,0.1012961972931597,0.4449344793011152,0.1360194838208191,0.5694444444444444
ARG,2913,0.0,2024,0.9773766893920036,0.0779373678158682,0.3629921394341829,0.0,0.5208333333333334
ARG,2914,0.0038068025535777,2024,1.383049390741124,0.0975277184988422,0.404700056373292,0.0038068025535777,0.5347222222222222
ARG,2915,0.0520121872480335,2024,0.859290848378815,0.105732125133932,0.3520741649918094,0.0520121872480335,0.5555555555555556
ARG,2916,0.031671791200513,2024,0.7180437328772221,0.1001037184397961,0.3662123220217261,0.031671791200513,0.5625
ARG,2917,0.1254559560890228,2024,0.6716261483373948,0.1033398034477756,0.2833921859263045,0.1254559560890228,0.5347222222222222
ARG,2918,0.401130093158036,2024,0.6444534444299438,0.1309151493834601,0.2888703018240338,0.401130093158036,0.6041666666666666
ARG,2919,6.090934534083153e-06,2024,1.4300311910837669,0.0864652077325668,0.4526009256524105,6.090934534083153e-06,0.5416666666666666
ARG,2920,0.0008036214539378,2024,1.1918849945049397,0.0940152584176271,0.4052188760331064,0.0008036214539378,0.5555555555555556
ARG,2921,0.013693465458032,2024,1.304215845779546,0.1002042065600404,0.4137791759391473,0.013693465458032,0.5486111111111112
ARG,2922,0.1636845743897019,2024,1.111517344422509,0.0983690645597745,0.358047773972685,0.1636845743897019,0.5555555555555556
ARG,2923,0.9221839273321222,2024,0.683730465080634,0.1462197184880552,0.2966827567342998,0.9221839273321222,0.6597222222222222
ARG,2924,0.005185889459964,2024,1.3727496459406705,0.0827824152271698,0.4349470956965249,0.005185889459964,0.5416666666666666
ARG,2925,0.0118288017232055,2024,1.2672679132197446,0.0820124810737017,0.4485525568326709,0.0118288017232055,0.5138888888888888
ARG,2926,0.0103052762182887,2024,1.596410844587348,0.0966992347884686,0.4893347760043039,0.0103052762182887,0.5833333333333334
ARG,2927,2.6487208972232543e-05,2024,0.9423841177500668,0.0664920755982245,0.3598402953093557,2.6487208972232543e-05,0.4861111111111111
ARG,2928,0.0277333298685941,2024,0.989843448799308,0.0793083786898491,0.4214686155201824,0.0277333298685941,0.5208333333333334
ARG,2929,0.0885438616322051,2024,1.383353133488621,0.0822745952703292,0.533678393721554,0.0885438616322051,0.5208333333333334
ARG,2930,0.0059553981007354,2024,0.4674703496711624,0.1048690746524742,0.3021443463570114,0.0059553981007354,0.5625
ARG,2931,0.2840308021057295,2024,1.7267369141323423,0.085928755632532,0.5234809873496727,0.2840308021057295,0.5694444444444444
ARG,2932,0.1065205405832139,2024,1.0036633571440612,0.089076129452797,0.3970722749311446,0.1065205405832139,0.5
ARG,2933,0.07998690771992,2024,1.3499792240287185,0.098989036107416,0.3732597454247287,0.07998690771992,0.5625
ARG,2934,0.1219392841337849,2024,1.3836595877999125,0.0995538835970453,0.3763787026732125,0.1219392841337849,0.5416666666666666
ARG,2935,0.0235517336258046,2024,1.5276638016552382,0.0980946869276965,0.4352774550871351,0.0235517336258046,0.5416666666666666
ARG,2936,0.4860115732165228,2024,1.5401725462455116,0.0903851307265977,0.467772351648367,0.4860115732165228,0.5416666666666666
ARG,2937,0.8592417477540417,2024,1.3029409719641951,0.1804376643798681,0.5287313442756396,0.8592417477540417,0.7638888888888888
ARG,2938,0.0006675040595259,2024,-0.1150895086937908,0.1169180799603304,0.1923291360538775,0.0006675040595259,0.5347222222222222
ARG,2939,0.0001147814477312,2024,0.3759118517187836,0.116398617306225,0.296086036415963,0.0001147814477312,0.5486111111111112
ARG,2940,0.0065008745699195,2024,1.356679874050256,0.1008381555728007,0.4400925237289956,0.0065008745699195,0.5277777777777778
ARG,2941,0.0194365162714723,2024,1.1373961612488612,0.1033890125510221,0.3516482689927354,0.0194365162714723,0.5486111111111112
ARG,2942,0.1402750542343521,2024,0.1303207206558042,0.1207183099219972,0.1933690246683156,0.1402750542343521,0.5625
ARG,3001,0.5932915353094284,2024,0.565432804716747,0.1577215941859147,0.2942378197227654,0.5932915353094284,0.7013888888888888
ARG,3002,0.1359815796141381,2024,1.708906253238482,0.1100998230885623,0.4940865041406427,0.1359815796141381,0.5902777777777778
ARG,3003,0.1201385231547334,2024,0.7417559160555449,0.1272793468434399,0.2377590442420468,0.1201385231547334,0.5416666666666666
ARG,3004,0.3064948527278168,2024,0.8887781411230008,0.1356663087666962,0.2704375047217873,0.3064948527278168,0.5555555555555556
ARG,3005,0.027617754349859,2024,0.7900579812752127,0.1256026800672643,0.3028823649016574,0.027617754349859,0.5694444444444444
ARG,3006,0.137048302651555,2024,0.9757153909319524,0.1318915372802433,0.3444215452280367,0.137048302651555,0.5833333333333334
ARG,3101,0.6712994807496537,2024,-0.401881514981623,0.1643109285199261,0.0666039073600868,0.6712994807496537,0.625
ARG,3102,0.0710044049758285,2024,-1.2450062755223237,0.1766205015163203,-0.1049812972655225,0.0710044049758285,0.6180555555555556
ARG,3103,0.666573510848636,2024,-1.045361199373282,0.1774813766367236,-0.0357892429035021,0.666573510848636,0.6736111111111112
ARG,3104,0.000181729888144,2024,-1.1730767612778197,0.1555715790175581,0.0661138187095433,0.000181729888144,0.6319444444444444
ARG,3105,0.0467149416144359,2024,-1.1258967280213084,0.1760224636399981,-0.1393205138640412,0.0467149416144359,0.5972222222222222
ARG,3201,0.9771452187277676,2024,-1.3468134754888756,0.182369233531068,-0.0557567606270473,0.9771452187277676,0.6666666666666666
ARG,3202,0.7307025392638189,2024,0.0425920874546156,0.1599127207336836,0.241565924495536,0.7307025392638189,0.7013888888888888
ARG,3203,0.0969599922645707,2024,0.2878676573608286,0.1293134659629969,0.2494221365983845,0.0969599922645707,0.5763888888888888
ARG,3204,0.0579346738041865,2024,0.6164840112835641,0.1179894354982132,0.277556836864092,0.0579346738041865,0.5555555555555556
ARG,3205,0.0107039396709478,2024,0.1872801958435345,0.132470588281155,0.3054503402530542,0.0107039396709478,0.6180555555555556
ARG,3206,0.1329839406413227,2024,0.4143543490913023,0.1333355517657846,0.2904886332675433,0.1329839406413227,0.6111111111111112
ARG,3207,0.0783745893254726,2024,0.0131331050078378,0.1134183308167151,0.2187662743286838,0.0783745893254726,0.5416666666666666
ARG,3208,0.1726892762936293,2024,0.6031343903940292,0.1363504729287087,0.2033709484689851,0.1726892762936293,0.5347222222222222
ARG,3209,0.2753706077428208,2024,0.338292022639478,0.1442824172419125,0.1604515112524632,0.2753706077428208,0.5416666666666666
ARG,3210,0.2248800802578835,2024,0.557295847812867,0.1359042548980026,0.1777290889401795,0.2248800802578835,0.5208333333333334
ARG,3211,0.5193122959618717,2024,-0.294218105817233,0.1617222964236439,0.0867928793951787,0.5193122959618717,0.6388888888888888
ARG,3212,0.0830660257999449,2024,1.0346575913146006,0.1270670692043246,0.3363084650654321,0.0830660257999449,0.5694444444444444
ARG,3213,0.0651587192576472,2024,0.2778009760189766,0.1137871782703062,0.2066871454070354,0.0651587192576472,0.5138888888888888
ARG,3214,0.2076096309517376,2024,0.3801042493415849,0.1368504076422185,0.1659068924831789,0.2076096309517376,0.5277777777777778
ARG,3215,0.03115121608544,2024,0.5762021552996129,0.1174615126497083,0.2796566722549071,0.03115121608544,0.5277777777777778
ARG,3301,0.9029431019271208,2024,-1.2018475652741087,0.1827659545956012,-0.1354699620877298,0.9029431019271208,0.5972222222222222
ARG,3302,0.4158635454879361,2024,0.0457519861875639,0.1473058846274928,0.1960891129603896,0.4158635454879361,0.5555555555555556
ARG,3303,0.0442259059081124,2024,-0.0093781753556956,0.1266572628166722,0.2184667438142274,0.0442259059081124,0.5416666666666666
ARG,3304,0.1377027105180963,2024,0.6092937179493219,0.1274442679301052,0.2940145088507174,0.1377027105180963,0.5555555555555556
ARG,3305,0.3923638527469164,2024,0.4247722840820435,0.146047275773535,0.1478644877576446,0.3923638527469164,0.5347222222222222
ARG,3306,0.4977633544541442,2024,0.4481538180273327,0.1345844906087714,0.2314694319545215,0.4977633544541442,0.5763888888888888
ARG,3307,0.7306030521254941,2024,0.1605621862727329,0.1558697687606031,0.1309469647532732,0.7306030521254941,0.5833333333333334
ARG,3401,0.3241092693408278,2024,-0.9231214588359656,0.1638700800053129,-0.0806090161895589,0.3241092693408278,0.5625
ARG,3402,0.4354502075167119,2024,0.1843558324310039,0.1504275502325725,0.1443214926331539,0.4354502075167119,0.5833333333333334
ARG,3403,0.2694500252685974,2024,1.2974569838137284,0.1124827329327024,0.4286364442678308,0.2694500252685974,0.5902777777777778
ARG,3404,0.0890047425159391,2024,0.6020348018281207,0.1212762180125581,0.2973472603182132,0.0890047425159391,0.5972222222222222
ARG,3405,0.4951740846734748,2024,0.5230993146797704,0.1357066231933355,0.2316175757829423,0.4951740846734748,0.5486111111111112
ARG,3406,0.0341230300149543,2024,0.3004575166182732,0.1207036883729721,0.1751328448387074,0.0341230300149543,0.5208333333333334
ARG,3407,0.0613933222710177,2024,1.3740104153525845,0.0802969791049925,0.4926005005679347,0.0613933222710177,0.5069444444444444
ARG,3501,0.7699640927845874,2024,0.1175077891356198,0.1988223268274189,0.2532586102133193,0.7699640927845874,0.7569444444444444
ARG,3502,0.7643810686712211,2024,0.5424930761685385,0.1629074978200067,0.3789355588154262,0.7643810686712211,0.7083333333333334
ARG,3503,0.8665687696866566,2024,-0.5027853010639998,0.1707728535963561,0.1384223848228327,0.8665687696866566,0.6666666666666666
ARG,3504,0.3403043858171862,2024,0.8511473741080695,0.1340600769751106,0.3201300704839409,0.3403043858171862,0.625
ARG,3505,0.2590470350801946,2024,0.5898980378022636,0.1322463976091201,0.2958167162306205,0.2590470350801946,0.6180555555555556
ARG,3506,0.1009831133726804,2024,1.0348807836966194,0.1181302689052161,0.329030496780848,0.1009831133726804,0.5555555555555556
ARG,3507,0.5232055901833529,2024,1.0586992519827505,0.1446234210515911,0.4498366335976198,0.5232055901833529,0.6944444444444444
ARG,3601,0.0,2024,0.5596216701545058,0.1310420968059218,0.2072313483415593,0.0,0.5694444444444444
ARG,3602,0.3021774841751378,2024,-1.015847777030279,0.1727901815790719,-0.0066946021022031,0.3021774841751378,0.625
ARG,3603,0.5070789340919981,2024,-0.6971075386365715,0.1863239279073227,0.0546341823131422,0.5070789340919981,0.6805555555555556
ARG,3604,0.0069961188949255,2024,0.4855704961718641,0.0973049881266382,0.3118483848920519,0.0069961188949255,0.5069444444444444
ARG,3605,0.063854247199082,2024,-1.2227976800445115,0.1726457679554638,-0.1369064034191562,0.063854247199082,0.5972222222222222
ARG,3606,0.0010265306173954,2024,0.3079901059051728,0.1372952039510409,0.1812679047325096,0.0010265306173954,0.5277777777777778
ARG,3701,0.0094958498593052,2024,1.0908428696416788,0.0850205800165949,0.4762226520014548,0.0094958498593052,0.5277777777777778
ARG,3702,0.0008354565026371,2024,1.3738751348908582,0.0879064949983941,0.5505579628137128,0.0008354565026371,0.5902777777777778
ARG,3703,3.423972297151827e-05,2024,0.8571078206315489,0.1176366899098243,0.4229627499715695,3.423972297151827e-05,0.6180555555555556
ARG,3704,0.0,2024,1.062517864506188,0.1210403142191131,0.3578329936206801,0.0,0.5625
ARG,3705,0.0,2024,1.901828476828492,0.0875569638690244,0.6655134871084696,0.0,0.6111111111111112
ARG,3706,0.4325133876920878,2024,-0.1268421711690375,0.1440746802382,0.2697163270537714,0.4325133876920878,0.625
ARG,3707,0.0005790594381206,2024,1.6876994696989471,0.101869094225263,0.5812520538175475,0.0005790594381206,0.6388888888888888
ARG,3801,0.017723569138772,2024,0.9844981830181826,0.0794462302104612,0.4989163689146113,0.017723569138772,0.5069444444444444
ARG,3802,0.2065972787350757,2024,-0.1499145725641469,0.11574673987677,0.1388075575005501,0.2065972787350757,0.5347222222222222
ARG,3803,0.3400239999313215,2024,0.5496703454921913,0.1348945408598773,0.3043573729398889,0.3400239999313215,0.6388888888888888
ARG,3804,6.698840509901462e-06,2024,0.3136901414346053,0.1182618024324516,0.3233963689098556,6.698840509901462e-06,0.5555555555555556
ARG,3805,0.9127033499098168,2024,-0.4654555723552115,0.1656535598540515,0.0513843216598631,0.9127033499098168,0.6458333333333334
ARG,3806,0.8639304774153514,2024,-0.3465010502493683,0.1778922565135134,0.0960156222309119,0.8639304774153514,0.6805555555555556
ARG,3807,0.0,2024,0.7225068416529198,0.1236387775888668,0.441188565025488,0.0,0.6388888888888888
ARG,3808,0.6558139107966383,2024,-0.1212580317352273,0.1587129474031413,0.1540068058060195,0.6558139107966383,0.6180555555555556
ARG,3809,0.3030076882254367,2024,0.4979223687991621,0.1259293401580255,0.2014173521794714,0.3030076882254367,0.5208333333333334
ARG,3810,0.0548969325243532,2024,1.9252410627023535,0.0866383096347728,0.580663927769188,0.0548969325243532,0.5347222222222222
ARG,3811,0.0291376326935058,2024,0.5261042291473871,0.1162851237427028,0.4142425873009723,0.0291376326935058,0.625
ARG,3812,0.5759938938103324,2024,0.9191867759340062,0.1218828155983513,0.3384245464769656,0.5759938938103324,0.5902777777777778
ARG,3813,0.1526610292158015,2024,0.6036039084775935,0.1252892543992506,0.3433684452220116,0.1526610292158015,0.6180555555555556
ARG,3814,0.0217697259695153,2024,0.3153236405724612,0.1449752712037574,0.1437420395107064,0.0217697259695153,0.5486111111111112
ARG,3815,0.4736872380094578,2024,1.1935551750592377,0.114937752683587,0.4446282397754136,0.4736872380094578,0.6111111111111112
ARG,3816,0.1234067385574404,2024,0.922497541538353,0.1159786665019498,0.3336437569568532,0.1234067385574404,0.5555555555555556
ARG,3817,0.4280195684679133,2024,0.0520212406956364,0.1203153632282222,0.2256124199487504,0.4280195684679133,0.5763888888888888
ARG,3818,0.0005424572946813,2024,1.620245255902241,0.0736299030212581,0.5096640890483356,0.0005424572946813,0.5277777777777778
ARG,3819,0.0471484217086394,2024,0.7490127367852287,0.1161330184612624,0.3523564767465238,0.0471484217086394,0.5625
ARG,3820,0.100569262484678,2024,0.4352748626060447,0.1438320037163458,0.2364156163618154,0.100569262484678,0.5972222222222222
ARG,3821,0.4738904158550459,2024,1.2706981351905409,0.1191251253079034,0.4164699639874156,0.4738904158550459,0.5902777777777778
ARG,3822,0.1303364121845006,2024,0.8022124093802417,0.1122020372335863,0.4253993054379801,0.1303364121845006,0.5833333333333334
ARG,3823,0.5687748650237949,2024,0.3469582348755647,0.1503861189854702,0.2802280124317975,0.5687748650237949,0.6527777777777778
ARG,3901,0.4059342465550086,2024,0.1607284608805693,0.1392196444029798,0.2104619186286856,0.4059342465550086,0.5972222222222222
ARG,3902,0.5226403479649567,2024,0.1320307155021057,0.1697616010317566,0.2228430383977136,0.5226403479649567,0.6666666666666666
ARG,3903,0.1940330323322135,2024,0.7621425207070637,0.1262108194041902,0.2849673109050676,0.1940330323322135,0.5694444444444444
ARG,3904,0.5517718072319648,2024,0.6107421092232835,0.1364294026730531,0.2926439641370683,0.5517718072319648,0.6041666666666666
ARG,3905,0.0544134354086611,2024,0.9260476351040088,0.1091901846105767,0.3843061180742169,0.0544134354086611,0.5347222222222222
ARG,3906,0.0536424468142031,2024,1.004101419400772,0.1117014962662785,0.4164142420827766,0.0536424468142031,0.5763888888888888
ARG,3907,0.1315774868119228,2024,0.3033008704714597,0.1185626880473783,0.244924684576138,0.1315774868119228,0.5416666666666666
ARG,3908,0.0166912825810067,2024,1.5679157665933967,0.1094495306310321,0.4666553253072092,0.0166912825810067,0.5972222222222222
ARG,3909,0.0361759694852138,2024,1.054764502735806,0.1078514168354502,0.3376488726689878,0.0361759694852138,0.5208333333333334
ARG,3910,0.0455089059997151,2024,1.7925635014284278,0.0891911585624646,0.5463600633282041,0.0455089059997151,0.5833333333333334
ARG,3911,0.0135998829353627,2024,1.3654578920869371,0.0923111265025682,0.4800636743600131,0.0135998829353627,0.5486111111111112
ARG,3912,0.0037363310606702,2024,0.944994966055126,0.1128565601240972,0.3554157647635206,0.0037363310606702,0.5625
ARG,3913,0.6127746321727976,2024,0.5757541543433589,0.1405586570412283,0.3663777367466154,0.6127746321727976,0.6597222222222222
ARG,3914,9.37330022011642e-05,2024,1.3993736058366166,0.0952120267721413,0.4326411803951525,9.37330022011642e-05,0.5416666666666666
ARG,3915,0.0041327930312793,2024,-0.5604051442835274,0.1487996896471327,0.0691525006736747,0.0041327930312793,0.5208333333333334
ARG,3916,0.2525629501758161,2024,0.7529283402551016,0.1238779159966655,0.2881038929569925,0.2525629501758161,0.5555555555555556
ARG,3917,0.3609493983370347,2024,0.1213519057710345,0.1431256871308385,0.1215067073703884,0.3609493983370347,0.5347222222222222
ARG,3918,0.0037743607370134,2024,0.8401106793402816,0.0803919053388054,0.3791578346048496,0.0037743607370134,0.5069444444444444
ARG,3919,0.0595763105712408,2024,1.3116432506590112,0.0906843633272022,0.4418975409570691,0.0595763105712408,0.5138888888888888
ARG,3920,0.2182272634869955,2024,0.2041980489927867,0.1459759732381833,0.1396648904417451,0.2182272634869955,0.5625
ARG,3921,0.0295913335839428,2024,0.8107206050445303,0.130151827597671,0.213321283732999,0.0295913335839428,0.5208333333333334
ARG,3922,0.0348165117265663,2024,0.4393514683165573,0.1208138119270666,0.164678686726834,0.0348165117265663,0.5138888888888888
ARG,3923,0.2673440121386119,2024,-0.014698101530555,0.1498324254909403,0.0772992024904825,0.2673440121386119,0.5555555555555556
ARG,3924,0.0395137936900017,2024,-0.5669119452141713,0.1202663263569143,0.057466705386829,0.0395137936900017,0.5138888888888888
ARG,3925,0.0924305090482002,2024,0.2406664014596475,0.1332057693011709,0.1314650187585808,0.0924305090482002,0.5277777777777778
ARG,3926,0.0851796356562537,2024,1.160528641647414,0.1091851844161834,0.3732427674926817,0.0851796356562537,0.5138888888888888
ARG,4001,0.0012938080555003,2024,-2.743239785855513,0.1125333983080388,-0.3322396989624875,0.0012938080555003,0.4305555555555556
ARG,4002,0.3063993224147968,2024,-0.1603674489873076,0.1129152118092099,0.184009843667783,0.3063993224147968,0.5138888888888888
ARG,4003,0.0217065688222252,2024,-0.2950272025544474,0.1314607970531272,0.0638384700044389,0.0217065688222252,0.5416666666666666
ARG,4004,0.0235544550208378,2024,-0.2931201939138713,0.1591719371211173,0.0666926771772181,0.0235544550208378,0.5833333333333334
ARG,4005,0.1964883033577509,2024,1.0441355382269175,0.1231082951334217,0.3333134024841572,0.1964883033577509,0.5694444444444444
ARG,4006,0.1478344683166609,2024,0.614888579576166,0.1261153059667352,0.2895321453981601,0.1478344683166609,0.5625
ARG,4007,0.013019590700895,2024,0.4046402681484376,0.0950527783114575,0.1780346277274031,0.013019590700895,0.5486111111111112
ARG,4008,0.04297445703529,2024,0.8812431128105113,0.1294955470311857,0.2707673843930325,0.04297445703529,0.5486111111111112
ARG,4009,0.1861888947665624,2024,0.8045768242786296,0.1120065813846035,0.2861415550602031,0.1861888947665624,0.5277777777777778
ARG,4010,0.4180480596671797,2024,0.7386523574432251,0.1109507599870207,0.2842128512125091,0.4180480596671797,0.5347222222222222
ARG,4011,0.161177985769031,2024,0.2383375694898348,0.1143343029938105,0.1385508739582852,0.161177985769031,0.5069444444444444
ARG,4012,0.0916134847657135,2024,0.3022929053391182,0.1252153359937658,0.2403892936450647,0.0916134847657135,0.5625
ARG,4013,0.0,2024,-0.0178149978267693,0.0954670607460596,0.1714732776792399,0.0,0.5
ARG,4014,0.0650559962137884,2024,0.4681158930642765,0.1180086370683475,0.2548759351098513,0.0650559962137884,0.5347222222222222
ARG,4015,0.0016562544052183,2024,-1.0064444932343235,0.0807537604699687,-0.0345912901921557,0.0016562544052183,0.4375
ARG,4016,0.1294266820757691,2024,0.7735044431133111,0.1206967972735696,0.2365365676843377,0.1294266820757691,0.5138888888888888
ARG,4017,0.0041721954303182,2024,0.4403526519918294,0.1245050421646047,0.1898410115172717,0.0041721954303182,0.5416666666666666
ARG,4101,0.2155734812842372,2024,-1.2417586076441345,0.1606631219292849,-0.0432403525959608,0.2155734812842372,0.5555555555555556
ARG,4102,0.1452159720512155,2024,-1.2887031261060695,0.1669485155460052,-0.0707668471029925,0.1452159720512155,0.5902777777777778
ARG,4103,0.1605312798423323,2024,-2.1790237839499516,0.1905572811878892,-0.0778680677877965,0.1605312798423323,0.6388888888888888
ARG,4104,0.908865297727994,2024,-1.3195304884492578,0.1868311948151102,-0.1292852069712599,0.908865297727994,0.5972222222222222
ARG,4105,0.0020406897570132,2024,-1.635962801319882,0.1440645109801575,-0.1090150958593949,0.0020406897570132,0.5277777777777778
ARG,4106,0.0130791834405231,2024,-1.742540065341098,0.1479560627757384,-0.1446359401904945,0.0130791834405231,0.5347222222222222
ARG,4107,0.2431057441074151,2024,-0.9864930127826196,0.1351396740872581,0.0733103226978929,0.2431057441074151,0.5486111111111112
ARG,4108,0.0043312245532506,2024,0.0254483598509977,0.1303088235568437,0.1556791854089354,0.0043312245532506,0.5486111111111112
ARG,4109,0.3458212057276607,2024,-0.3822273535401219,0.1277689270332198,0.1609984892379792,0.3458212057276607,0.5902777777777778
ARG,4110,0.0083308001210963,2024,-0.7078650545278309,0.1335845535454673,0.0245380750910509,0.0083308001210963,0.5347222222222222
ARG,4111,0.4398789093330524,2024,0.7262974069510518,0.0943835958869118,0.3470746759482751,0.4398789093330524,0.5208333333333334
ARG,4201,0.3171542305491721,2024,-0.013301996596996,0.1156460998945798,0.2020480974095848,0.3171542305491721,0.5347222222222222
ARG,4202,0.0301132109512053,2024,-1.042418321470025,0.1030216046971765,0.0071061739006648,0.0301132109512053,0.4861111111111111
ARG,4203,0.0577631029595484,2024,-1.0942885747916171,0.1293822778311145,-0.1266825047839445,0.0577631029595484,0.4930555555555556
ARG,4204,0.0,2024,-0.1949482934737703,0.0,0.0,0.0,0.5034722222222222
ARG,4205,0.199665950142137,2024,-0.3474045601586569,0.1417974445292034,0.0678062166021817,0.199665950142137,0.5625
ARG,4206,0.7444600312359893,2024,-0.6524495777028076,0.21318069763921,0.1349526964168436,0.7444600312359893,0.7708333333333334
ARG,4301,0.400344720155303,2024,-0.0207314048822706,0.1489595162690378,0.1574050090466092,0.400344720155303,0.6180555555555556
ARG,4302,0.6013969400853089,2024,-0.0947718702405628,0.1614608200797142,0.1158668004734772,0.6013969400853089,0.6458333333333334
ARG,4303,0.3824343134505939,2024,-0.3389774477929368,0.1316289547212583,0.1388543065231331,0.3824343134505939,0.5555555555555556
ARG,4304,0.0006019577340117,2024,-0.2224242855259239,0.1006812105609795,0.1388989719056342,0.0006019577340117,0.4791666666666667
ARG,4401,0.0698461460431404,2024,-0.1941034093454455,0.1581305290778077,0.0846625778608324,0.0698461460431404,0.6319444444444444
ARG,4402,0.7670469157330656,2024,-1.7239912479963828,0.1843903742121925,-0.2019645091715175,0.7670469157330656,0.5902777777777778
ARG,4403,0.408407546210676,2024,-1.1603534813156573,0.1639924155632483,0.0413137931715548,0.408407546210676,0.5833333333333334
ARG,4404,0.1989818276687084,2024,-0.1017389799407496,0.1481743230962385,0.0734193217229401,0.1989818276687084,0.5555555555555556
ARG,4405,0.0,2024,0.9279313084667667,0.1110927566102756,0.3906331499302838,0.0,0.5625
ARG,4406,0.1287975674541431,2024,0.2295071300263041,0.131145453488831,0.2359176871595687,0.1287975674541431,0.5833333333333334
ARG,4407,0.4450673047544959,2024,-1.125487840222121,0.1672423986814646,0.0633925350050607,0.4450673047544959,0.6319444444444444
ARG,4408,0.1055769962690259,2024,-0.8845195312493324,0.1430025327350069,0.0151729892439232,0.1055769962690259,0.5347222222222222
ARG,4409,0.7465336105557218,2024,-0.7595108155326324,0.1823261844397784,0.0322450094089865,0.7465336105557218,0.6527777777777778
ARG,4410,0.2095105927584098,2024,0.11237992275218,0.1542003744770911,0.1513686999304243,0.2095105927584098,0.6041666666666666
ARG,4411,0.605125062159299,2024,-0.1583969819170508,0.1800685174963565,0.0864860592101078,0.605125062159299,0.6736111111111112
ARG,4412,0.0536016533590507,2024,-0.9612264371061512,0.161916749703869,-0.0439923266325008,0.0536016533590507,0.5763888888888888
ARG,4413,0.0001159429497322,2024,0.0084041219249218,0.1362022350947601,0.1605703938864967,0.0001159429497322,0.5416666666666666
ARG,4414,0.0090965742799812,2024,0.2718653654868002,0.107267065137054,0.2194618513613651,0.0090965742799812,0.5069444444444444
ARG,4415,0.0111598557975301,2024,0.1807976293828775,0.1471571076325641,0.1196472451080556,0.0111598557975301,0.5416666666666666
ARG,4416,0.0421276627510363,2024,0.4415975326522257,0.1353110922467089,0.2859884167393225,0.0421276627510363,0.6111111111111112
ARG,4417,0.572047220365488,2024,-0.2718009072099923,0.1494020855930267,0.0314900206774464,0.572047220365488,0.5694444444444444
ARG,4418,0.0687668172599807,2024,0.045486012202872,0.1471894828055447,0.1357646830402137,0.0687668172599807,0.5625
ARG,4419,0.006175030482516,2024,-1.0206826580401944,0.0927720586222418,0.0654395926012719,0.006175030482516,0.4791666666666667
ARG,4420,0.0052376695708846,2024,-0.9486046517108406,0.1169995474344069,-0.04266619408054,0.0052376695708846,0.4930555555555556
ARG,4421,0.1644095994935211,2024,-0.2357168921486666,0.1335685629681844,0.0961730373627905,0.1644095994935211,0.5347222222222222
ARG,4501,0.0,2024,-0.7298191028430636,0.1054989808413146,0.1322909184599157,0.0,0.5
ARG,4502,0.0216625850734774,2024,0.4287805903576636,0.1104910117388407,0.2515782105460971,0.0216625850734774,0.5347222222222222
ARG,4503,0.000495309185495,2024,-0.5360627798929315,0.1264435346669619,0.1319525962955619,0.000495309185495,0.5625
ARG,4504,0.0429276672276584,2024,-0.2279884650005671,0.1204395250760037,0.1925716469329801,0.0429276672276584,0.5416666666666666
ARG,4601,0.0,2024,-1.4041599851953368,0.1419522466421556,-0.1712117929037909,0.0,0.5208333333333334
ARG,4602,0.0008130733342484,2024,-1.4400433565263906,0.1318338441256815,-0.1576952689850429,0.0008130733342484,0.4861111111111111
ARG,4701,0.0,2024,0.7215775164456234,0.1340310534915973,0.347990309023418,0.0,0.6388888888888888
ARG,4702,0.0,2024,0.214617768902103,0.1250560588898013,0.2589283554301026,0.0,0.6041666666666666
ARG,4703,0.4784687104076192,2024,-0.0036370806000068,0.1612588139388812,0.1790603645021214,0.4784687104076192,0.6805555555555556
ARG,4704,0.0,2024,1.1043679702803657,0.1175047921849408,0.5157457984114507,0.0,0.6458333333333334
ARG,4705,0.0,2024,0.0792858883198802,0.1560092772882783,0.1918909720537367,0.0,0.6736111111111112
ARG,4706,0.026833958231056,2024,-0.2867854494036547,0.1312337104320521,0.1402012293893899,0.026833958231056,0.5694444444444444
ARG,4707,0.0031023214352843,2024,-0.3427094952480343,0.1516974667129282,0.0533036157288685,0.0031023214352843,0.5486111111111112
ARG,4801,0.0020103360820113,2024,1.0887077645778716,0.1102339925120971,0.4375233324092659,0.0020103360820113,0.6041666666666666
ARG,4802,0.4980567420094762,2024,0.4313665955496037,0.1303096141019303,0.2076661593679326,0.4980567420094762,0.5902777777777778
ARG,4803,0.3180931359700996,2024,-0.4661942703151129,0.1623666627639119,-0.0125051584122223,0.3180931359700996,0.5833333333333334
ARG,4804,0.155914878884212,2024,-0.1190287457136098,0.157066008688246,0.1232598753957792,0.155914878884212,0.625
ARG,4805,0.0667741469147236,2024,0.1420806562258107,0.141147461799949,0.1640077919692023,0.0667741469147236,0.5555555555555556
ARG,4806,0.0003105921212889,2024,1.182515652646266,0.0990481854705463,0.4461990699485965,0.0003105921212889,0.5416666666666666
ARG,4807,0.0005178551818978,2024,0.6759287155261317,0.129295988681371,0.2797841187793666,0.0005178551818978,0.5763888888888888
ARG,4808,0.2982796948091879,2024,0.673776829667249,0.1274997434996771,0.2631029215602977,0.2982796948091879,0.5208333333333334
ARG,4809,0.0018998094740007,2024,0.1347910383769315,0.1104089002001467,0.2361854600174115,0.0018998094740007,0.5277777777777778
ARG,4810,0.0243632376760039,2024,0.7866573344849703,0.112037317160484,0.4179523359016996,0.0243632376760039,0.6111111111111112
ARG,4811,0.2407325710235222,2024,0.5266803376353051,0.1304917029737877,0.2389491631823337,0.2407325710235222,0.5486111111111112
ARG,4812,0.2416674851196111,2024,0.548505994245633,0.1316244576832658,0.3193164699437747,0.2416674851196111,0.6041666666666666
ARG,4813,0.3554603693264669,2024,-0.0104636552917399,0.1455972176204285,0.161845840651964,0.3554603693264669,0.5694444444444444
ARG,4814,0.0653493388215268,2024,0.4092741179996778,0.1195779902197316,0.284459244879725,0.0653493388215268,0.5694444444444444
ARG,4815,0.0,2024,-0.1949482934737703,0.0,0.0,0.0,0.5034722222222222
ARG,4816,0.0238994087023386,2024,0.1213109338563742,0.0944839333955877,0.3262418279234961,0.0238994087023386,0.5
ARG,4817,0.1001017163537317,2024,0.1193486240505057,0.1267775514891279,0.1371850988298797,0.1001017163537317,0.5138888888888888
ARG,4818,0.309022500126882,2024,0.0091159734673072,0.1417747575664088,0.0802282059821675,0.309022500126882,0.5486111111111112
ARG,4819,0.2202587102607103,2024,-0.2594169390918858,0.1403454161544716,0.0320496717563857,0.2202587102607103,0.5277777777777778
ARG,4820,0.0180988943386112,2024,-0.9663142440440344,0.1222854813924407,-0.099170288932335,0.0180988943386112,0.4722222222222222
ARG,4821,0.289617583076752,2024,0.0808433864650495,0.1409151958180997,0.1030954256387198,0.289617583076752,0.5277777777777778
ARG,4822,0.0934196345585461,2024,0.297866939069235,0.1407319389098706,0.1310784019284155,0.0934196345585461,0.5555555555555556
ARG,4823,0.1848053617294486,2024,0.1838418354602072,0.1305908253369164,0.1492173680568809,0.1848053617294486,0.5277777777777778
ARG,4901,0.2696962348105438,2024,0.5343665789349519,0.1307256950732406,0.1889655977307038,0.2696962348105438,0.5208333333333334
ARG,4902,0.0918810766693622,2024,1.1452279605891122,0.119949819176471,0.3469810455058342,0.0918810766693622,0.5555555555555556
ARG,4903,0.035552464848984,2024,0.8359141194130731,0.0707813550201848,0.3470314290617627,0.035552464848984,0.4722222222222222
ARG,4904,0.0876278989412533,2024,2.111075604605544,0.0978098703819388,0.6423165396866007,0.0876278989412533,0.6111111111111112
ARG,4905,0.0117443979064401,2024,0.4697199415185914,0.1233900877924327,0.2447781754479426,0.0117443979064401,0.5416666666666666
ARG,4906,0.0013942386349542,2024,0.7516348532830762,0.1329155647296412,0.283489290900315,0.0013942386349542,0.5625
ARG,4907,0.0033730456244215,2024,-1.1143115247126116,0.1475269619486877,0.0059545851350197,0.0033730456244215,0.5208333333333334
ARG,4908,0.0882617964098602,2024,0.5473427477353081,0.0808138155073509,0.3427634686077947,0.0882617964098602,0.4722222222222222
ARG,4909,0.0085210231453164,2024,-0.3600514967690253,0.0740004607172151,0.2553187960268359,0.0085210231453164,0.4583333333333333
ARG,4910,0.0597311215637806,2024,0.814457775315914,0.1075020242961098,0.3187334053179026,0.0597311215637806,0.5208333333333334
ARG,4911,0.0860141611992107,2024,0.6289173967563846,0.1319794903768389,0.2108840676087426,0.0860141611992107,0.5208333333333334
ARG,5001,0.0,2024,-1.898533290577144,0.1484581135757115,-0.1086364216690706,0.0,0.5833333333333334
ARG,5002,0.0,2024,-0.0004834394731056,0.0872856186736729,0.2454690569764462,0.0,0.5069444444444444
ARG,5003,0.0,2024,-0.868418906218391,0.0927699270985985,0.2620262885412289,0.0,0.5277777777777778
ARG,5004,0.0,2024,0.1730505073947036,0.0905284530274793,0.2925730292355808,0.0,0.5138888888888888
ARG,5005,0.0,2024,1.0850617419529274,0.065871612037333,0.4129176330026678,0.0,0.4722222222222222
ARG,5006,0.0,2024,-0.1971435021389455,0.1091535493854674,0.2174186652894007,0.0,0.5416666666666666
ARG,5007,3.190008788432587e-05,2024,0.549102455988372,0.0901325981972043,0.3328915536800793,3.190008788432587e-05,0.5069444444444444
ARG,5101,0.7314221220025375,2024,-1.2160742053912954,0.2166212173758298,0.0330560912343973,0.7314221220025375,0.7847222222222222
ARG,5102,0.4818928792887705,2024,-2.079142959578086,0.1544444999546863,-0.0745643934714238,0.4818928792887705,0.6319444444444444
ARG,5103,0.9606036198593454,2024,-0.4018875527982042,0.1657043351223137,0.1437720210367418,0.9606036198593454,0.6666666666666666
ARG,5104,0.0392070350097682,2024,-0.0337267407820457,0.1137070382198169,0.224610043445371,0.0392070350097682,0.5486111111111112
ARG,5105,0.953010054669252,2024,-0.6467121672947859,0.1613059415103111,0.2234171548720575,0.953010054669252,0.7083333333333334
ARG,5106,0.0047804907501388,2024,0.3247476382907455,0.1063466395165585,0.2297577195346886,0.0047804907501388,0.5277777777777778
ARG,5107,0.2389581658815306,2024,0.2469249423661912,0.1091353863223135,0.2334394068823182,0.2389581658815306,0.5277777777777778
ARG,5108,0.0,2024,-0.416625973290019,0.1075758339333952,0.2298743651845113,0.0,0.5277777777777778
ARG,5109,0.0401249843715799,2024,-0.1503271507427947,0.1358851811482895,0.2047465841801417,0.0401249843715799,0.6111111111111112
ARG,5110,0.0,2024,0.785886726989721,0.0921858957225679,0.3561328807117025,0.0,0.5208333333333334
ARG,5111,0.0001275547305586,2024,0.4466171588852876,0.1065153047002485,0.2870240867867812,0.0001275547305586,0.5208333333333334
ARG,5112,0.0006134605454679,2024,0.5315652801303379,0.1120584012438859,0.3135259220089642,0.0006134605454679,0.5486111111111112
ARG,5113,0.0,2024,0.91167796415392,0.0797584717498329,0.3357958839782476,0.0,0.4930555555555556
ARG,5201,0.7099744814955302,2024,-2.703548834419883,0.2499207170660946,-0.3167901069277802,0.7099744814955302,0.7986111111111112
ARG,5202,0.4270083233471365,2024,-1.944432959153479,0.1779618980485907,-0.3278159570107768,0.4270083233471365,0.5833333333333334
ARG,5203,0.0552350155943158,2024,-1.3649301782984051,0.1342309664627603,-0.0863409268114635,0.0552350155943158,0.5138888888888888
ARG,5204,0.0276351444002016,2024,-0.765337682016602,0.1227383065671005,-0.0514128557343452,0.0276351444002016,0.4930555555555556
ARG,5205,0.2413242876863115,2024,-1.7321574503143686,0.1433703733646698,-0.2613053943858711,0.2413242876863115,0.5069444444444444
ARG,5206,0.0,2024,-1.0344855130064687,0.1205344708665953,-0.1057330486565163,0.0,0.4861111111111111
ARG,5207,0.0270846733763418,2024,0.0900978609181891,0.138198209939021,0.1526242461005588,0.0270846733763418,0.5833333333333334
ARG,5208,0.0432097244474235,2024,-1.2401216717164238,0.1309104811814209,-0.0318717411704841,0.0432097244474235,0.5138888888888888
ARG,5209,0.1597533690072313,2024,-1.5371216461591206,0.1319441028173223,-0.1343742048555529,0.1597533690072313,0.5
ARG,5210,0.0044297542749563,2024,-0.6720329808337064,0.1133346106030208,-0.004259689765167,0.0044297542749563,0.5
ARG,5211,0.0053023725807836,2024,-0.8524465851121897,0.1057417137357128,0.0718221870042636,0.0053023725807836,0.5208333333333334
ARG,5212,0.0016362294797831,2024,-0.8478183387080597,0.1148014150655048,0.0805049505138262,0.0016362294797831,0.5416666666666666
ARG,5301,0.0,2024,-0.0202940498635214,0.1329802701366768,0.2490239538652429,0.0,0.6458333333333334
ARG,5302,0.0,2024,0.1088298469599726,0.1306859675012701,0.2087105178066243,0.0,0.5694444444444444
ARG,5303,0.0,2024,-2.262779329064625,0.1508696138226972,-0.2390037404520322,0.0,0.6111111111111112
ARG,5304,0.0,2024,-0.1949482934737703,0.0,0.0,0.0,0.5034722222222222
ARG,5305,0.0,2024,-1.7448418843951985,0.1464803629111104,-0.1913589580956471,0.0,0.5347222222222222
ARG,5306,0.0,2024,-0.1053559863618886,0.1129677023039419,0.1720907626917564,0.0,0.5416666666666666
ARG,5307,0.0,2024,-1.417728151510998,0.1219821288949533,-0.1347424455137909,0.0,0.5486111111111112
ARG,5308,0.0805544795360282,2024,-0.7656783389472276,0.12919442840155,-0.0101360602992195,0.0805544795360282,0.5208333333333334
ARG,5309,0.0045071984291147,2024,0.4173943928540333,0.1043457302011085,0.2061668407445026,0.0045071984291147,0.5277777777777778
ARG,5310,0.0033997606719265,2024,-1.9797880776964525,0.1056931103453274,-0.3094593796413257,0.0033997606719265,0.4861111111111111
ARG,5311,0.0,2024,-0.1777262902646533,0.0866611257373746,0.1844576845124846,0.0,0.4791666666666667
ARG,5401,0.0170172915869193,2024,-0.2814547529031254,0.115152030482788,0.0915930592635014,0.0170172915869193,0.5069444444444444
ARG,5402,0.0745234299117325,2024,0.5036672081783242,0.1003893616491906,0.2070942644608981,0.0745234299117325,0.4930555555555556
ARG,5403,0.0,2024,0.644358427009388,0.0977226923408257,0.3456900261680243,0.0,0.5416666666666666
ARG,5404,0.0545123732800008,2024,0.4619196098994544,0.1109795255406443,0.2741115489689923,0.0545123732800008,0.5277777777777778
ARG,5405,0.1149437574614727,2024,0.1540168473156304,0.0897194253753052,0.2482585179231224,0.1149437574614727,0.4930555555555556
ARG,5406,0.056684402529255,2024,0.1165332648791633,0.092202163116184,0.3320874182842656,0.056684402529255,0.5277777777777778
ARG,5407,0.0181006196227409,2024,-0.3541855432863693,0.0972481642696821,0.1365283080513372,0.0181006196227409,0.5
ARG,5408,8.673702052921699e-05,2024,0.5160724492733209,0.097034828434481,0.2511240176394315,8.673702052921699e-05,0.5347222222222222
ARG,5501,0.0,2024,0.2133312232692956,0.1180160151563058,0.2195065380686006,0.0,0.5347222222222222
ARG,5502,0.0,2024,0.893131190271938,0.10847286438059,0.5269982048020696,0.0,0.6111111111111112
ARG,5503,0.0730299024031971,2024,-0.3260206041334236,0.1219467931277162,0.1105908007545639,0.0730299024031971,0.5416666666666666
ARG,5504,0.0,2024,0.2138572331804544,0.0948051964130554,0.229798047399743,0.0,0.4861111111111111
ARG,5505,0.0092692243512971,2024,-0.2477283272609613,0.1414936196566952,0.0417045892351009,0.0092692243512971,0.5486111111111112
ARG,5506,0.0,2024,-0.2507170164050085,0.1232947439385484,0.1704564549869757,0.0,0.5347222222222222
ARG,5507,0.0,2024,0.4227996711899652,0.1146124362585285,0.3729817102484857,0.0,0.5763888888888888
ARG,5508,0.0007663991914122,2024,-0.76525869011559,0.1113271229839556,-0.0521929623743997,0.0007663991914122,0.4722222222222222
ARG,5509,0.032481749702196,2024,-0.5457893165989792,0.1302060675627218,-0.0467547637346583,0.032481749702196,0.5069444444444444
ARG,5510,0.0011448166676031,2024,-0.0637401290630082,0.1053961724012124,0.0789012399718305,0.0011448166676031,0.5138888888888888
ARG,5511,0.1121510957074983,2024,-0.8342122454622356,0.1274851603729975,0.0337568748280621,0.1121510957074983,0.5486111111111112
ARG,5512,0.0003447895277483,2024,-0.0607273483689242,0.1076788257792634,0.1814474865399593,0.0003447895277483,0.5277777777777778
ARG,5513,0.0016808141594283,2024,-1.0046779966023944,0.1224826287832045,-0.0782859505720431,0.0016808141594283,0.4930555555555556
ARG,5514,3.91851815297798e-05,2024,-0.2513691727902084,0.1157521279605735,0.1356354735443988,3.91851815297798e-05,0.5416666666666666
ARG,5515,0.0038457459077012,2024,-0.048977098487639,0.112064539385546,0.1174403031515593,0.0038457459077012,0.5347222222222222
ARG,5516,0.0009867888020653,2024,-0.2184046651546443,0.093983291353685,0.1600289758019814,0.0009867888020653,0.5069444444444444
ARG,5601,0.3738868517731674,2024,0.162733885282955,0.1430379973271712,0.1565256230378227,0.3738868517731674,0.5486111111111112
ARG,5602,0.014529570021032,2024,0.4820598580889933,0.1119534541703968,0.222811973717594,0.014529570021032,0.5208333333333334
ARG,5603,0.3462290993385104,2024,0.9512601444938192,0.1238232771103538,0.332891880095872,0.3462290993385104,0.5833333333333334
ARG,5604,0.00142006501288,2024,0.5542030146386675,0.0898152179813775,0.2615641132553753,0.00142006501288,0.4861111111111111
ARG,5605,0.2158113460243614,2024,0.3510108783013632,0.1164885662914507,0.2658098341772757,0.2158113460243614,0.5694444444444444
ARG,5606,0.0010710081462479,2024,0.6622530718613299,0.1058715064384435,0.2718868652574938,0.0010710081462479,0.5416666666666666
ARG,5607,0.0298043969253791,2024,-0.7356553029147473,0.140738109677286,-0.0810138951310998,0.0298043969253791,0.5
ARG,5608,0.0241722247472448,2024,-0.5421124603560147,0.1286725801059207,-0.0273886396162897,0.0241722247472448,0.4930555555555556
ARG,5609,0.0749157423985518,2024,-0.4415640030774866,0.1219176681871096,-0.0042973935124553,0.0749157423985518,0.4861111111111111
ARG,5701,0.0569449173435517,2024,-0.9569329366418096,0.1298523089710001,-0.0504502768922679,0.0569449173435517,0.5555555555555556
ARG,5702,0.0169631096166691,2024,-1.0050546831028146,0.1562019017644581,-0.07900809652159,0.0169631096166691,0.5972222222222222
ARG,5703,0.0307395649952644,2024,-0.1764687373639043,0.132887454732439,0.1291585350294112,0.0307395649952644,0.5416666666666666
ARG,5704,0.2477452260533099,2024,0.2119449520405519,0.1224102782655464,0.2196933409670541,0.2477452260533099,0.5486111111111112
ARG,5705,0.0476211723440387,2024,-0.6147434908564623,0.1219124563420586,0.0647426987648867,0.0476211723440387,0.5555555555555556
ARG,5801,0.0032797643235193,2024,0.5197348432833435,0.1053140423743761,0.2375771446012492,0.0032797643235193,0.5347222222222222
ARG,5802,0.8070817876210643,2024,-0.9817590688339044,0.1520565527206185,-0.0489584641504133,0.8070817876210643,0.5763888888888888
ARG,5803,0.6794140558793815,2024,0.4828193950621919,0.1231584836212945,0.3066548616261624,0.6794140558793815,0.5972222222222222
ARG,5804,0.0,2024,-0.728952763105107,0.1064144306622598,0.0732619592554237,0.0,0.5069444444444444
ARG,5805,0.0517719041294885,2024,-0.3158402468840739,0.1464805331583571,0.0866820806449034,0.0517719041294885,0.5416666666666666
ARG,5806,0.0114899790091545,2024,-0.1850422683627065,0.110711433259153,0.0704237397337186,0.0114899790091545,0.5
ARG,5807,0.0147622505201984,2024,-0.4914321650758472,0.0949388434016062,0.0137190734479872,0.0147622505201984,0.4444444444444444
ARG,5808,0.012973713792748,2024,-0.2648511077104393,0.1241547485858112,0.0609696068369033,0.012973713792748,0.5
ARG,5809,0.0,2024,0.3357049800912363,0.1137740645941288,0.2324371111366962,0.0,0.5347222222222222
ARG,5810,0.0036076147713504,2024,-0.7960124484260103,0.1005972296688934,0.0438084804453964,0.0036076147713504,0.4930555555555556
ARG,5811,0.0057462467778565,2024,0.0832432253203247,0.1173993617663047,0.137120382952198,0.0057462467778565,0.5277777777777778
ARG,5901,0.0017302905471371,2024,-0.9321029075086916,0.1045571973470858,0.0842628169691703,0.0017302905471371,0.4930555555555556
ARG,5902,0.0014208489231359,2024,0.5892779984182646,0.0984255119753398,0.2344207646788862,0.0014208489231359,0.5208333333333334
ARG,5903,0.0167356559328084,2024,1.1829869986707358,0.0696292458079264,0.4411474054248841,0.0167356559328084,0.4861111111111111
ARG,5904,0.0007197580840588,2024,0.4824963232523992,0.1205862659510978,0.3516187483936228,0.0007197580840588,0.6180555555555556
ARG,5905,0.0,2024,0.9052527711943336,0.1157376305356986,0.3525032663274537,0.0,0.5902777777777778
ARG,5906,0.0609605421743712,2024,1.119010642131245,0.1065453742810264,0.3818902727059199,0.0609605421743712,0.5416666666666666
ARG,5907,0.0451385917856229,2024,0.5237373093074716,0.099945423901911,0.2955221542018883,0.0451385917856229,0.5347222222222222
ARG,5908,0.0711541292387069,2024,0.0587780100476457,0.1261244621919055,0.2146574856308478,0.0711541292387069,0.5625
ARG,5909,0.329892334645642,2024,0.7982958954840182,0.1095683035666042,0.33383305389167,0.329892334645642,0.5277777777777778
ARG,5910,0.0720367404549652,2024,0.9681233650960036,0.1062525207166085,0.327374523627151,0.0720367404549652,0.5416666666666666
ARG,5911,0.0560893744002995,2024,1.2622278713807682,0.1068481210676028,0.3664905134719567,0.0560893744002995,0.5069444444444444
ARG,6001,0.0002706797749606,2024,-0.4628894163161407,0.0926094014272886,0.0707459491734245,0.0002706797749606,0.4930555555555556
ARG,6002,0.0068252972142042,2024,-0.7100530765873783,0.1218029926290652,-0.0361141646609037,0.0068252972142042,0.5069444444444444
ARG,6101,0.0064790691841776,2024,-1.2784372365985504,0.1424033690627751,-0.2013837888017522,0.0064790691841776,0.4791666666666667
ARG,6102,0.006242222434918,2024,-1.2534196956123742,0.1420057476997324,-0.1890503820762831,0.006242222434918,0.4791666666666667
ARG,6103,0.0037553276151947,2024,-1.472175943649291,0.1372754624157766,-0.2680945380680298,0.0037553276151947,0.4861111111111111
ARG,6104,0.0064472939125318,2024,-1.424164560367336,0.1380903605303778,-0.2358876527620612,0.0064472939125318,0.4791666666666667
ARG,6105,0.0021324702471314,2024,-1.8001267813874078,0.154103292366811,-0.3428585651268682,0.0021324702471314,0.5069444444444444
ARG,6106,0.0077691686228829,2024,-1.5573445893929423,0.1483737196229269,-0.2677891784140943,0.0077691686228829,0.4930555555555556
ARG,6107,0.0241155205356047,2024,-1.2911342194661928,0.1348673313574088,-0.188314503236273,0.0241155205356047,0.4791666666666667
ARG,6108,0.0060863994257259,2024,-1.49481121027394,0.1283390028970111,-0.2299617727173689,0.0060863994257259,0.4652777777777778
ARG,6109,0.0101034408438539,2024,-1.5939829578613085,0.1449091898840381,-0.283716569081377,0.0101034408438539,0.4930555555555556
ARG,6110,0.0061443485270426,2024,-1.40071122811784,0.136905395325155,-0.2324159930070989,0.0061443485270426,0.4861111111111111
ARG,6111,0.0130143329374853,2024,-1.481532242664748,0.1458291965382682,-0.2232484583787738,0.0130143329374853,0.5138888888888888
ARG,6112,0.0161667439691805,2024,-1.0214412426683837,0.133147605648878,-0.1268026870113134,0.0161667439691805,0.4861111111111111
ARG,6113,0.0009975091511543,2024,-1.086165286173754,0.1208749870695913,-0.082414357578598,0.0009975091511543,0.4722222222222222
ARG,6114,0.0317472682135107,2024,-1.3911739170472843,0.1384891383820899,-0.2201231336538694,0.0317472682135107,0.4861111111111111
ARG,6115,0.2053283929388172,2024,-0.7954554219376472,0.1205524271046337,-0.0837602268480284,0.2053283929388172,0.4722222222222222
ARG,6116,0.064395831370544,2024,-1.396083612794647,0.0965077750725094,-0.2054254131747976,0.064395831370544,0.4236111111111111
ARG,6117,0.0236787613586301,2024,-1.307629081261002,0.108806619193193,-0.0973625998954614,0.0236787613586301,0.4444444444444444
ARG,6201,0.011730026297782,2024,-1.4675884046417689,0.1249975442400066,-0.1901999770125615,0.011730026297782,0.4722222222222222
ARG,6202,0.0100330050522862,2024,-1.1895629658971412,0.1254104403966964,-0.1289073433892439,0.0100330050522862,0.4652777777777778
ARG,6203,0.012794795571419,2024,-1.404624123819065,0.1423539611553013,-0.2374597904344055,0.012794795571419,0.4861111111111111
ARG,6204,0.0140770937223531,2024,-1.2609379231802762,0.1384253558310323,-0.1921098090043376,0.0140770937223531,0.4791666666666667
ARG,6205,0.0809521836601744,2024,-1.4290243893639734,0.1327442323795194,-0.2435224389606986,0.0809521836601744,0.4583333333333333
ARG,6206,0.0129594639645164,2024,-1.19074596389648,0.136989130977031,-0.1637979236977055,0.0129594639645164,0.4791666666666667
ARG,6207,0.0088081074439788,2024,-1.1200084185722734,0.1386866837314607,-0.1703773602160285,0.0088081074439788,0.4930555555555556
ARG,6208,0.003657016633582,2024,-1.4731288533350813,0.127394864204839,-0.2279456990900252,0.003657016633582,0.4652777777777778
ARG,6209,0.0112898583848186,2024,-1.4064961652426882,0.1372008446170917,-0.2288045520196981,0.0112898583848186,0.4861111111111111
ARG,6210,0.010323259670678,2024,-1.4612655679712694,0.1221951960421422,-0.2397726229071725,0.010323259670678,0.4583333333333333
ARG,6211,0.0189311348448755,2024,-1.2629222462504686,0.1382576185762139,-0.1997514953033866,0.0189311348448755,0.4722222222222222
ARG,6212,0.0105663043093004,2024,-1.138358790875559,0.1208287522743898,-0.1422859551095151,0.0105663043093004,0.4513888888888889
ARG,6213,7.533332860103601e-05,2024,-0.7352538719552202,0.1081226729294707,0.0521996943641942,7.533332860103601e-05,0.4791666666666667
ARG,6214,0.0046839715658383,2024,-0.6814947816096403,0.1086999568612807,0.0868284120323884,0.0046839715658383,0.5138888888888888
ARG,6215,0.0012749053432961,2024,-0.7154988704395986,0.0977008937916408,0.1711158695831105,0.0012749053432961,0.5
ARG,6216,0.0037602906304708,2024,-1.368239478120948,0.1063062917369683,-0.1584383573855186,0.0037602906304708,0.4513888888888889
ARG,6217,0.0277273925865598,2024,-0.7568118718892358,0.1201730529925757,-0.03670661952294,0.0277273925865598,0.4722222222222222
ARG,6301,0.007829678624646,2024,-1.1143424330890557,0.1231368878789398,-0.0416712754418101,0.007829678624646,0.5277777777777778
ARG,6302,0.0106135099229637,2024,-1.1681050231143737,0.129247050982594,-0.1273671146175643,0.0106135099229637,0.5277777777777778
ARG,6303,0.0157776825335082,2024,-0.0024140321482147,0.1181140176353378,0.126046538680348,0.0157776825335082,0.5416666666666666
ARG,6304,0.0107427515265664,2024,-0.8729794771016075,0.1372369616808822,-0.0876172186438656,0.0107427515265664,0.5416666666666666
ARG,6305,0.0373417075045472,2024,-1.6440260447696255,0.1630747318322452,-0.2849615834227323,0.0373417075045472,0.5347222222222222
ARG,6306,0.0185641082688371,2024,-0.7718527286499436,0.1208112990072217,-0.0393665687699697,0.0185641082688371,0.4861111111111111
ARG,6307,0.0351466951751667,2024,-1.0491983423028246,0.1250890029375556,-0.1249261734392081,0.0351466951751667,0.4930555555555556
ARG,6308,0.0,2024,0.2484155803005981,0.1370276875694223,0.127918138569309,0.0,0.5416666666666666
ARG,6309,0.0059059838630452,2024,0.1433021930095032,0.1386889386940542,0.1846311069002878,0.0059059838630452,0.5486111111111112
ARG,6310,0.0014941151445636,2024,-0.8095821711699995,0.141420334242571,-0.0784220078464487,0.0014941151445636,0.4930555555555556
ARG,6401,0.1010942887302232,2024,-0.5478660061389583,0.1445420500772901,-0.0111299804634447,0.1010942887302232,0.5555555555555556
ARG,6402,0.0101357786510721,2024,-1.4458471718714616,0.087218096641622,-0.1220800521056838,0.0101357786510721,0.4236111111111111
ARG,6403,0.0203080432928631,2024,-0.8290643962792172,0.1147497819325806,-0.0485869271797163,0.0203080432928631,0.4791666666666667
ARG,6404,0.0115760616116423,2024,-1.1395540373048234,0.0965939559021826,-0.005771395882028,0.0115760616116423,0.4583333333333333
ARG,6405,0.0149620528348896,2024,-1.107473691250105,0.1240376851130083,-0.0895747560240779,0.0149620528348896,0.4791666666666667
ARG,6406,0.0305243002258535,2024,-0.594333596962606,0.1243867057786961,-0.0313939351583159,0.0305243002258535,0.5138888888888888
ARG,6501,0.0026892457064039,2024,-1.0335493699261369,0.1346573334671272,0.1059319729062001,0.0026892457064039,0.5902777777777778
ARG,6502,0.0,2024,-1.616749036132826,0.0879211941450754,-0.0797460226404584,0.0,0.4375
ARG,6503,0.0,2024,-0.1949482934737703,0.0,0.0,0.0,0.5034722222222222
ARG,6504,0.0055088738834107,2024,-1.1510086328921962,0.1024561991784458,0.0356643773248681,0.0055088738834107,0.4722222222222222
ARG,6505,0.0140839171043877,2024,-1.3895921891324536,0.096420955578601,-0.123469681037314,0.0140839171043877,0.4305555555555556
ARG,6506,0.0346307286820612,2024,0.3106323009079634,0.0965057127702822,0.2544730891319038,0.0346307286820612,0.5138888888888888
ARG,6507,0.0653577497392998,2024,-0.1952349907417601,0.1096316775534406,0.0619636998272407,0.0653577497392998,0.4861111111111111
ARG,6601,0.0046889231318628,2024,-0.4207327884069641,0.0659008852335284,0.1548204216157333,0.0046889231318628,0.4236111111111111
ARG,6602,0.0072462520848348,2024,0.223387260922551,0.0825576667201554,0.2987542512216851,0.0072462520848348,0.5
ARG,6603,0.0193584042434108,2024,0.0958342623118955,0.087617287578432,0.1573001078944761,0.0193584042434108,0.4791666666666667
ARG,6701,0.0262155532135504,2024,-1.1905424739642787,0.1192661706093263,0.0723752082802894,0.0262155532135504,0.5277777777777778
ARG,6702,0.0006727552675365,2024,-0.269301541062,0.0474509137499503,0.2080257322932368,0.0006727552675365,0.4027777777777778
ARG,6703,0.0199734946182504,2024,-1.9739873401003865,0.1416467548199332,-0.2271775644581727,0.0199734946182504,0.5347222222222222
ARG,6704,0.0033311200378315,2024,-2.4753567992204992,0.1218601029876628,-0.3618149478349707,0.0033311200378315,0.4513888888888889
ARG,6801,0.1335377125777055,2024,-0.5335194191572317,0.137528735885854,-0.0076351686546799,0.1335377125777055,0.5486111111111112
ARG,6802,0.0138252869982467,2024,-0.9339143506329846,0.1381190299740081,-0.0566627456935986,0.0138252869982467,0.5486111111111112
ARG,6803,0.3350670595075466,2024,-0.1407864473449167,0.1395728673958046,0.0860233887721804,0.3350670595075466,0.6458333333333334
ARG,6804,0.3643119619573557,2024,1.4984343934035405,0.0941519943971069,0.4370721460604621,0.3643119619573557,0.5208333333333334
ARG,6805,0.0305380029017778,2024,1.0397256691891708,0.1199580822064476,0.3323241288323492,0.0305380029017778,0.5347222222222222
ARG,6806,0.0245861128271808,2024,0.6985998245423897,0.134507169133499,0.2564377678926762,0.0245861128271808,0.5763888888888888
ARG,6807,0.5764346429951536,2024,-0.1250743821684205,0.1655993547859014,0.1478386718904365,0.5764346429951536,0.6666666666666666
ARG,6808,0.0149243946836737,2024,0.4666000269102993,0.1238231941156459,0.2276156494084123,0.0149243946836737,0.5277777777777778
ARG,6809,0.6589053393561607,2024,-0.3903183873790812,0.1715347527325519,0.0417434564102701,0.6589053393561607,0.6111111111111112
ARG,6810,0.2039147913982893,2024,0.4292571962070725,0.1202132240985516,0.1477699700707005,0.2039147913982893,0.5069444444444444
ARG,6811,0.2343200655529062,2024,-0.1014333124583594,0.1471905885685721,0.1189471747260286,0.2343200655529062,0.5694444444444444
ARG,6812,0.0016620218303066,2024,0.231368509555029,0.1113354777411916,0.2438125679191923,0.0016620218303066,0.5208333333333334
ARG,6813,0.0091928771530738,2024,0.4546436708840112,0.129188541714239,0.328724474505089,0.0091928771530738,0.6111111111111112
ARG,6814,0.0005649799915577,2024,0.5094906131680268,0.0847918293157377,0.3555756984267949,0.0005649799915577,0.5
ARG,6815,0.0234121983393745,2024,0.8871756662770915,0.1072350162964066,0.427252542730011,0.0234121983393745,0.5555555555555556
ARG,6901,0.0,2024,-0.5741886675433582,0.1407301290646046,0.0652559371646403,0.0,0.5625
ARG,6902,0.0746133626716098,2024,0.8105021361873167,0.1023964924179264,0.3513435761086861,0.0746133626716098,0.5486111111111112
ARG,6903,0.0400503114713707,2024,1.0962448979457842,0.085659906709557,0.4166893270202365,0.0400503114713707,0.5069444444444444
ARG,6904,0.0030289682092475,2024,-0.3176867694269651,0.141068861275995,0.0973927337521607,0.0030289682092475,0.5625
ARG,6905,0.0,2024,0.3829916217289539,0.1268777099318074,0.242176767188728,0.0,0.5416666666666666
ARG,6906,0.0005293206861935,2024,0.3689066654587422,0.1054716175262716,0.3383867238881529,0.0005293206861935,0.5277777777777778
ARG,6907,0.2604043321944724,2024,-1.2786956012238997,0.1600951473248687,-0.0961777018635793,0.2604043321944724,0.5763888888888888
ARG,6908,0.0,2024,-0.3170391465117457,0.1309589998078605,0.1414779585537978,0.0,0.5972222222222222
ARG,6909,0.001207566398219,2024,1.56885177469023,0.0890925067663417,0.4942071593618931,0.001207566398219,0.5416666666666666
ARG,6910,0.0794548296464354,2024,-0.4071358837164484,0.1307634589589013,0.052985379594588,0.0794548296464354,0.5416666666666666
ARG,6911,0.004161869975822,2024,-0.0539613650693893,0.1033650282774804,0.1816863561135125,0.004161869975822,0.5208333333333334
ARG,6912,0.0129747437807014,2024,0.1254021230195301,0.1055665580492567,0.1836629936255955,0.0129747437807014,0.5208333333333334
ARG,6913,0.0103730939662821,2024,-0.5023588435713434,0.0878090513444011,0.1302313968094651,0.0103730939662821,0.4652777777777778
ARG,6914,0.0113575270069149,2024,0.2318006784106096,0.0919578595414065,0.2148613840201904,0.0113575270069149,0.4861111111111111
ARG,7001,0.000291801038023,2024,-0.4701048773027972,0.1478567535059387,0.0538854056637751,0.000291801038023,0.5416666666666666
ARG,7002,0.0142508848626619,2024,1.0517856653805808,0.0990710089995031,0.4216543674269306,0.0142508848626619,0.5833333333333334
ARG,7003,0.2909131325822912,2024,0.6821616952077039,0.0964568618660953,0.407906464283592,0.2909131325822912,0.5555555555555556
ARG,7004,0.0001204022285573,2024,0.9506233695893812,0.0475223658763945,0.4882919628762979,0.0001204022285573,0.4166666666666667
ARG,7005,0.5707771138137953,2024,-0.4558604683590178,0.1606363077834385,0.0674389538391507,0.5707771138137953,0.625
ARG,7006,0.0280270272502235,2024,1.3974515900093485,0.0650377788823201,0.5029264117931826,0.0280270272502235,0.4722222222222222
ARG,7007,0.1031409525642713,2024,0.4098612727473468,0.1246776826688671,0.2129040092516553,0.1031409525642713,0.5416666666666666
ARG,7008,0.000876288209567,2024,0.6039058840866423,0.1343884036315062,0.2029239277515444,0.000876288209567,0.5555555555555556
ARG,7009,0.1150004555876646,2024,0.7435615113501347,0.1028383522047095,0.3749103724734481,0.1150004555876646,0.5416666666666666
ARG,7010,0.3118481645403778,2024,-0.152709741720069,0.1383704957993577,0.0738470167756197,0.3118481645403778,0.5486111111111112
ARG,7011,0.0028498495617756,2024,0.7848325593416025,0.1105419637185858,0.3490986914136994,0.0028498495617756,0.5555555555555556
ARG,7012,0.0,2024,-0.1949482934737703,0.0,0.0,0.0,0.5034722222222222
ARG,7013,0.0399436434622085,2024,0.6117628825064881,0.1093820785425349,0.2669241854589553,0.0399436434622085,0.5347222222222222
ARG,7014,0.0276770270931344,2024,1.6952637321774426,0.0758532662470495,0.5580057835644143,0.0276770270931344,0.5347222222222222
ARG,7015,0.0002313485940595,2024,0.3917321590778311,0.094293658817514,0.3595130928565948,0.0002313485940595,0.5208333333333334
ARG,7016,0.0721563946620975,2024,0.3999454190229135,0.0912596422675733,0.2556569865819331,0.0721563946620975,0.5
ARG,7017,0.0108644424532819,2024,1.51172770459164,0.0996154190533795,0.5032826499894146,0.0108644424532819,0.5416666666666666
ARG,7018,0.2444200953365091,2024,0.3184244093039459,0.098382618419454,0.2500843334625162,0.2444200953365091,0.5208333333333334
ARG,7019,0.1201442902755043,2024,0.3933345826501854,0.1306656141599829,0.1787526543565704,0.1201442902755043,0.5347222222222222
ARG,7020,0.0027705177459801,2024,0.6386618264538592,0.0873595881139066,0.3649367042313075,0.0027705177459801,0.5138888888888888
ARG,7101,0.0,2024,-0.600318800235248,0.083476735546905,0.1756296163332609,0.0,0.4375
ARG,7102,5.086412608875851e-05,2024,-1.8166514526817936,0.1514196799782539,-0.14023187243273,5.086412608875851e-05,0.5763888888888888
ARG,7103,0.0483627278566718,2024,-1.562832007039087,0.1709096568863883,-0.125668802780207,0.0483627278566718,0.6180555555555556
ARG,7104,0.001158221858304,2024,-0.4550466579808257,0.1072645290748063,0.2087273785568462,0.001158221858304,0.5555555555555556
ARG,7105,0.0005038959715139,2024,1.0867599488237745,0.0837416205099008,0.4507941733525396,0.0005038959715139,0.5069444444444444
ARG,7106,0.6263687808649111,2024,-0.4218018273325903,0.1492569886904304,0.233131043926883,0.6263687808649111,0.625
ARG,7107,0.0,2024,0.8086256438442878,0.0957471819866779,0.4104982731628357,0.0,0.5555555555555556
ARG,7108,0.6358249076925158,2024,-2.20020853877134,0.2220677961209723,-0.2808463332569476,0.6358249076925158,0.7222222222222222
ARG,7109,0.0,2024,0.7760590725431168,0.0848692857638724,0.4887972855279413,0.0,0.5277777777777778
ARG,7110,0.0031047870189637,2024,0.3747274190311957,0.1017767290301447,0.4107211370968314,0.0031047870189637,0.5625
ARG,7111,0.0,2024,1.2659897283559316,0.0611702204036291,0.5067779769995299,0.0,0.4444444444444444
ARG,7112,0.1033990530295205,2024,-0.3312644990533617,0.1398345197524245,0.0907637585457469,0.1033990530295205,0.5208333333333334
ARG,7113,0.0018883302625152,2024,-0.1912816434027636,0.1203052427717377,0.1157190291918871,0.0018883302625152,0.5208333333333334
ARG,7114,0.0020130363390124,2024,0.5405906036388185,0.1056225119126127,0.2296471898877475,0.0020130363390124,0.5069444444444444
ARG,7115,0.0,2024,0.1702184209438784,0.1057056123607138,0.3435720684506871,0.0,0.5486111111111112
ARG,7116,0.00196757091279,2024,-0.015282901124274,0.1119238653957772,0.1762059010163697,0.00196757091279,0.5277777777777778
ARG,7117,0.0075276460670325,2024,-0.3009555677095966,0.1002631635368688,0.1510178251303151,0.0075276460670325,0.5
ARG,7118,0.0067630505784285,2024,0.4571976918552087,0.1199995627847193,0.313681995639277,0.0067630505784285,0.5833333333333334
ARG,7201,0.4589643332488997,2024,-1.4291053662534432,0.1722071886641479,-0.1376392436708275,0.4589643332488997,0.7083333333333334
ARG,7202,0.1460276185064038,2024,-1.1166958970757783,0.1741461416411428,-0.1037019981220798,0.1460276185064038,0.6180555555555556
ARG,7203,3.219566048644993e-05,2024,-1.1915049787379384,0.1450292420645233,0.0899021843097252,3.219566048644993e-05,0.6388888888888888
ARG,7204,0.002851521783497,2024,-0.6296195906077926,0.1546375492444425,0.0887772768866766,0.002851521783497,0.5486111111111112
ARG,7205,0.0181199069601753,2024,0.428182869258689,0.1134032275235233,0.282689911113253,0.0181199069601753,0.5347222222222222
ARG,7206,0.0003306562242482,2024,-0.5613635283635171,0.1332226036531447,0.1288785374786402,0.0003306562242482,0.5625
ARG,7207,0.280915342919043,2024,-1.0019601333522177,0.1551822522870135,-0.066494850269016,0.280915342919043,0.5972222222222222
ARG,7208,0.0826287715880745,2024,0.519372283012462,0.1254484317750737,0.2313648604503529,0.0826287715880745,0.5763888888888888
ARG,7209,0.0903166655689539,2024,0.2909509188638931,0.1239270600720611,0.2250672757256337,0.0903166655689539,0.5486111111111112
ARG,7210,0.04615293006479,2024,-0.1498697417411537,0.1333954933273251,0.0780543493341458,0.04615293006479,0.5416666666666666
ARG,7211,0.0297134798832002,2024,0.9342744997250602,0.1204589949353725,0.312284124315246,0.0297134798832002,0.5555555555555556
ARG,7212,0.1313946789537052,2024,0.660078596116837,0.1159692616521677,0.2351645922296642,0.1313946789537052,0.5277777777777778
ARG,7213,0.5345228199626938,2024,-0.4593515327175991,0.1526555295989326,0.0638455075537182,0.5345228199626938,0.5763888888888888
ARG,7214,0.3978535743063461,2024,-1.2211580582460846,0.1753019944359248,-0.1574144845577549,0.3978535743063461,0.5763888888888888
ARG,7215,0.0276314553319109,2024,0.3994339190106947,0.130596451743149,0.2247408798142294,0.0276314553319109,0.5486111111111112
ARG,7216,0.1864896034240877,2024,0.0786604697470855,0.1184723223596892,0.198623977454991,0.1864896034240877,0.5277777777777778
ARG,7217,0.0362528089761467,2024,-0.0393788580798546,0.139287097813205,0.0571629443526612,0.0362528089761467,0.5625
ARG,7218,7.331331403768401e-08,2024,0.7767643999427156,0.1034323295178696,0.3733817794231737,7.331331403768401e-08,0.5555555555555556
ARG,7219,0.000193661597629,2024,0.8297731033963202,0.0971392238675273,0.3247707523518143,0.000193661597629,0.5277777777777778
ARG,7220,0.0169953602917083,2024,1.5804358487697932,0.103790573879152,0.4604469931293276,0.0169953602917083,0.5763888888888888
ARG,7221,0.0,2024,1.5987754752676162,0.0813396955514348,0.4618115152114871,0.0,0.5208333333333334
ARG,7222,0.0023155502789283,2024,1.481073414060579,0.0982441013132226,0.4533812432744373,0.0023155502789283,0.5486111111111112
ARG,7223,0.0004894760799319,2024,1.926391956063937,0.0867585482977563,0.5542773121589349,0.0004894760799319,0.5625
ARG,7224,0.9333373301867062,2024,0.5076326385475188,0.142264480849719,0.3262960555147473,0.9333373301867062,0.6666666666666666
ARG,7225,0.0051152787262983,2024,1.4430091764424235,0.0946326452438893,0.4633867841594328,0.0051152787262983,0.5208333333333334
ARG,7226,0.0189716105464977,2024,1.4778475347555644,0.0984436615507079,0.4984124729796732,0.0189716105464977,0.5486111111111112
ARG,7227,0.115687064883071,2024,1.3461965526463324,0.0888078339703414,0.4817678506825824,0.115687064883071,0.5347222222222222
ARG,7228,0.1837095532922626,2024,0.654258039121718,0.1173203630607872,0.3102306180061623,0.1837095532922626,0.5486111111111112
ARG,7229,0.4436438664312925,2024,0.8252469827863262,0.0859393350772481,0.404088917279274,0.4436438664312925,0.5
ARG,7301,0.0002961528587642,2024,-0.0697518161158685,0.1248920297154888,0.1292397366822429,0.0002961528587642,0.5347222222222222
ARG,7302,0.0078501173424688,2024,0.6758858604526575,0.109921156090028,0.3259874510045303,0.0078501173424688,0.5486111111111112
ARG,7303,0.0313918337711619,2024,0.0398598164347888,0.1220086840658951,0.2056038724831894,0.0313918337711619,0.5486111111111112
ARG,7304,0.7659333948953825,2024,0.3078797698908285,0.1379957283913135,0.3128258207813753,0.7659333948953825,0.625
ARG,7305,0.7940202314650552,2024,-0.337202493348742,0.1558460376901798,0.1877826756466653,0.7940202314650552,0.6527777777777778
ARG,7306,0.0699122367776636,2024,-0.5710613793749741,0.153166984253301,-0.0375314019414593,0.0699122367776636,0.5486111111111112
ARG,7307,0.1725653071622565,2024,1.158268036844559,0.1008203021222068,0.3901716032554133,0.1725653071622565,0.5138888888888888
ARG,7308,0.0168794676440863,2024,0.2875614922855796,0.132685775654108,0.106373002712017,0.0168794676440863,0.5347222222222222
ARG,7309,0.1983410384472314,2024,0.3550664779468949,0.1276519996372653,0.1469068827517344,0.1983410384472314,0.5138888888888888
ARG,7310,0.1291374316403477,2024,0.2401139056854433,0.138434812608569,0.1561049862128224,0.1291374316403477,0.5277777777777778
ARG,7311,0.3080015098826444,2024,0.0866329357338885,0.1135218654997885,0.1494224922891864,0.3080015098826444,0.5138888888888888
ARG,7312,0.2985111614432151,2024,0.5005426633499315,0.1085114925168767,0.1960591134348957,0.2985111614432151,0.5277777777777778
ARG,7313,0.0001164280127667,2024,-0.8695165194546594,0.1517741911114385,-0.0514645287017466,0.0001164280127667,0.5555555555555556
ARG,7314,0.0930436351329074,2024,0.247562494625224,0.1287661717294599,0.1500066783206871,0.0930436351329074,0.5277777777777778
ARG,7315,0.0921268762751433,2024,0.807804914138193,0.0886933972173752,0.39819106845096,0.0921268762751433,0.5138888888888888
ARG,7316,0.0060679001112058,2024,-0.6638072995802256,0.1258458406797668,0.1138962592303749,0.0060679001112058,0.5277777777777778
ARG,7317,0.0575748492604355,2024,-0.2511701187805799,0.1344467584634546,0.0449166371208921,0.0575748492604355,0.5486111111111112
ARG,7318,0.0836373902776603,2024,1.589930046967183,0.0928053507466042,0.444725756693869,0.0836373902776603,0.5277777777777778
ARG,7319,0.0089345680895246,2024,0.3747840828233768,0.0744204293804656,0.3481445859703043,0.0089345680895246,0.4930555555555556
ARG,7320,0.1344625544729043,2024,1.269447568308523,0.1065822657399584,0.3975196133932138,0.1344625544729043,0.5347222222222222
ARG,7321,0.0997177496167329,2024,0.2251210882907647,0.1183383073468759,0.1564140867458913,0.0997177496167329,0.5138888888888888
ARG,7322,0.0237806370126953,2024,0.6532218634667646,0.1346747089445121,0.2493099954925717,0.0237806370126953,0.5902777777777778
ARG,7323,0.0182539322951134,2024,-0.2181313719593874,0.0979914919160971,0.1156355335173586,0.0182539322951134,0.5138888888888888
ARG,7324,0.0590457006921553,2024,0.1598869973796245,0.0965568583085295,0.2616061460846529,0.0590457006921553,0.5208333333333334
ARG,7325,0.1298065407948707,2024,0.5373537262201974,0.1201749207078338,0.2041149130169639,0.1298065407948707,0.5347222222222222
ARG,7326,0.074819602499554,2024,0.8797931180547747,0.1183900192799716,0.2455592683886112,0.074819602499554,0.5138888888888888
ARG,7401,0.5643230803725547,2024,-1.5250097524804176,0.1939243951975758,-0.0813879527602924,0.5643230803725547,0.7291666666666666
ARG,7402,3.74405992710985e-07,2024,-2.1401971015549672,0.1677645938261618,-0.1416359180839798,3.74405992710985e-07,0.6388888888888888
ARG,7403,0.0005914461860532,2024,-1.723255018611937,0.1663063303377836,-0.1217719744486551,0.0005914461860532,0.5972222222222222
ARG,7404,0.016358559564747,2024,-0.8862242801855132,0.1528893422301555,0.0341556626501477,0.016358559564747,0.5277777777777778
ARG,7405,0.0,2024,0.3183750178403935,0.1119122849113224,0.4084466579726073,0.0,0.5972222222222222
ARG,7406,0.0069771532299832,2024,-1.1127002753303503,0.1473652242406882,0.1720509037096658,0.0069771532299832,0.5972222222222222
ARG,7407,0.0927309013643813,2024,0.424010995642656,0.1338775637756749,0.2014088712266616,0.0927309013643813,0.5486111111111112
ARG,7408,2.7731070712035785e-05,2024,-0.3590609789508698,0.151589602222251,0.0933775446215346,2.7731070712035785e-05,0.6111111111111112
ARG,7409,0.0031091618344542,2024,0.2918176850121267,0.1119823410117024,0.2658402618485424,0.0031091618344542,0.5277777777777778
ARG,7410,1.8927041640260005e-06,2024,-0.2662847509769743,0.0819350666530418,0.3375662764928389,1.8927041640260005e-06,0.4791666666666667
ARG,7411,0.0015390988387725,2024,0.4694071498404652,0.1024839855798726,0.2824908754427827,0.0015390988387725,0.5347222222222222
ARG,7412,0.0396158758561741,2024,0.8433618904147466,0.0986816546505858,0.3378835695783347,0.0396158758561741,0.5138888888888888
ARG,7413,0.0018698729718818,2024,0.5089407757974957,0.1247404181557143,0.3044326300800395,0.0018698729718818,0.5763888888888888
ARG,7414,0.0,2024,-0.1949482934737703,0.0,0.0,0.0,0.5034722222222222
ARG,7415,0.05326045436897,2024,0.8203238864264143,0.0934386900139231,0.3761686366423346,0.05326045436897,0.5138888888888888
ARG,7416,0.0602089862112195,2024,0.7702536159211923,0.1081719451706149,0.310641652586209,0.0602089862112195,0.5208333333333334
ARG,7417,0.0,2024,-0.1949482934737703,0.0,0.0,0.0,0.5034722222222222
ARG,7418,0.099188110476567,2024,0.0233430475616132,0.1141389100209932,0.1956752701903094,0.099188110476567,0.5416666666666666
ARG,7419,0.0043398004484843,2024,0.5968626489525853,0.1141352112506642,0.2963768135336351,0.0043398004484843,0.5416666666666666
ARG,7501,2.414194290657318e-05,2024,-1.6832303947764864,0.1410847490268817,-0.0646839207953834,2.414194290657318e-05,0.6111111111111112
ARG,7502,0.0,2024,-0.4690882188834736,0.12454131483317,0.167048882131739,0.0,0.5555555555555556
ARG,7503,0.0243880664945135,2024,0.0959544194033462,0.1277819601283597,0.2353273107185693,0.0243880664945135,0.5625
ARG,7504,0.0,2024,0.5459288634440332,0.1297717288550732,0.3901341013408604,0.0,0.6388888888888888
ARG,7505,8.07420022484164e-05,2024,1.6097548410924782,0.0922715994456801,0.5736067251340307,8.07420022484164e-05,0.5694444444444444
ARG,7506,0.0050684904893344,2024,1.8754956117138424,0.0953045443859528,0.6056988308641604,0.0050684904893344,0.625
ARG,7507,0.0,2024,1.5391181474015203,0.0972111931200718,0.5114659749339836,0.0,0.5416666666666666
ARG,7508,0.0005892129798522,2024,1.5251323234926786,0.0972893878105801,0.484178909722756,0.0005892129798522,0.5694444444444444
ARG,7601,0.7849465107347695,2024,-1.5084337273068809,0.2087417938057724,-0.1520047355073024,0.7849465107347695,0.7083333333333334
ARG,7602,0.0003534306317561,2024,-0.8644490220627638,0.1569654246391404,0.0017444918832237,0.0003534306317561,0.5416666666666666
ARG,7603,0.0153972354185665,2024,-0.1367852456980876,0.1335677509339874,0.2764122712920645,0.0153972354185665,0.6180555555555556
ARG,7604,0.0291073673455544,2024,0.0274083546988925,0.1362328579435387,0.1029337972530027,0.0291073673455544,0.5416666666666666
ARG,7605,0.8103122505876718,2024,-0.3999403799923158,0.1678024565493621,0.0972617837109028,0.8103122505876718,0.6527777777777778
ARG,7606,0.0120882614014553,2024,0.6065777339064848,0.120849559688799,0.2617353828092677,0.0120882614014553,0.5416666666666666
ARG,7607,0.465651041864789,2024,0.773555990270498,0.0964581988412718,0.3551481289010694,0.465651041864789,0.5069444444444444
ARG,7608,0.1121801738537334,2024,0.3198757471046336,0.1237462910401962,0.1964467922984496,0.1121801738537334,0.5277777777777778
ARG,7609,0.1190272681367901,2024,0.760428857481209,0.1068017159761152,0.3116772564223461,0.1190272681367901,0.5347222222222222
ARG,7610,0.1284749563341658,2024,0.3348928501567063,0.1293454544716035,0.1266977454566625,0.1284749563341658,0.5138888888888888
ARG,7611,0.0074620426289093,2024,0.9912706157847494,0.1065767006857056,0.3422575793787056,0.0074620426289093,0.5347222222222222
ARG,7612,0.6038449568043879,2024,0.0272183646386583,0.1623387489284806,0.1246512474716266,0.6038449568043879,0.5833333333333334
ARG,7613,0.5160999847443299,2024,1.1595201615207436,0.1308775467296078,0.3852501436074832,0.5160999847443299,0.625
ARG,7614,0.2719051993292478,2024,-0.2409843953437365,0.1143071853499811,0.1411185101170098,0.2719051993292478,0.5347222222222222
ARG,7615,0.1391257195547806,2024,-0.7169366349014653,0.1350320610776713,0.0136899781663107,0.1391257195547806,0.5555555555555556
ARG,7616,0.4356220352601997,2024,0.7500169794469521,0.1130503522179118,0.2579697459836756,0.4356220352601997,0.5069444444444444
ARG,7801,0.3064984177468308,2024,-1.712418017861678,0.1658004158004158,-0.1527081291965581,0.3064984177468308,0.5208333333333334
ARG,7802,0.0,2024,-0.6913952214617561,0.1590874531449396,0.0527341779038818,0.0,0.5694444444444444
ARG,7803,0.0,2024,-0.1949482934737703,0.0,0.0,0.0,0.5034722222222222
ARG,7804,0.0926677834551315,2024,1.0989697082176768,0.1075375120643333,0.4377452518867897,0.0926677834551315,0.5833333333333334
ARG,7805,0.0,2024,-0.1949482934737703,0.0,0.0,0.0,0.5034722222222222
ARG,7806,0.0911700941850654,2024,-0.2108965095207489,0.1398722884453063,0.1917354968159967,0.0911700941850654,0.5833333333333334
ARG,7901,0.0082187075966695,2024,-0.4106029052485683,0.1512131567458222,0.1003680584903738,0.0082187075966695,0.6319444444444444
ARG,7902,0.0,2024,-0.6366431073564909,0.1500211470015682,0.0254318734605685,0.0,0.5416666666666666
ARG,7903,0.0295433017735691,2024,-1.0804596195955851,0.1369955643151476,-0.0006026389575097,0.0295433017735691,0.4930555555555556
ARG,7904,0.0,2024,0.3451892853479939,0.1207883924930446,0.2804889282353204,0.0,0.5902777777777778
ARG,7905,0.0001562750275436,2024,0.5531035819793113,0.1140196017980509,0.367382229927744,0.0001562750275436,0.5763888888888888
ARG,7906,0.0,2024,-0.1949482934737703,0.0,0.0,0.0,0.5034722222222222
ARG,7907,0.108295298715078,2024,0.5363657990924647,0.1127471240745264,0.2622713515379468,0.108295298715078,0.5347222222222222
ARG,8001,0.0,2024,-1.0509100970494278,0.1509483250415768,0.0009766011895159,0.0,0.5763888888888888
ARG,8002,0.0,2024,0.7475420432461131,0.1221455758285587,0.3111320934094494,0.0,0.5347222222222222
ARG,8003,0.0011803422305084,2024,-0.0423036189381971,0.1223334902364049,0.2554605042450603,0.0011803422305084,0.5833333333333334
ARG,8004,0.0,2024,-0.1949482934737703,0.0,0.0,0.0,0.5034722222222222
ARG,8005,0.0,2024,-0.1949482934737703,0.0,0.0,0.0,0.5034722222222222
ARG,8006,0.0,2024,-0.1949482934737703,0.0,0.0,0.0,0.5034722222222222
ARG,8007,0.0006050398257426,2024,0.9211529739494486,0.0926177204142616,0.3442180394070582,0.0006050398257426,0.5069444444444444
ARG,8101,0.0791570619468784,2024,1.2338480133702432,0.0817634752289259,0.4963234840360617,0.0791570619468784,0.5277777777777778
ARG,8102,5.507505920945915e-05,2024,0.9711175126585234,0.0845402110108284,0.445175934799702,5.507505920945915e-05,0.5138888888888888
ARG,8103,0.0,2024,1.432188469752909,0.0743835370086857,0.5229286172139781,0.0,0.5069444444444444
ARG,8104,0.0082594533672295,2024,1.2642096347517808,0.0953372534000846,0.3963052125906547,0.0082594533672295,0.5069444444444444
ARG,8105,0.0,2024,-1.9566257669954044,0.1170831353709654,-0.0094315613767264,0.0,0.4861111111111111
ARG,8106,0.0,2024,0.8351011015888465,0.0834953386778051,0.4991422089898075,0.0,0.5625
ARG,8107,0.0,2024,0.1011870377498064,0.1128499593691104,0.2841573438514943,0.0,0.5416666666666666
ARG,8108,0.0003586682640076,2024,0.6783489341155627,0.1013126380258824,0.4970802508049974,0.0003586682640076,0.5972222222222222
ARG,8109,0.3082648251769617,2024,0.0039305560649118,0.1343727072608296,0.4097990785644732,0.3082648251769617,0.6805555555555556
ARG,8110,0.0,2024,-1.6906315726236314,0.130005401565537,-0.1340448385494269,0.0,0.5347222222222222
ARG,8111,0.0026858896640107,2024,-0.2933963179644978,0.0991342085082113,0.271133417444921,0.0026858896640107,0.5555555555555556
ARG,8112,0.0,2024,-0.1087661312804188,0.1178650462062052,0.3193330952325903,0.0,0.5902777777777778
ARG,8113,0.0071169544995016,2024,1.8971378278487108,0.0692994286221833,0.579818596950817,0.0071169544995016,0.5
ARG,8201,0.1178241340281239,2024,0.2981694885900577,0.1179584838503262,0.2421489028377001,0.1178241340281239,0.5416666666666666
ARG,8202,0.0068995175921091,2024,1.7477900664596615,0.0723076127253819,0.5388467634637952,0.0068995175921091,0.5138888888888888
ARG,8203,0.1617598864637696,2024,0.4874927491156489,0.0957324212817058,0.2768888480427942,0.1617598864637696,0.5138888888888888
ARG,8204,0.0930181544556041,2024,0.9650993243647604,0.0850745671407852,0.3787193298637652,0.0930181544556041,0.5069444444444444
ARG,8205,0.0324559513416004,2024,1.0291726068583578,0.0998180056744868,0.3889138574923581,0.0324559513416004,0.5277777777777778
ARG,8206,0.0034345395974143,2024,0.6013666660595614,0.0872555773200982,0.4027247406941751,0.0034345395974143,0.5138888888888888
ARG,8207,0.085254316729966,2024,1.8280274483600905,0.0758932649267245,0.5076257015445464,0.085254316729966,0.5069444444444444
ARG,8208,0.2194308311025464,2024,1.539922152593433,0.0972391460208985,0.4540286691337068,0.2194308311025464,0.5208333333333334
ARG,8209,0.042570252406817,2024,1.8371969268938904,0.0890375603122096,0.5620747176830388,0.042570252406817,0.5763888888888888
ARG,8210,0.0304320721171839,2024,0.5312169163209663,0.0990557536914333,0.3055681937249361,0.0304320721171839,0.5416666666666666
ARG,8211,0.0470956115023384,2024,0.5368010752532189,0.080269421468528,0.3419841620433308,0.0470956115023384,0.4930555555555556
ARG,8212,0.0011475054411992,2024,0.2640509055964543,0.1127350456657056,0.2446911034411536,0.0011475054411992,0.5208333333333334
ARG,8213,0.0029063947205731,2024,0.2604129747934473,0.0863452071401085,0.2470862412265024,0.0029063947205731,0.5138888888888888
ARG,8214,0.0013750166520067,2024,-0.4375604871847741,0.0932963572763234,0.112540585814611,0.0013750166520067,0.5138888888888888
ARG,8215,0.0098904646973137,2024,0.0134500709372095,0.0713283211890231,0.1570311390880977,0.0098904646973137,0.4652777777777778
ARG,8301,0.0304060000112306,2024,0.8394874648387803,0.1026588080224676,0.2887801372348379,0.0304060000112306,0.5069444444444444
ARG,8302,0.0220588406493608,2024,0.7898043196661001,0.1136298913375276,0.2693602056128138,0.0220588406493608,0.5347222222222222
ARG,8303,0.0642437859075059,2024,0.3291498661965319,0.1120288161890644,0.1965759389353301,0.0642437859075059,0.5208333333333334
ARG,8304,0.0001648715857099,2024,0.3505141801195435,0.0760583202054156,0.2687811092152373,0.0001648715857099,0.4722222222222222
ARG,8305,0.0040707873326683,2024,0.7217748001089346,0.0959831974149083,0.3330498183428051,0.0040707873326683,0.5069444444444444
ARG,8306,0.0201807469740077,2024,-0.8200584072003712,0.0832650430866855,0.0874259247909416,0.0201807469740077,0.4861111111111111
ARG,8307,0.0620248945003725,2024,0.8540330322274255,0.117628737507045,0.3087580404883117,0.0620248945003725,0.5416666666666666
ARG,8308,0.0225337722979308,2024,0.4954337913334016,0.0921106791135299,0.2397414428842194,0.0225337722979308,0.4861111111111111
ARG,8309,0.2956673282777067,2024,0.061062758831481,0.1454766901714871,0.1317131143259977,0.2956673282777067,0.5555555555555556
ARG,8310,0.2127497484533116,2024,0.591196649761544,0.1104039567916959,0.3054540604478951,0.2127497484533116,0.5138888888888888
ARG,8311,0.177396698618251,2024,0.7226112175573014,0.1088069205262679,0.2394478800527694,0.177396698618251,0.5138888888888888
ARG,8401,0.0,2024,1.13047034594609,0.0999024151919763,0.4966981724487601,0.0,0.5625
ARG,8402,0.031114608651597,2024,0.868593185517131,0.1096327089319338,0.3042990956349649,0.031114608651597,0.5347222222222222
ARG,8403,0.0121372572970207,2024,0.8359427867508993,0.1151570880877188,0.281221338076979,0.0121372572970207,0.5138888888888888
ARG,8404,0.004902440551828,2024,0.9252892341899104,0.1080842689615143,0.2894797549744266,0.004902440551828,0.5277777777777778
ARG,8405,0.0327827413157581,2024,0.6437941846212121,0.1139897672277221,0.257591903398064,0.0327827413157581,0.5277777777777778
ARG,8406,0.0129769141699251,2024,1.2480251615370166,0.0962045886105036,0.4086972218928287,0.0129769141699251,0.5277777777777778
ARG,8407,0.0026891591446005,2024,1.3977190275508742,0.1035228645073207,0.4637108400248866,0.0026891591446005,0.5694444444444444
ARG,8408,0.5953889144297739,2024,1.2197462128537369,0.1261360521618957,0.4419539629097169,0.5953889144297739,0.6388888888888888
ARG,8409,0.3433526563105268,2024,0.9417629372346866,0.1056119898343159,0.3224978197135111,0.3433526563105268,0.5208333333333334
ARG,8410,0.0012448811115897,2024,-0.1605792276080976,0.1133721377789471,0.2145299134525475,0.0012448811115897,0.5277777777777778
ARG,8411,0.074373902891247,2024,1.0481619128662538,0.1022212110191568,0.4525144052128912,0.074373902891247,0.5555555555555556
ARG,8412,0.0479022523022802,2024,1.1089895004651675,0.1182521958570381,0.346909680680095,0.0479022523022802,0.5625
ARG,8413,0.195405943248925,2024,1.3431698321632053,0.1015055157691464,0.4081147766000899,0.195405943248925,0.5416666666666666
ARG,8414,0.0723372253275855,2024,1.3157446890344622,0.0975985579025031,0.3816770203987801,0.0723372253275855,0.5069444444444444
ARG,8415,0.0336552449810841,2024,0.5694378357694815,0.0948656180691559,0.2830357548178419,0.0336552449810841,0.5069444444444444
ARG,8416,0.1663384516700809,2024,0.8789917432939173,0.12416260257124,0.3409553307707365,0.1663384516700809,0.5763888888888888
ARG,8417,0.0878801056648387,2024,0.711165950255517,0.106461660020542,0.3341523846558556,0.0878801056648387,0.5347222222222222
ARG,8418,0.1365813847934543,2024,0.5718911421186712,0.1215443789724983,0.2088353908066914,0.1365813847934543,0.5277777777777778
ARG,8419,0.2197271907192149,2024,0.9889693119782051,0.1198607306955917,0.2726577369579344,0.2197271907192149,0.5138888888888888
ARG,8420,0.0781073574083548,2024,1.8703208344127595,0.073763623813271,0.5302742804874204,0.0781073574083548,0.5069444444444444
ARG,8421,0.1298447437251194,2024,1.0177144718223083,0.1112112383123247,0.3099230061768206,0.1298447437251194,0.5138888888888888
ARG,8422,0.2018397102778602,2024,1.0745571075205185,0.1151100379300977,0.3625701738921398,0.2018397102778602,0.5347222222222222
ARG,8423,0.1603590589468603,2024,0.6432090279091079,0.0998195084913476,0.3925950253286117,0.1603590589468603,0.5208333333333334
ARG,8424,0.3700117207099671,2024,1.1474781155958416,0.1066379719059801,0.3832746525188836,0.3700117207099671,0.5208333333333334
ARG,8425,0.0325724657522996,2024,0.7825114661280195,0.1020722160007119,0.3477867934924509,0.0325724657522996,0.5138888888888888
ARG,8426,0.0953081254791098,2024,0.8431852975031919,0.1019586131028801,0.4108869162251208,0.0953081254791098,0.5208333333333334
ARG,8427,0.0001825244131494,2024,1.8361935141964532,0.0801933670907289,0.5342630820293773,0.0001825244131494,0.5138888888888888
ARG,8428,0.1408483958144427,2024,1.109613500447432,0.1114702152341288,0.322851953141847,0.1408483958144427,0.5138888888888888
ARG,8429,0.0056089535964315,2024,0.3537137433084104,0.1111158575651714,0.3140721389960652,0.0056089535964315,0.5625
ARG,8430,0.0642059060864931,2024,-0.3716030900013775,0.1248387558573731,0.2282140333954481,0.0642059060864931,0.5833333333333334
ARG,8431,0.079937923285051,2024,1.0394146858348914,0.1123855322565262,0.3020184889230616,0.079937923285051,0.5138888888888888
ARG,8432,0.4118790839701743,2024,0.9268081857502648,0.1306148910707219,0.2741333706166181,0.4118790839701743,0.5833333333333334
ARG,8433,0.1916728268228467,2024,1.0150991505544615,0.1357414596746122,0.3193800987247723,0.1916728268228467,0.6111111111111112
ARG,8434,0.1671503311242251,2024,0.8058219678057505,0.1311238101424779,0.3048410798284539,0.1671503311242251,0.5833333333333334
ARG,8435,0.094833392491327,2024,0.940001745744106,0.1170551160491207,0.3337391732095948,0.094833392491327,0.5486111111111112
ARG,8436,0.1678623472092931,2024,0.8890005356005873,0.1277962979924545,0.3052411475927462,0.1678623472092931,0.5972222222222222
ARG,8437,0.2369687932929408,2024,0.5417721117808623,0.1167884873755752,0.2384254288062607,0.2369687932929408,0.5416666666666666
ARG,8438,0.1369026358809473,2024,0.5690644389983425,0.1325126398345018,0.2188385144865853,0.1369026358809473,0.5486111111111112
ARG,8439,0.0016147400280481,2024,1.5805793049702443,0.0878441695884636,0.4592111526836133,0.0016147400280481,0.5208333333333334
ARG,8440,0.0006042597131741,2024,1.1473869555525322,0.0964607915879262,0.4353511091326305,0.0006042597131741,0.5138888888888888
ARG,8441,0.0436699329214017,2024,1.0771291448391849,0.102090281531461,0.3631464191860157,0.0436699329214017,0.5069444444444444
ARG,8442,0.0170056586183248,2024,1.0582944536297747,0.1133692002958358,0.3186291422362929,0.0170056586183248,0.5277777777777778
ARG,8443,0.0042705808951855,2024,1.1148375243253723,0.076916463836801,0.3969451887236607,0.0042705808951855,0.4791666666666667
ARG,8444,0.014847528726555,2024,0.8602550089984679,0.066308126031966,0.4607430154185199,0.014847528726555,0.5069444444444444
ARG,8445,0.0102015143966292,2024,0.1055244819358426,0.0856733790181666,0.3298979484052265,0.0102015143966292,0.5069444444444444
ARG,8446,0.0017782059882616,2024,1.808695311274999,0.0781467368231767,0.5152155310795177,0.0017782059882616,0.5277777777777778
ARG,8447,0.0018540970197227,2024,0.1401871640571991,0.0694390651397035,0.4051826216058241,0.0018540970197227,0.4722222222222222
ARG,8448,0.0266675656653315,2024,1.0631784488554392,0.091696189424752,0.3863250600474772,0.0266675656653315,0.5138888888888888
ARG,8449,0.0,2024,1.517355574861032,0.0783313228395453,0.4632773772825848,0.0,0.5138888888888888
ARG,8450,0.3190458199631086,2024,0.4868630285871071,0.1057215162595639,0.2315447030976664,0.3190458199631086,0.5347222222222222
ARG,8451,0.0060620453099429,2024,0.9248299458362292,0.0898710099100578,0.3877845197462163,0.0060620453099429,0.5069444444444444
ARG,8452,0.00182892138656,2024,-0.1056720138170481,0.0730401514928603,0.2891477460357545,0.00182892138656,0.4444444444444444
ARG,8453,0.0441428658618521,2024,0.2505489681162425,0.0872169117602351,0.268082081195286,0.0441428658618521,0.4861111111111111
ARG,8454,0.0070748368848791,2024,1.3414514706093976,0.0804548264057042,0.4380735036180434,0.0070748368848791,0.5069444444444444
ARG,8455,0.439886725919933,2024,1.0521816359321945,0.0970741117090737,0.3841657305788404,0.439886725919933,0.5416666666666666
ARG,8456,0.0332571090280047,2024,1.828788967714618,0.073549672391056,0.5528804537332881,0.0332571090280047,0.5069444444444444
ARG,8457,0.0001089217154659,2024,1.992497547796725,0.0810627308466735,0.5825071595081459,0.0001089217154659,0.5208333333333334
ARG,8458,0.0165401772633896,2024,1.7152895831554835,0.0839920819310406,0.5425333480465251,0.0165401772633896,0.5138888888888888
ARG,8459,0.0505902352662913,2024,1.7758789805520367,0.0813975857443303,0.5084330131815356,0.0505902352662913,0.5069444444444444
ARG,8460,0.0197778356087192,2024,1.8192723706090608,0.0825973064130344,0.5561685395837671,0.0197778356087192,0.5208333333333334
ARG,8461,0.0697317466792997,2024,1.5326173657816855,0.0762896338616768,0.4912063202718655,0.0697317466792997,0.5069444444444444
ARG,8462,0.0247171925935555,2024,1.5291156219745108,0.0893707345973901,0.4515380022337374,0.0247171925935555,0.5208333333333334
ARG,8463,0.0078412135601796,2024,1.1766971040287597,0.092539292320776,0.4209232149289653,0.0078412135601796,0.5208333333333334
ARG,8464,0.1422650582908562,2024,1.1992772167174572,0.0888336211635056,0.41763703207124,0.1422650582908562,0.5069444444444444
ARG,8465,0.0099919142535992,2024,1.222223773649277,0.089175594068012,0.4087360166864313,0.0099919142535992,0.5069444444444444
ARG,8466,0.0215404324338232,2024,1.6290699455206574,0.0967830027820454,0.4538729253089216,0.0215404324338232,0.5138888888888888
ARG,8467,0.014121761799423,2024,1.2132184026204635,0.0880284939369386,0.4792311074398062,0.014121761799423,0.5277777777777778
ARG,8468,0.0033829468258587,2024,1.1102968670349689,0.0938687018173963,0.4077763886961029,0.0033829468258587,0.5069444444444444
ARG,8469,0.0,2024,1.8459932230556757,0.1482633799975037,0.6101786297351075,0.0,0.7361111111111112
ARG,8470,0.0022593413158881,2024,0.3555851591020424,0.0797598335716105,0.2124596351229431,0.0022593413158881,0.4583333333333333
ARG,8471,0.0021933175651192,2024,1.0371791500886227,0.0814982901246068,0.3665548748320013,0.0021933175651192,0.4930555555555556
ARG,8472,0.0142548134669186,2024,0.5696888487153854,0.0801425504284789,0.4161738991744281,0.0142548134669186,0.5
ARG,8473,0.0032938045746764,2024,1.1064365261364524,0.0653789248625134,0.3986181017532708,0.0032938045746764,0.4722222222222222
ARG,8474,0.0855993176498675,2024,0.214999245213933,0.1204693538153353,0.2067550970846272,0.0855993176498675,0.5277777777777778
ARG,8475,0.0113332383602612,2024,1.5097989521218975,0.0979771059357817,0.4564826878551135,0.0113332383602612,0.5208333333333334
ARG,8476,0.0043897529015598,2024,0.7132154912714616,0.10768003335942,0.2530028598054895,0.0043897529015598,0.5
ARG,8477,0.0118189365162075,2024,1.799917755824976,0.0727435188578301,0.5411093481849878,0.0118189365162075,0.5138888888888888
ARG,8478,0.003664182206802,2024,-0.2756156374239881,0.1273181481317321,0.1442109636358332,0.003664182206802,0.5138888888888888
ARG,8479,0.0332846272428743,2024,1.8895313945747776,0.0919910866304543,0.5934500509518273,0.0332846272428743,0.5833333333333334
ARG,8480,0.0256036727180342,2024,1.4984227831472663,0.0867231306476753,0.4317758290761174,0.0256036727180342,0.5069444444444444
ARG,8481,0.1810073424204365,2024,1.295891889024922,0.1030129917695097,0.3584758210451806,0.1810073424204365,0.5069444444444444
ARG,8482,0.1557723993774051,2024,1.0997827233336075,0.0945726078964854,0.3938298926007006,0.1557723993774051,0.5347222222222222
ARG,8483,0.0850130232569863,2024,1.4709456677121675,0.105354194239056,0.3985504636780277,0.0850130232569863,0.5416666666666666
ARG,8484,0.3426918237151303,2024,1.4927461597599143,0.1069023077612235,0.4576305175382805,0.3426918237151303,0.5833333333333334
ARG,8485,0.1155061346773621,2024,1.3168526048030311,0.1019331835856022,0.4226912283227949,0.1155061346773621,0.5138888888888888
ARG,8501,0.0215619687856472,2024,0.9789666939242206,0.0997354458382171,0.3123685703188698,0.0215619687856472,0.5
ARG,8502,0.0054367323455219,2024,0.0938964466678385,0.1183469436610295,0.2320321855917262,0.0054367323455219,0.5277777777777778
ARG,8503,0.0070406684340526,2024,0.8164670869439096,0.1134444097127946,0.2565635325524966,0.0070406684340526,0.5138888888888888
ARG,8504,0.034684134072737,2024,0.764725102579864,0.1077341968936353,0.2555227578891833,0.034684134072737,0.5138888888888888
ARG,8505,0.0085549124480019,2024,0.965749811000771,0.068398141108686,0.4636506403976722,0.0085549124480019,0.4861111111111111
ARG,8506,0.0021445749663256,2024,0.8689502911328083,0.0827620622750411,0.4141380019671444,0.0021445749663256,0.5069444444444444
ARG,8507,0.004650060647089,2024,1.3978210833144606,0.0747110294293948,0.4860256734813571,0.004650060647089,0.5
ARG,8508,0.0038360669876066,2024,1.2780990147510405,0.0768746396419026,0.4597836764411343,0.0038360669876066,0.4930555555555556
ARG,8509,0.0038601888668592,2024,0.6978673649104499,0.0770081151239822,0.3486177670363297,0.0038601888668592,0.4861111111111111
ARG,8510,0.0007221741410029,2024,0.7265315907442473,0.0972806237206867,0.3333340973379585,0.0007221741410029,0.5138888888888888
ARG,8511,0.0181907314767385,2024,1.0468732826937062,0.1060380262484558,0.3357650227457471,0.0181907314767385,0.5277777777777778
ARG,8512,0.0516064931114143,2024,0.8251611639472692,0.1124554476278744,0.3161445728552573,0.0516064931114143,0.5208333333333334
ARG,8513,0.0019122615204236,2024,-0.5401879723651077,0.0385147489287609,0.2361931204399717,0.0019122615204236,0.3819444444444444
ARG,8514,0.0125939437675433,2024,1.478531918642222,0.0797006645257498,0.4821995598020022,0.0125939437675433,0.5069444444444444
ARG,8515,0.0738441967753851,2024,1.3735853395539688,0.0907601495673415,0.4583916384993771,0.0738441967753851,0.5138888888888888
ARG,8516,0.0061490087811396,2024,0.3588918801470826,0.1144193347578301,0.1909538485054663,0.0061490087811396,0.5347222222222222
ARG,8517,0.0132949150184516,2024,1.095714679184547,0.0664623370739902,0.3740244778136712,0.0132949150184516,0.4722222222222222
ARG,8518,0.0013120533011443,2024,0.7803932547555994,0.0797942184255906,0.3326258193265041,0.0013120533011443,0.4930555555555556
ARG,8519,0.0012644647366438,2024,0.6968602783614487,0.0879362013094545,0.3379259622730317,0.0012644647366438,0.5
ARG,8520,0.0,2024,0.5797688065239891,0.0925136767272801,0.3243219890992828,0.0,0.5069444444444444
ARG,8521,0.0018858192513367,2024,0.3539009477192575,0.0991730922458169,0.2562587459571594,0.0018858192513367,0.4930555555555556
ARG,8522,0.0023397436072282,2024,0.955610846720852,0.0746935031762603,0.3618293217198626,0.0023397436072282,0.4791666666666667
ARG,8523,0.0145020506063964,2024,1.3625533287824916,0.0692821785139064,0.4753765904728277,0.0145020506063964,0.4722222222222222
ARG,8524,0.0,2024,0.1400048397720182,0.1303582400500085,0.2805291814782276,0.0,0.6111111111111112
ARG,8525,0.0049248869919671,2024,0.7223351894917632,0.0754313340925214,0.3062355858042124,0.0049248869919671,0.4791666666666667
ARG,8526,0.0100842559441691,2024,0.9216607039303544,0.1140066977619769,0.3062579179167982,0.0100842559441691,0.5069444444444444
ARG,8527,0.1669343556569962,2024,0.7533796358477699,0.0718990972890124,0.3091299163045875,0.1669343556569962,0.4652777777777778
ARG,8528,0.002491384893492,2024,-0.0935974535035526,0.1060255279856456,0.1045453188922724,0.002491384893492,0.5
ARG,8529,0.0017208169797786,2024,0.4970563416924081,0.0645195631098855,0.3082861839245825,0.0017208169797786,0.4513888888888889
ARG,8530,0.0140547360018743,2024,1.1777720419979845,0.1102075151219266,0.3559029555619012,0.0140547360018743,0.5208333333333334
ARG,8531,0.0104167381540309,2024,0.6237764682902697,0.1128166200144045,0.2397841888951582,0.0104167381540309,0.5069444444444444
ARG,8532,0.0091313439115859,2024,1.0010346919295652,0.0584950225733634,0.4002649007480163,0.0091313439115859,0.4236111111111111
ARG,8533,0.0101044371933217,2024,1.005219061674274,0.0887858140600367,0.368900391522202,0.0101044371933217,0.5069444444444444
ARG,8534,0.0006967129923862,2024,0.8005284378961007,0.0580129238326217,0.3727465117168516,0.0006967129923862,0.4305555555555556
ARG,8535,0.066179345400854,2024,1.0065612114969251,0.1075662513280458,0.3325129287192507,0.066179345400854,0.5138888888888888
ARG,8536,0.0333903951805705,2024,0.6315962679595859,0.1017941363299254,0.2642036580681451,0.0333903951805705,0.5
ARG,8537,0.0593050047840437,2024,0.7413835708978151,0.1089785295266414,0.2518138951441749,0.0593050047840437,0.5069444444444444
ARG,8538,0.0168781905769115,2024,0.9103242072479788,0.1084560905989964,0.2793278915099603,0.0168781905769115,0.5138888888888888
ARG,8539,0.0123908778425382,2024,0.875660583166814,0.0919004180103552,0.3831350180695509,0.0123908778425382,0.5
ARG,8540,0.0011982617761408,2024,1.647157009233131,0.0951890131072246,0.553469795073641,0.0011982617761408,0.5763888888888888
ARG,8541,0.0004197553737782,2024,0.1958084584547817,0.0654647607208102,0.3155604888614984,0.0004197553737782,0.4513888888888889
ARG,8542,0.0032705038177061,2024,1.1508569827737798,0.0620166957136346,0.4162265886798853,0.0032705038177061,0.4444444444444444
ARG,8543,0.010895389980036,2024,1.18943088922828,0.0971660824873326,0.405019032581086,0.010895389980036,0.5069444444444444
ARG,8544,0.0418053755065231,2024,-0.3428932445305381,0.1404774985030487,-0.0099745134472208,0.0418053755065231,0.5208333333333334
ARG,8545,0.0040901457025384,2024,0.8687394716255559,0.1060524809484055,0.3808692219256633,0.0040901457025384,0.5625
ARG,8546,0.2735038832048898,2024,0.833639085859742,0.1083025322273166,0.2971604118335266,0.2735038832048898,0.5277777777777778
ARG,8547,0.0102456555763886,2024,0.8968297981499731,0.09603696779725,0.3429790238283658,0.0102456555763886,0.5
ARG,8548,0.000481962926621,2024,0.6990410994454563,0.0758889738689479,0.3425595585806315,0.000481962926621,0.4652777777777778
ARG,8601,0.0,2024,0.3000349633996509,0.1150624215644472,0.3754829137292079,0.0,0.5763888888888888
ARG,8602,0.0,2024,-0.1693878819906569,0.1436955624424844,0.2382900322600941,0.0,0.6319444444444444
ARG,8603,0.0,2024,0.752988865343502,0.1048055420168899,0.4427152834710849,0.0,0.5486111111111112
ARG,8604,0.0,2024,0.3171340444082768,0.1258327129429317,0.3661214879313913,0.0,0.625
ARG,8605,0.0,2024,0.6260850507878299,0.1204996958496611,0.3783609688304793,0.0,0.5972222222222222
ARG,8606,0.0,2024,0.4083576975999352,0.1359249975205734,0.2411199405627219,0.0,0.6041666666666666
ARG,8607,0.0906913286948698,2024,0.9782340386636624,0.1260759866233648,0.3040440772478492,0.0906913286948698,0.5763888888888888
ARG,8608,0.1591951873530528,2024,0.6646911995316179,0.1314658393621635,0.3042294035612684,0.1591951873530528,0.5902777777777778
ARG,8609,0.0425016746446476,2024,-0.3349258919877853,0.117692372715659,0.1704227856204073,0.0425016746446476,0.5138888888888888
ARG,8701,0.0036760189033144,2024,1.0121854554382843,0.1238880135328742,0.3547825046362551,0.0036760189033144,0.5972222222222222
ARG,8702,0.6940603808587594,2024,0.141341677546714,0.1514269310161243,0.2105582714435418,0.6940603808587594,0.6319444444444444
ARG,8703,0.4474638161362662,2024,0.8766323011369144,0.1135131772985318,0.3185980402365562,0.4474638161362662,0.5277777777777778
ARG,8704,0.8789368204014582,2024,0.7277718374430131,0.1423365494260143,0.3311204006515028,0.8789368204014582,0.6319444444444444
ARG,8705,0.0056169109765574,2024,0.1049828393262161,0.1231549919511294,0.3085536499849816,0.0056169109765574,0.5763888888888888
ARG,8706,0.4886457300718172,2024,0.7102051746015002,0.1273751198681059,0.2990878711782302,0.4886457300718172,0.5902777777777778
ARG,8707,0.043643819498507,2024,0.9762639326439402,0.1149754172467066,0.3125349768119616,0.043643819498507,0.5347222222222222
ARG,8708,0.2656421700677911,2024,1.0126901193919484,0.1134003041968218,0.3029077969686538,0.2656421700677911,0.5277777777777778
ARG,8709,0.0009506363818761,2024,0.9075961661047632,0.1085353085569901,0.4280864511622522,0.0009506363818761,0.5555555555555556
ARG,8710,0.0003170589749004,2024,1.0269115779381537,0.1218999524800971,0.3935595899938108,0.0003170589749004,0.6180555555555556
ARG,8711,0.0550231500039478,2024,-0.0186346284084694,0.100558260412694,0.2410956962190104,0.0550231500039478,0.5138888888888888
ARG,8712,0.000441872970424,2024,0.0829950212951002,0.1075138704031414,0.1749388640469262,0.000441872970424,0.5
ARG,8713,0.0091146747171806,2024,0.6024149222111164,0.0988860491641346,0.3734271467563465,0.0091146747171806,0.5555555555555556
ARG,8714,0.0340763106145216,2024,0.2839870909044537,0.0894709946065353,0.2140879602922104,0.0340763106145216,0.4930555555555556
ARG,8715,0.0003397667581704,2024,0.7742117463200968,0.0964559727976323,0.3119447673698189,0.0003397667581704,0.5208333333333334
ARG,8716,0.1107520672761197,2024,0.8285319722163731,0.1179888558737439,0.2746894188841313,0.1107520672761197,0.5208333333333334
ARG,8801,0.0,2024,0.5650001313905513,0.1308438114688521,0.27551336811779,0.0,0.5694444444444444
ARG,8802,0.0016072628505834,2024,-0.2403043706896232,0.1451173812916252,0.2271396390701327,0.0016072628505834,0.6527777777777778
ARG,8803,0.0288888219129791,2024,0.5111741403130041,0.1103255603814998,0.3396239429632066,0.0288888219129791,0.5347222222222222
ARG,8804,0.000202152104424,2024,0.5574049580597977,0.1250931131285169,0.2753470624272944,0.000202152104424,0.5625
ARG,8805,0.0324833395489626,2024,1.063507434216744,0.1161159655486588,0.4477017312122169,0.0324833395489626,0.6319444444444444
ARG,8901,2.5393582161030977e-08,2024,-0.2362461128303654,0.0990105321678781,0.2644361966249329,2.5393582161030977e-08,0.5
ARG,8902,0.0,2024,-0.7709884355192237,0.1261385683338215,0.0573020306159306,0.0,0.5138888888888888
ARG,8903,0.0288934229132324,2024,0.2027948724584692,0.1508693163333362,0.1349880591643693,0.0288934229132324,0.5694444444444444
ARG,8904,0.0,2024,-0.9937619427640698,0.1299794512578119,0.0147543785488247,0.0,0.5416666666666666
ARG,8905,2.484086616374914e-05,2024,-0.4269789420865971,0.1101998175958333,0.1497430220930019,2.484086616374914e-05,0.5138888888888888
ARG,8906,0.000204579470063,2024,0.026981715862883,0.1245664253126454,0.1469461797642861,0.000204579470063,0.5208333333333334
ARG,8907,0.0123050607823935,2024,-0.2060833027824641,0.1256292301673949,0.2041680832114706,0.0123050607823935,0.5416666666666666
ARG,8908,2.5994057131195867e-05,2024,-0.3961483653408102,0.1302450329015727,0.2149575465376147,2.5994057131195867e-05,0.5625
ARG,9001,0.0008694232873808,2024,0.8940486652522639,0.0985070602573459,0.340401747152861,0.0008694232873808,0.5
ARG,9002,0.0027184279517084,2024,1.2523819786275718,0.068444635701609,0.4674618575453493,0.0027184279517084,0.4791666666666667
ARG,9003,0.0088551297692592,2024,0.1501505794788329,0.0762403139715037,0.3504063704213748,0.0088551297692592,0.4652777777777778
ARG,9004,0.0133059836674577,2024,0.4933582770589468,0.074772759881438,0.3567677695467012,0.0133059836674577,0.4861111111111111
ARG,9005,0.0028659211308395,2024,0.833497499228812,0.1157841522446997,0.2825685603991089,0.0028659211308395,0.5347222222222222
ARG,9006,0.0029231357993439,2024,1.1017263000705877,0.077998772377301,0.4269914697749306,0.0029231357993439,0.5
ARG,9007,0.0105357487066291,2024,0.9515327865398372,0.1128092116112647,0.3395840449978175,0.0105357487066291,0.5347222222222222
ARG,9008,0.0,2024,0.6163752551594867,0.1084768848454127,0.2936615563063379,0.0,0.5069444444444444
ARG,9009,0.0011700706389761,2024,1.3624589112454126,0.0777885805843006,0.4416126999577027,0.0011700706389761,0.5069444444444444
ARG,9010,0.0148627350325244,2024,0.7815573435041365,0.0970171644269819,0.4502225365462113,0.0148627350325244,0.5625
ARG,9011,0.0285412567242571,2024,1.5291080712044662,0.0788336000849696,0.5642764614815337,0.0285412567242571,0.5
ARG,9012,0.0003560339020227,2024,1.9584381029111768,0.073675704151386,0.6367985636827866,0.0003560339020227,0.5138888888888888
ARG,9013,0.0007036890860463,2024,0.9569599220205406,0.1077043686538949,0.3829067127259432,0.0007036890860463,0.5486111111111112
ARG,9014,0.0040427616874174,2024,1.222764663320619,0.1068022780334368,0.418897252600904,0.0040427616874174,0.5763888888888888
ARG,9015,0.0140777051362481,2024,0.467765986543987,0.1179403628795399,0.3166518801415902,0.0140777051362481,0.5416666666666666
ARG,9016,0.0034626199123661,2024,1.441703746636373,0.0744902512270057,0.5412136434068231,0.0034626199123661,0.5069444444444444
ARG,9017,0.0832274391576051,2024,1.0586467419249006,0.0689408298827604,0.4441551405229286,0.0832274391576051,0.4791666666666667
ARG,9018,0.0298105890519259,2024,0.8213001384990511,0.1144825613693579,0.3350762932191353,0.0298105890519259,0.5277777777777778
ARG,9019,0.0843685955226044,2024,0.2239514103011287,0.0938674276202611,0.2668972622713702,0.0843685955226044,0.4791666666666667
ARG,9020,0.0308648392838095,2024,1.1606436260143411,0.1072025913754267,0.4014451696363834,0.0308648392838095,0.5208333333333334
ARG,9021,0.0738287347314451,2024,1.3861149371368977,0.1231171440058198,0.4481122373935312,0.0738287347314451,0.5972222222222222
ARG,9022,0.0129985909227365,2024,1.7616512863813776,0.0972661824509233,0.5659054501513726,0.0129985909227365,0.6041666666666666
ARG,9023,0.0480828149083375,2024,0.9369177613799418,0.1146581602048045,0.3701605352825179,0.0480828149083375,0.5486111111111112
ARG,9024,0.0747230321782784,2024,1.389197734333209,0.098013523358009,0.5551077477084988,0.0747230321782784,0.5625
ARG,9025,0.0402135842978363,2024,0.9354565423879918,0.1049556343769995,0.3240761351776307,0.0402135842978363,0.5069444444444444
ARG,9026,0.0388687245138015,2024,1.2681492936058638,0.1075565821007559,0.4472370614423467,0.0388687245138015,0.5694444444444444
ARG,9027,0.0286254314232752,2024,1.8660287867901972,0.097554725700104,0.5416495857707736,0.0286254314232752,0.5486111111111112
ARG,9028,0.0448547095331374,2024,0.6615154067365742,0.1135073015630081,0.2474271733013605,0.0448547095331374,0.5277777777777778
ARG,9029,0.01365165101885,2024,0.9917979341729524,0.0953933553351592,0.3664729654846783,0.01365165101885,0.5069444444444444
ARG,9030,0.0173117949203293,2024,1.2095998141261035,0.0982627316151495,0.4218815971434909,0.0173117949203293,0.5138888888888888
ARG,9031,0.0658580633502003,2024,1.577289449703421,0.085194866887849,0.5076161847801425,0.0658580633502003,0.5
ARG,9032,0.0685265279118797,2024,1.121151828279697,0.1076547079617087,0.3557209350226286,0.0685265279118797,0.5069444444444444
ARG,9033,0.0491141173002638,2024,1.0336090323008291,0.1170005726609469,0.2859558811648629,0.0491141173002638,0.5069444444444444
ARG,9101,0.0002771059734779,2024,0.7214395586183964,0.0919092665141741,0.4741158382405281,0.0002771059734779,0.5486111111111112
ARG,9102,0.0057464407356531,2024,0.8770832972999303,0.0783960554253129,0.4043189554069504,0.0057464407356531,0.5138888888888888
ARG,9103,0.0010360704242981,2024,0.81916266725043,0.0895529498460585,0.3887846450726899,0.0010360704242981,0.5138888888888888
ARG,9104,0.038380415887783,2024,1.1927919906382527,0.0919294465725852,0.4066125537390976,0.038380415887783,0.5277777777777778
ARG,9105,0.0071611447094082,2024,1.2492480606781915,0.0656730412382592,0.4632688040850475,0.0071611447094082,0.4861111111111111
ARG,9106,0.0086201322329127,2024,0.2367877128048461,0.0875578756013336,0.2572269223831504,0.0086201322329127,0.4930555555555556
ARG,9107,0.0301537898568626,2024,1.005019941966656,0.0859548969172243,0.3744768352190175,0.0301537898568626,0.5
ARG,9108,0.0007447030898795,2024,1.532126709220953,0.0744592590799438,0.5090139309807501,0.0007447030898795,0.5069444444444444
ARG,9109,0.0028041790898165,2024,0.6314900851931972,0.0714450904639084,0.3491453362203823,0.0028041790898165,0.4722222222222222
ARG,9110,0.0135505636359712,2024,1.469802574257201,0.0551454497656897,0.5149729227506599,0.0135505636359712,0.4375
ARG,9111,0.0003165515464829,2024,0.8356927797720797,0.0581661864198838,0.3362990094702937,0.0003165515464829,0.4166666666666667
ARG,9112,0.0009332114438112,2024,0.9040015393754536,0.1021865568245336,0.289535830237162,0.0009332114438112,0.5277777777777778
ARG,9113,0.0003597842069646,2024,0.4821387094370514,0.0805911426770684,0.3035753470197488,0.0003597842069646,0.4861111111111111
ARG,9114,0.0023261574970311,2024,0.5843203361535998,0.0776066132833675,0.312736518412919,0.0023261574970311,0.4722222222222222
ARG,9201,0.0170893569702708,2024,0.9166664192391618,0.083197310910227,0.4724069258183217,0.0170893569702708,0.5
ARG,9202,0.0244361045631072,2024,0.2289713158869027,0.0850917339347958,0.2672963910946359,0.0244361045631072,0.4861111111111111
ARG,9203,0.0,2024,-0.1949482934737703,0.0,0.0,0.0,0.5034722222222222
ARG,9204,0.0,2024,-0.1949482934737703,0.0,0.0,0.0,0.5034722222222222
ARG,9205,0.0063864460509003,2024,1.0871801722032817,0.0778687153362786,0.4942357783389192,0.0063864460509003,0.5347222222222222
ARG,9206,0.0378595391979266,2024,-0.3485473448260419,0.1258212430716951,0.1732894829265572,0.0378595391979266,0.5416666666666666
ARG,9207,0.031146759945208,2024,0.7805539183700663,0.0832804291214685,0.3441281212013691,0.031146759945208,0.5
ARG,9208,0.0141639796418632,2024,0.0262888500128491,0.0902126548557743,0.2204059707473761,0.0141639796418632,0.4930555555555556
ARG,9209,0.2124324428359779,2024,1.078767851045073,0.1002278014203477,0.3804472476670733,0.2124324428359779,0.5277777777777778
ARG,9301,0.0,2024,0.420842392286642,0.1202533974965811,0.2840806516121695,0.0,0.5347222222222222
ARG,9302,0.4066772311297407,2024,0.5020216417544043,0.1153522280358573,0.3505956967689635,0.4066772311297407,0.5486111111111112
ARG,9303,0.0032649391215414,2024,0.9429056388260068,0.1196903563916782,0.3374030182616853,0.0032649391215414,0.5625
ARG,9304,0.0022255631970124,2024,0.5628139608571064,0.1171742792467171,0.2289740432367711,0.0022255631970124,0.5347222222222222
ARG,9305,0.0301570759810928,2024,0.5447183432168019,0.1265720918132023,0.2363674752043667,0.0301570759810928,0.5347222222222222
ARG,9306,0.0699203282741341,2024,0.5950591978630545,0.1345326787908531,0.2236979193190691,0.0699203282741341,0.5694444444444444
ARG,9307,0.0008653007397847,2024,0.1576079434817739,0.1106223621532882,0.237164656552762,0.0008653007397847,0.5277777777777778
ARG,9401,0.0217771782412529,2024,0.1588651670058313,0.1225458837964042,0.0990471631002126,0.0217771782412529,0.5069444444444444
ARG,9402,0.0184132895729879,2024,1.1649083971892065,0.0986177197431629,0.3691037137445005,0.0184132895729879,0.5069444444444444
ARG,9403,0.0322021593723409,2024,0.2847556143199248,0.1246575291371999,0.1436559267510816,0.0322021593723409,0.5138888888888888
ARG,9404,0.0429257945112653,2024,-0.5821893860411461,0.1350714863816673,-0.0636903044181966,0.0429257945112653,0.5
ARG,9405,0.0680258086446911,2024,0.4883826906000258,0.0951445147749942,0.3072713444161796,0.0680258086446911,0.5069444444444444
ARG,9406,0.2135651409661397,2024,0.1254136447638198,0.1344779909059377,0.093560386100221,0.2135651409661397,0.5277777777777778
ARG,9501,0.0,2024,-0.1949482934737703,0.0,0.0,0.0,0.5034722222222222
ARG,9502,0.0,2024,-0.1949482934737703,0.0,0.0,0.0,0.5034722222222222
ARG,9503,0.0029544261059538,2024,-0.439632309927138,0.094247523719358,0.0982253103299186,0.0029544261059538,0.4791666666666667
ARG,9504,0.0144306827422132,2024,0.6416750344017392,0.0801119300969742,0.3689310551985211,0.0144306827422132,0.4930555555555556
ARG,9505,0.039403761642424,2024,-1.5778170187819978,0.0658183354427051,-0.0105776759786424,0.039403761642424,0.3888888888888889
ARG,9506,0.0245597625344708,2024,0.175135493372309,0.0892160352043163,0.1959461975625662,0.0245597625344708,0.4791666666666667
ARG,9507,0.0137331613541277,2024,-0.7514728256585615,0.0999648064568575,-0.0318376915923684,0.0137331613541277,0.4305555555555556
ARG,9508,0.2807901417143048,2024,0.6512055080082212,0.1281122830529001,0.2659720326855811,0.2807901417143048,0.5277777777777778
ARG,9601,0.0068489130721312,2024,-1.2559060213883355,0.1392754705908982,-0.1157371070659828,0.0068489130721312,0.5138888888888888
ARG,9602,0.035241179550117,2024,0.1449101062762229,0.1205522199836865,0.19304430167844,0.035241179550117,0.5555555555555556
ARG,9603,0.0527992944085588,2024,0.188406630634034,0.0985206407105189,0.2163666422453248,0.0527992944085588,0.4791666666666667
ARG,9604,0.2895672252795154,2024,0.5991844856078679,0.1097605104049462,0.2987324072418813,0.2895672252795154,0.5277777777777778
ARG,9605,0.0006110492258338,2024,-1.0838746982226797,0.1032444838182132,0.0458644637359392,0.0006110492258338,0.4861111111111111
ARG,9606,0.00730510769944,2024,-0.2222402412802427,0.0873718012785036,0.2295167990688176,0.00730510769944,0.4791666666666667
ARG,9607,0.0017607059215834,2024,0.1220660205741338,0.0846778440119636,0.2067239849425104,0.0017607059215834,0.4722222222222222
ARG,9608,0.0042620952045377,2024,0.7738271652461671,0.0859613208025537,0.3920353954102222,0.0042620952045377,0.5138888888888888
ARG,9609,0.0141731783521846,2024,-0.4664991987182112,0.1012483799416475,0.1035806751610508,0.0141731783521846,0.4930555555555556
ARG,9610,0.0022729065918355,2024,0.5843029086684948,0.0978187469402164,0.2702380991028407,0.0022729065918355,0.5138888888888888
ARG,9611,0.0816378744980927,2024,1.1235175077006057,0.0753877766672404,0.4083160755743888,0.0816378744980927,0.5
ARG,9612,0.0028412800850323,2024,1.3177471943721373,0.0993650458579905,0.465581429266391,0.0028412800850323,0.5625
ARG,9613,0.0020802156307415,2024,0.3883340101291926,0.0970019564751518,0.2458372362158604,0.0020802156307415,0.5069444444444444
ARG,9614,0.0001638503576052,2024,0.0599388757777506,0.1217592338228001,0.1509422002835695,0.0001638503576052,0.5347222222222222
ARG,9615,0.1581279183579846,2024,-1.349645578590023,0.0462977934161537,0.096889979386263,0.1581279183579846,0.3819444444444444
ARG,9616,0.3088071232506523,2024,1.337066676477767,0.0837858889446839,0.3996768317748934,0.3088071232506523,0.5138888888888888
ARG,9617,0.013745102692042,2024,0.6919657655763474,0.05264033774558,0.3256981620024599,0.013745102692042,0.4375
ARG,9618,0.0124363155588051,2024,-0.1548755164467235,0.1007409031632284,0.1751937964694069,0.0124363155588051,0.4861111111111111
ARG,9701,0.0466599216563709,2024,0.3047379098369855,0.1179867909642503,0.3576363358679889,0.0466599216563709,0.5694444444444444
ARG,9702,0.0581097426453931,2024,1.3737711732531277,0.1031133250391797,0.5134870349830342,0.0581097426453931,0.5902777777777778
ARG,9703,0.2060107451734755,2024,-0.510471409860864,0.1153882295556009,0.3362025733854148,0.2060107451734755,0.5694444444444444
ARG,9704,0.1167030798834778,2024,0.5646669541727285,0.1261376840825766,0.3044969258000311,0.1167030798834778,0.5694444444444444
ARG,9705,0.0652066088934096,2024,-0.9588841219238772,0.1533975220317699,0.1003114121650143,0.0652066088934096,0.5972222222222222
ARG,9706,0.0781835490330541,2024,-0.8077668479358145,0.1411638482475286,0.1859286186890096,0.0781835490330541,0.5833333333333334
