hs4,market_growth_5y,total_trade,market_size_share,country_current_exports,country_export_growth_5y,country_market_share_2020,country_market_share_2024,market_share_change_abs,distance_travelled,eff_num_exp,country_exporter_rank,potential_market_size,potential_market_growth_5y,alignment_unweighted_percentile,alignment_weighted_percentile,alignment_lead_unweighted,alignment_lead_weighted,raw_rca_trade,market_size,potential_market_size_share,potential_market_to_market_ratio,above_median_cagr,above_median_export_cagr,above_median_potential_market_growth
0101,0.009503781553418467,4059210559.0,0.00018783704038809169,30883241.0,0.12916202709044455,0.004345499637416102,0.007608188969534063,0.0032626893321179616,12862.092237129254,8.742436816948011,13.0,2674762142.0,0.031926943732881075,96.66666666666667,23.333333333333332,13.333333333333329,-53.33333333333334,2.1650962945174275,4059210559.0,0.00023985026098125435,0.6589365353491139,False,True,False
0102,0.04234314640956116,11274147712.0,0.0005217030524383437,166937.0,-0.16925567997429614,4.6045326511453146e-05,1.4807061630238821e-05,-3.123826488121432e-05,11045.92244485168,13.387020942771434,70.0,4566229366.0,0.08038818929556113,48.38709677419355,32.25806451612903,38.70967741935484,-41.93548387096774,0.004213711620031512,11274147712.0,0.000409461195796814,0.4050176991330163,True,False,True
0103,0.027560818399648968,4902724123.0,0.00022687002206914155,51866.0,-0.059027702747027844,1.6428533234949722e-05,1.0579016623979028e-05,-5.849516610970693e-06,11844.408178045673,5.699110386969889,42.0,1932435672.0,0.0739217108800756,12.903225806451612,12.903225806451612,-35.483870967741936,-35.483870967741936,0.0030105179805514177,4902724123.0,0.00017328464201759501,0.3941554987633148,False,False,True
0104,0.049642125527108005,2044996517.0,9.463073860644138e-05,31670.0,0.12326181670503678,1.1034604464774295e-05,1.5486578943645212e-05,4.451974478870917e-06,12244.11339366599,5.903817863392615,67.0,621089219.0,0.05607277264161881,48.38709677419355,70.96774193548387,-41.93548387096773,-6.451612903225808,0.004407084894960396,2044996517.0,5.5694077963285844e-05,0.30371162681056046,True,True,True
0105,0.04964633411938357,3883969355.0,0.00017972788008833256,1979783.0,0.025627887980055997,0.0005722787980930276,0.0005097318796945039,-6.25469183985237e-05,11604.226616749915,11.936993829473,51.0,1959759073.0,0.06011458306265416,90.32258064516128,87.09677419354838,61.29032258064515,51.61290322580645,0.14505667621338814,3883969355.0,0.0001757347757165284,0.504576348028369,True,True,True
0106,0.06555122826392212,1670672044.0,7.73091436482154e-05,1167915.0,0.128434422865094,0.0005248196313455412,0.0006990689789743079,0.00017424934762876672,11914.951609557189,17.886143412089382,59.0,1150950436.0,0.05945936363766635,29.03225806451613,16.129032258064516,-29.03225806451613,-41.935483870967744,0.19893717966919106,1670672044.0,0.0001032075929729861,0.6889146437408155,True,True,True
0201,0.07386017681017387,31920813180.0,0.001477112602897225,1022988020.0,0.08053306742137178,0.031070266412587103,0.03204768043443685,0.000977414021849747,11091.114750820456,15.516897711757311,12.0,13617712393.0,0.10048835576549608,100.0,100.0,83.33333333333334,56.666666666666664,9.119951467336808,31920813180.0,0.00122112236454284,0.4266091943275488,True,True,True
0202,0.06264465985553658,34941390826.0,0.001616887654484311,2106554229.0,0.0032062134894221828,0.08039364308645278,0.06028821919225111,-0.02010542389420167,15117.099148466192,7.135741089408405,6.0,15137980314.0,0.1030672255732612,76.66666666666667,66.66666666666666,16.66666666666667,-16.666666666666686,17.1564876344273,34941390826.0,0.001357447255600491,0.4332392030238184,True,True,True
0203,-0.008989730439058152,36032538561.0,0.001667379728790272,7623275.0,-0.332956550545067,0.0015313232742380212,0.00021156641481405615,-0.001319756859423965,12764.04587175059,9.623679027623849,41.0,24823662733.0,0.06686976453691895,90.32258064516128,74.19354838709677,45.16129032258064,6.451612903225808,0.060206398998828015,36032538561.0,0.00222597811279351,0.6889235042647819,False,False,True
0204,0.03723951139029813,8740612025.0,0.00040446551616209593,18556331.0,-0.019985721614163898,0.002819574088444201,0.0021230013352526076,-0.0006965727531915932,12727.357686072331,4.003515098557859,23.0,5242037933.0,0.06606342746622262,33.33333333333333,20.0,-26.66666666666667,-36.666666666666664,0.6041519660745845,8740612025.0,0.00047006204647548995,0.5997335104231445,False,False,True
0205,-0.010734473340900164,346406168.0,1.602969553403255e-05,46298110.0,-0.029756370095943896,0.14727804894027305,0.13365267214295098,-0.013625376797322064,13604.432869301565,9.87775704521878,2.0,240179666.0,-0.0307162917138043,10.0,23.333333333333332,-50.0,-50.0,38.03413747579108,346406168.0,2.153730033333577e-05,0.693346967193725,False,False,False
0206,0.02976570464764583,9340955473.0,0.0004322459761430836,137383408.0,-0.03990793768492085,0.02087712578689447,0.014707639748107812,-0.006169486038786658,15170.405580614846,10.604483894417374,18.0,3591061125.0,0.05583139881029053,76.66666666666667,70.0,16.66666666666667,10.0,4.185418691259924,9340955473.0,0.00032201627744994713,0.38444259105826484,False,False,True
0207,0.07031087877214559,33491364553.0,0.0015497887347198742,172236508.0,-0.11190826028573575,0.01307533770418389,0.005142713959218836,-0.007932623744965055,12526.857113188822,8.520425620476331,25.0,19811044259.0,0.08877888592024141,63.33333333333333,76.66666666666667,6.666666666666664,13.333333333333343,1.463485066085266,33491364553.0,0.0017764884814316063,0.5915269360747925,True,False,True
0208,0.039558676262196224,737611964.0,3.4132461536250066e-05,1702124.0,0.0038485793957276915,0.002748319608825754,0.00230761441391154,-0.0004407051949142141,11806.64901306563,13.326344020073346,31.0,491439066.0,0.057814321816257896,12.903225806451612,3.225806451612903,-67.74193548387096,-83.87096774193549,0.6566881338964502,737611964.0,4.406813839093281e-05,0.6662569074055854,False,True,True
0209,-0.01613733270621276,746389460.0,3.453863383174796e-05,1470064.0,0.11991671701556594,0.0010306578494013467,0.0019695669335952305,0.0009389090841938838,12960.196908186512,10.109878810190153,31.0,498026318.0,0.03571700841260794,90.32258064516128,96.7741935483871,45.16129032258064,51.61290322580646,0.5604884535343289,746389460.0,4.465882796535901e-05,0.6672472545365258,False,True,False
0210,0.047270088563569734,5409913982.0,0.0002503398669182058,336833.0,-0.08884118857430345,0.00012489566791962,6.226217295149592e-05,-6.263349496812409e-05,11090.217461770171,8.508782196511499,64.0,1749172766.0,0.0582783963281428,48.38709677419355,19.35483870967742,-12.903225806451609,-48.38709677419354,0.017718224466517506,5409913982.0,0.00015685115989891356,0.3233272787367583,True,False,True
0301,0.05434824378810865,2365054560.0,0.00010944119366308547,18376.0,-0.03615517194364681,1.2170112882598151e-05,7.769799610880858e-06,-4.400313271717293e-06,15939.733567496642,9.663176532504862,99.0,840613834.0,0.052697429528596906,29.03225806451613,25.806451612903224,-29.03225806451613,-45.16129032258065,0.002211086556081075,2365054560.0,7.537920636135309e-05,0.3554310535652082,True,False,True
0302,0.05510143477695939,22978143457.0,0.0010632970125203781,16227218.0,0.13559248603855734,0.0004889761209963771,0.0007062023104854706,0.00021722618948909352,11586.27870652988,6.601266580990851,62.0,12775467759.0,0.05216866344562776,45.16129032258064,100.0,-35.483870967741936,22.58064516129032,0.2009671436572344,22978143457.0,0.0011455969216995709,0.5559834624110207,True,True,True
0303,0.02205487188083244,22547054584.0,0.0010433486859008035,202638558.0,-0.010178275516382396,0.01054917329482676,0.008987362728247343,-0.0015618105665794173,14081.807852156793,20.237252696241356,29.0,11571618004.0,0.026630499748292014,60.0,40.0,26.66666666666667,-16.666666666666664,2.5575739270319446,22547054584.0,0.001037645760964558,0.5132208271767583,False,False,False
0304,0.040656469576617615,27409483409.0,0.0012683540721231804,303858181.0,0.055490518162017555,0.010328454593191002,0.01108587770392736,0.0007574231107363577,11588.107062956175,11.752023423177318,18.0,15549381846.0,0.044426309729618696,70.0,70.0,26.666666666666664,-6.666666666666671,3.154757700467108,27409483409.0,0.0013943382984595415,0.5672993399391943,True,True,False
0305,0.005556468255802471,6016225201.0,0.0002783964811971933,13422829.0,0.10714491604083287,0.0013788910164703192,0.0022311048126604197,0.0008522137961901005,11820.277837291684,12.809057581252022,42.0,3569619872.0,0.023675682155311684,41.935483870967744,87.09677419354838,-3.225806451612897,32.25806451612903,0.63491545516474,6016225201.0,0.0003200936055057533,0.5933321564170616,False,True,False
0306,0.022209330877286604,26238755620.0,0.0012141794882257566,1061440680.0,0.025510909235322288,0.039806159115562505,0.04045316383795795,0.0006470047223954487,13546.2052749343,9.121004866756602,6.0,15302951741.0,0.01166161726813475,86.66666666666667,43.333333333333336,56.66666666666667,-36.666666666666664,11.511937397689664,26238755620.0,0.0013722405111199567,0.5832194164473109,False,True,False
0307,0.05495073535690298,10770152364.0,0.000498381031281351,432485101.0,0.017267171773822865,0.048165386700694555,0.04015589439993553,-0.008009492300759029,14068.633484725138,15.733607063096278,9.0,5782796283.0,0.07447814793569107,73.33333333333333,20.0,6.666666666666671,-20.0,11.427342106837541,10770152364.0,0.0005185527250815178,0.5369279920615987,True,True,True
0401,0.06155460026750714,11730459889.0,0.0005428185692549541,9263960.0,0.16453701147192246,0.0004970806256899613,0.0007897354483678078,0.00029265482267784647,12876.495167698024,14.530072835933296,53.0,8993438835.0,0.07755299212791877,22.58064516129032,6.451612903225806,-19.354838709677423,-48.387096774193544,0.22473854155792794,11730459889.0,0.0008064562518747127,0.7666740196122587,True,True,True
0402,-0.00871706705874653,20590169781.0,0.0009527952532977637,506649542.0,-0.0064247102148931035,0.0243238300883508,0.024606380005060532,0.0002825499167097324,12848.348068114115,8.792831112184336,10.0,10716084997.0,0.012326665482186305,96.66666666666667,96.66666666666667,30.000000000000014,43.333333333333336,7.002347389605772,20590169781.0,0.0009609287281544582,0.5204466554175035,False,False,False
0403,0.042484856021732575,5696960512.0,0.00026362273802459026,3153579.0,0.017704014155267123,0.0006243122291208148,0.0005535546531097318,-7.075757601108297e-05,11792.905652494717,13.357804759010273,65.0,3478742764.0,0.05766347880138878,16.129032258064516,12.903225806451612,-29.032258064516125,-58.064516129032256,0.15752751844886917,5696960512.0,0.00031194450778646097,0.6106313632808975,True,True,True
0404,0.014995058244801962,5210482599.0,0.00024111132353551112,117851458.0,0.06022059862116835,0.018188440356003102,0.02261814635416269,0.004429705998159589,13098.018375732225,12.637786377250833,11.0,3250127259.0,0.019784715584678425,90.0,86.66666666666667,50.0,33.333333333333336,6.436546865008998,5210482599.0,0.00029144418453244236,0.6237670306439114,False,True,False
0405,0.07304695240841763,11879048494.0,0.0005496943997626159,59027821.0,-0.06908592760689214,0.010111620138685898,0.00496906978953865,-0.005142550349147248,12373.292557369705,8.778692705761939,20.0,8355442351.0,0.08368626985400107,53.333333333333336,13.333333333333334,26.666666666666668,-36.666666666666664,1.4140703696516483,11879048494.0,0.0007492460720274301,0.703376398810078,True,False,True
0406,0.056680912894559565,43078061983.0,0.0019934062426500226,407780561.0,0.09281189917323629,0.00800133768766946,0.009466084179017233,0.0014647464913477726,11617.58025358687,12.808694742333767,21.0,22382133128.0,0.07753822387570852,66.66666666666666,40.0,26.666666666666657,-16.666666666666664,2.6938058270699603,43078061983.0,0.0020070421918166876,0.5195714964343734,True,True,True
0407,0.07061700819360528,5617714576.0,0.0002599556895025517,307151.0,-0.09903039844155948,0.00012954249719615934,5.467543710964072e-05,-7.486706008651862e-05,11766.009568458538,14.239476675092785,84.0,2455983182.0,0.0890789577357165,61.29032258064516,48.38709677419355,9.677419354838712,-9.677419354838712,0.015559233184300547,5617714576.0,0.0002202319966768363,0.4371854690682313,True,False,True
0408,0.12379036125375964,1819413822.0,8.419206212595641e-05,21926354.0,0.1725694608180146,0.009744701744945829,0.012051328694368906,0.0023066269494230775,11763.64245913539,8.83251259495698,16.0,962635865.0,0.13726456106309004,76.66666666666667,23.333333333333332,26.66666666666667,-33.33333333333333,3.4295003981463403,1819413822.0,8.632111985760472e-05,0.5290912124333637,True,True,True
0409,-0.002690788152723278,2211801231.0,0.00010234950641735802,197622336.0,0.022878927896291312,0.07872595292775492,0.08934904874370242,0.010623095815947503,11430.258274687614,17.250792300840022,3.0,1286836423.0,0.036131551518465255,30.0,10.0,-23.333333333333336,-36.666666666666664,25.426457614064,2211801231.0,0.00011539270989754191,0.5818047322535377,False,True,False
0410,-0.01667199970079236,869530066.0,4.0236876543339234e-05,45789.0,-0.327495471551828,0.00035195936021553714,5.2659478712033405e-05,-0.0002992998815035037,18218.528571434123,2.065972028793336,39.0,211031700.0,-0.023363625228138396,61.29032258064516,58.06451612903226,-6.451612903225801,-16.129032258064505,0.014985542904782134,869530066.0,1.892355493055942e-05,0.24269626577811745,False,False,False
0501,0.07398093189900945,225059881.0,1.0414483639782064e-05,33364.0,0.9581183409765335,7.3581426752752914e-06,0.0001482449908520124,0.0001408868481767371,16224.47019371258,1.4007179467159785,28.0,27449664.0,-0.21131888600026483,16.666666666666664,10.0,-70.0,-76.66666666666667,0.04218673874422948,225059881.0,2.4614559070006987e-06,0.12196604689398197,True,True,False
0502,-0.06816728997387711,52028188.0,2.407566867652905e-06,0.0,0.0,0.003136721502633913,0.0,-0.003136721502633913,11857.09068868591,2.079808041636493,0.0,26702363.0,-0.037892818735715705,54.83870967741935,90.32258064516128,-3.225806451612911,19.35483870967741,0.0,52028188.0,2.3944442138609383e-06,0.513228771296052,False,False,False
0503,0.0,0.0,0.0,0.0,0.0,0.0,0.0,0.0,0.0,0.0,0.0,0.0,0.0,100.0,100.0,100.0,100.0,0.0,0.0,0.0,0.0,False,False,False
0504,0.003001018306907577,4642090556.0,0.00021480939177182285,56697737.0,0.013795014212698353,0.011577325165986486,0.01221383691593801,0.0006365117499515238,12848.383083834438,12.565678668047935,19.0,3032265675.0,0.00914000979832763,93.33333333333333,90.0,63.33333333333333,40.0,3.475746088120236,4642090556.0,0.0002719081828223548,0.6532112285230482,False,True,False
0505,0.0865934019974024,1525040964.0,7.057017047643186e-05,9071927.0,0.10103413874674683,0.005568643693438901,0.005948644799812735,0.0003800011063738338,14850.591624260134,5.505784572742668,18.0,634576287.0,0.062292414843396315,60.0,70.0,3.3333333333333357,36.66666666666667,1.6928324026977566,1525040964.0,5.690348523314241e-05,0.4161044207859062,True,True,True
0506,-0.003675614151391726,302198409.0,1.3984013376860663e-05,17.0,-0.9302463693469478,0.03344463507074433,5.6254432497690614e-08,-0.033444578816311826,13045.70328657488,14.63539413194025,84.0,204094035.0,0.026588203433927315,93.54838709677419,16.129032258064516,29.032258064516128,-38.70967741935483,1.6008574949787253e-05,302198409.0,1.8301443253890372e-05,0.6753643597111062,False,False,False
0507,0.036876646137581126,171505822.0,7.936308192335598e-06,424319.0,-0.03672335586234976,0.0035751471674858,0.0024740792764457874,-0.0011010678910400125,17017.998978798518,4.872833106834204,33.0,51006006.0,0.02748410054007966,9.67741935483871,54.83870967741935,-45.16129032258064,3.225806451612904,0.7040597828504226,171505822.0,4.573791313482492e-06,0.29740101767507343,False,False,False
0508,0.013826960567494107,138559220.0,6.411727951775483e-06,0.0,0.0,0.0,0.0,0.0,15258.81421189438,16.84579449541308,0.0,58955524.0,-0.03990000462390397,45.16129032258064,54.83870967741935,6.451612903225801,-19.354838709677416,0.0,138559220.0,5.286637490357677e-06,0.42548972201200325,False,False,False
0509,0.0,0.0,0.0,0.0,0.0,0.0,0.0,0.0,0.0,0.0,0.0,0.0,0.0,100.0,100.0,100.0,100.0,0.0,0.0,0.0,0.0,False,False,False
0510,0.0890894642369231,637815259.0,2.9514441003631652e-05,19297779.0,0.10790442079152673,0.027772740138552462,0.030256063535162303,0.0024833233966098413,15777.348453728355,5.248242635914047,8.0,186551349.0,0.0069849696930861516,90.0,93.33333333333333,56.66666666666667,76.66666666666666,8.610103049356242,637815259.0,1.672836213787531e-05,0.2924849262660867,True,True,False
0511,0.03822216315324534,3798947117.0,0.00017579353735814755,39766819.0,-0.006322459243002898,0.01303411993648633,0.01046785274321048,-0.002566267193275849,11074.455251131625,19.265338183660788,21.0,1576934314.0,0.05401491107298462,100.0,90.0,40.0,50.0,2.9788835788166645,3798947117.0,0.0001414062584572035,0.41509772719481636,False,False,True
0601,0.0219360422130781,1949150640.0,9.019553978947825e-05,0.0,0.0,0.0,0.0,0.0,11824.322404715214,1.6736234396301986,0.0,1113250690.0,0.033066753367597235,87.09677419354838,64.51612903225806,38.70967741935483,-6.451612903225808,0.0,1949150640.0,9.982699558264552e-05,0.5711465636129591,False,False,False
0602,0.019504295765565338,10322696503.0,0.00047767533409887936,4532368.0,0.07538498527689019,0.0003362462608870365,0.00043906822201764773,0.00010282196113061125,11302.973243715931,4.997865793215009,64.0,4940113371.0,0.043230818363051426,41.935483870967744,25.806451612903224,-25.806451612903217,-45.16129032258065,0.12494760373821026,10322696503.0,0.00044298798113889793,0.47856811149725226,False,True,False
0603,0.04002829149486198,10002059385.0,0.0004628380827643429,250095.0,0.2190764723161418,1.1300212210286868e-05,2.500435064153541e-05,1.3704138431248541e-05,11191.599799645961,4.261067626192829,76.0,4506289874.0,0.0616947173853577,61.29032258064516,12.903225806451612,6.451612903225808,-25.806451612903228,0.007115599669985352,10002059385.0,0.0004040863242994426,0.45053620464981875,False,True,True
0604,0.02845436677293023,1408689836.0,6.51861059615031e-05,1536.0,-0.5692164332866044,8.456785760645186e-05,1.090374872272451e-06,-8.34774827341794e-05,11281.866792972303,14.686679586597155,113.0,564781046.0,0.049450721525302166,25.806451612903224,3.225806451612903,-22.580645161290327,-45.16129032258065,0.00031029284433461887,1408689836.0,5.064483273233266e-05,0.40092647193629644,False,False,True
0701,0.09448974969939039,7006091837.0,0.00032420184570899674,13644163.0,0.10909320428655445,0.0018225915183927698,0.0019474713317264214,0.00012487981333365156,11392.764391476247,9.250690977946746,35.0,3760370936.0,0.11590792320435117,45.16129032258064,25.806451612903224,3.225806451612897,-35.483870967741936,0.5542006094859152,7006091837.0,0.00033719856290156947,0.5367287531318153,True,True,True
0702,0.03491306755005241,11644398203.0,0.0005388361268184052,2447679.0,-0.028029817687101555,0.00028766833292002985,0.00021020227557740109,-7.746605734262877e-05,10634.244312257912,6.637716143511834,60.0,4583788031.0,0.05393281062910038,16.129032258064516,12.903225806451612,-32.25806451612904,-32.258064516129025,0.05981819980736279,11644398203.0,0.00041103570977568443,0.39364748191272414,False,False,True
0703,0.05814324694846151,9495633885.0,0.000439403608076611,249843730.0,0.03926761713030347,0.02878921616824716,0.02631143249895844,-0.002477783669288719,12228.296602144745,5.331957601198551,8.0,4931361975.0,0.05347311303399893,73.33333333333333,90.0,23.33333333333333,53.333333333333336,7.487561788364607,9495633885.0,0.0004422032292607437,0.519329413362276,True,True,True
0704,0.042476939712640105,3919694675.0,0.0001813810434998336,338782.0,0.17417275776853458,4.768045300935935e-05,8.643071159617808e-05,3.875025858681873e-05,12164.224676098784,7.6960706625064255,69.0,2580928024.0,0.04172070784798576,29.03225806451613,9.67741935483871,-25.80645161290322,-67.74193548387098,0.024595973385877903,3919694675.0,0.0002314360033776166,0.6584512922553081,True,True,False
0705,0.04142088712249614,3399322470.0,0.00015730119509908813,1032885.0,0.14972939728604295,0.00018527330331710577,0.00030385025519511833,0.00011857695187801257,10941.589563170217,6.2742027554432305,42.0,1238333062.0,0.056709518968025785,16.129032258064516,16.129032258064516,-32.25806451612904,-38.70967741935483,0.08646802336869586,3399322470.0,0.00011104333482166349,0.36428819946581886,True,True,True
0706,0.050057277599777183,2356002144.0,0.00010902229964290912,758957.0,1.481731970234077,4.368497169284276e-06,0.00032213765251989517,0.0003177691553506109,12271.477765783815,10.813612428830153,64.0,1521094316.0,0.05415896525256714,25.806451612903224,3.225806451612903,-25.806451612903224,-70.96774193548387,0.09167214965194023,2356002144.0,0.0001363989952380979,0.6456251832680845,True,True,True
0707,0.0654484003310718,3922026901.0,0.00018148896557556454,0.0,0.0,2.516983859691521e-07,0.0,-2.516983859691521e-07,10542.451980138778,5.601428753791064,0.0,1592834944.0,0.0897530336619985,6.451612903225806,9.67741935483871,-35.483870967741936,-41.93548387096774,0.0,3922026901.0,0.0001428320937475201,0.406125450999297,True,False,True
0708,0.03531650514172835,1827680713.0,8.457460654341908e-05,968881.0,0.12562504563492527,0.0003489530992121616,0.0005301150212444136,0.00018116192203225203,11511.395437784542,10.148110848276755,53.0,1327799160.0,0.009884527439165902,25.806451612903224,16.129032258064516,-38.70967741935484,-64.51612903225806,0.15085719778521708,1827680713.0,0.00011906590498494138,0.7264940481975749,False,True,False
0709,0.034764353445986274,18399410879.0,0.0008514194654753844,5414770.0,-0.05428273719745902,0.00046150542441711774,0.00029429040068777956,-0.00016721502372933817,11093.336447208756,9.301321766035397,73.0,7932490311.0,0.03830438798487035,19.35483870967742,3.225806451612903,-22.580645161290324,-51.61290322580645,0.08374753290074781,18399410879.0,0.0007113192763757239,0.4311274074570331,False,False,False
0710,0.039304929147793155,8403820784.0,0.00038888074443898103,4631215.0,0.25025542396399625,0.00021874561683820674,0.0005510844553964491,0.00033233883855824243,11975.040408395744,10.619707718578743,54.0,5972962859.0,0.04404638511431136,87.09677419354838,19.35483870967742,41.935483870967744,-64.51612903225806,0.15682456325977362,8403820784.0,0.0005356052704900625,0.7107437215191332,False,True,False
0711,0.04835905751307856,867832825.0,4.0158337940418403e-05,25522970.0,0.233233182232794,0.013056277963885496,0.029410007624452325,0.016353729660566828,11063.102740875238,11.427064026215199,10.0,330894957.0,0.0798221918973474,83.33333333333334,100.0,30.000000000000007,36.66666666666667,8.369337142440957,867832825.0,2.967188765969566e-05,0.3812888236855987,True,True,True
0712,0.015481249282722542,3611410848.0,0.00016711543179491627,1147259.0,-0.2097323203119561,0.0011129432387526135,0.0003176761238991549,-0.0007952671148534587,12681.196782280087,4.114736786072047,65.0,2275981005.0,0.04012196334824614,87.09677419354838,96.7741935483871,16.129032258064512,22.580645161290334,0.09040251253812394,3611410848.0,0.0002040909094180037,0.6302193521571877,False,False,False
0713,0.09450927824767974,18872979520.0,0.0008733335127151425,389820729.0,-0.05542220526788033,0.04314525483992181,0.020654964871174724,-0.022490289968747083,13483.193370817105,12.108364502864484,12.0,8353833649.0,0.0633745975273301,46.666666666666664,60.0,33.33333333333333,20.0,5.877875547655693,18872979520.0,0.0007491018171090273,0.44263459514420117,True,False,True
0714,0.03343680020933193,2944996542.0,0.00013627759052211422,4224482.0,0.1568794813104899,0.0008159577944837775,0.0014344607675264292,0.0006185029730426517,15139.318493521341,8.10163951597994,31.0,1088752131.0,0.03129753852633277,48.38709677419355,58.06451612903226,-16.129032258064512,-3.225806451612897,0.40821090338826027,2944996542.0,9.763017004905956e-05,0.3696955549769878,False,True,False
0801,0.028289343264746858,9691065464.0,0.0004484470634145807,208140.0,1.1026760627498957,6.007570066437383e-07,2.147751460076196e-05,2.0876757594118222e-05,13748.081994734115,7.177490417175756,85.0,4882099994.0,0.014512688476089108,83.87096774193549,61.29032258064516,19.354838709677423,9.677419354838712,0.006111952195688096,9691065464.0,0.0004377858274986308,0.5037732963558897,False,True,False
0802,0.012574437090479673,19719009943.0,0.0009124829602308079,31437961.0,0.03756152597225548,0.0014113501213272508,0.0015942971321012028,0.00018294701077395197,13117.90896430611,4.220194510690217,35.0,12388199908.0,0.003921045042603266,64.51612903225806,58.06451612903226,-3.225806451612897,-16.129032258064505,0.45369625109133815,19719009943.0,0.0011108699851718445,0.6282364045562873,False,True,False
0803,0.011628325282895036,15480707936.0,0.0007163585922793426,70458.0,0.03633368575609697,4.0340968808248625e-06,4.5513422442491584e-06,5.17245363424296e-07,11793.094501115198,7.8159857429552995,94.0,8820390602.0,0.023862989879552154,77.41935483870968,22.58064516129032,32.25806451612904,-19.354838709677423,0.0012951957775449374,15480707936.0,0.0007909387360568913,0.5697666178100552,False,True,False
0804,0.050336147805521536,19827328807.0,0.000917495337523444,445786.0,-0.25040246769964913,0.00012144035736373979,2.248341187758061e-05,-9.895694548615918e-05,11241.834321329516,11.185553339565478,106.0,10814196308.0,0.070651008026829,74.19354838709677,22.58064516129032,48.387096774193544,-48.38709677419355,0.0063982048736152845,19827328807.0,0.0009697265285940021,0.5454187204572948,True,False,True
0805,0.005489532232213268,16969567656.0,0.0007852545017900675,170061033.0,-0.09564404126004866,0.01702647641624699,0.010021530097136612,-0.0070049463191103785,12210.241606740143,10.389929168465484,17.0,10294760682.0,0.00789010995938999,50.0,43.333333333333336,-30.0,-43.333333333333336,2.851871551244362,16969567656.0,0.0009231478932444289,0.6066601631043935,False,False,False
0806,0.02306418979048175,12445022816.0,0.0005758844532311226,91343720.0,0.07620252260238503,0.005698064823289588,0.007339779231466215,0.0016417144081766278,11674.328658981543,13.780323273785807,22.0,6948485171.0,0.049055672232133585,60.0,60.0,20.0,10.0,2.088713737297811,12445022816.0,0.0006230819389579672,0.5583344662146098,False,True,True
0807,0.028184429247495313,4513837274.0,0.00020887456366650914,12672.0,-0.37289081578977534,3.326125049737765e-05,2.807367485972867e-06,-3.045388301140478e-05,11066.69360231372,10.322652530767233,114.0,1996919193.0,0.03417033311841644,22.58064516129032,19.35483870967742,-38.70967741935484,-61.29032258064515,0.0007989050962808566,4513837274.0,0.00017906698396792466,0.44239946453151646,False,False,False
0808,0.0066870071562752376,10385389465.0,0.00048057640569003726,364393060.0,-0.007305565947437254,0.037630647588309314,0.03508708664494943,-0.0025435609433598835,12145.904923722088,12.391080868531908,11.0,5586683012.0,0.020083254321555444,90.0,100.0,20.0,30.0,9.984888859174097,10385389465.0,0.0005009669298840181,0.5379367842513549,False,False,False
0809,0.06009375850704357,10944638753.0,0.0005064552630614929,53036329.0,0.05257410896142334,0.005021459873697352,0.004845872960901737,-0.00017558691279561528,15580.130386576131,4.783560294922177,17.0,5043609884.0,0.025962449063335447,40.0,56.666666666666664,13.333333333333332,-6.666666666666664,1.3790116982324476,10944638753.0,0.0004522686813790839,0.4608292697296667,True,True,False
0810,0.07276957559975039,30057516070.0,0.0013908898732755551,44272693.0,-0.0640661340792672,0.002913998219840978,0.0014729325236621257,-0.0014410656961788523,13727.90219864452,12.99933862425819,36.0,18736807073.0,0.06081320026878112,41.935483870967744,54.83870967741935,19.354838709677423,-25.806451612903224,0.41915898275202446,30057516070.0,0.0016801598900506877,0.6233651187065639,True,False,True
0811,0.04494752410041292,7341540532.0,0.00033972449208444623,18674329.0,-0.024380027701711993,0.00358531072076445,0.0025436526460084386,-0.0010416580747560113,12446.250935790924,21.15596705369643,44.0,5157542641.0,0.02461812769894367,70.96774193548387,58.06451612903226,48.38709677419355,-9.677419354838698,0.7238585871703963,7341540532.0,0.0004624852165511911,0.7025150400681599,True,False,False
0812,0.03224336130889727,232469157.0,1.0757342541785261e-05,3024917.0,0.4536208985707111,0.0023496480964929974,0.01301212186182617,0.010662473765333172,11875.86244190665,13.12663981238048,14.0,157679192.0,0.09837877209922707,46.666666666666664,6.666666666666667,-16.666666666666664,-40.0,3.702917598348556,232469157.0,1.4139348975619423e-05,0.6782800524372358,False,True,True
0813,0.048543752856316846,3020098676.0,0.00013975288759585487,59924896.0,0.035949481226069446,0.021077837657012505,0.019842032472716466,-0.0012358051842960398,12269.466687192773,13.752500500096408,14.0,2017582010.0,0.05676740817605408,56.666666666666664,73.33333333333333,20.0,10.0,5.646535746470006,3020098676.0,0.00018091985229301324,0.6680516852092419,True,True,True
0814,0.004412729083440148,105668758.0,4.8897455492171444e-06,4898907.0,0.05745453536602518,0.03584306260584708,0.046360978331930425,0.010517915726083342,12061.213989133856,9.323199145200263,5.0,82314665.0,0.05814179259890184,26.666666666666668,3.3333333333333335,-16.666666666666668,-46.666666666666664,13.193150538006746,105668758.0,7.381289563217739e-06,0.7789877212335552,False,True,True
0901,0.09747752610331029,48515536662.0,0.002245021460940193,2357665.0,0.1687048577135748,3.5485848066422416e-05,4.8596082043273597e-05,1.311023397685118e-05,11520.59039862256,11.491003854300173,99.0,26950337859.0,0.09203988728440371,61.29032258064516,12.903225806451612,19.354838709677416,-29.03225806451613,0.013829203977618882,48515536662.0,0.0024166805217980124,0.5554991187000301,True,True,True
0902,0.004367860396425005,7150977659.0,0.00033090633260444383,79685371.0,-0.0029453046686304107,0.0115579895437921,0.011143283450160196,-0.0004147060936319034,12211.732883777144,8.258859914253511,11.0,3507571124.0,0.022190377879228507,53.333333333333336,50.0,-13.333333333333321,-23.33333333333333,3.1710939099054403,7150977659.0,0.0003145295936006678,0.4905023188801994,False,False,False
0903,-0.01663258555705338,152997140.0,7.079832284561841e-06,27686090.0,-0.009035009104702119,0.17412688061063245,0.18095821921899977,0.006831338608367321,3581.309525027723,2.1049360343525287,2.0,83999359.0,0.006440887683965668,100.0,96.66666666666667,13.333333333333329,6.666666666666671,51.49608815743212,152997140.0,7.532358807554887e-06,0.5490256811336474,False,False,False
0904,0.07948574006666886,5815817506.0,0.00026912275968098967,337505.0,-0.00038000521201853044,8.522741513844534e-05,5.803225421908553e-05,-2.7195160919359807e-05,12778.824379730117,7.24770958696686,88.0,3300037073.0,0.0992954947064415,80.64516129032258,48.38709677419355,9.677419354838705,-16.129032258064512,0.016514497612423282,5815817506.0,0.00029591967853075167,0.5674244540162158,True,False,True
0905,-0.13489793858139254,462702387.0,2.1411219174596514e-05,0.0,0.0,5.2360646333870175e-09,0.0,-5.2360646333870175e-09,10519.925966960702,2.363837070856154,0.0,190143187.0,-0.16446576625969533,58.06451612903226,9.67741935483871,-9.677419354838698,-12.90322580645161,0.0,462702387.0,1.7050448078966957e-05,0.41094057939234274,False,False,False
0906,-0.01851460403092342,784686996.0,3.6310824683106157e-05,21649.0,0.6647774189284261,1.965077631575757e-06,2.7589344681837955e-05,2.5624267050262198e-05,10829.278645528873,4.981784542528588,78.0,381690656.0,0.005712104822835906,93.54838709677419,87.09677419354838,19.354838709677423,16.129032258064512,0.007851222962258996,784686996.0,3.42268204032724e-05,0.4864240874969209,False,True,False
0907,0.10630593480913109,630243717.0,2.9164073359533757e-05,34532.0,0.2772196891937664,2.6715382341664477e-05,5.47915021896204e-05,2.807611984795592e-05,13814.101257037999,2.844544937863023,60.0,264665148.0,0.13195113156816163,90.32258064516128,77.41935483870968,29.03225806451612,-6.451612903225808,0.01559226234217151,630243717.0,2.3732953231114748e-05,0.41994095436575374,True,True,True
0908,-0.06387631748048295,1232268220.0,5.702232294796853e-05,2852.0,-0.1541262280833,3.8422236424201955e-06,2.3144311877165835e-06,-1.527792454703612e-06,13584.20820871693,3.917472855328976,89.0,650233136.0,-0.07912341468201989,61.29032258064516,64.51612903225806,-3.225806451612904,-9.677419354838705,0.0006586280136450951,1232268220.0,5.830746028566283e-05,0.5276717563973207,False,False,False
0909,0.08035063631474837,1697442491.0,7.85479267714996e-05,5439193.0,0.03192425623041739,0.004030175467512334,0.0032043459668525524,-0.0008258295006597816,13263.165146822637,3.0167596648553268,26.0,810428798.0,0.08093616747099941,80.0,83.33333333333334,-10.0,10.000000000000014,0.9118750345141864,1697442491.0,7.26724652090669e-05,0.4774410928776497,True,True,True
0910,0.015295900176358401,3857291234.0,0.0001784933692840963,324998.0,-0.17535812262526218,0.00023836061241600489,8.425549959394121e-05,-0.00015410511282206368,12282.728632986078,10.32973366953557,100.0,2232745043.0,0.030707017420891214,54.83870967741935,58.06451612903226,-3.225806451612911,29.03225806451613,0.023976963597255194,3857291234.0,0.00020021387055662608,0.578837559196859,False,False,False
1001,0.007688178366867859,56249655899.0,0.0026029122494004436,2029318492.0,-0.03239489658896655,0.04419472235424885,0.03607699388674975,-0.0081177284674991,11901.901266475676,11.527048972926485,8.0,33624511480.0,0.02103992435832125,80.0,93.33333333333333,36.666666666666664,36.666666666666664,10.266591181463959,56249655899.0,0.0030151644990065746,0.5977727497635728,False,False,False
1002,-0.010346683213195984,397699824.0,1.8403272463261483e-05,38.0,-0.7796875304121755,0.00017476249119101014,9.554945138723522e-08,-0.0001746669417396229,11096.783023444335,4.742813268061847,70.0,147879047.0,0.01923254804909158,6.451612903225806,3.225806451612903,-58.064516129032256,-80.64516129032259,2.7190933870080423e-05,397699824.0,1.3260554073076594e-05,0.3718358371715045,False,False,False
1003,0.026069710315223427,9122145083.0,0.0004221206831910744,752022805.0,0.05023435193897563,0.07338161662372897,0.08243925065404488,0.009057634030315911,14270.858669907322,9.618119146836813,4.0,5368178348.0,-0.011224686994944832,80.0,86.66666666666667,40.0,13.333333333333343,23.460105529528782,9122145083.0,0.00048137326214695573,0.5884776331834625,False,True,False
1004,0.014638955161354161,1093167396.0,5.0585532661794844e-05,136340.0,-0.35323931442739986,0.0011851579030911002,0.00012472014853249429,-0.001060437754558606,11603.046087100825,5.059409557118707,46.0,629549275.0,-0.010821322084320517,80.64516129032258,74.19354838709677,67.74193548387096,-12.903225806451616,0.03549216936128542,1093167396.0,5.645270491095109e-05,0.5758946683770287,False,False,False
1005,0.01437057792947738,43878443123.0,0.0020304433025253015,7264617050.0,0.01661341973205377,0.16374405609118403,0.16556232475331528,0.0018182686621312505,12398.089056712428,7.078614092858435,3.0,26025797405.0,0.02048487490186557,93.33333333333333,90.0,20.0,3.3333333333333286,47.11480974913882,43878443123.0,0.002333775479253251,0.5931340210053605,False,True,False
1006,0.07215906644173575,36909165405.0,0.001707945003616094,235926048.0,0.052829691391666156,0.007000791750668972,0.00639207214281902,-0.0006087196078499524,12065.660022465821,6.735459389109677,16.0,17390046026.0,0.04374887509437997,63.33333333333333,70.0,-6.666666666666671,3.333333333333343,1.819020500952815,36909165405.0,0.0015593936418934573,0.47115793151053503,True,True,False
1007,0.10570445328696221,2753508536.0,0.0001274166211799084,251127595.0,0.15421422512863558,0.07358193285185631,0.09120276611337877,0.01762083326152246,18344.876431618224,2.2749319986917413,3.0,346472931.0,-0.028834170472310627,70.0,63.33333333333333,23.333333333333336,-3.3333333333333286,25.953978240094752,2753508536.0,3.106878986299415e-05,0.12582961936385295,True,True,False
1008,-0.012661772019217699,1178433627.0,5.4531165992043424e-05,14289776.0,0.03648549504219312,0.009511169307008361,0.012126076235942307,0.0026149069289339456,11898.184471294793,15.578278008559948,19.0,808698772.0,-0.0247493347798049,70.0,80.0,30.0,10.0,3.450771639690538,1178433627.0,7.251733097074016e-05,0.6862488929976877,False,True,False
1101,0.036199802570548556,5095740438.0,0.0002358017128078322,165530329.0,-0.04023628249713873,0.047650357787159495,0.032484058207832914,-0.015166299579326581,11781.590429508451,15.083172289821999,8.0,2557623846.0,0.05373768787292854,70.0,76.66666666666667,-20.0,-16.666666666666657,9.244133438101848,5095740438.0,0.00022934627992614212,0.501914074533166,False,False,True
1102,0.048001160948932364,1486471651.0,6.878540334045291e-05,3291510.0,0.08123402689629255,0.0018943003660818769,0.002214310644798163,0.0003200102787162861,10311.668560894741,16.709731395459613,45.0,821731957.0,0.059439854685554794,64.51612903225806,61.29032258064516,12.903225806451616,9.677419354838712,0.6301362638547346,1486471651.0,7.368603781557742e-05,0.5528070154901326,True,True,True
1103,0.006835705225506805,1353010017.0,6.260956250353546e-05,20949869.0,-0.15408600965828334,0.03698642055647254,0.015483897928894638,-0.021502522627577902,10122.629802101457,15.919965897583728,15.0,667088762.0,0.022111543108298326,53.333333333333336,73.33333333333333,-3.3333333333333286,16.666666666666664,4.406321946626008,1353010017.0,5.981893161674705e-05,0.49304051974361696,False,False,False
1104,0.023219524966838545,2186666862.0,0.00010118643162329134,25167209.0,-0.07699441722010214,0.01926969703335985,0.011509393331630412,-0.007760303701729436,11131.523713797882,16.633642383424057,24.0,1070106264.0,0.020497531925276702,90.0,93.33333333333333,33.333333333333336,6.666666666666657,3.275279433021584,2186666862.0,9.595816490290189e-05,0.48937782091838367,False,False,False
1105,0.06212498371379094,1313640980.0,6.078778871636068e-05,1408711.0,0.47230771648754244,0.00020952237069479346,0.0010723713871959141,0.0008628490165011207,11750.536129515387,6.279336744623617,28.0,719835536.0,0.046160656688368995,96.66666666666667,100.0,53.333333333333336,33.33333333333334,0.3051695122271098,1313640980.0,6.45488204211248e-05,0.5479697626363635,True,True,False
1106,0.039665153174492485,787124163.0,3.642360282790984e-05,3059405.0,0.05455311164854737,0.00362008592783563,0.0038868137249650154,0.0002667277971293855,11513.33016216401,20.198555225100012,36.0,425878817.0,0.035822161860010526,74.19354838709677,90.32258064516128,-6.451612903225808,6.451612903225794,1.1060879306625058,787124163.0,3.81892444938896e-05,0.5410567189003954,False,True,False
1107,0.07004920259983871,4947165193.0,0.00022892650052453275,362915964.0,0.08258110958205656,0.0692095739073611,0.07335836784134651,0.004148793933985415,9901.724863630605,14.052419418517648,6.0,2469349339.0,0.08614974534258524,86.66666666666667,100.0,56.66666666666667,60.0,20.87591817463396,4947165193.0,0.00022143056166114896,0.4991443064189589,True,True,True
1108,0.05543109062275109,6430124345.0,0.00029754936550760403,45436185.0,0.0479708248974029,0.007321261909996391,0.007066144068478352,-0.00025511784151803843,14385.795413285745,10.617124382750628,25.0,3126434105.0,0.06298179457140907,90.0,73.33333333333333,60.0,26.666666666666664,2.010844157584812,6430124345.0,0.00028035241872544206,0.4862167412720539,True,True,True
1109,0.032149334479527614,1773565302.0,8.207045493712021e-05,6053920.0,0.06973283624782134,0.002854470396530732,0.003413418154478532,0.0005589477579478002,11008.783312552086,8.7495503404724,18.0,564263420.0,0.019799342554440935,83.33333333333334,93.33333333333333,50.000000000000014,26.66666666666667,0.97137164014902,1773565302.0,5.059841636908256e-05,0.31815204061767327,False,True,False
1201,0.046058474478620326,78915280640.0,0.00365174768378239,1959974467.0,-0.040005124985684315,0.038152635787416095,0.024836437900298648,-0.013316197887117447,16348.161233247589,2.5435200403221594,5.0,21833242335.0,0.018361112858514828,63.33333333333333,53.333333333333336,-10.0,-13.333333333333321,7.06781599172634,78915280640.0,0.0019578222638522453,0.27666685283171033,True,False,False
1202,0.034075275443263164,4853418027.0,0.0002245884180451284,917407166.0,0.004116175182414805,0.21895526128733236,0.18902290321921203,-0.029932358068120335,13212.243560261124,8.322685442643378,1.0,2802729938.0,0.05443442263021292,63.33333333333333,73.33333333333333,6.666666666666664,6.666666666666671,53.791091280413546,4853418027.0,0.0002513253408718519,0.5774754868441502,False,True,True
1203,-0.016949965189509864,88638806.0,4.101696805468481e-06,0.0,0.0,0.0,0.0,0.0,15731.107855705997,4.030580114694462,0.0,38266326.0,0.1501527366903619,54.83870967741935,58.06451612903226,-32.25806451612903,-12.903225806451609,0.0,88638806.0,3.43140353819684e-06,0.43171075657314245,False,False,True
1204,0.04722754803264784,1206041527.0,5.580870164878155e-05,5712307.0,0.2411931074074154,0.0020251527804942,0.004736409876539848,0.002711257096045648,13678.729721909485,4.607094186450372,18.0,822321202.0,0.034074723997603806,13.333333333333334,53.333333333333336,-13.333333333333334,-6.666666666666664,1.3478612997227106,1206041527.0,7.373887637075685e-05,0.6818348983765963,True,True,False
1205,0.031152105211051495,13115196547.0,0.000606896259183829,30125437.0,0.18230562015484297,0.0011591067790386474,0.002296987078465931,0.0011378802994272837,14104.276360459337,5.4391062790336235,25.0,8236746265.0,-0.0023623419274590995,36.666666666666664,23.333333333333332,-6.666666666666671,-30.000000000000004,0.6536638656131547,13115196547.0,0.0007386024014155581,0.6280307150169314,False,True,False
1206,-0.009697070662396778,4713425203.0,0.00021811035110242484,68937433.0,-0.1116830976319072,0.025183679177378307,0.014625761528181824,-0.010557917649196483,12170.256198319055,10.575754391177057,14.0,2667128006.0,-0.013447276687124199,30.0,16.666666666666664,-46.66666666666667,-63.333333333333336,4.162118240748862,4713425203.0,0.00023916569562001542,0.5658577130496155,False,False,False
1207,0.05375854364427779,7641853044.0,0.00035362123693807857,21867211.0,0.03401677034507067,0.003145301958944927,0.002861506348537942,-0.0002837956104069848,14497.341112487245,25.851945066128007,45.0,4017541939.0,0.03957236869556602,54.83870967741935,58.06451612903226,-9.677419354838712,9.677419354838712,0.814311634051988,7641853044.0,0.0003602595039915458,0.5257287618419164,True,True,False
1208,0.07979288530046613,1120715049.0,5.18602804320689e-05,11657331.0,0.32511962935638317,0.0037370662382293462,0.010401690430053286,0.00666462419182394,11487.507526782572,4.300695201965331,16.0,608071453.0,0.07104137116271447,93.33333333333333,93.33333333333333,13.333333333333329,6.666666666666657,2.960055474043379,1120715049.0,5.452675376519537e-05,0.5425745407296659,True,True,True
1209,0.025343717450529546,9105165733.0,0.0004213349760183725,96338541.0,0.05836187687480798,0.009030018587272126,0.010580646615891753,0.0015506280286196276,11209.520143657885,14.899619174359971,21.0,4263927188.0,0.04633043175288054,80.0,83.33333333333334,26.666666666666664,36.66666666666668,3.0109818346255564,9105165733.0,0.00038235326902083316,0.4682975920521885,False,True,True
1210,0.0028860916645743195,715608493.0,3.311426678856903e-05,5429.0,-0.2890123843192408,4.2363537429719265e-05,7.586550541400576e-06,-3.4776986888318686e-05,11682.055298875555,3.890974940278685,52.0,375275745.0,0.011917058121077684,83.87096774193549,100.0,54.83870967741936,74.19354838709677,0.002158938550439488,715608493.0,3.365158492593345e-05,0.5244148842151878,False,False,False
1211,0.056790686713309,4333464278.0,0.00020052793339391748,2709559.0,-0.06608398962964868,0.0011600298752008228,0.0006252639519277468,-0.0005347659232730759,12911.28243141641,14.798666735352803,84.0,2830674058.0,0.07332448651611534,80.64516129032258,61.29032258064516,25.806451612903224,6.451612903225808,0.1779341536908479,4333464278.0,0.0002538311354506102,0.6532127361406163,True,False,True
1212,0.07091995646262816,1551779100.0,7.180745843149955e-05,485980.0,-0.0013244058915488077,0.00044406993774692477,0.00031317601841653877,-0.000130893919330386,13671.710259223752,5.556065236436966,76.0,960290628.0,0.033122532669824345,74.19354838709677,54.83870967741935,22.58064516129032,-29.032258064516135,0.08912189743453429,1551779100.0,8.611081865074963e-05,0.6188320412357661,True,False,False
1213,-0.0005531598913579572,499057684.0,2.309353431732032e-05,0.0,0.0,0.0,0.0,0.0,12513.675841091748,9.803414616231974,0.0,332716299.0,0.029157831207836216,25.806451612903224,9.67741935483871,-38.70967741935484,-74.19354838709678,0.0,499057684.0,2.9835210351899414e-05,0.6666890615394272,False,False,False
1214,-0.019294059189999047,2793869139.0,0.00012928427896843818,12705601.0,-0.19660099514827112,0.012326129772193266,0.00454767219503619,-0.0077784575771570755,15806.568932619573,3.584560773582048,16.0,1213645372.0,-0.019179081157464473,76.66666666666667,63.33333333333333,30.000000000000007,9.999999999999993,1.2941513752589908,2793869139.0,0.0001088295496044491,0.43439592608635774,False,False,False
1301,0.056590185114008484,1169613243.0,5.4123009085284035e-05,2645977.0,-0.05578097039227681,0.003969290676714718,0.0022622666217537004,-0.0017070240549610172,12582.110600629545,10.156591942246202,35.0,686796850.0,0.0787012949496455,83.87096774193549,74.19354838709677,32.25806451612904,-6.451612903225808,0.6437833102704018,1169613243.0,6.15861878433912e-05,0.5871999604231567,True,False,True
1302,0.01837881670110586,7896308033.0,0.0003653959579955443,7991364.0,-0.0034676155681261367,0.0011279413891460322,0.0010120380267085256,-0.00011590336243750654,11711.852220331182,11.432307324347121,47.0,4347801535.0,0.024836442455868468,100.0,96.7741935483871,22.58064516129032,67.74193548387098,0.28800017853283527,7896308033.0,0.00038987441779952047,0.5506119463462932,False,False,False
1401,0.0076597687652539825,235971333.0,1.0919403209788711e-05,7299976.0,0.2287044813995942,0.011476106574577186,0.03093585948425354,0.019459752909676352,12252.052414184565,3.7225119171915813,5.0,164596381.0,0.025897648197209966,60.0,46.666666666666664,36.66666666666667,-10.0,8.803555616885664,235971333.0,1.4759624536146876e-05,0.6975270212165984,False,True,False
1402,0.0,0.0,0.0,0.0,0.0,0.0,0.0,0.0,0.0,0.0,0.0,0.0,0.0,100.0,100.0,100.0,100.0,0.0,0.0,0.0,0.0,False,False,False
1403,0.0,0.0,0.0,0.0,0.0,0.0,0.0,0.0,0.0,0.0,0.0,0.0,0.0,100.0,100.0,100.0,100.0,0.0,0.0,0.0,0.0,False,False,False
1404,0.07148647500995264,1697999082.0,7.857368261851149e-05,2328368.0,0.4779711590543916,0.000274610944131029,0.001371242201884771,0.001096631257753742,14405.205202381847,8.93902668747442,46.0,765912440.0,0.03926356375894979,100.0,64.51612903225806,32.25806451612904,6.451612903225801,0.3902205139850062,1697999082.0,6.868061116097152e-05,0.4510676408009978,True,True,False
1501,0.025726708216080363,795501466.0,3.681125648102359e-05,305367.0,-0.2814985626864559,0.0022761518488641497,0.0003838673001263834,-0.0018922845487377663,11302.748708864101,10.946014475518096,43.0,348249034.0,0.075176380249806,93.54838709677419,61.29032258064516,45.16129032258064,-12.903225806451609,0.10923883100408065,795501466.0,3.122805590066921e-05,0.4377729631990395,False,False,True
1502,0.07759245404060988,2337617953.0,0.00010817158446635515,94409237.0,0.1919677360537264,0.024388840898497847,0.04038694042319412,0.015998099524696274,11060.427592345326,9.798041382046186,9.0,1298795076.0,0.16528575277901192,100.0,90.0,33.33333333333334,26.66666666666667,11.493091904959448,2337617953.0,0.00011646506171454854,0.5556062205687552,True,True,True
1503,0.5233417648092624,315136820.0,1.4582729012386466e-05,685598.0,0.22434834328197284,0.006486824521111933,0.0021755566360033714,-0.004311267885108562,9632.919545783321,2.568978358944238,13.0,186459256.0,1.3930629290458727,86.66666666666667,40.0,30.000000000000007,-33.33333333333333,0.6191078625919256,315136820.0,1.6720104009147634e-05,0.5916771515305638,True,True,True
1504,0.13141290554129093,4165329456.0,0.00019274761579481296,1581902.0,0.1625665848118949,0.00033154820315323575,0.0003797783624825474,4.823015932931164e-05,11318.33273833214,14.473148482483682,58.0,1662960372.0,0.16137891442473062,100.0,100.0,29.032258064516128,19.354838709677423,0.1080752237676368,4165329456.0,0.00014912035465233672,0.39923861715297654,True,True,True
1505,0.019305065191004278,203488762.0,9.416295669011334e-06,2257885.0,0.03495695026496848,0.010281840761573246,0.011095870739043565,0.0008140299774703191,10829.63976550705,7.345202589289327,14.0,65397970.0,0.0528065547140848,100.0,100.0,60.0,80.0,3.15760146307444,203488762.0,5.864342075821201e-06,0.32138369390639865,False,True,True
1506,-0.004357133537162938,544986191.0,2.5218842846880574e-05,107913.0,0.0482445940596159,0.0001530710437608971,0.0001980105217014572,4.493947794056009e-05,11578.365174087503,10.15074757044795,39.0,363391282.0,0.05175783134130851,80.64516129032258,22.58064516129032,9.677419354838705,-48.38709677419355,0.05634873798850222,544986191.0,3.258588584659749e-05,0.6667898893607013,False,True,True
1507,0.03553741631289187,13086690672.0,0.0006055771703817463,5906758094.0,0.06422953564763456,0.39370577649059696,0.4513561328868246,0.05765035639622762,12281.75003861679,4.469611531734197,1.0,6163909801.0,0.03918685247519571,90.0,83.33333333333334,23.333333333333343,13.333333333333343,128.44442938183573,13086690672.0,0.0005527277925839439,0.47100599803953247,False,True,False
1508,0.013875665674843995,747977646.0,3.461212599321378e-05,92124089.0,-0.025682190143911154,0.15028127779697142,0.12316422755767757,-0.027117050239293852,16191.908832006726,3.7421359367260623,3.0,278519750.0,0.08448070550838449,36.666666666666664,56.666666666666664,-23.333333333333336,43.33333333333333,35.049393984566045,747977646.0,2.497531787106239e-05,0.37236373505204995,False,False,True
1509,0.15421049360107641,15677880825.0,0.0007254826254814177,195181891.0,0.23601389833959052,0.008840167288572866,0.01244950725028872,0.003609339961715854,10322.36695864857,3.8482188023828794,7.0,7138835841.0,0.17186613108800208,96.66666666666667,93.33333333333333,30.000000000000014,20.0,3.542811847090423,15677880825.0,0.0006401509923741781,0.4553444384917373,True,True,True
1510,0.1932859814114416,802841071.0,3.715089140776099e-05,465840.0,2.0123694728048607,5.659638592958636e-06,0.0005802393734288664,0.0005745797348359077,11388.311656089902,3.415901897808489,23.0,488949124.0,0.24685723203069654,60.0,46.666666666666664,-23.333333333333343,-33.333333333333336,0.1651213084184065,802841071.0,4.384486125194892e-05,0.609023556045752,True,True,True
1511,0.03803766662702013,41547236871.0,0.0019225684148974542,13699829.0,0.49043406342891127,5.403494650483367e-05,0.00032974103771417086,0.0002757060912093372,13439.546991002568,2.8167200842490776,44.0,19387041517.0,0.025845034344451845,58.06451612903226,74.19354838709677,-3.225806451612897,6.451612903225808,0.09383587891469054,41547236871.0,0.001738467467626833,0.4666264949747397,False,True,False
1512,0.058514285049286574,17836646724.0,0.0008253779601690555,827991834.0,0.09663978969725928,0.03889344945878032,0.046420823757522774,0.007527374298742451,12706.756910560931,6.00731378147875,5.0,11350719477.0,0.0899561113904126,53.333333333333336,66.66666666666666,-9.999999999999993,-20.000000000000014,13.210181017890022,17836646724.0,0.0010178374316483266,0.6363707064807816,True,True,True
1513,0.09029573927317469,8073356567.0,0.00037358875118728333,7438.0,-0.21057750943868914,4.629948268256514e-06,9.213020555047659e-07,-3.7086462127517484e-06,12395.88837437062,4.615761324827371,101.0,5036054456.0,0.09680527629377744,87.09677419354838,96.7741935483871,22.58064516129032,22.580645161290334,0.0002621790382037286,8073356567.0,0.00045159117389190597,0.6237869483660575,True,False,True
1514,0.0855163345294776,11803669125.0,0.0005462062738392418,6496723.0,0.4052869270661006,0.00015136801199960308,0.0005503986032817571,0.0003990305912821541,11756.973764364986,5.827984713324491,45.0,7305487032.0,0.14020984004486148,45.16129032258064,58.06451612903226,3.225806451612897,-6.451612903225801,0.15662938726216724,11803669125.0,0.0006550948750568824,0.6189166228428993,True,True,True
1515,0.047803151723996073,6117583783.0,0.00028308677646128133,52013992.0,0.01733540308052217,0.00985412284865399,0.008502375095301575,-0.0013517477533524155,12283.132975460878,14.066473861955993,24.0,3986095262.0,0.05839080696251364,93.33333333333333,60.0,26.66666666666667,26.66666666666667,2.419558831562784,6117583783.0,0.00035743962944382115,0.6515800033792525,True,True,True
1516,0.06761660297873084,5301089099.0,0.00024530407396137626,3894528.0,0.0937397944245888,0.0006510228826067134,0.0007346656370545942,8.364275444788078e-05,13430.540286632522,6.714864677707882,55.0,3105821074.0,0.06102518189621353,93.54838709677419,80.64516129032258,70.96774193548387,41.93548387096774,0.2090670795462116,5301089099.0,0.00027850401479174953,0.5858835827878999,True,True,True
1517,0.08574569457018955,8165109269.0,0.00037783454128385234,55449335.0,-0.16919937613700897,0.025887544027552504,0.006791009547235491,-0.019096534480317014,12411.838622519725,12.509102243944541,25.0,5240620001.0,0.07462037328854665,83.33333333333334,86.66666666666667,50.000000000000014,26.66666666666667,1.9325478988007418,8165109269.0,0.00046993489821250484,0.6418309698434485,True,False,True
1518,0.12587536296471247,10174399814.0,0.00047081301179353543,86009203.0,0.037871230033141856,0.012699023749867767,0.008453491564352633,-0.004245532185515134,11425.798374865888,9.768050113857509,20.0,6666423813.0,0.20198579997296529,76.66666666666667,33.33333333333333,23.333333333333336,-13.333333333333336,2.4056478269670394,10174399814.0,0.0005977890393514097,0.6552154362783134,True,True,True
1519,0.10977937175225772,14977027225.0,0.0006930511307225523,224910346.0,0.13064173702408421,0.013681760654181651,0.015017021911035485,0.0013352612568538341,13890.84064292325,4.1065803439412845,8.0,8267244244.0,0.09645707923446434,90.0,73.33333333333333,46.666666666666664,13.333333333333329,4.2734609543039666,14977027225.0,0.0007413372046743933,0.5519950067393965,True,True,True
1520,0.06275103829564488,2604950886.0,0.00012054222309254129,50737825.0,0.02482393584026421,0.023358432480402,0.019477459353527328,-0.0038809731268746733,14365.056795973696,5.819207385976852,8.0,1391975228.0,0.03889376809111944,83.33333333333334,80.0,33.33333333333334,-13.333333333333329,5.542787546655589,2604950886.0,0.0001248206771259293,0.534357570993375,True,True,False
1521,0.013002548777998335,350297174.0,1.620974902979217e-05,3743346.0,0.07436629316433274,0.007963686506258965,0.010686200968324112,0.002722514462065147,12150.04357135636,6.544561201312388,14.0,245685398.0,0.01641118980670009,83.33333333333334,56.666666666666664,36.66666666666668,10.0,3.041019907843325,350297174.0,2.203100825463356e-05,0.7013627749106535,False,True,False
1522,0.25320891233168097,668451455.0,3.093210887322036e-05,7803050.0,1.4900345400820365,0.0003769511162495277,0.0116733233829224,0.011296372266672872,11616.573582214733,4.832482106856585,12.0,496071407.0,0.26654157673316936,20.0,20.0,-43.33333333333333,-63.33333333333334,3.321929739426114,668451455.0,4.448352792421422e-05,0.7421203189691613,True,True,True
1601,0.060586673042577255,7202223814.0,0.000333277711459164,1021244.0,0.02869128567095114,0.00016518417124911143,0.00014179564900702765,-2.338852224208378e-05,11346.255423251556,13.138534244730748,62.0,3562766544.0,0.07232547292929725,41.935483870967744,12.903225806451612,-25.806451612903217,-38.70967741935483,0.04035142074850575,7202223814.0,0.0003194790564647081,0.49467589955681984,True,True,True
1602,0.05098428798530841,20235598952.0,0.0009363877439657719,64943992.0,-0.06627265362705781,0.00579833953164759,0.003209393117250983,-0.0025889464143966073,12424.871380112387,15.361913616293895,36.0,14430180718.0,0.06819998823188245,87.09677419354838,3.225806451612903,41.935483870967744,-54.83870967741936,0.9133113246312261,20235598952.0,0.0012939777174470581,0.7131086533306583,True,False,True
1603,-0.04924266250926812,227672126.0,1.0535363392738135e-05,4185.0,-0.39783528457257256,0.0001803671772629571,1.838169684417143e-05,-0.00016198548041878566,13642.320197580972,15.401523820673003,58.0,133245565.0,-0.03920852102025241,22.58064516129032,12.903225806451612,-29.032258064516128,-70.96774193548387,0.005230961518388199,227672126.0,1.194834599982337e-05,0.5852519908387906,False,False,False
1604,0.0181788487578185,18856473999.0,0.0008725697316376053,14088403.0,0.10661813382332497,0.0004926434594510191,0.0007471387811288123,0.0002544953216777932,11500.248218847344,13.383669658635876,58.0,10641086273.0,0.01724789606422661,83.87096774193549,87.09677419354838,16.129032258064527,9.677419354838705,0.21261661782979144,18856473999.0,0.0009542034708905691,0.5643200459197366,False,True,False
1605,0.023060249913235964,16031375358.0,0.000741840329992427,12834485.0,-0.26378658328594917,0.0041485380676269034,0.0008005853966606375,-0.003347952670966266,13594.85518835545,15.568774401134618,59.0,9307284248.0,0.019168740695108655,67.74193548387096,16.129032258064516,29.03225806451612,-41.935483870967744,0.22782615977279858,16031375358.0,0.000834599279261639,0.5805667973057262,False,False,False
1701,0.09611797826733692,39807730720.0,0.0018420740226032996,225453023.0,0.16877609940488036,0.004108833443457715,0.005663548735942615,0.0015547152924849,12431.23338535852,4.0537839663087425,27.0,21867151842.0,0.10099918382546202,56.666666666666664,66.66666666666666,-9.999999999999993,3.3333333333333286,1.611701343264502,39807730720.0,0.0019608629843619256,0.5493192263535287,True,True,True
1702,0.0813183275201097,11051795776.0,0.0005114138769999817,50108924.0,0.06873651177933437,0.0048072511590091325,0.004534007415230761,-0.00027324374377837163,12465.619165082642,12.998548670868193,27.0,7254464634.0,0.07147836183825418,90.0,83.33333333333334,23.333333333333343,20.000000000000014,1.290262727876466,11051795776.0,0.0006505196138461644,0.6564059616224309,True,True,True
1703,0.030563656625992808,1326299022.0,6.137353047866381e-05,4478920.0,0.3654962602493397,0.0008269007666553697,0.003377006184658108,0.0025501054180027383,13101.132334034097,21.633407222787472,38.0,843371305.0,0.006671285099991486,58.06451612903226,58.06451612903226,-3.225806451612897,25.80645161290323,0.961009723370932,1326299022.0,7.562647325982343e-05,0.6358832292044019,False,True,False
1704,0.09538203542346801,16949179308.0,0.0007843110456940955,68924226.0,0.12103901487463098,0.0036219934225790616,0.004066522912260879,0.0004445294896818176,11145.667973253234,19.60762135712372,38.0,8271219252.0,0.11282202638213112,90.32258064516128,80.64516129032258,25.806451612903217,16.129032258064512,1.157228576230467,16949179308.0,0.0007416936500910649,0.4880011652302239,True,True,True
1801,0.13940702069998356,17534946313.0,0.0008114169912903994,8.0,-0.26774680030582454,4.161727226703727e-09,4.562317931973927e-10,-3.7054954335063344e-09,12500.898349170668,7.702446600200332,114.0,11669163543.0,0.11606779907797793,51.61290322580645,80.64516129032258,-32.25806451612904,-9.677419354838705,1.2983191779911977e-07,17534946313.0,0.0010463928277109167,0.6654804260420664,True,False,True
1802,0.2466944792947039,607399580.0,2.8106977399141597e-05,0.0,0.0,0.0,0.0,0.0,9720.575399126881,1.1470224113227048,0.0,301451314.0,0.27985909180974766,100.0,93.54838709677419,58.064516129032256,32.25806451612903,0.0,607399580.0,2.7031628420603707e-05,0.4962981930280558,True,False,True
1803,0.16763870897715227,8012496039.0,0.00037077247415759584,575032.0,0.4567966027228165,2.3739523958874624e-05,7.176689975272261e-05,4.8027375793847984e-05,11617.67255984724,7.611728556704841,49.0,4208501975.0,0.13843115467982514,93.54838709677419,77.41935483870968,29.032258064516128,29.032258064516128,0.020423026997072505,8012496039.0,0.0003773832002456517,0.5252423158171373,True,True,True
1804,0.18130035202139383,13076510538.0,0.0006051060920246322,1802.0,0.022027745669344956,2.842831737086626e-07,1.3780434732671492e-07,-1.464788263819477e-07,11503.741225662292,7.874853747380305,99.0,7169250371.0,0.17644673738278382,48.38709677419355,9.67741935483871,-25.806451612903217,-51.61290322580645,3.9215598214003754e-05,13076510538.0,0.0006428783126257903,0.5482540888998135,True,True,True
1805,0.13280144242156178,4685911465.0,0.00021683717272431022,42621.0,0.07657862428637685,1.1731938030335668e-05,9.095562372090187e-06,-2.6363756582454806e-06,12220.003382162278,7.934024072657238,85.0,2439522107.0,0.10293842924037588,93.54838709677419,83.87096774193549,45.16129032258064,41.935483870967744,0.0025883647826337604,4685911465.0,0.00021875590537406728,0.5206078102886222,True,True,True
1806,0.08274513526620297,41640763057.0,0.001926896271686769,102068813.0,0.06042825482343073,0.0027201893520633898,0.0024511753749633025,-0.0002690139771000873,11470.65037774029,14.493230524897733,41.0,22074616748.0,0.09135002681143312,77.41935483870968,25.806451612903224,35.483870967741936,-54.83870967741935,0.6975419173730673,41640763057.0,0.0019794666990875062,0.530120370699815,True,True,True
1901,0.02228976277394712,25412994516.0,0.0011759679888249533,100486605.0,-0.030235501908406737,0.0051474363414610366,0.0039541426311147125,-0.001193293710346324,12755.044418941747,16.983520475045996,35.0,15657425683.0,0.058221655601632394,83.87096774193549,77.41935483870968,38.70967741935485,45.16129032258065,1.1252480180108027,25412994516.0,0.0014040267646206817,0.616118878597408,False,False,True
1902,0.06767405583607422,15456554662.0,0.0007152409169486595,30697088.0,0.09925697206898598,0.0017166501234875875,0.0019860239666132655,0.00026937384312567805,11757.718609330015,8.992835194300516,52.0,8783437168.0,0.07361570351946978,70.96774193548387,54.83870967741935,-6.451612903225808,-32.25806451612903,0.565171704876899,15456554662.0,0.0007876250616744558,0.5682661731591526,True,True,True
1903,0.047754689826098096,145353714.0,6.72613826021956e-06,0.0,0.0,0.0,0.0,0.0,12300.096159180355,6.5783111502623575,0.0,89486029.0,0.10001411791982062,61.29032258064516,54.83870967741935,-12.903225806451609,-19.354838709677416,0.0,145353714.0,8.024357408385248e-06,0.6156432232615673,True,False,True
1904,0.03773032151519029,8317251205.0,0.00038487479962024047,8886953.0,0.02522134391715114,0.0011352915415001185,0.0010684964035542798,-6.67951379458387e-05,11040.869513926265,19.49068040338527,61.0,3468011102.0,0.03781596851162705,80.64516129032258,29.03225806451613,29.032258064516128,-32.258064516129025,0.30406679083606475,8317251205.0,0.0003109821822431744,0.4169660163582855,False,True,False
1905,0.08649113960259958,56693916625.0,0.002623470094015694,110786764.0,0.09078644932457225,0.0019159478799462785,0.001954120840385668,3.817296043938942e-05,11112.392645564854,20.24356238278349,56.0,27570712396.0,0.09898486269979578,96.7741935483871,35.483870967741936,41.93548387096775,-22.580645161290327,0.5560928898454262,56693916625.0,0.002472310513066812,0.48630812682012337,True,True,True
2001,0.05826899805198993,2966562480.0,0.0001372755387458474,258774.0,-0.03918363950533399,0.00014139874675849962,8.723025445936335e-05,-5.416849229913627e-05,11082.956132133108,13.77886546063095,86.0,1222801172.0,0.08547065097301965,35.483870967741936,12.903225806451612,-19.354838709677416,-54.838709677419345,0.024823502867246227,2966562480.0,0.00010965056504541467,0.41219464624254265,True,False,True
2002,0.0913317623553851,7289096421.0,0.0003372976786800065,10752171.0,0.10098244809817114,0.0014115766508833384,0.0014751034118608759,6.352676097753744e-05,11515.068042218041,4.837072422388176,28.0,3663854832.0,0.0993755185258971,73.33333333333333,66.66666666666666,19.999999999999993,6.666666666666657,0.4197767620965896,7289096421.0,0.0003285438072618832,0.5026486988763624,True,True,True
2003,0.016367345717542836,1031516584.0,4.773268581010172e-05,8040.0,-0.4918216139854886,0.000249432134546511,7.794348752806867e-06,-0.00024163778579370412,12109.261522355708,4.114471196299228,72.0,592944963.0,0.015916623005913344,77.41935483870968,38.70967741935484,12.903225806451616,-35.48387096774193,0.002218072614975041,1031516584.0,5.317033686469389e-05,0.5748283374181796,False,False,False
2004,0.1259295814344441,15147154256.0,0.0007009236363559939,327744189.0,0.12547924561365043,0.02168066731279382,0.021637344114996116,-4.332319779770319e-05,11036.705343352383,6.241849353644925,8.0,6476091730.0,0.13617962289067842,100.0,100.0,56.666666666666664,50.0,6.157435593959168,15147154256.0,0.0005807216526616455,0.427545109830431,True,True,True
2005,0.050097362578138904,14131339846.0,0.0006539175573205222,124462384.0,0.0878743104169053,0.007380894654497325,0.008807543046615652,0.0014266483921183265,11413.06550909228,18.478382072298167,24.0,7313686077.0,0.06419524889689199,83.33333333333334,76.66666666666667,16.666666666666686,13.333333333333343,2.506401837597642,14131339846.0,0.0006558300967246964,0.5175507882977001,True,True,True
2006,0.09931891818935834,643684667.0,2.978604362476343e-05,776560.0,0.2754575976233644,0.0005738392311155924,0.0012064292343940514,0.000632590003278459,14765.713869179363,7.160592893747438,38.0,303529759.0,0.0312973207542111,80.64516129032258,67.74193548387096,45.16129032258064,9.677419354838698,0.34331895217687036,643684667.0,2.7218005955958097e-05,0.4715503950321688,True,True,False
2007,0.056486968463169474,4214624805.0,0.0001950287225091538,28710334.0,0.041743713004423144,0.007307950681118672,0.006812073512674161,-0.0004958771684445105,11131.793248505071,19.957400836715962,28.0,1998280429.0,0.06681148811022375,80.0,80.0,43.333333333333336,23.333333333333336,1.9385421654654802,4214624805.0,0.0001791890482086025,0.47413008783826965,True,True,True
2008,0.05296015027736822,21742641183.0,0.0010061250360565385,193445867.0,0.06190559245336802,0.00852859111992005,0.008897073054365183,0.00036848193444513275,12031.171328537212,20.350454341977997,26.0,14167981014.0,0.049222303314235605,83.33333333333334,40.0,16.666666666666686,-30.0,2.5318797915237115,21742641183.0,0.0012704658445795202,0.6516218933455781,True,True,True
2009,0.07319437189269662,19988801256.0,0.0009249673586180701,373337161.0,-0.001266671297138533,0.02675831045643892,0.018677316174122053,-0.008080994282316865,11444.952929488069,14.987882086401797,16.0,12334401580.0,0.0834998754917915,73.33333333333333,23.333333333333332,6.666666666666671,-23.333333333333332,5.315087230621004,19988801256.0,0.001106045801814177,0.6170655969825908,True,False,True
2101,0.07657980592675906,12034342089.0,0.0005568804988456881,7566250.0,-0.05583606347567982,0.0012118599706137736,0.0006287215324314187,-0.000583138438182355,12105.083801561943,21.6192046663733,54.0,6814027072.0,0.09196923018463798,90.32258064516128,77.41935483870968,38.70967741935483,25.80645161290323,0.17891809280782728,12034342089.0,0.0006110248630670698,0.5662151716817463,True,False,True
2102,0.048603687515735405,3621831741.0,0.00016759765110107693,30084921.0,0.009025190769812008,0.010068562363442843,0.008306548495732563,-0.0017620138677102801,10854.01063215515,16.751875853597287,22.0,1435732513.0,0.06411020845736926,90.0,96.66666666666667,13.333333333333329,10.0,2.363831582043536,3621831741.0,0.00012874446386654524,0.3964106053705271,True,True,True
2103,0.07006789922618117,19073342560.0,0.0008826051678534343,29269110.0,0.009042024246560976,0.0020582262739900128,0.0015345558812214822,-0.0005236703927685305,11271.242488792064,19.352366683567855,61.0,9826783049.0,0.08323575913079151,83.87096774193549,77.41935483870968,25.806451612903224,22.580645161290327,0.4366954166710227,19073342560.0,0.0008811835796159614,0.5152103265637568,True,True,True
2104,0.055400344608519614,4528528883.0,0.00020955440727476457,1962737.0,-0.06598573415225506,0.0007984056064604558,0.0004334160277453617,-0.0003649895787150941,10156.173718556804,15.70637311087212,67.0,2315358774.0,0.08389456931855754,83.87096774193549,64.51612903225806,16.129032258064527,-12.903225806451616,0.1233391335853496,4528528883.0,0.00020762197785328796,0.5112827661742,True,False,True
2105,0.06532873167314035,5959175288.0,0.00027575653762773285,18989065.0,0.18958107494113152,0.001835546491363367,0.003186525665428622,0.0013509791740652548,11668.400477417372,16.28756786548053,41.0,3184360672.0,0.07376517897354296,61.29032258064516,22.58064516129032,16.12903225806452,-35.48387096774194,0.906803831796347,5959175288.0,0.00028554678797216296,0.5343626455178038,True,True,True
2106,0.05429988308480049,63215925675.0,0.0029252713579634676,135706069.0,0.05667021435452946,0.0021227372082466335,0.002146706981681796,2.396977343516269e-05,12284.451309479302,19.225464502264394,49.0,39413971633.0,0.049824240766487504,93.54838709677419,93.54838709677419,25.80645161290323,35.48387096774193,0.6108979876900439,63215925675.0,0.003534314784122889,0.623481681429954,True,True,True
2201,0.08511575969102347,5052490322.0,0.0002338003448896617,199779.0,0.020476428012905723,5.375387940718007e-05,3.9540699193446174e-05,-1.4213180213733897e-05,12486.781888823576,6.084974581720432,93.0,3321524097.0,0.10279301309652733,22.58064516129032,3.225806451612903,-19.354838709677423,-67.74193548387098,0.011252273260978347,5052490322.0,0.0002978464548347773,0.6574033566253706,True,True,True
2202,0.06533086203308547,28399032302.0,0.0013141447333068722,47026367.0,0.13881210441561453,0.0011863150947514216,0.0016559144163756654,0.00046959932162424375,11547.720698646044,22.5604023336018,55.0,14756173787.0,0.054614096285548586,74.19354838709677,87.09677419354838,29.032258064516128,54.83870967741935,0.4712309567085458,28399032302.0,0.0013232100448566518,0.519601288877748,True,True,True
2203,0.02965075634628689,17550180317.0,0.0008121219338360074,22874646.0,0.03998044828779035,0.0012399284932375766,0.0013033852408822519,6.345674764467527e-05,10208.604354609435,5.533159812031169,44.0,9923612650.0,0.04673004798162439,80.64516129032258,83.87096774193549,48.387096774193544,45.16129032258065,0.37091015571024766,17550180317.0,0.0008898664470402756,0.5654422046243868,False,True,True
2204,0.015233397310771446,37228871781.0,0.0017227391855359983,716991908.0,-0.02662571823061921,0.02377193437217435,0.019259028643621737,-0.004512905728552612,11621.201700983665,5.408291547168629,10.0,22263523499.0,0.02634801753037963,66.66666666666666,73.33333333333333,16.666666666666657,16.666666666666664,5.480627744563506,37228871781.0,0.001996406273944279,0.598017679127261,False,False,False
2205,0.07736563860666124,804620169.0,3.723321788430689e-05,10975907.0,0.3811903841855586,0.003939103333308337,0.013641103495629626,0.009702000162321289,10974.446139643065,4.648345715942707,8.0,265865015.0,0.11866571342936316,63.33333333333333,23.333333333333332,23.33333333333333,-40.0,3.8819097093647965,804620169.0,2.384054725174703e-05,0.33042300608798186,True,True,True
2206,0.0010551607159545728,1777705219.0,8.226202660984564e-05,2995694.0,-0.05511774608431241,0.0022492580539541594,0.001685146653102108,-0.0005641114008520514,11366.959868523623,15.894546513158005,39.0,1113089405.0,0.029247884093243526,80.64516129032258,16.129032258064516,48.387096774193544,-61.29032258064517,0.4795497047930526,1777705219.0,9.981253289501624e-05,0.6261383457186104,False,False,False
2207,0.04990550010678496,13706575291.0,0.0006342618839541668,74678306.0,0.3040682518168816,0.0018429559141503237,0.0054483563118086255,0.003605400397658302,11649.5919598734,6.665169849571741,23.0,8225149077.0,0.07188727566378006,80.0,86.66666666666667,10.0,30.000000000000007,1.5504630746086623,13706575291.0,0.0007375624627515658,0.6000878339318495,True,True,True
2208,0.062368444654763655,39218141677.0,0.001814791214955684,41110198.0,0.13131026318169492,0.0007654727491542403,0.0010482444155203209,0.0002827716663660806,11545.416136860727,8.97597635375973,49.0,21822570342.0,0.06293647583822382,74.19354838709677,61.29032258064516,32.258064516129025,12.903225806451609,0.29830359220567887,39218141677.0,0.0019568652889249997,0.5564407034308343,True,True,True
2209,0.0468474505657821,998903853.0,4.622355520921905e-05,1735750.0,0.032231755887926594,0.0018642081646947602,0.0017376547250138599,-0.00012655343968090036,11275.53418195795,4.63846771117558,33.0,525908091.0,0.04152203173626545,80.64516129032258,48.38709677419355,9.677419354838705,-9.677419354838712,0.4944921611888682,998903853.0,4.7159031787471466e-05,0.5264851961683243,True,True,False
2301,0.05008742732773497,8794409628.0,0.0004069549614324548,66647574.0,0.0792823916583203,0.006607383132939514,0.007578402282718869,0.0009710191497793548,15283.908659853363,15.469716975737038,30.0,3777923728.0,0.03867355709750964,100.0,60.0,26.66666666666667,-30.0,2.1566197640963547,8794409628.0,0.00033877255023900116,0.42958241517107554,True,True,False
2302,0.044764352168354726,2907799908.0,0.00013455634311663832,198397947.0,-0.07262571708051768,0.12381952774493786,0.06822957331216753,-0.05558995443277033,12908.021023224408,21.522207898172,4.0,1970244110.0,0.03406034640212163,96.66666666666667,80.0,50.00000000000001,-6.666666666666671,19.416394222885067,2907799908.0,0.00017667498599592457,0.6775721068631384,True,False,False
2303,0.0340696644958689,6370489873.0,0.00029478982333486535,47083866.0,0.0954999220557009,0.005538428068239614,0.007390933340865229,0.0018525052726256147,12653.376186296466,3.216163814656558,16.0,3938359557.0,0.03287238364358713,100.0,96.66666666666667,56.666666666666664,26.66666666666667,2.1032708905379107,6370489873.0,0.0003531590913269578,0.6182192634340289,False,True,False
2304,0.04881616420817281,32873177503.0,0.0015211825749283378,8837061686.0,0.009707635817565397,0.32507596388623305,0.2688228628094601,-0.05625310107677295,12220.685329997472,5.171037240363376,2.0,16949139316.0,0.04134696177971087,83.33333333333334,76.66666666666667,13.333333333333343,-6.666666666666671,76.500121971336,32873177503.0,0.0015198568218520265,0.5155917560586659,True,True,False
2305,0.009098374066732529,60179122.0,2.784745458589525e-06,15509635.0,0.12688550738055748,0.14839671744030059,0.25772451449191963,0.10932779705161905,12393.538339974451,5.510540998042153,2.0,30231196.0,0.08119623096184125,80.0,100.0,16.66666666666667,23.33333333333333,73.34181545268991,60179122.0,2.7108803943791772e-06,0.5023535571024117,False,True,True
2306,0.05369648427639384,10438171294.0,0.0004830188467513043,271338811.0,0.13372519850306164,0.01802711194479419,0.02599486091552925,0.007967748970735062,13522.281136292588,10.39614493523563,10.0,6734230116.0,0.04503777496133177,80.0,66.66666666666666,33.333333333333336,-10.000000000000014,7.397473599838181,10438171294.0,0.0006038693405547769,0.6451542062612946,True,True,False
2307,-0.023824589443191102,14866353.0,6.879297607987494e-07,106294.0,-0.2359139706048381,0.024335055050795893,0.007149971482582177,-0.017185083568213716,9865.236181866529,6.671903417877327,10.0,1800080.0,0.13026349444785268,93.33333333333333,83.33333333333334,13.333333333333329,-3.3333333333333286,2.034699298983368,14866353.0,1.6141609416690193e-07,0.12108416906284951,False,False,True
2308,0.014667893658206088,1079390284.0,4.994800674251541e-05,292701243.0,0.0181008137067189,0.2666316696484725,0.27117276052857264,0.004541090880100129,12384.877878832194,9.915841086967704,1.0,850276578.0,0.024466954736335644,50.0,20.0,-3.3333333333333357,-30.0,77.16884285412671,1079390284.0,7.624568029329759e-05,0.7877378466378709,False,True,False
2309,0.060951536589946675,44879875210.0,0.0020767838499390553,193852201.0,0.0012210384898811988,0.0057709457588898455,0.004319356952151383,-0.0014515888067384627,11590.258064331058,18.88619659561962,38.0,21391281010.0,0.07069266615889869,93.54838709677419,100.0,41.935483870967744,48.38709677419355,1.229178687497002,44879875210.0,0.0019181908747726885,0.4766341463719948,True,True,True
2401,0.06819197634719254,13046381621.0,0.000603711898124828,358682798.0,0.027655708452098526,0.03336021441145366,0.027492894843935058,-0.005867319567518604,13134.090463515424,12.712677650907418,9.0,7685698972.0,0.04763610747980018,76.66666666666667,63.33333333333333,13.333333333333343,-10.0,7.8237758013792424,13046381621.0,0.0006891890965972698,0.5891057915727973,True,True,True
2402,-0.004532676583459683,23077679695.0,0.001067902980130467,10144865.0,0.13943945195207008,0.00022373447668767835,0.00043959640371462396,0.0002158619270269456,12239.391003994477,12.869574296729601,67.0,16066990864.0,0.018278741455028724,45.16129032258064,19.35483870967742,12.903225806451609,-29.03225806451613,0.125097910761279,23077679695.0,0.001440753138906147,0.6962134441739855,False,True,False
2403,0.040685698261548,12765487773.0,0.0005907137379395775,612865.0,0.05511300742538605,4.481572763694373e-05,4.8009524657276094e-05,3.1937970203323635e-06,13455.946884883519,14.167873189981503,74.0,8166187888.0,0.06040312445885876,45.16129032258064,9.67741935483871,-22.58064516129032,-45.16129032258064,0.013662284724163113,12765487773.0,0.0007322753172714668,0.6397082534732533,True,True,True
2501,0.055829772099953434,4609421977.0,0.00021329767684502774,5170671.0,0.05835181224212582,0.0011084590874529832,0.0011217612589605615,1.3302171507578297e-05,12912.07673945752,17.221537011716855,54.0,2944524963.0,0.04611037659777306,77.41935483870968,80.64516129032258,51.612903225806456,32.258064516129025,0.3192246084888523,4609421977.0,0.0002640403308210754,0.638805684897701,True,True,False
2502,0.23288039373468128,224523379.0,1.038965739675339e-05,0.0,0.0,0.0,0.0,0.0,17640.92843495376,5.844905726819427,0.0,48031664.0,0.13129861914691565,41.935483870967744,54.83870967741935,-12.903225806451609,32.25806451612903,0.0,224523379.0,4.3070772405765265e-06,0.21392722759619612,True,False,True
2503,0.1542374975986167,5523133309.0,0.00025557900960107533,6157.0,0.20110492665785418,9.135972456299009e-07,1.1147657779628653e-06,2.0116853233296438e-07,11820.43637110136,9.284091865624331,84.0,3352557592.0,0.15089821707939044,80.64516129032258,87.09677419354838,19.354838709677416,25.806451612903224,0.00031723387323672755,5523133309.0,0.00030062927868218856,0.6070028377799562,True,True,True
2504,0.04553072370122879,612312578.0,2.8334322837457552e-05,6262.0,0.20932673692762283,4.9397572324988274e-06,1.0226802820960506e-05,5.287045588461679e-06,13046.525294651059,3.5943253482353903,65.0,386488078.0,0.09708376954392994,100.0,58.06451612903226,16.129032258064512,-16.129032258064505,0.0029102869265059776,612312578.0,3.465701301766196e-05,0.631194085972214,True,True,True
2505,0.058304741466660204,2344716865.0,0.00010850008149814845,632722.0,-0.007544281299971534,0.00037206647925288244,0.0002698500656709355,-0.00010221641358194693,13563.453626962333,12.817096943578791,67.0,1377010919.0,0.04025226786995528,48.38709677419355,64.51612903225806,-12.903225806451609,-3.225806451612897,0.07679243767458728,2344716865.0,0.00012347880325883081,0.5872823877180582,True,False,False
2506,0.1303344833124247,1207689488.0,5.588495985525194e-05,211727.0,0.03968135686743812,0.000266289817528459,0.00017531575964168698,-9.097405788677202e-05,15262.397545766333,7.715322623978241,61.0,553801273.0,0.06152486321900441,48.38709677419355,51.61290322580645,-12.903225806451609,-3.225806451612904,0.04989038825017121,1207689488.0,4.9660258673124616e-05,0.4585626342720969,True,True,True
2507,0.02574765724630823,1831076255.0,8.473173279999607e-05,223795.0,-0.034169176278468716,0.0001651358286034817,0.0001222204697313384,-4.29153588721433e-05,12660.260943790678,6.451421512371397,56.0,1092810604.0,0.03641428431351712,90.32258064516128,87.09677419354838,12.903225806451601,19.354838709677423,0.03478082460742374,1831076255.0,9.79940999077002e-05,0.5968132681617894,False,False,False
2508,0.0399724821801386,2478887692.0,0.0001147087397295439,18031975.0,0.12702436762770275,0.004866639252137609,0.007274220231192305,0.002407580979054696,11941.24720025759,13.58515872464935,24.0,1569751155.0,0.053297549600595184,100.0,100.0,36.66666666666667,16.666666666666657,2.070057319964633,2478887692.0,0.00014076213293524902,0.6332481943679762,False,True,True
2509,-0.01696441366517709,141731638.0,6.558529306209461e-06,842841.0,0.1037636990522608,0.0033323032182184876,0.005946738582108251,0.002614435363889764,11462.218672460414,10.317558917319273,26.0,73432297.0,-0.02764603843732938,83.33333333333334,93.33333333333333,33.33333333333334,23.33333333333333,1.6922899418171125,141731638.0,6.5847932133260246e-06,0.5181080105770033,False,True,False
2510,0.09414022903629271,4973587556.0,0.0002301491763118175,0.0,0.0,0.0,0.0,0.0,13109.705473204302,6.873850483723058,0.0,2288342446.0,0.0632134389205512,87.09677419354838,87.09677419354838,9.677419354838705,9.677419354838705,0.0,4973587556.0,0.0002051993798884798,0.46009895678611434,True,False,True
2511,0.09785518703997464,914447252.0,4.231538692317031e-05,1103.0,-0.43427610052543153,3.3198580350918184e-05,1.2061931375348481e-06,-3.1992387213383334e-05,10623.2070490021,8.85809351103025,81.0,349099152.0,0.1288997617982397,51.61290322580645,74.19354838709677,-32.25806451612904,-9.677419354838719,0.00034325176503981913,914447252.0,3.130428736101596e-05,0.38175974747201713,True,False,True
2512,0.040737442470889285,239420066.0,1.1078990841519828e-05,5326693.0,0.028204912112387515,0.02363766897629064,0.022248314809168918,-0.0013893541671217216,10698.881627632665,7.959380713310273,9.0,83210529.0,0.05238970873711968,100.0,100.0,56.666666666666664,46.666666666666664,6.3313022514921595,239420066.0,7.461623141605775e-06,0.3475503552822511,True,True,True
2513,0.033777547900081695,389685443.0,1.8032412763893384e-05,28701.0,-0.18728718447553516,0.0002452634223050644,7.36517119527095e-05,-0.0001716117103523549,12550.506874684565,7.79969245216058,68.0,205345884.0,0.050831828978805005,48.38709677419355,64.51612903225806,-38.70967741935483,-16.129032258064512,0.020959396417757754,389685443.0,1.841369858480163e-05,0.526952924951831,False,False,True
2514,-0.046998271761375165,54543412.0,2.523957043822896e-06,20796.0,0.0,0.0,0.0003812742774507763,0.0003812742774507763,11583.504879526055,6.399767701986843,41.0,30793568.0,-0.06813947313133983,35.483870967741936,19.35483870967742,-16.129032258064512,-38.70967741935485,0.10850092296722223,54543412.0,2.7613092040480967e-06,0.5645698879270699,False,False,False
2515,0.005885875756981074,1972218385.0,9.126298304876428e-05,81682.0,0.9633316437666659,1.4619973263086882e-06,4.141630593307749e-05,3.99543086067688e-05,16897.679457906484,6.420284057483368,81.0,814261488.0,0.06224958340902664,48.38709677419355,77.41935483870968,-16.129032258064512,38.70967741935484,0.011786023042721264,1972218385.0,7.30161487397725e-05,0.4128657831166096,False,True,True
2516,-0.032653935722153804,1647585006.0,7.624080761927193e-05,37955.0,-0.3224492607060051,0.00013665369921498995,2.303674764080731e-05,-0.00011361695157418264,15473.417048568359,6.624319812207609,91.0,764076601.0,-0.040493236034877644,61.29032258064516,64.51612903225806,-12.903225806451609,29.032258064516128,0.006555670101593116,1647585006.0,6.85159884992569e-05,0.46375549559960005,False,False,False
2517,-0.01016022532751859,3301102669.0,0.00015275614466152415,2808715.0,0.005889343045144768,0.0007850948203370027,0.0008508414556069659,6.574663526996314e-05,12410.140718105607,18.674599080550447,57.0,2120783198.0,0.03822920091653326,22.58064516129032,16.129032258064516,-32.25806451612903,-35.483870967741936,0.24212775078709334,3301102669.0,0.00019017407026129473,0.6424469065793845,False,True,False
2518,0.031130227145309775,637795963.0,2.9513548095151384e-05,6385567.0,0.07689253377437821,0.00805792946141395,0.010011927591959374,0.0019539981305454236,13304.736691070902,16.979054799822514,22.0,364862096.0,0.03709676370243531,96.66666666666667,93.33333333333333,40.00000000000001,39.99999999999999,2.8491389234849076,637795963.0,3.271777612432181e-05,0.5720671141971465,False,True,False
2519,0.029382170790036577,2116280987.0,9.792937603256503e-05,5432.0,0.04858052399307722,2.3402416557018016e-06,2.5667669054194455e-06,2.2652524971764388e-07,12165.616586701868,4.150830141703944,75.0,1224692423.0,0.023852025362767648,61.29032258064516,74.19354838709677,-3.225806451612904,9.677419354838705,0.0007304363151424122,2116280987.0,0.00010982015659107334,0.5787002909930693,False,True,False
2520,0.038964117731323133,1887966618.0,8.736429330830259e-05,6423599.0,0.060715026077784895,0.003067561292542814,0.003402390136963746,0.00033482884442093174,12006.40718792942,13.66966195607924,32.0,1092531754.0,0.05995053698425035,67.74193548387096,74.19354838709677,22.58064516129032,22.58064516129032,0.968233347980838,1887966618.0,9.796909497577582e-05,0.5786817116275941,False,True,True
2521,0.04894462002847866,1189181155.0,5.502850009720142e-05,26394.0,-0.34731683250515955,0.00023796217547865606,2.2195104496084955e-05,-0.0002157670709825711,14640.651518136445,3.4905425048536403,65.0,333400280.0,0.04370127044530614,80.64516129032258,90.32258064516128,12.903225806451616,12.903225806451601,0.006316159955191487,1189181155.0,2.989654403790469e-05,0.28036122049041384,True,False,False
2522,0.04657600582012633,1407162954.0,6.511545059841386e-05,69549898.0,0.10954089846973747,0.0369053557985829,0.0494256175536014,0.012520261755018497,11196.109237204237,25.192071868992013,6.0,520479831.0,0.026976837592766145,90.0,90.0,30.0,36.666666666666664,14.06526860045794,1407162954.0,4.667227090610929e-05,0.3698788612367065,True,True,False
2523,0.01493207691267906,13312325166.0,0.0006160182438235895,1228412.0,-0.31195224867051985,0.0006444394628255068,9.227629168324358e-05,-0.0005521631711422632,10987.231092795935,26.248784791718638,100.0,5877981769.0,0.061467854478677086,51.61290322580645,77.41935483870968,25.806451612903224,6.451612903225808,0.026259476203235693,13312325166.0,0.0005270881620462628,0.4415443354713501,False,False,True
2524,0.05242022954931813,427401946.0,1.9777716732321643e-05,0.0,0.0,0.0,0.0,0.0,16052.448522716833,2.6542546934210987,0.0,345235392.0,0.061394914677497026,44.44444444444444,81.48148148148148,-33.33333333333334,3.7037037037036953,0.0,427401946.0,3.095781773300037e-05,0.8077534396626261,True,False,True
2525,0.040619800368596914,267397503.0,1.2373626556356685e-05,11416.0,0.10213645995787513,3.203614056343147e-05,4.269299403293231e-05,1.0656853469500843e-05,16350.429596636883,7.082688660644604,61.0,93146812.0,-0.0014189120229892715,80.64516129032258,70.96774193548387,12.903225806451616,9.677419354838712,0.012149335873845575,267397503.0,8.35262575948775e-06,0.34834585572027577,True,True,False
2526,0.03264489032183038,1033766756.0,4.7836810896174685e-05,164192.0,-0.006565704593749611,0.000192747471609853,0.0001588288644871068,-3.39186071227462e-05,12512.542422011295,11.119222805174742,46.0,674787487.0,0.03316170130970186,96.7741935483871,93.54838709677419,16.129032258064527,16.129032258064512,0.045198638906113454,1033766756.0,6.0509288778409354e-05,0.6527463599342133,False,False,False
2527,0.0,0.0,0.0,0.0,0.0,0.0,0.0,0.0,0.0,0.0,0.0,0.0,0.0,100.0,100.0,100.0,100.0,0.0,0.0,0.0,0.0,False,False,False
2528,0.08502860878918894,454004762.0,2.100874285200635e-05,34522646.0,0.09349578829145289,0.07314152988791238,0.076040272899164,0.00289874301125162,11864.186002844173,2.4844451775985887,3.0,223838979.0,0.08246452451358777,93.33333333333333,100.0,36.666666666666664,13.333333333333329,21.63911986772805,454004762.0,2.0072004417852088e-05,0.4930322272698981,True,True,True
2529,0.014252106483226612,1646417499.0,7.618678207506208e-05,1909805.0,0.012474157011195253,0.0011701968110117925,0.0011599761306958752,-1.0220680315917337e-05,13322.392769419295,11.226945658091454,37.0,958020595.0,0.0023044445222317744,74.19354838709677,67.74193548387096,19.354838709677416,19.35483870967741,0.3300995851121858,1646417499.0,8.59072611085904e-05,0.5818819318805114,False,True,False
2530,0.2322945509915808,6066950528.0,0.0002807437591119279,2341335.0,0.18222516041196268,0.0004748590889012005,0.0003859162835092101,-8.894280539199035e-05,17716.04893170179,3.5887734832223583,50.0,1415986629.0,0.03698443672387364,90.32258064516128,54.83870967741935,19.35483870967741,-35.48387096774193,0.10982191935105128,6066950528.0,0.0001269738184112584,0.23339346883825454,True,True,False
2601,0.013247706015207639,164368642478.0,0.007606040358567142,4841137.0,-0.08655511628143664,4.946463541860257e-05,2.9452923179358644e-05,-2.0011712239243924e-05,18209.84159052513,2.9125505836332235,58.0,28941723420.0,0.017802272677722497,70.96774193548387,32.25806451612903,-16.129032258064512,-22.58064516129032,0.00838154981345595,164368642478.0,0.0025952512960063724,0.17607813134961992,False,False,False
2602,-0.002438014722544679,6560001977.0,0.0003035593592373956,14155.0,1.185336435773472,4.276749606069836e-08,2.15777373995142e-06,2.1150062438907216e-06,17692.242393741584,2.966413502501125,58.0,2264536405.0,0.03388657727713218,93.54838709677419,61.29032258064516,16.129032258064512,-25.806451612903224,0.0006140473044877509,6560001977.0,0.0002030646535675401,0.34520361623970286,False,True,False
2603,0.10871093080350636,102298248093.0,0.0047337776346861,715209.0,3.383309536104937,7.2384523431067055e-09,6.991410051810456e-06,6.9841715994673496e-06,18088.605757699588,6.895998778209081,71.0,20152996439.0,0.06403994121977918,22.58064516129032,29.03225806451613,-32.25806451612903,-51.61290322580645,0.0019895767648833427,102298248093.0,0.0018071518882176699,0.19700236137649962,True,True,True
2604,0.055868907566980486,4475794236.0,0.00020711414952651142,0.0,0.0,1.847227746145848e-08,0.0,-1.847227746145848e-08,16613.73057655906,4.356304245503615,0.0,1658752041.0,0.13772060843828493,32.25806451612903,48.38709677419355,-19.354838709677416,-35.483870967741936,0.0,4475794236.0,0.0001487429867836967,0.37060507108620355,True,False,True
2605,-0.29025777054722157,28085405.0,1.299631856151001e-06,5004.0,0.2031266810063297,1.272867072997471e-05,0.00017817083285784913,0.00016544216212787443,10324.920491515077,1.9349223744331971,24.0,19415380.0,-0.06766918909764963,76.66666666666667,53.333333333333336,20.000000000000007,-13.333333333333321,0.05070286917902847,28085405.0,1.7410086253756413e-06,0.691297846692971,False,True,False
2606,0.12727667588305347,11576972880.0,0.0005357160686357985,0.0,0.0,0.0,0.0,0.0,18674.69954560885,1.8195611112167591,0.0,1418631795.0,-0.035838811281856287,61.29032258064516,67.74193548387096,-29.03225806451612,-22.58064516129032,0.0,11576972880.0,0.0001272110147381678,0.12253909633413601,True,False,False
2607,0.028131944993905256,6907464840.0,0.00031963795257027543,103335362.0,0.11907574064675686,0.009792129372374041,0.014959954830548221,0.00516782545817418,17438.406254323258,9.683238663073999,12.0,1832765399.0,-0.018573507228132224,30.0,53.333333333333336,-20.0,-30.000000000000007,4.2572211204884995,6907464840.0,0.00016434704692614972,0.2653311224093035,False,True,False
2608,0.076643537821655,12027565858.0,0.0005565669336443945,12080095.0,0.12736562904030446,0.0007978630381329029,0.001004367395915364,0.00020650435778246114,15491.020248708332,12.094116609421192,45.0,5349563730.0,0.04216548453101332,25.806451612903224,41.935483870967744,-6.451612903225808,-9.677419354838705,0.2858173128898565,12027565858.0,0.00047970405914932846,0.4447752598620608,True,True,False
2609,0.2108116369158024,1751046849.0,8.102842976888642e-05,0.0,0.0,0.0,0.0,0.0,18610.689512525427,5.317375965107505,0.0,514709503.0,-0.008338923030577039,38.70967741935484,32.25806451612903,-38.70967741935484,-54.83870967741935,0.0,1751046849.0,4.615483623219373e-05,0.2939438789395863,True,False,False
2610,0.31230081442336677,9164724309.0,0.0004240910061584609,0.0,0.0,0.0,0.0,0.0,16350.007479366064,1.41332495166855,0.0,3319864154.0,0.33897968593058714,83.87096774193549,45.16129032258064,-6.451612903225794,-6.451612903225808,0.0,9164724309.0,0.0002976976050527678,0.36224375573849027,True,False,True
2611,0.12525284491372668,240839458.0,1.1144672182400112e-05,9812.0,0.0,0.0,4.074083242622145e-05,4.074083242622145e-05,15455.406554199271,9.850967429828632,35.0,94476162.0,0.004615048179355874,61.29032258064516,38.70967741935484,48.38709677419355,-3.225806451612904,0.011593800531872108,240839458.0,8.471830730811676e-06,0.39227858584534764,True,False,False
2612,0.29585796191938774,1608074401.0,7.441248287502135e-05,0.0,0.0,0.0,0.0,0.0,14793.026177501471,1.9190223151777857,0.0,716554708.0,0.3010956558508673,25.806451612903224,45.16129032258064,-48.387096774193544,-9.677419354838712,0.0,1608074401.0,6.425462325133601e-05,0.4455979820053115,True,False,True
2613,0.1588648745783292,8068833773.0,0.00037337946215758235,0.0,0.0,6.301831354507068e-05,0.0,-6.301831354507068e-05,12852.890525866209,6.828049072991231,0.0,4327536694.0,0.17639184004616504,100.0,100.0,22.58064516129032,41.93548387096774,0.0,8068833773.0,0.00038805723662805404,0.536327406877663,True,False,True
2614,0.07584221096066135,3475117638.0,0.00016080856182123853,0.0,0.0,0.0,0.0,0.0,15351.607148659927,7.4156315013611644,0.0,1492188149.0,-0.004168919992830644,41.935483870967744,51.61290322580645,25.806451612903228,-16.129032258064512,0.0,3475117638.0,0.00013380693234396198,0.42939212551629885,True,False,False
2615,0.08430575542243579,2130512543.0,9.858793102011808e-05,0.0,0.0,0.0,0.0,0.0,16296.796154834938,7.946379672805328,0.0,891052746.0,0.053231617531787956,74.19354838709677,45.16129032258064,3.225806451612897,-32.25806451612904,0.0,2130512543.0,7.990214543576538e-05,0.41823398267597056,True,False,True
2616,0.10187805306382325,17613816168.0,0.0008150666369354599,414613039.0,0.11986289262818173,0.021708653669383366,0.023539080631104266,0.0018304269617209004,17093.933382177955,15.513870563672642,13.0,5170878016.0,-0.02631163872558695,76.66666666666667,43.333333333333336,-10.0,-43.333333333333336,6.698621242825405,17613816168.0,0.0004636810212636211,0.2935694324659878,True,True,False
2617,0.23095960409024463,1141683028.0,5.283055853443221e-05,24448.0,-0.5093396100831018,0.0021281968658013913,2.141399968328162e-05,-0.0021067828661181097,16798.920493751964,8.469121560161838,68.0,302416163.0,0.11145837702518291,80.64516129032258,45.16129032258064,32.258064516129025,-29.032258064516128,0.00609387747211933,1141683028.0,2.7118147995867497e-05,0.2648862736706987,True,False,True
2618,0.09460262060346802,1201053865.0,5.557790118772664e-05,94.0,0.0,0.0,7.826459973133678e-08,7.826459973133678e-08,11133.218465375823,8.932638207529656,73.0,630605333.0,0.10344267916370908,74.19354838709677,80.64516129032258,25.806451612903217,29.032258064516128,2.227210648273163e-05,1201053865.0,5.6547403345228296e-05,0.5250433401669291,True,False,True
2619,0.08027095827486508,508207182.0,2.3516920737013745e-05,123827.0,0.2629473203142001,0.00011156086632394185,0.0002436545652753093,0.00013209369895136744,14348.315009890986,18.061910217529245,67.0,217611328.0,0.003381197296804528,41.935483870967744,64.51612903225806,-25.806451612903217,19.354838709677423,0.06933786720233553,508207182.0,1.9513560848535946e-05,0.4281941218217573,True,True,False
2620,-0.07061182544693612,10124383238.0,0.00046849853082004767,11184557.0,0.586654389112407,7.617706486932953e-05,0.0011047148983871762,0.0010285378335178467,12933.688914089878,19.495090773545538,57.0,7379320936.0,-0.06332072907896047,12.903225806451612,3.225806451612903,-19.35483870967742,-61.29032258064516,0.31437364957336883,10124383238.0,0.0006617156810214918,0.7288662195543018,False,True,False
2621,0.00813633996836427,483410800.0,2.2369486047555315e-05,4016.0,0.0,0.0,8.307634004039628e-06,8.307634004039628e-06,12708.423881626146,12.837474262099619,68.0,310304201.0,0.011737620728763165,74.19354838709677,87.09677419354838,-12.903225806451616,3.225806451612897,0.002364140489987688,483410800.0,2.782548116139353e-05,0.6419058097171184,False,False,False
2701,0.12181888399342067,167648967494.0,0.007757835032324655,75967.0,-0.1967757144479012,2.4079844067455055e-06,4.531313323043209e-07,-1.9548530744411847e-06,16390.441796126437,5.552018526227264,79.0,73760997747.0,0.09650270192907295,80.64516129032258,64.51612903225806,16.129032258064512,-19.354838709677423,0.00012894960580374655,167648967494.0,0.0066142683426149915,0.4399728721838972,True,False,True
2702,0.23051016249449474,11271785746.0,0.0005215937541655666,0.0,0.0,0.0,0.0,0.0,19235.241250418632,1.3265692159067906,0.0,633755584.0,0.10618292841968446,9.67741935483871,64.51612903225806,-29.032258064516128,-16.129032258064512,0.0,11271785746.0,5.6829891463570464e-05,0.056224949469510614,True,False,True
2703,0.0312945827875557,1888985480.0,8.741144041236683e-05,1803558.0,0.03493396021928974,0.0009381061553458246,0.0009547759996545871,1.6669844308762525e-05,11150.866686886868,7.537434477218939,31.0,963503457.0,0.014845947431375128,80.64516129032258,96.7741935483871,41.93548387096774,64.51612903225808,0.27170486790273773,1888985480.0,8.639891823988241e-05,0.510063982598744,False,True,False
2704,0.11010578636025503,9977869378.0,0.0004617187076405832,1190835.0,-0.04721865731544039,0.0002562532529740276,0.00011934762371470283,-0.00013690562925932476,11971.368241188555,7.933688655786021,37.0,4925215601.0,0.12914376818325302,67.74193548387096,96.7741935483871,25.806451612903217,16.129032258064527,0.03396328599340614,9977869378.0,0.00044165207393188666,0.4936139584929331,True,False,True
2705,-0.24521746197694583,5035482.0,2.3301329705855959e-07,0.0,0.0,0.0,0.0,0.0,10475.738212945653,5.181448785769471,0.0,1378785.0,-0.0202998545072135,67.74193548387096,61.29032258064516,32.258064516129025,22.58064516129032,0.0,5035482.0,1.2363788798048524e-07,0.27381390699043306,False,False,False
2706,0.10084884173734143,789871159.0,3.6550718086184354e-05,0.0,0.0,2.490994512427103e-05,0.0,-2.490994512427103e-05,13478.090699770695,11.585771083212597,0.0,543733345.0,0.06568601350466285,12.903225806451612,48.38709677419355,-45.161290322580655,-25.806451612903217,0.0,789871159.0,4.875745123450323e-05,0.6883823251482968,True,False,True
2707,0.09770579344445851,29971840322.0,0.0013869252898415486,44652496.0,0.07460621709423743,0.0016569727548310248,0.0014898149569822735,-0.00016715779784875128,11993.440584568685,19.293504569668144,47.0,18897662953.0,0.14550941726159494,100.0,93.54838709677419,32.25806451612904,41.935483870967744,0.42396329215735834,29971840322.0,0.0016945840977933325,0.6305139340786056,True,True,True
2708,0.06731025889041664,1597609287.0,7.39282172739858e-05,0.0,0.0,2.098831783207353e-06,0.0,-2.098831783207353e-06,11299.087246578456,5.883054022789445,0.0,578733665.0,0.06773705164066546,61.29032258064516,87.09677419354838,38.70967741935484,58.064516129032256,0.0,1597609287.0,5.189598671569945e-05,0.3622498127103088,True,False,True
2709,0.13195109862832965,1252505776894.0,0.05795880129428793,5382896690.0,0.4595025516007709,0.0012060084225029902,0.004297702085932619,0.003091693663429629,14558.771457394701,14.416353107022186,27.0,555180742706.0,0.12700274209508344,90.0,36.666666666666664,50.0,-29.999999999999993,1.2230162655597632,1252505776894.0,0.04978395795980303,0.44325603358313703,True,True,True
2710,0.1399935947968649,807250171512.0,0.03735491935332086,1045236938.0,0.10042459712366547,0.0015449599024751502,0.001294811664198528,-0.0002501482382766221,11967.941069135075,21.956327316149633,60.0,473207085657.0,0.14550797518696013,87.09677419354838,100.0,25.806451612903224,54.83870967741936,0.36847033472485646,807250171512.0,0.04243324713282495,0.5861963271815367,True,True,True
2711,0.1531802237199711,474294988447.0,0.021947658443896116,1541754788.0,0.1774079819916552,0.002929664045227992,0.0032506242434654845,0.0003209601982374923,14420.979188651687,12.41402207957614,32.0,237353531461.0,0.18595414467582683,77.41935483870968,41.935483870967744,32.25806451612904,-38.70967741935483,0.9250446502548751,474294988447.0,0.021283876263919102,0.5004344073678169,True,True,True
2712,0.057655282236664274,4058705117.0,0.00018781365142415697,213088.0,0.22594560937552677,2.5092052925012767e-05,5.2501473710784e-05,2.7409420785771235e-05,11140.561198184234,10.552612282634367,63.0,1929367587.0,0.0700236578256761,83.87096774193549,96.7741935483871,58.06451612903226,45.161290322580655,0.014940578716314924,4058705117.0,0.0001730095218577843,0.4753653028200521,True,True,True
2713,0.0965949514754747,25209375012.0,0.0011665456431642065,199580325.0,0.1688641905402506,0.005753956690396817,0.007916908884293921,0.002162952193897104,12840.614464008395,13.171470875305031,29.0,14035649460.0,0.09566318523796724,96.66666666666667,73.33333333333333,66.66666666666667,23.33333333333333,2.2529500986443827,25209375012.0,0.0012585994594290178,0.5567630872768105,True,True,True
2714,-0.1629796213407383,486055716.0,2.249187762746821e-05,3312215.0,0.21627869492946905,0.0010518338093756594,0.006814475976659433,0.005762642167283774,10839.273927090284,17.02667433669078,29.0,191983536.0,-0.14273099407678647,96.66666666666667,100.0,36.66666666666667,63.333333333333336,1.9392258453652638,486055716.0,1.7215475159698907e-05,0.3949825702697836,False,True,False
2715,0.07613402395361413,2584000465.0,0.000119572757473962,157494.0,2.166152016873426,2.7646771595749087e-07,6.094967943436496e-05,6.067321171840747e-05,15227.742324421757,6.927499628998549,74.0,1013563923.0,0.022959623127496664,96.7741935483871,74.19354838709677,19.354838709677423,6.451612903225808,0.01734472232798,2584000465.0,9.08879214474593e-05,0.3922460296461286,True,True,False
2716,0.15317745257529447,60921828186.0,0.00281911365157396,36360223.0,-0.10809596260586019,0.002156471251318282,0.0005968340754481114,-0.0015596371758701704,11471.84087243235,21.094408482490156,67.0,27053627176.0,0.15406750675853598,16.129032258064516,48.38709677419355,-16.129032258064516,9.677419354838712,0.1698437368431422,60921828186.0,0.00242594264243671,0.44407116433542937,True,False,True
2801,0.13289234861204302,3056635874.0,0.0001414436200761341,272011.0,0.47149417357863643,2.4070950801225718e-05,8.89903185111934e-05,6.491936770996768e-05,13374.027554801249,3.4654040062198974,54.0,1872783700.0,0.13890203164716097,67.74193548387096,77.41935483870968,32.258064516129025,16.12903225806452,0.025324372150592103,3056635874.0,0.00016793555290511478,0.6126944056143732,True,True,True
2802,0.3272700275059175,564618037.0,2.6127292358527303e-05,0.0,0.0,1.4809408961740935e-05,0.0,-1.4809408961740935e-05,13391.701221925363,1.7520270927846355,0.0,277710325.0,0.2882535578322758,80.64516129032258,100.0,29.032258064516128,35.483870967741936,0.0,564618037.0,2.490273541804861e-05,0.49185521326163373,True,False,True
2803,0.11054602255787338,6450369694.0,0.0002984862044280075,43799214.0,0.05857102458527108,0.0086290801834224,0.0067901866215111855,-0.001838893561911214,13292.060650149768,13.450044433374888,27.0,3719795161.0,0.0998375196732928,83.33333333333334,90.0,30.000000000000007,33.333333333333336,1.9323137151542145,6450369694.0,0.0003335600673245423,0.5766793745884172,True,True,True
2804,0.07245792192218259,12161032732.0,0.000562743016958532,626744.0,-0.04912638059328822,9.406044779344508e-05,5.153707039623483e-05,-4.252337739721025e-05,14392.51154622548,11.706073972424681,80.0,6009962133.0,0.07320293912231901,77.41935483870968,61.29032258064516,25.80645161290323,12.903225806451609,0.014666134160440724,12161032732.0,0.0005389230554196717,0.49419833540827934,True,False,True
2805,0.05666267058445129,1073716586.0,4.968546046045253e-05,54806.0,-0.7357440826786309,0.052179109743040845,5.104326478197851e-05,-0.052128066478258864,14756.103160836336,4.896980937928312,52.0,395672996.0,0.02567853658470276,61.29032258064516,58.06451612903226,29.032258064516128,-9.677419354838698,0.014525609692670607,1073716586.0,3.548063951693047e-05,0.3685078550141722,True,False,False
2806,0.09790739782368685,423877781.0,1.9614638539205593e-05,916228.0,0.2814395599021964,0.000997931723718585,0.002161538162813021,0.0011636064390944361,11222.299459716196,13.96743185566764,40.0,201259752.0,0.14168642727716807,90.32258064516128,96.7741935483871,64.51612903225805,54.83870967741936,0.6151185631041294,423877781.0,1.804728849875524e-05,0.47480609039047506,True,True,True
2807,0.13553887264886266,2478803598.0,0.00011470484834035755,138049.0,0.14905649042964764,5.2492139679681793e-05,5.56917861953176e-05,3.1996465156358076e-06,8775.45079116268,15.072369088091182,63.0,1070060971.0,0.12448002334957153,93.54838709677419,96.7741935483871,58.064516129032256,22.580645161290334,0.015848460180126592,2478803598.0,9.595410340610557e-05,0.4316844512664775,True,True,True
2808,0.0895723695345143,453397167.0,2.098062683168768e-05,992774.0,0.22027029312544366,0.0012427157604990556,0.002189634325615449,0.0009469185651163933,12964.393851267712,6.281466844207003,30.0,283100347.0,0.09035857842630213,96.66666666666667,96.66666666666667,53.333333333333336,43.333333333333336,0.6231140135611678,453397167.0,2.5386067435910965e-05,0.6243981383324347,True,True,True
2809,0.0716612266507608,5558636324.0,0.00025722188600906757,91143.0,0.21791850676641067,8.648713268167219e-06,1.639664743068016e-05,7.747934162512941e-06,12922.954442578495,7.024957741043335,57.0,2592723736.0,0.07720192424180516,93.54838709677419,90.32258064516128,16.129032258064512,3.225806451612897,0.004666067146443183,5558636324.0,0.00023249374401078718,0.4664316182740075,True,True,True
2810,0.07254882280172414,653809997.0,3.0254585966312055e-05,19835914.0,0.1165067238002988,0.02481871537675535,0.03033895794040604,0.00552024256365069,13427.845906242697,5.048134886312004,6.0,344270971.0,0.12212665735817407,90.0,96.66666666666667,40.0,13.333333333333329,8.63369268025896,653809997.0,3.0871336537190994e-05,0.5265611914465725,True,True,True
2811,0.04816982385099022,5918604535.0,0.00027387915529955087,19529573.0,0.13270557773494485,0.002238960811661546,0.003299692162993958,0.001060731351332412,12666.653087449438,8.819913209493473,30.0,3700328651.0,0.048691876030011905,100.0,100.0,50.0,40.0,0.939008127131723,5918604535.0,0.00033181447378911004,0.6252028884710744,True,True,True
2812,0.02276601755811125,658095428.0,3.0452891194416724e-05,287.0,-0.629302541940465,6.972305880303503e-05,4.361069653260074e-07,-6.928695183770902e-05,14735.808104749514,7.268638117693531,66.0,288553979.0,0.031995617311025626,64.51612903225806,48.38709677419355,3.225806451612904,-16.129032258064512,0.00012410490570378195,658095428.0,2.5875103465678325e-05,0.4384682930816532,False,False,False
2813,0.02412060586371778,218285364.0,1.0100997752601996e-05,3144115.0,-0.13687291762952314,0.0338731518539551,0.014403691307494167,-0.019469460546460933,12265.408701808336,9.718573013908937,13.0,137608495.0,0.019877885077710378,100.0,96.66666666666667,40.0,40.00000000000001,4.098922726828424,218285364.0,1.2339577011624846e-05,0.6304064206521881,False,False,False
2814,0.07026404554375287,8729563488.0,0.0004039542530826045,21485235.0,0.2971823641208189,0.000941016161774557,0.0024612038195878233,0.0015201876578132662,11449.149298473261,10.704794120571421,27.0,5020389385.0,0.1447032457819586,73.33333333333333,86.66666666666667,36.666666666666664,20.000000000000014,0.7003957566222327,8729563488.0,0.00045018646155930563,0.5751019958674021,True,True,True
2815,0.07013717227335858,7158898293.0,0.00033127285422901404,15785632.0,0.2267343567355713,0.0011139363823152411,0.00220503649499187,0.0010911001126766289,10459.043178237118,10.46070368926042,33.0,2313712394.0,0.05864573715350119,100.0,100.0,22.58064516129032,25.80645161290323,0.6274970776488176,7158898293.0,0.00020747434428749394,0.3231939188551341,True,True,True
2816,0.0435055450321995,303705443.0,1.4053750288067842e-05,40.0,-0.4168220974312191,2.4158831451092835e-06,1.317065627961103e-07,-2.284176582313173e-06,13002.191383606518,9.411781865837323,60.0,195292627.0,0.03512661306763887,90.32258064516128,83.87096774193549,51.61290322580644,22.580645161290327,3.748032445242337e-05,303705443.0,1.751220671855343e-05,0.6430330160398212,True,False,False
2817,0.03513404846257595,1445945670.0,6.691009280427335e-05,1517673.0,0.5954439655092096,0.00012067058670661452,0.0010496058264761773,0.0009289352397695628,11123.828590978803,15.367824241674452,38.0,693219736.0,0.032646951327480744,100.0,100.0,58.064516129032256,32.25806451612904,0.29869101499809947,1445945670.0,6.21621384519193e-05,0.4794230864842937,False,True,False
2818,0.07306566783209156,20078787079.0,0.0009291313876635037,13424.0,-0.38325361779802547,1.0659649290327752e-05,6.685662807809687e-07,-9.991083009546783e-06,12433.521262883602,6.707824973321034,77.0,9065702800.0,0.0726845282845976,61.29032258064516,54.83870967741935,-16.12903225806452,-22.580645161290327,0.00019025689069429371,20078787079.0,0.0008129362788620208,0.45150649610113336,True,False,True
2819,0.0804694985204153,565712915.0,2.6177957048155204e-05,7616.0,0.0,0.0,1.3462658882376762e-05,1.3462658882376762e-05,13207.8826083792,3.7376429379504077,48.0,360837168.0,0.05354388330749171,45.16129032258064,96.7741935483871,-9.677419354838712,19.354838709677423,0.00383112892927673,565712915.0,3.235685430025677e-05,0.6378450242734869,True,False,True
2820,0.007560675630204239,419702163.0,1.9421414828459122e-05,0.0,0.0,0.0,0.0,0.0,12717.248473451398,10.13293614632116,0.0,214759789.0,0.013073434006460882,74.19354838709677,80.64516129032258,16.129032258064505,16.129032258064512,0.0,419702163.0,1.9257858719883553e-05,0.5116956926428802,False,False,False
2821,0.023465463203537595,1027850255.0,4.756302908043981e-05,1684.0,-0.5044563371744684,6.156991671778073e-05,1.638370951223824e-06,-5.99315457665569e-05,11671.475361085551,4.865356531902075,90.0,610418757.0,0.04118123344640168,87.09677419354838,87.09677419354838,32.25806451612903,45.16129032258064,0.00046623853452432476,1027850255.0,5.473724032329409e-05,0.59387907336755,False,False,False
2822,-0.26667422347244685,741634971.0,3.431862328306192e-05,1594.0,-0.2524084109181186,1.9519147125936052e-06,2.149305335279288e-06,1.9739062268568257e-07,11886.45795811859,5.715661857249232,47.0,469061126.0,-0.22452923472171282,61.29032258064516,67.74193548387096,-29.03225806451612,-22.58064516129032,0.000611637412771138,741634971.0,4.206147220370709e-05,0.6324689966649375,False,False,False
2823,0.002424665315153618,784165240.0,3.628668080059003e-05,481.0,-0.516330758569856,2.3455995086250417e-05,6.133911265946958e-07,-2.284260395965572e-05,11996.101024432044,4.471156732437618,80.0,457087827.0,0.01992521801404079,93.54838709677419,100.0,51.61290322580645,41.93548387096774,0.0001745554507909887,784165240.0,4.098780705611783e-05,0.5828973329651796,False,False,False
2824,0.03121881459400866,128038215.0,5.924876035033532e-06,0.0,0.0,0.000759801826546359,0.0,-0.000759801826546359,11522.91516768646,12.927222407243637,0.0,43560951.0,-0.0073585632698106584,83.87096774193549,100.0,29.032258064516135,48.38709677419355,0.0,128038215.0,3.9061811522908984e-06,0.34021835590257177,False,False,False
2825,0.11574956360379729,7201817023.0,0.00033325888749908953,239499.0,0.467779608034528,8.440943650008357e-06,3.325535753478973e-05,2.4814413884781373e-05,15159.18901431481,4.842520946880883,67.0,3083276696.0,0.08828492371625907,64.51612903225806,48.38709677419355,3.225806451612904,-25.806451612903217,0.009463625530299481,7201817023.0,0.000276482423839024,0.4281248310187733,True,True,True
2826,0.010924744172576162,1612217365.0,7.460419554547374e-05,195389.0,-0.33327650554489185,0.0009712742002446604,0.0001211927152267089,-0.0008500814850179515,12632.775845427643,6.856398165353079,52.0,848204822.0,0.016132643405453617,87.09677419354838,96.7741935483871,38.70967741935483,45.161290322580655,0.0344883519206178,1612217365.0,7.605990257142588e-05,0.5261107096436715,False,False,False
2827,0.06405345070952895,3797042004.0,0.00017570537962838123,28742048.0,0.013715660941457264,0.009645144784938785,0.007569589161700514,-0.0020755556232382715,12511.311787891931,9.659236733269463,24.0,2145531278.0,0.06895485447321503,93.33333333333333,93.33333333333333,26.66666666666667,43.33333333333333,2.1541117749104415,3797042004.0,0.0001923932707477898,0.5650533430338107,True,True,True
2828,0.025945374572544644,745209794.0,3.4484045638584346e-05,99851.0,-0.1525661882333802,0.0003484705766910829,0.00013399045584739055,-0.00021448012084369233,11118.30960412874,9.290371385160459,71.0,346127306.0,0.05465404103672644,83.87096774193549,100.0,6.451612903225808,32.25806451612904,0.038130262092274575,745209794.0,3.103779710847967e-05,0.46446961484781557,False,False,True
2829,0.05614007481544725,769491497.0,3.5607663928596454e-05,2794.0,-0.1414038791055504,1.0225524104900517e-05,3.6309692971175224e-06,-6.594554807782994e-06,11758.680349624448,7.886179725321466,68.0,396453101.0,0.0364207530049836,87.09677419354838,70.96774193548387,38.70967741935483,-6.451612903225808,0.0010332811398580627,769491497.0,3.555059279797358e-05,0.5152144013879857,True,False,False
2830,0.10181459012072525,758109131.0,3.508095315294732e-05,12865809.0,-0.026549012814546913,0.03152662766436069,0.0169709194546029,-0.014555708209757792,11975.524424750663,6.528839309209957,13.0,406828351.0,0.07134189647259648,86.66666666666667,90.0,56.66666666666667,26.66666666666667,4.829490299577128,758109131.0,3.648095829895418e-05,0.5366356034564106,True,False,True
2831,0.01764430454034005,245051702.0,1.1339590734875355e-05,0.0,0.0,0.0,0.0,0.0,12461.541684807396,4.279045728676262,0.0,132414834.0,0.028559145508965544,90.32258064516128,96.7741935483871,51.61290322580644,48.38709677419355,0.0,245051702.0,1.187385300322135e-05,0.5403546799279118,False,False,False
2832,0.06969980171240686,649370718.0,3.0049161532990115e-05,774776.0,-0.20271931936583132,0.005187245847488082,0.0011931181658240402,-0.003994127681664042,10076.099544095858,7.801824807730834,34.0,329620420.0,0.10540882771292148,83.87096774193549,90.32258064516128,25.806451612903224,16.129032258064512,0.33953096197941296,649370718.0,2.9557597859013915e-05,0.5075997590639743,True,False,True
2833,0.06402359985886696,5115577095.0,0.00023671963980075755,223282.0,-0.1390821055651511,0.00012586550087523329,4.364747043265898e-05,-8.22180304425743e-05,12816.865274691554,11.192917180947934,79.0,2891325528.0,0.03529777032385528,96.7741935483871,100.0,38.70967741935484,45.16129032258065,0.012420955483259548,5115577095.0,0.000259269851170401,0.5652002646633948,True,False,False
2834,0.02965564727215586,1538990214.0,7.121566195748454e-05,14675.0,0.13655348219428887,5.819060814533814e-06,9.535473238558227e-06,3.716412424024413e-06,10872.836394487302,8.214370947525865,81.0,651058760.0,0.05274380095827591,87.09677419354838,100.0,45.16129032258064,22.58064516129032,0.002713552181464396,1538990214.0,5.838149532928892e-05,0.4230428199460923,False,True,True
2835,0.04640493245465471,4615416420.0,0.0002135750653705869,670676.0,0.08306627296114133,0.0001223279239933643,0.00014531213198743181,2.2984207994067508e-05,11216.093033130475,7.411530388106433,63.0,2001574627.0,0.06460739006877825,96.7741935483871,100.0,61.29032258064517,67.74193548387098,0.041352122006202405,4615416420.0,0.00017948444428798365,0.4336715140862631,True,True,True
2836,0.10104140240088366,12085391965.0,0.0005592427950312749,675777166.0,0.3870856766709676,0.01762156950524068,0.05591685962334445,0.03829529011810377,13586.658901666993,8.73748501024992,5.0,6154974517.0,0.05153500595353133,96.66666666666667,90.0,40.00000000000001,40.0,15.91251033016448,12085391965.0,0.0005519265511704779,0.5092904338415473,True,True,True
2837,0.03469593271978155,1413305799.0,6.53997063194689e-05,1313.0,0.2800893153818431,3.2054642054664963e-07,9.290275331276695e-07,6.084811125810199e-07,9880.355064771797,5.883754583252207,67.0,718897652.0,0.021394297234250903,77.41935483870968,80.64516129032258,38.70967741935484,48.387096774193544,0.00026437751185385807,1413305799.0,6.446471884116077e-05,0.5086639087652962,False,True,False
2838,0.0,0.0,0.0,0.0,0.0,0.0,0.0,0.0,0.0,0.0,0.0,0.0,0.0,100.0,100.0,100.0,100.0,0.0,0.0,0.0,0.0,False,False,False
2839,0.043697837746103696,815268063.0,3.7725941497988765e-05,1078833.0,0.03037402352006735,0.0014110850964171378,0.0013232862281273982,-8.779886828973963e-05,11911.983124658473,12.517746634565714,44.0,492627338.0,0.05542618866511395,87.09677419354838,90.32258064516128,41.935483870967744,61.29032258064515,0.37657346847945505,815268063.0,4.417469266910261e-05,0.6042519759540734,True,True,True
2840,0.10927705531125587,1394565870.0,6.45325296235869e-05,15800324.0,0.1260519622976466,0.010510780134609191,0.011329923053401558,0.000819142918792367,14538.554735578751,2.469299048832427,6.0,627523500.0,0.0721275298634787,96.66666666666667,73.33333333333333,26.66666666666667,43.33333333333333,3.2242067748732017,1394565870.0,5.627105037995194e-05,0.4499776693947056,True,True,True
2841,0.22046523555733666,6457635377.0,0.0002988224186675207,2853.0,-0.2900732049650594,6.634183460760066e-06,4.4180258460573036e-07,-6.192380876154336e-06,15307.025686272036,3.060042681345748,71.0,3171902871.0,0.26548273306064996,100.0,58.06451612903226,48.38709677419355,-6.451612903225801,0.00012572573350483817,6457635377.0,0.0002844296767441461,0.4911864306085302,True,False,True
2842,0.08384532576686521,1839310246.0,8.51127547936921e-05,793898.0,-0.017778177693324237,0.0007061522853295841,0.00043162810718121777,-0.00027452417814836634,12922.467327314067,6.135318784682782,35.0,1139118989.0,0.09316718036529359,83.87096774193549,96.7741935483871,51.612903225806456,35.48387096774194,0.1228303370499559,1839310246.0,0.00010214664792438676,0.6193185687282905,True,False,True
2843,-0.016688618643011965,6915868768.0,0.00032002683827605746,29210959.0,0.09673365362251363,0.00244708215743078,0.004223758428609905,0.0017766762711791248,13495.296056328812,7.015409062197307,20.0,3635276282.0,-0.02653520735080328,63.33333333333333,80.0,23.33333333333333,26.666666666666664,1.2019737889449535,6915868768.0,0.00032598112231568436,0.5256427505999779,False,True,False
2844,0.18986205273606993,25057874171.0,0.0011595350510364708,13255128.0,0.352659730681125,0.0002785992656143597,0.0005289805475733626,0.0002503812819590029,12460.611104554899,8.801451327917881,27.0,15862304209.0,0.191305734347466,16.666666666666664,20.0,-36.66666666666667,-70.0,0.15053435554887734,25057874171.0,0.0014223985544553513,0.6330267324655088,True,True,True
2845,0.4337082022052816,3299714693.0,0.000152691917073381,36349.0,0.8845904950006083,2.8069517278579634e-06,1.1015800874272738e-05,8.208849146414774e-06,13039.483967913768,4.119005821803612,45.0,2057693098.0,0.4199535401590282,64.51612903225806,58.06451612903226,9.677419354838712,-19.354838709677416,0.003134815624261548,3299714693.0,0.00018451667863281197,0.6235972771722298,True,True,True
2846,0.11615198489087719,2525718250.0,0.00011687579001840842,0.0,0.0,0.0,0.0,0.0,17447.787378294866,5.745939951579239,0.0,750263073.0,0.062091401270224056,25.806451612903224,54.83870967741935,-45.16129032258065,-29.032258064516135,0.0,2525718250.0,6.727730703153038e-05,0.2970493929796009,True,False,True
2847,0.011647994560569197,939007318.0,4.3451886260202163e-05,131837.0,-0.09321480681764627,0.00024265729944206854,0.00014040039675175355,-0.000102256902690315,11122.567502651775,15.425530322510784,62.0,344046062.0,0.05440431613309604,93.54838709677419,96.7741935483871,48.38709677419355,38.70967741935484,0.0399543675864579,939007318.0,3.0851168582254e-05,0.36639337671274674,False,False,True
2848,0.0,0.0,0.0,0.0,0.0,0.0,0.0,0.0,0.0,0.0,0.0,0.0,0.0,100.0,100.0,100.0,100.0,0.0,0.0,0.0,0.0,False,False,False
2849,0.057629679635588404,1978608803.0,9.155869503180034e-05,185284.0,0.16218757921346372,5.844737099459543e-05,9.36435740703616e-05,3.519620307576617e-05,12622.477550949217,5.8048290590329445,47.0,1366075295.0,0.06229205179728359,67.74193548387096,51.61290322580645,19.35483870967741,6.451612903225808,0.02664856985505773,1978608803.0,0.00012249818811208298,0.6904221253482414,True,True,True
2850,0.029944066638600608,641652450.0,2.9692004249087288e-05,233012.0,-0.027019489930338647,0.000482642904884869,0.00036314363016926065,-0.00011949927471560835,15150.168316224772,4.7924343772592355,33.0,242507797.0,0.008404097658548881,96.7741935483871,90.32258064516128,51.61290322580646,25.806451612903217,0.1033414037434488,641652450.0,2.174606761741697e-05,0.377942602728315,False,False,False
2851,-0.17607894032213822,809451070.0,3.7456764343170904e-05,28413.0,0.22397941348841677,4.851588318499971e-06,3.510156580557735e-05,3.0249977487077383e-05,14140.842655886538,10.68493373475233,61.0,423277671.0,-0.24264311963577945,93.54838709677419,70.96774193548387,48.38709677419355,-3.225806451612897,0.009989009258542302,809451070.0,3.7955995511801105e-05,0.5229194038868835,False,True,False
2901,0.06999851051785977,25264474892.0,0.001169095350363305,1696406.0,0.038560784302785756,7.794276183770267e-05,6.714590377404468e-05,-1.0796858063657992e-05,14413.488307485779,6.961226625064141,55.0,12737232422.0,0.04717022687876948,45.16129032258064,58.06451612903226,3.225806451612897,19.354838709677423,0.01910800954541893,25264474892.0,0.0011421682969952826,0.5041558344849371,True,True,True
2902,0.05195653136369538,34834257419.0,0.0016119301333591858,74854310.0,0.2532636145432057,0.0008953381102277173,0.0021488705529049534,0.001253532442677236,14503.509092349686,10.665871782674888,30.0,16469909426.0,0.06392223584102119,93.33333333333333,60.0,26.66666666666667,-13.333333333333329,0.6115136848102048,34834257419.0,0.0014768835000819752,0.472807823284232,True,True,True
2903,0.0176474057124556,10218038550.0,0.0004728323628218636,172890.0,0.21871926302014355,6.868637684952433e-06,1.69200770924866e-05,1.0051439407534168e-05,12453.272400653841,6.8258910459630435,64.0,6218576002.0,0.03400324030316204,96.7741935483871,87.09677419354838,35.48387096774194,25.806451612903224,0.0048150218616527666,10218038550.0,0.0005576297995216148,0.6085880349316161,False,True,False
2904,0.030747869708684705,2120465232.0,9.812299895151318e-05,116489.0,0.06950352843550012,4.5677768808192086e-05,5.493558594692393e-05,9.257817138731845e-06,13702.517644944815,5.677632556206285,63.0,965260801.0,0.027001525892250022,80.64516129032258,83.87096774193549,12.903225806451616,29.032258064516135,0.015633264900111018,2120465232.0,8.655650212759165e-05,0.45521180278422974,False,True,False
2905,0.04118466324604353,33602808560.0,0.0015549457257504225,75850049.0,0.2772736581844377,0.000812455010442933,0.002257253255023752,0.0014447982445808189,14209.113499274152,15.349276495722647,42.0,16422213116.0,0.05225868643316356,93.54838709677419,67.74193548387096,32.25806451612903,32.258064516129025,0.6423566341226965,33602808560.0,0.0014726064945786788,0.48871549194101055,True,True,True
2906,0.010559645400694873,2303665427.0,0.00010660045581834757,194217.0,-0.22671835161068854,0.00032135797127708207,8.430781558975057e-05,-0.0002370501556873315,12941.819370280024,6.403898135741088,58.0,1286538230.0,0.0153085432973048,100.0,96.7741935483871,12.903225806451616,45.161290322580655,0.023991851393697215,2303665427.0,0.00011536597044742419,0.5584744272849653,False,False,False
2907,-0.005362956094744686,4931084666.0,0.00022818238573776376,9531.0,-0.31620884071326893,1.2586406447218387e-05,1.9328404693021346e-06,-1.0653565977916251e-05,13136.284511887754,15.055297684383685,75.0,3137656975.0,0.04720720398262834,83.87096774193549,87.09677419354838,45.16129032258065,22.58064516129032,0.0005500370396603936,4931084666.0,0.0002813587916870565,0.6363015822125817,False,False,True
2908,-0.03651684967206281,564187804.0,2.6107383636813397e-05,34077.0,0.6700620706745342,3.860070322828836e-06,6.040010038926684e-05,5.6540030066438e-05,16174.649645505275,6.4021685978194505,37.0,219066500.0,-0.03874204632310474,96.7741935483871,74.19354838709677,19.354838709677423,6.451612903225808,0.017188326166048283,564187804.0,1.964404848274167e-05,0.3882864862495326,False,True,False
2909,0.11084448246806233,15916620568.0,0.0007365301348668833,1120957.0,-0.42487856701162374,0.001893244211442503,7.042682177482186e-05,-0.001822817389667681,12984.200617120661,7.525040269937246,56.0,8529716130.0,0.11108944394861986,100.0,100.0,29.032258064516128,38.70967741935484,0.0200416750254094,15916620568.0,0.0007648734845434772,0.5358999477030192,True,False,True
2910,-0.0035936779106380268,3083259408.0,0.00014267560490632329,282185.0,0.12678966779362266,4.9487093919731654e-05,9.152165376284161e-05,4.203455984310996e-05,12869.713326523968,9.021827936307746,39.0,2193488280.0,0.019053344497195868,74.19354838709677,90.32258064516128,-3.225806451612911,25.806451612903217,0.026044725521870225,3083259408.0,0.00019669365292568984,0.7114186611443236,False,True,False
2911,0.005844130938814418,83684030.0,3.8724181203403e-06,1756.0,-0.1407455020344247,4.612392792009923e-05,2.0983693065451077e-05,-2.5140234854648153e-05,12225.364685699291,9.921182959606973,44.0,53970452.0,0.03362396963371883,93.54838709677419,100.0,38.70967741935484,58.064516129032256,0.005971423197192415,83684030.0,4.839617996012544e-06,0.6449313208266858,False,False,False
2912,0.01633568210523184,2571938724.0,0.00011901460911027479,1422859.0,0.47066963707601817,8.719899575319384e-05,0.0005532242999114314,0.0004660253041582375,11735.771634922901,8.158899398353077,41.0,1391960229.0,0.022365858803960803,96.7741935483871,96.7741935483871,19.354838709677423,51.61290322580646,0.15743350836468406,2571938724.0,0.00012481933214126393,0.5412104946400738,False,True,False
2913,-0.06548748490036571,66664328.0,3.0848436879475e-06,0.0,0.0,0.0,0.0,0.0,13984.84778196519,2.5121472094602977,0.0,32470703.0,-0.06069000991672158,61.29032258064516,90.32258064516128,16.12903225806452,25.806451612903217,0.0,66664328.0,2.911700620591032e-06,0.48707763168331947,False,False,False
2914,0.016231177195527913,6418685604.0,0.0002970200460194976,86192.0,-0.030669288048158383,1.7006837511739935e-05,1.342829440754768e-05,-3.5785431041922547e-06,12279.912626901893,8.59103433906969,71.0,4238359757.0,0.02660252342706415,100.0,96.7741935483871,22.58064516129032,45.161290322580655,0.0038213496772874036,6418685604.0,0.00038006059600079976,0.660315836992972,False,False,False
2915,0.050747693655389225,15140720851.0,0.0007006259351805428,2919127.0,0.04292607067008647,0.00020013868637105677,0.00019279973712791885,-7.338949243137913e-06,12387.868356860641,10.529076300811303,49.0,9499608065.0,0.043826559063456116,100.0,93.54838709677419,48.38709677419355,32.25806451612903,0.05486588176386414,15140720851.0,0.0008518452679707019,0.6274211220513044,True,True,False
2916,0.023319937827307458,9866317991.0,0.0004565567476779966,1133990.0,-0.025806236420454765,0.00014698891011639059,0.0001149354805951338,-3.205342952125679e-05,12194.947052610865,8.739082121137212,48.0,5706555914.0,0.02202517674689397,96.7741935483871,96.7741935483871,25.80645161290323,32.25806451612904,0.032707702732092316,9866317991.0,0.000511716127495953,0.578387592940496,False,False,False
2917,0.10299592657866419,16266516797.0,0.0007527213304560339,8199894.0,0.003812513429983344,0.0008074584595737172,0.0005040964886540608,-0.00030336197091965645,12446.53980826526,6.239865378896766,37.0,9880834838.0,0.09104149484131496,93.54838709677419,96.7741935483871,51.61290322580645,32.25806451612904,0.1434529878312149,16266516797.0,0.0008860304912327303,0.6074339676594009,True,True,True
2918,0.03751053993085107,9819207867.0,0.00045437676067415516,23111774.0,0.06440228052469332,0.0020710492806077017,0.002353731004888197,0.0002826817242804953,11472.921026610955,6.415667963942351,28.0,5172585508.0,0.04278574461770912,96.66666666666667,100.0,26.66666666666667,53.333333333333336,0.669811738033934,9819207867.0,0.00046383413484160716,0.5267823614757987,False,True,False
2919,0.004617109375870676,887693316.0,4.1077367834500414e-05,19.0,-0.8393982760094879,0.00020499463150358752,2.140378851292376e-08,-0.0002049732277150746,12346.803955751539,3.0750075441403997,63.0,573672586.0,-0.0036337482902193408,90.32258064516128,96.7741935483871,35.48387096774193,45.161290322580655,6.090971633792623e-06,887693316.0,5.144215155034562e-05,0.6462508792845298,False,False,False
2920,0.03715474178490141,1791089944.0,8.288139510375984e-05,5062.0,-0.5385705564107542,0.0001621421828888323,2.8262120598450525e-06,-0.00015931597082898726,12427.755194562691,5.435017196149509,65.0,1067579753.0,0.04438142369979525,93.54838709677419,100.0,38.70967741935484,41.93548387096774,0.0008042677807811769,1791089944.0,9.573160856235606e-05,0.5960503304573296,False,False,False
2921,0.052991634793353226,10861546441.0,0.0005026102262647496,529904.0,0.15984299470283791,3.0090826798083656e-05,4.878715962579016e-05,1.86963328277065e-05,12917.19029566952,8.760450513249161,55.0,6680875220.0,0.05173607147910553,93.54838709677419,93.54838709677419,35.48387096774193,38.70967741935484,0.013883579778158085,10861546441.0,0.0005990849204640025,0.6150942921701401,True,True,True
2922,0.02132381569466224,16172059874.0,0.0007483504044834583,11122619.0,0.03401963573138689,0.000646569309240969,0.0006877676119590652,4.1198302718096136e-05,12002.751788531747,4.922071454886943,39.0,9744963253.0,0.017177644919385227,96.7741935483871,100.0,16.129032258064527,22.58064516129032,0.19572109921355774,16172059874.0,0.0008738466657588812,0.6025802111125674,False,True,False
2923,0.03075672172919086,2795474620.0,0.00012935857144355276,116414712.0,0.06756766658165358,0.034942673734461735,0.04164398816827749,0.006701314433815754,12111.839295880283,9.450640406896115,7.0,1713852263.0,0.040527966141165495,100.0,100.0,16.666666666666657,20.0,11.850815592660933,2795474620.0,0.0001536839130886216,0.613080959754877,False,True,False
2924,0.0249081752501481,8470486858.0,0.000391965668921819,155165.0,-0.30011920430713823,0.00012336438411431126,1.8318309514104674e-05,-0.00010504607460020658,11520.999897520649,6.522662756521539,60.0,4631331859.0,0.04461477816489068,100.0,100.0,35.483870967741936,32.25806451612904,0.005212923102939209,8470486858.0,0.0004152990419706441,0.5467609992955614,False,False,False
2925,0.07635860028565689,2434564303.0,0.00011265770687753508,102408.0,-0.36820174871056466,0.0006036781589682049,4.206420010094102e-05,-0.0005616139588672639,11692.617056336177,5.649322266940653,57.0,1238080803.0,0.06835450467465454,100.0,100.0,29.032258064516128,22.58064516129032,0.011970397177971836,2434564303.0,0.00011102071434785207,0.5085430692770656,True,False,True
2926,-0.049171401409608406,3857201007.0,0.0001784891940947592,141135.0,0.2538854917174427,9.174538939056184e-06,3.6590003928721884e-05,2.74154649896657e-05,11985.191470896036,6.659577299681686,46.0,2255221860.0,-0.03169623205113514,100.0,100.0,35.483870967741936,48.38709677419355,0.0104125807389489,3857201007.0,0.0002022294032048663,0.5846783343432845,False,True,False
2927,0.02826649175403917,558665134.0,2.5851826066502074e-05,52.0,-0.7152644360358162,5.7170451274475636e-05,9.307901430626956e-08,-5.707737226016937e-05,13584.18770020468,3.832779341389403,62.0,278899888.0,0.01103584041720973,93.54838709677419,96.7741935483871,19.354838709677423,25.80645161290323,2.648791056305487e-05,558665134.0,2.5009405462283012e-05,0.4992255127917111,False,False,False
2928,0.006480538138382785,1537153083.0,7.113065004572744e-05,154077.0,0.07517770824595438,7.205205028017897e-05,0.00010023529972648794,2.818324944630897e-05,9409.561837575939,4.649605519969566,43.0,547229011.0,0.04657969609494228,93.54838709677419,100.0,29.032258064516128,29.032258064516128,0.028524406647453884,1537153083.0,4.907091327631917e-05,0.3560016351344754,False,True,True
2929,0.03443883469362086,5713257412.0,0.0002643768653158473,1950341.0,0.121612208280933,0.0002277913360823077,0.0003413711057204506,0.0001135797696381429,12106.021154822947,7.733255972373694,38.0,2967704278.0,0.035836011915389765,93.54838709677419,100.0,74.19354838709677,54.83870967741936,0.09714549927851336,5713257412.0,0.00026611885760475406,0.5194417236945599,False,True,False
2930,0.03426793132776629,9035538185.0,0.00041811301146252994,190223.0,0.07270011862398684,1.7542143253177095e-05,2.1052758131861073e-05,3.510614878683978e-06,11559.474928446334,6.3328945217587025,70.0,4305264639.0,0.04102506316659382,96.7741935483871,100.0,19.354838709677423,22.58064516129032,0.005991077351415408,9035538185.0,0.000386060065320573,0.4764812621950089,False,True,False
2931,0.037522657676243965,7194944462.0,0.0003329408646965363,10030039.0,0.3168921897791963,0.00042316721625027757,0.0013940398085035281,0.0009708725922532506,10954.248280399304,3.9469003054606384,24.0,2492529306.0,0.04107866124990189,96.66666666666667,96.66666666666667,46.66666666666667,30.000000000000014,0.3967081306585388,7194944462.0,0.0002235091469107255,0.34642787295499766,False,True,False
2932,0.04404034128537471,10323713884.0,0.00047772241267073697,4325027.0,0.08067834112548455,0.0003525794740971044,0.00041894099822962507,6.636152413252067e-05,12294.726261107897,7.780868159942674,37.0,6685156447.0,0.03296209695670016,96.7741935483871,100.0,41.93548387096775,45.16129032258065,0.11921990982618068,10323713884.0,0.0005994688250352337,0.6475534407594205,True,True,False
2933,0.02472052380362233,93953352709.0,0.004347623620624568,28703923.0,0.007799888925637433,0.00033203557416405593,0.00030551249287403436,-2.6523081290021565e-05,11125.530416322377,6.9895200146495275,36.0,31485474214.0,0.010274473672399198,80.64516129032258,100.0,29.032258064516128,38.70967741935484,0.08694105376444965,93953352709.0,0.0028233535568511323,0.3351181549797311,False,True,False
2934,0.03293085249989747,30682353782.0,0.0014198037876534929,14973104.0,0.3111917481647499,0.0001480636252057439,0.00048800375963281106,0.0003399401344270672,10959.658888231379,10.07014597548816,31.0,11336423704.0,-0.009028294193694664,100.0,96.7741935483871,70.96774193548387,19.354838709677423,0.13887340810309537,30682353782.0,0.0010165555064890245,0.36947698943001517,False,True,False
2935,-0.03158617037474165,8183578729.0,0.00037868920222187003,693619.0,-0.30789934363498495,0.00045460721585700826,8.475741762488762e-05,-0.00036984979823212065,10824.090980858944,5.250107836069153,35.0,3052228764.0,-0.09942012607932038,74.19354838709677,83.87096774193549,25.806451612903217,6.451612903225808,0.024119796651652908,8183578729.0,0.0002736983054023992,0.37296992734778395,False,False,False
2936,-0.0027598922340486,9019252788.0,0.0004173594164642999,29968700.0,0.09223781222068173,0.002108191185660616,0.0033227475384516297,0.0012145563527910137,11515.761121743491,4.973488359105413,19.0,4988170513.0,0.008846561156148347,96.66666666666667,100.0,53.333333333333336,63.333333333333336,0.9455690982343072,9019252788.0,0.0004472973430330716,0.553058067031528,False,True,False
2937,0.14759299996543418,37833153706.0,0.001750701895699026,811555309.0,0.18604228577203408,0.01819215573240823,0.021450902964806094,0.003258747232397864,10348.807786503961,3.2944983178361658,7.0,18448550461.0,0.26676682414413544,76.66666666666667,26.666666666666668,36.66666666666667,-3.333333333333332,6.1043792036620275,37833153706.0,0.001654311451966367,0.4876291996264172,True,True,True
2938,0.03443538552555481,1735693548.0,8.031796684066178e-05,4074.0,-0.5948464936075126,0.0002546635610947279,2.3471885372244294e-06,-0.00025231637255750344,12218.216524244406,4.044300733623377,72.0,991914741.0,0.023685818634307854,100.0,96.7741935483871,45.16129032258065,38.70967741935484,0.0006679499188082885,1735693548.0,8.894660417247797e-05,0.571480341182901,False,False,False
2939,0.05631455868473756,2392223152.0,0.0001106984006590312,965.0,-0.5579325501870325,3.142311686058316e-05,4.033904609581339e-07,-3.101972639962503e-05,11268.315732270783,11.279207071970763,85.0,1261924570.0,0.04753149375984567,100.0,100.0,35.483870967741936,29.032258064516128,0.00011479462402438457,2392223152.0,0.00011315882362042089,0.5275112269292175,True,False,True
2940,0.06503321190197475,1534291555.0,7.099823490177391e-05,35279.0,-0.28687939764439907,0.0001708477283980859,2.2993674106483627e-05,-0.00014785405429160227,12040.773717203963,8.959564148159691,56.0,928143195.0,0.0546755963656822,96.7741935483871,100.0,35.48387096774194,45.16129032258065,0.006543412473670175,1534291555.0,8.322810617555287e-05,0.6049327404399355,True,False,True
2941,-0.014276018313008731,11099128741.0,0.0005136041758103453,773100.0,-0.07170725635968633,9.403696832633355e-05,6.965411592571057e-05,-2.4382852400622984e-05,12561.480512288797,4.228760374759155,48.0,6406593692.0,-0.04226331818799889,93.54838709677419,100.0,29.032258064516128,12.903225806451616,0.0198217826729242,11099128741.0,0.0005744896508360472,0.5772159095996561,False,False,False
2942,-0.04186806849651803,987367673.0,4.5689726801678116e-05,566114.0,-0.22409858426120033,0.0016463373836844218,0.0005733568309765799,-0.001072980552707842,12482.89850107033,4.880735327447624,49.0,546640508.0,-0.010242294512303629,96.7741935483871,87.09677419354838,25.80645161290323,19.354838709677423,0.16316271259225462,987367673.0,4.901814125748362e-05,0.5536341962048417,False,False,False
3001,-0.04277137173436385,3659962575.0,0.00016936212793764046,18761418.0,0.023225105757577413,0.0036729200233689857,0.005126122908510888,0.0014532028851419027,11842.256252163726,9.430597993584888,22.0,2143333388.0,-0.041369952765732076,100.0,100.0,46.666666666666664,63.333333333333336,1.4587636767304841,3659962575.0,0.00019219618238549007,0.5856162034662336,False,True,False
3002,0.10147256621891088,357656578361.0,0.016550300157676997,197800494.0,0.0379906353399202,0.0007441532830056497,0.0005530458712836827,-0.000191107411721967,11175.534527238671,10.084724097472717,33.0,176729101758.0,0.12425321286619928,87.09677419354838,90.32258064516128,54.83870967741935,41.93548387096773,0.15738273213366233,357656578361.0,0.015847585291432226,0.49413071770657835,True,True,True
3003,0.048034732379328426,16763022443.0,0.000775696771055891,8043117.0,0.004936993685718871,0.0005919108067774995,0.0004798130544386816,-0.00011209775233881789,11335.487758227957,10.788708606845212,47.0,9935517664.0,0.04114363235693874,80.64516129032258,90.32258064516128,41.93548387096774,29.03225806451612,0.13654254256646026,16763022443.0,0.0008909339889611248,0.5927044301100325,True,True,False
3004,0.0292879473727381,476214145296.0,0.022036466042643962,739570981.0,0.055893589754483886,0.0013669771054912383,0.0015530218669592554,0.00018604476146801712,11392.18267408044,16.055603092948363,36.0,272981106896.0,0.03556433874660203,87.09677419354838,83.87096774193549,48.387096774193544,32.25806451612904,0.44195036465609006,476214145296.0,0.024478658757671804,0.5732318319236892,False,True,False
3005,0.04997492633316569,10455533396.0,0.0004838222654966969,1043522.0,-0.04600623317451158,0.0001611841639550677,9.98057163108697e-05,-6.137844764419802e-05,11202.829614150849,8.980494482415159,66.0,4936449416.0,0.05204705923645325,90.32258064516128,96.7741935483871,29.03225806451612,41.93548387096775,0.028402158177408567,10455533396.0,0.0004426594283494089,0.47213750164946633,True,False,True
3006,0.04955477360598848,17502956926.0,0.0008099367054834495,9767933.0,0.051758263525577775,0.0005522517805034146,0.0005580733039164424,5.8215234130278015e-06,11653.982961723366,13.404431361572751,46.0,9986713261.0,0.048273051706903436,96.7741935483871,90.32258064516128,48.38709677419355,54.838709677419345,0.15881341107811425,17502956926.0,0.000895524781207182,0.5705729210911274,True,True,True
3101,0.04076887537352847,1240916907.0,5.742253469991154e-05,8905590.0,0.05784830034042798,0.006615680334555715,0.007176620730819006,0.0005609403962632906,11840.371097861107,14.806410609055362,26.0,730575756.0,0.0271778823355453,93.33333333333333,100.0,30.0,40.0,2.042282994504112,1240916907.0,6.551191337415646e-05,0.5887386591953332,True,True,False
3102,0.06397476379909572,33408681972.0,0.0015459626579295846,8972946.0,0.007809483295029285,0.000352241193646227,0.0002685812630237935,-8.365993062243348e-05,9802.471739605118,17.849720951737513,75.0,13757374468.0,0.09371631453236873,90.32258064516128,100.0,32.25806451612902,25.80645161290323,0.07643136884193848,33408681972.0,0.0012336460894049267,0.4117903986613459,True,True,True
3103,0.18299650777572052,3376140052.0,0.00015622844542944982,23717695.0,0.12629221362840104,0.008980777361150032,0.007025092156929277,-0.0019556852042207553,8864.404413130667,4.395171687523978,13.0,1678822394.0,0.21522275407829472,100.0,100.0,33.33333333333334,40.0,1.9991618318784348,3376140052.0,0.00015054272790065315,0.4972608861428833,True,True,True
3104,0.058227087679602496,20523914584.0,0.0009497293418517026,13109.0,1.0651368074488423,2.2566260579962217e-08,6.387183081642473e-07,6.161520475842851e-07,10823.224111616435,4.752904271369327,92.0,10131271155.0,0.07929284481866894,96.7741935483871,100.0,41.93548387096775,35.483870967741936,0.0001817629198991284,20523914584.0,0.0009084875221022939,0.493632494597211,True,True,True
3105,0.08674580076434846,35763356371.0,0.0016549235171304261,6158506.0,0.06251219593433888,0.0001927557461380102,0.00017220156676887982,-2.0554179369130382e-05,10486.144224088548,9.955039817158767,77.0,14800289737.0,0.10805445570674932,96.7741935483871,100.0,32.25806451612904,22.58064516129032,0.04900416848403148,35763356371.0,0.0013271659936697393,0.41383950609852005,True,True,True
3201,0.03297445649489328,358157441.0,1.6573477214984887e-05,53809641.0,0.0019416190113608067,0.17499351059575685,0.15024018724770818,-0.024753323348048667,12758.431171108909,9.633779790277341,3.0,184601428.0,0.03200279264927852,76.66666666666667,90.0,16.66666666666667,13.333333333333329,42.754520688191896,358157441.0,1.655350955812662e-05,0.5154197759638337,False,True,False
3202,0.0018432471383080795,543999026.0,2.517316249862577e-05,5186932.0,0.05071530538498248,0.0075142565019506915,0.009534818542119964,0.0020205620401692725,12417.045878049053,11.058467791618147,14.0,277425541.0,0.017070918013745606,100.0,96.66666666666667,50.0,56.66666666666667,2.713365871576695,543999026.0,2.487719837471652e-05,0.509974334034929,False,True,False
3203,0.02410036388243575,1786709718.0,8.267870330541331e-05,674130.0,0.14806960089333598,0.00021308906751364988,0.00037730247572314375,0.00016421340820949387,11353.266375523794,13.226561620015042,49.0,916816865.0,0.025631189651611708,96.7741935483871,93.54838709677419,22.580645161290334,32.25806451612903,0.10737064962129328,1786709718.0,8.221245578787822e-05,0.5131314033631958,False,True,False
3204,0.000937780622715989,12321971199.0,0.0005701903284213116,2662820.0,-0.03949704904154905,0.0002655849823339208,0.0002161034104848503,-4.9481571849070466e-05,12881.269871783199,9.035264531800127,57.0,7091879419.0,-0.0013663382837321159,100.0,100.0,25.80645161290323,32.25806451612904,0.061497512107928344,12321971199.0,0.0006359403338282841,0.575547475681127,False,False,False
3205,0.06694001058304622,338314664.0,1.565526702347437e-05,12863.0,0.1771884724602153,2.3253667168700673e-05,3.802081721175408e-05,1.476715004305341e-05,11198.309048522355,6.843193236842524,62.0,143002054.0,0.10347623257641603,87.09677419354838,100.0,29.03225806451612,32.25806451612904,0.010819753661393944,338314664.0,1.2823226198015863e-05,0.4226894935893172,True,True,True
3206,0.02387790082185859,14540072354.0,0.0006728313592771361,7836871.0,0.0022648276268291134,0.0005996592363939403,0.0005389843192798187,-6.067491711412166e-05,12105.070363091949,8.03587434597557,49.0,7776651816.0,0.01584579509757278,100.0,100.0,41.93548387096774,51.61290322580645,0.15338117351562042,14540072354.0,0.0006973449856865612,0.5348427178810172,False,True,False
3207,0.010860100554088259,4498627247.0,0.00020817073063927964,1344327.0,-0.2610627113448579,0.0014316678520691387,0.00029883049343474536,-0.0011328373586343933,13325.318249869213,9.995208331833307,48.0,2495580676.0,0.04099480100038688,87.09677419354838,90.32258064516128,54.83870967741935,29.03225806451612,0.08503952735863823,4498627247.0,0.00022378276820936668,0.5547427112713613,False,False,False
3208,0.039045678410798645,16086311861.0,0.0007443824770387072,11799328.0,0.02423504864151904,0.0007880900179500133,0.0007335011345022188,-5.4588883447794466e-05,12242.67316407338,15.202165148656428,61.0,10101632811.0,0.05033903056537126,90.32258064516128,87.09677419354838,35.48387096774193,32.25806451612903,0.20873569185707816,16086311861.0,0.0009058298037086365,0.6279645016388509,False,True,True
3209,0.03041114188122296,7253175260.0,0.00033563545286750606,9685764.0,0.06725848872059426,0.001120238135669838,0.0013353825949050623,0.0002151444592352243,11474.129578772925,13.584455359153353,50.0,3566402872.0,0.03542416673182802,87.09677419354838,87.09677419354838,38.70967741935483,25.806451612903224,0.380015785565994,7253175260.0,0.0003198051318962832,0.4917022881920545,False,True,False
3210,0.028772864904949236,806000998.0,3.729711475018072e-05,821716.0,-0.055017177399864,0.0015590645488032459,0.0010194974969497494,-0.0005395670518534965,12614.473961148868,14.114979253566197,53.0,528494364.0,0.041484563915754835,90.32258064516128,96.7741935483871,38.70967741935483,32.25806451612904,0.2901229532750254,806000998.0,4.739094708351904e-05,0.6556993915781727,False,False,False
3211,0.02152291046797017,230336273.0,1.0658644873303186e-05,874444.0,-0.039295581661010104,0.005160137606309483,0.0037963799127721408,-0.0013637576935373423,11972.060226953485,16.36301993910232,28.0,129478883.0,0.013188278639786777,90.0,86.66666666666667,23.333333333333343,50.00000000000001,1.0803527770718258,230336273.0,1.161058151357344e-05,0.5621297996777086,False,False,False
3212,0.021086783484974836,2213171046.0,0.00010241289361832712,704538.0,-0.0634982696416998,0.0004905234748125634,0.00031833870286408945,-0.00017218477194847392,11927.467188233764,11.51542183493776,59.0,1340892821.0,0.02917616851943805,90.32258064516128,100.0,32.25806451612902,35.483870967741936,0.0905910655916232,2213171046.0,0.00012024003481081883,0.6058694936496111,False,False,False
3213,0.008626748843223453,864771916.0,4.001669658451916e-05,211807.0,-0.06206618208731596,0.0003522330995593297,0.0002449281667005477,-0.00010730493285878204,11161.889263263263,5.407065849496619,60.0,426637809.0,0.0035188734834588065,96.7741935483871,90.32258064516128,58.06451612903226,38.70967741935483,0.06970030164468674,864771916.0,3.82573045379676e-05,0.49335298835028313,False,False,False
3214,0.05979250885912468,10734774740.0,0.0004967439572514293,9883376.0,0.1601214687599315,0.0005857324573886469,0.0009206877870638951,0.0003349553296752482,11814.198994851753,13.451989256191405,55.0,5534710268.0,0.07212217836762602,77.41935483870968,90.32258064516128,38.70967741935484,41.93548387096773,0.2620042330916982,10734774740.0,0.000496306449605577,0.5155869966583015,True,True,True
3215,0.016474994594586567,13231819384.0,0.0006122928968367277,1495005.0,-0.1519127874994245,0.0002794499288604624,0.00011298559605550311,-0.00016646433280495933,11923.845268073454,14.88365641748083,67.0,8491611564.0,0.0007546855434270583,87.09677419354838,93.54838709677419,38.70967741935483,48.38709677419355,0.03215281538526163,13231819384.0,0.0007614565862869302,0.6417569132078775,False,False,False
3301,0.031184907368336567,6297203660.0,0.00029139855669543227,205866552.0,-0.010168627103431804,0.04011573166624346,0.032691741146577434,-0.007423990519666024,11604.365111978132,15.82833350215592,11.0,3893147446.0,0.04176705832121552,93.33333333333333,86.66666666666667,16.666666666666657,43.333333333333336,9.303234698981516,6297203660.0,0.00034910484797851747,0.6182343237093272,False,False,False
3302,0.060302397406807984,34052047123.0,0.0015757339161819402,85189063.0,-0.013164790241312674,0.0035823346198856944,0.002501731032272071,-0.0010806035876136234,11111.276882925127,6.173091689732666,33.0,17497617588.0,0.06933931795087878,80.64516129032258,74.19354838709677,51.61290322580645,38.70967741935483,0.7119287664306311,34052047123.0,0.001569039758389098,0.5138492122014441,True,False,True
3303,0.13722718271200107,28616606780.0,0.0013242128353226424,4653114.0,-0.11517237865048902,0.0005702540252228649,0.00016260187784570033,-0.00040765214737716456,11342.871741994806,5.048117930359795,71.0,13581964247.0,0.15971867689436547,100.0,93.54838709677419,32.25806451612904,41.935483870967744,0.04627234215856512,28616606780.0,0.0012179167702909021,0.4746182645418452,True,False,True
3304,0.040535397506656246,67042113411.0,0.0031023254353150275,37621598.0,-0.08601411508138546,0.0010731894447299343,0.0005611636639400332,-0.0005120257807899011,13242.069459665427,11.870020061126176,50.0,40771585077.0,0.08673766792405169,87.09677419354838,83.87096774193549,35.483870967741936,29.032258064516135,0.1596928486239736,67042113411.0,0.003656054184326744,0.6081488634919788,True,False,True
3305,0.05002326530663259,17879784409.0,0.0008273741254238063,40570629.0,-0.042898519853735606,0.0036062359036596273,0.0022690781987045826,-0.0013371577049550447,11642.191434197399,20.49838496355949,43.0,9018479963.0,0.06410799221652597,87.09677419354838,93.54838709677419,45.16129032258064,38.70967741935484,0.6457217111270617,17879784409.0,0.0008087017304508279,0.5043953415042545,True,False,True
3306,0.026764381840907125,6950912199.0,0.000321648447765984,24208083.0,0.13712709724016547,0.00209039100058847,0.003482720297270151,0.0013923292966816813,11505.969698912464,17.243264650249902,34.0,3312210147.0,0.046687750358644475,87.09677419354838,90.32258064516128,16.129032258064512,16.129032258064512,0.9910932602561296,6950912199.0,0.00029701125782671887,0.4765144562574844,False,True,True
3307,0.04012359354207029,14569783727.0,0.0006742062316295478,138850034.0,0.06974038016638184,0.008281817871973272,0.009529999662430816,0.0012481817904575442,11671.179000765755,18.502837891482926,22.0,7521197860.0,0.047034245733315494,90.0,96.66666666666667,33.333333333333336,50.00000000000001,2.7119945414742914,14569783727.0,0.0006744380149869236,0.5162189090056354,False,True,True
3401,-0.0020526883641964755,8299925782.0,0.0003840730781691134,13985991.0,-0.08949220534360991,0.0026652549467284523,0.0016850742244384083,-0.000980180722290044,11061.675160511815,19.249207922308052,52.0,3550280641.0,0.0021628425649897753,70.96774193548387,70.96774193548387,29.032258064516128,25.80645161290323,0.47952909344493533,8299925782.0,0.0003183594252847568,0.42774848043815916,False,False,False
3402,0.03459051835594318,45040985277.0,0.002084239102068046,122081036.0,0.04071168701913863,0.0026316651868518127,0.002710443282916819,7.877809606500648e-05,11773.807551155714,19.575680373876953,42.0,22273125842.0,0.03925128705038117,90.32258064516128,96.7741935483871,29.03225806451612,41.93548387096775,0.7713229431921228,45040985277.0,0.0019972673316205553,0.4945079621376241,False,True,False
3403,0.042545640466850276,10837605523.0,0.0005015023775547773,14046422.0,0.04368639370257488,0.0012890140379958166,0.0012960816824519144,7.067644456097786e-06,12831.115759156794,8.9726683993943,35.0,6611740537.0,0.05723294963973946,93.54838709677419,90.32258064516128,41.935483870967744,45.16129032258064,0.36883174948800007,10837605523.0,0.000592885501270785,0.61007392481377,True,True,True
3404,0.0706248023397229,3998953367.0,0.00018504868229657023,1372927.0,0.07728908061513495,0.00033283295248495704,0.00034332158292457526,1.048863043961822e-05,12821.059034481608,11.796248671213537,48.0,2531950118.0,0.07399561860088544,96.7741935483871,87.09677419354838,51.61290322580646,29.03225806451612,0.09770055528252447,3998953367.0,0.00022704407508165552,0.6331531992580998,True,True,True
3405,0.015259668710634555,2331307373.0,0.00010787956692917563,8035629.0,-0.06164186879809119,0.0051104942338821265,0.0034468337779327224,-0.001663660455949404,13113.757847723755,10.454274124371814,29.0,1452869450.0,0.03240566581243276,83.33333333333334,90.0,56.66666666666667,23.333333333333343,0.9808808732673567,2331307373.0,0.00013028116081141672,0.6231994402910508,False,False,False
3406,0.061855385686568676,4440937733.0,0.00020550118999493894,551321.0,0.1797724339561919,7.332726720074211e-05,0.00012414517679525412,5.0817909594512014e-05,10822.302042788628,7.875163464554644,63.0,1523753631.0,0.08707258064635925,64.51612903225806,6.451612903225806,41.935483870967744,-41.935483870967744,0.03532854708760954,4440937733.0,0.00013663746032879358,0.34311528839442973,True,True,True
3407,0.05550407064628038,1217445695.0,5.633642129625318e-05,279828.0,-0.13599292808851804,0.0006253953486414104,0.00022984844510867485,-0.00039554690353273554,11000.793623475747,4.807553908423692,53.0,529080791.0,0.07190232759630111,90.32258064516128,90.32258064516128,29.03225806451612,45.16129032258064,0.06540899796234434,1217445695.0,4.744353294406635e-05,0.43458266202173396,True,False,True
3501,0.02914722240248646,2772261752.0,0.00012828441272213045,32607173.0,-0.041017862142195494,0.01674225127328594,0.011761938776696004,-0.004980312496589935,12660.556899867368,6.060423558266793,10.0,1748283051.0,0.01750706341978603,93.33333333333333,90.0,53.33333333333333,30.0,3.347147417570639,2772261752.0,0.00015677137771133207,0.6306341923661183,False,False,False
3502,0.12032391120282604,3363528818.0,0.00015564486967358036,38344137.0,0.12438499029803629,0.011195581188057415,0.011399972788935385,0.0002043916008779706,12993.200716767577,8.455738271585973,14.0,2157189789.0,0.13558891939634043,93.33333333333333,100.0,43.33333333333333,26.66666666666667,3.244141140783872,3363528818.0,0.00019343870834468652,0.6413471998383812,True,True,True
3503,0.0008213755196235795,2183321863.0,0.00010103164420757868,49827303.0,0.07093276534439252,0.016267523729828523,0.022821785392436206,0.006554261662607683,11381.747632697525,14.684523713942752,15.0,1037905772.0,0.0027909421731524553,96.66666666666667,90.0,53.333333333333336,56.66666666666667,6.494497335081519,2183321863.0,9.307069454108876e-05,0.47537918691193903,False,True,False
3504,0.061660506738135945,4647207746.0,0.00021504618604763895,8424034.0,-0.0691264942183557,0.003497864530319575,0.0018127087189615818,-0.0016851558113579932,11807.59688988197,11.85808907383616,33.0,2723930184.0,0.06488051201900213,96.7741935483871,96.7741935483871,29.032258064516142,67.74193548387098,0.5158506112530887,4647207746.0,0.00024425923908082445,0.5861434075858937,True,False,True
3505,0.05562880680048998,5123873064.0,0.00023710352978169397,6294923.0,0.05422524824562336,0.0012367478367611184,0.0012285478038532454,-8.200032907872915e-06,13001.544887499773,11.103307407411974,39.0,3195541859.0,0.06208911287947583,90.32258064516128,77.41935483870968,48.38709677419354,32.25806451612904,0.34961333221499663,5123873064.0,0.0002865494231515382,0.6236574987486848,True,True,True
3506,0.04487405721521154,13752479952.0,0.0006363860890272791,5428327.0,-0.1929437856506383,0.001435773003569991,0.0003947162271056841,-0.001041056776464307,12603.29041067218,10.63259203654314,58.0,8349322143.0,0.050718149198964335,90.32258064516128,93.54838709677419,58.06451612903225,29.032258064516128,0.11232615857920165,13752479952.0,0.0007486972630462466,0.6071139294251996,True,False,True
3507,0.05265005829649816,7578727576.0,0.00035070015144377144,29224130.0,-0.0720412318889676,0.007243058463075542,0.003856073424851127,-0.0033869850382244144,11262.307059406301,9.648048323357093,27.0,3246944627.0,0.0480842861197861,96.66666666666667,100.0,43.333333333333336,66.66666666666667,1.0973400262485322,7578727576.0,0.00029115879275729315,0.4284287295511571,True,False,True
3601,0.3004587372512635,1285527345.0,5.948685053732421e-05,0.0,0.0,0.0,0.0,0.0,11602.661057952835,11.913025902488254,0.0,456179963.0,0.1988027922885116,19.35483870967742,32.25806451612903,-9.677419354838712,-6.451612903225808,0.0,1285527345.0,4.090639741826021e-05,0.35485823368463626,True,False,True
3602,0.12336821197554726,1548906202.0,7.167451714899811e-05,2356928.0,0.061735528621298386,0.0020176698195074833,0.001521672517649329,-0.0004959973018581543,10031.817053815374,15.885876725219937,44.0,720189463.0,0.11480441200290303,83.87096774193549,93.54838709677419,32.25806451612904,25.80645161290323,0.43302914039388424,1548906202.0,6.458055762944899e-05,0.46496647897081633,True,True,True
3603,0.09009863503767135,2263804639.0,0.0001047559266083867,8183540.0,1.1213527609521878,0.00012952892918056456,0.0036149497439032325,0.003485420814722668,11226.85378319167,16.693299246369737,32.0,1012404565.0,0.07316233866709942,96.7741935483871,96.7741935483871,67.74193548387098,67.74193548387098,1.028722384095953,2263804639.0,9.078395993458145e-05,0.44721375138060226,True,True,True
3604,0.09795785813740321,1721565358.0,7.966419504019267e-05,42622.0,0.0,0.0,2.4757700776179304e-05,2.4757700776179304e-05,10843.60701202841,2.0174757240882615,65.0,754740825.0,0.1021258028726657,90.32258064516128,77.41935483870968,48.38709677419354,51.612903225806456,0.007045409416869383,1721565358.0,6.767883431836655e-05,0.4384038174866667,True,False,True
3605,-0.0002242524247892952,162897731.0,7.53797499100748e-06,39045.0,0.06765966245552857,0.00017258347342007557,0.00023969026308905432,6.710678966897874e-05,9585.339091942295,7.912396149990802,52.0,84454027.0,0.0001632740574926128,77.41935483870968,77.41935483870968,6.451612903225808,6.451612903225808,0.06820972803437088,162897731.0,7.57312962479783e-06,0.518448148304779,False,True,False
3606,0.0361491812161856,371646878.0,1.7197691181162053e-05,1342.0,0.17943778780569297,1.8895495192475073e-06,3.610954590071923e-06,1.7214050708244156e-06,11398.960427540575,16.684535944385477,80.0,189363452.0,0.03843349300098575,58.06451612903226,51.61290322580645,25.80645161290323,-3.225806451612904,0.0010275854653376475,371646878.0,1.6980527976424167e-05,0.509525205805711,False,True,False
3701,0.039427132498202955,4145035231.0,0.0001918085151727676,139640.0,0.05210973635950156,3.17063800895576e-05,3.36884953246372e-05,1.9821152350796054e-06,12939.576047463273,5.8429349339953385,59.0,2530677859.0,0.031026462364189156,90.32258064516128,93.54838709677419,48.38709677419354,41.935483870967744,0.009586885484484303,4145035231.0,0.00022692998955292973,0.6105322917579805,False,True,False
3702,0.013037622612962929,1428394159.0,6.609790929404144e-05,4197.0,1.294452158816981,4.929736919054564e-08,2.9382646054351443e-06,2.8889672362445985e-06,16004.506844440968,4.4870904567767305,80.0,523670344.0,0.010533775537325818,93.54838709677419,54.83870967741935,29.032258064516128,-3.225806451612911,0.000836155073830788,1428394159.0,4.695836938331515e-05,0.3666147335456865,False,True,False
3703,-0.027020017284983044,365681921.0,1.6921667098982326e-05,44.0,-0.686754074674607,3.478896932278449e-05,1.2032314826961325e-07,-3.466864617451487e-05,11853.70702575422,2.7999931782301855,88.0,171495975.0,-0.05164136576135836,100.0,100.0,51.61290322580645,54.83870967741936,3.424089537029005e-05,365681921.0,1.5378322324477056e-05,0.46897580971742925,False,False,False
3704,0.022508130418993355,35950257.0,1.6635722089111949e-06,0.0,0.0,0.0,0.0,0.0,11120.567775829808,10.381998229789312,0.0,22401575.0,-0.004339556067577965,93.54838709677419,87.09677419354838,54.83870967741935,29.03225806451612,0.0,35950257.0,2.0087855760226856e-06,0.6231269779239687,False,False,False
3705,0.02463542987233658,1421757150.0,6.579078649036598e-05,0.0,0.0,2.976494718911945e-06,0.0,-2.976494718911945e-06,13147.879620782634,2.988514892590138,0.0,973451749.0,0.04828316505237251,64.51612903225806,32.25806451612903,9.677419354838712,-32.25806451612903,0.0,1421757150.0,8.729099772427857e-05,0.6846821547547695,False,False,True
3706,-0.10290036870926156,5303501.0,2.454156829402563e-07,14204.0,2.0151377737733758,6.24475769025476e-06,0.002678230851658178,0.0026719860939679236,12790.37379742174,9.896759462027894,28.0,3235110.0,-0.12592850294778335,96.66666666666667,86.66666666666667,40.00000000000001,46.66666666666667,0.7621561078473702,5303501.0,2.9009756255293435e-07,0.6099951711143262,False,True,False
3707,0.017217464532357507,5227394640.0,0.00024189391603279332,10643.0,0.11106108610269283,1.3096586875472226e-06,2.0360046893264597e-06,7.263460017792371e-07,15552.788244956573,2.7787348598361854,81.0,2205930492.0,-0.02354731675039823,80.64516129032258,61.29032258064516,41.93548387096774,-9.677419354838712,0.0005793949422303565,5227394640.0,0.00019780936626278403,0.4219942521883138,False,True,False
3801,0.04507971284976753,3193989745.0,0.00014779957137244816,202514.0,0.11298911934493194,4.628220348539976e-05,6.340471202733934e-05,1.712250854193958e-05,13087.051541193661,3.848548866409061,55.0,1914755216.0,0.06654952145461834,61.29032258064516,74.19354838709677,25.806451612903224,9.677419354838705,0.01804336191109933,3193989745.0,0.00017169920684215293,0.599486964226305,True,True,True
3802,0.04912783311356961,3348979218.0,0.00015497159742935762,3064414.0,0.09047652358955216,0.0007542154566120797,0.0009150292672852293,0.0001608138106731496,12349.863473722517,11.044691234306102,43.0,2081281048.0,0.06089898367840796,96.7741935483871,100.0,32.25806451612904,35.483870967741936,0.2603939628612529,3348979218.0,0.00018663184837993662,0.6214672927241796,True,True,True
3803,0.05493942988388656,391440075.0,1.8113607093938544e-05,708681.0,0.0,0.0,0.0018104456984890983,0.0018104456984890983,13427.603983866496,2.925877857858828,24.0,313136830.0,0.05727315879666084,30.0,6.666666666666667,-56.66666666666667,-80.0,0.5152066134161513,391440075.0,2.8079487599665105e-05,0.7999610923843197,True,False,True
3804,0.04163281859737511,509770412.0,2.3589258077582305e-05,12.0,-0.6073047721046371,3.0910197255793168e-06,2.3540008830485047e-08,-3.0674797167488317e-06,12214.873214355955,6.774457022236965,85.0,245704014.0,0.037667982109739206,80.64516129032258,96.7741935483871,32.258064516129025,45.161290322580655,6.698885384666248e-06,509770412.0,2.203267758155737e-05,0.48198955493713513,True,False,False
3805,-0.019657924652162873,337768510.0,1.562999414110845e-05,12409529.0,0.009450990026026007,0.031739359716731634,0.03673974521781204,0.005000385501080409,13416.818904192696,10.463239456255886,8.0,142443726.0,-0.03732632476692288,83.33333333333334,76.66666666666667,23.333333333333343,16.66666666666667,10.455193285961546,337768510.0,1.2773160020388192e-05,0.42171997028378994,False,True,False
3806,0.034131506501812625,1431637641.0,6.624799908381133e-05,31941486.0,0.042679866461142746,0.021411442117111476,0.022311152686435968,0.0008997105693244918,12763.735645367122,14.369022645657294,13.0,953428664.0,0.05459536414455202,93.33333333333333,83.33333333333334,39.99999999999999,16.666666666666686,6.3491843067054345,1431637641.0,8.54954952055728e-05,0.6659706595406568,False,True,True
3807,0.09185068810845265,158871090.0,7.351645083467115e-06,0.0,0.0,0.0,0.0,0.0,12517.869391951675,5.685389091084071,0.0,47181179.0,0.07347016913559168,67.74193548387096,32.25806451612903,-12.903225806451616,-51.612903225806456,0.0,158871090.0,4.230812870744332e-06,0.2969777509551927,True,False,True
3808,0.0027192567362519515,41655312131.0,0.0019275695195907212,278908518.0,-0.006471076960827604,0.007011090762690445,0.006695629050212674,-0.00031546171247777074,9925.587422731272,10.015526606050184,24.0,15832634582.0,0.022662827587554224,96.66666666666667,100.0,23.333333333333343,20.0,1.9054050450282785,41655312131.0,0.0014197380308643283,0.38008680698895325,False,False,False
3809,0.022025213415865164,4732736736.0,0.0002190039783610637,7230063.0,0.13204725933744865,0.0009162521282589475,0.0015276706487821004,0.0006114185205231529,12592.94275117567,19.11695643002176,43.0,2928225372.0,0.02517521588007421,96.7741935483871,93.54838709677419,48.38709677419355,58.064516129032256,0.4347360553432362,4732736736.0,0.00026257872005058856,0.6187171472535505,False,True,False
3810,0.0658892793771777,2113582681.0,9.780451386891658e-05,431412.0,-0.0467319402843821,0.00035674528459715276,0.00020411408736368237,-0.00015263119723347038,13843.885219405807,11.110311591689682,49.0,1041047640.0,0.06408047156643204,93.54838709677419,80.64516129032258,48.38709677419355,12.903225806451616,0.05808565691251218,2113582681.0,9.33524309422198e-05,0.4925511783184412,True,False,True
3811,0.039890035727994544,14040536721.0,0.0006497157082146232,1480759.0,-0.12132772831206506,0.0002448517134090943,0.00010546313359839544,-0.00013938857981069886,12392.442135334166,8.131493293276666,57.0,8256494484.0,0.054725725828416394,93.54838709677419,100.0,25.80645161290323,48.38709677419355,0.030012114667029115,14040536721.0,0.0007403732562540834,0.5880469278393763,False,False,True
3812,0.04915213408153707,5431283535.0,0.00025132872756773207,25927003.0,0.020589162533802163,0.005480086616418282,0.004773641963805154,-0.0007064446526131281,12741.74082915964,10.01018659721584,27.0,2990752115.0,0.05807141436866359,96.66666666666667,96.66666666666667,40.00000000000001,56.66666666666667,1.358456600982716,5431283535.0,0.0002681855945428543,0.5506529157844823,True,True,True
3813,0.06506457998964255,342273922.0,1.5838478831298423e-05,216695.0,0.046017549550859904,0.0006928830448952681,0.0006331040318052626,-5.9779013090005464e-05,11854.549700505668,10.054325285546842,37.0,185041976.0,0.06865427036611949,90.32258064516128,90.32258064516128,22.58064516129032,45.16129032258064,0.1801652402161041,342273922.0,1.6593014212060357e-05,0.5406254000268241,True,True,True
3814,0.033139760746417224,2103779039.0,9.735085740750896e-05,164519.0,-0.09542123925145685,0.0001519775309002563,7.820165376217536e-05,-7.377587713808094e-05,12222.097555836994,15.336225966567646,82.0,1239945424.0,0.049833459945395564,87.09677419354838,80.64516129032258,38.70967741935483,32.258064516129025,0.022254193667325506,2103779039.0,0.0001111879179382045,0.5893895703939467,False,False,True
3815,0.015832902865509313,22656087587.0,0.0010483941094604995,71653395.0,-0.03541401781202014,0.004096929624431924,0.003162655278624299,-0.0009342743458076249,12485.213265564209,9.677186631580584,24.0,14462106479.0,0.019291002281421,63.33333333333333,90.0,-20.000000000000014,23.333333333333343,0.9000109292770104,22656087587.0,0.0012968405522343599,0.6383320343137407,False,False,False
3816,0.04264241056381124,2757685176.0,0.00012760989218296763,1364236.0,-0.1763699329547601,0.001608276776777163,0.0004947033156187949,-0.001113573461158368,12035.990985645782,12.195519948687584,50.0,1453961544.0,0.058483137310954,87.09677419354838,90.32258064516128,38.70967741935483,51.61290322580644,0.1407799306537641,2757685176.0,0.00013037909065228108,0.5272398592318502,True,False,True
3817,0.03890588248370186,2487721572.0,0.00011511752115396754,6541665.0,-0.18376971198117142,0.008784236576767156,0.0026295808476431864,-0.00615465572912397,11877.791803986494,9.481929466820576,21.0,1117860765.0,0.02509208919628314,93.33333333333333,76.66666666666667,30.0,16.66666666666667,0.7483115590535766,2487721572.0,0.00010024038848758112,0.44935123672272437,False,False,False
3818,0.044998193321487356,13711962900.0,0.0006345111916741333,26152.0,1.7220329109940749,1.5904357056734756e-08,1.9072396994306337e-06,1.8913353423738989e-06,15866.671030438976,6.047058034836022,58.0,4535916591.0,0.05704961890503091,51.61290322580645,45.16129032258064,-25.80645161290323,-25.80645161290323,0.0005427517143079958,13711962900.0,0.00040674300008114575,0.33079994630090487,True,True,True
3819,0.07440698034020032,1114260587.0,5.156160485913284e-05,193746.0,-0.07334675876128804,0.0003643374684175322,0.0001738785363679026,-0.0001904589320496296,11497.128547880695,7.752412131467342,64.0,553014408.0,0.09385907792447234,96.7741935483871,93.54838709677419,45.161290322580655,64.51612903225806,0.04948139120804657,1114260587.0,4.958969921191365e-05,0.4963061733062986,True,False,True
3820,0.07448168632635599,1551194997.0,7.178042948653425e-05,609492.0,0.02340806149886876,0.0005012478634829735,0.00039291771903516524,-0.00010833014444780828,11361.663052526594,9.549642161439971,59.0,662105462.0,0.0895986051351112,83.87096774193549,87.09677419354838,41.935483870967744,38.70967741935483,0.11181434910986107,1551194997.0,5.937207102051693e-05,0.42683573843424405,True,True,True
3821,0.011943748213157912,3525019295.0,0.00016311772500090147,11157510.0,0.15268732767154547,0.0016505551926798009,0.0031652337381035526,0.0015146785454237517,12782.133744348766,7.743186699345291,23.0,2345453751.0,0.007310984293264822,96.66666666666667,96.66666666666667,33.33333333333334,30.000000000000014,0.900744693000079,3525019295.0,0.00021032064326892658,0.6653733085452516,False,True,False
3822,-0.7041710787431947,94002475.0,4.349896719204799e-06,49506.0,-0.6759630655854361,0.000334002043811871,0.0005266457079986458,0.0001926436641867748,10976.709897500039,6.222729253815122,35.0,22295252.0,-0.713518292847189,70.96774193548387,70.96774193548387,22.58064516129032,22.58064516129032,0.14986991982944992,94002475.0,1.9992514201073335e-06,0.23717728708738786,False,False,False
3823,0.07693554757866217,80301050088.0,0.0037158731653234816,372187367.0,-0.09939159107548456,0.011332062925404156,0.004634900372935706,-0.006697162552468451,12031.529759588453,14.39856574719053,28.0,55109399220.0,0.08368220309233765,96.66666666666667,100.0,43.333333333333336,50.0,1.3189742871903323,80301050088.0,0.0049417492411320115,0.6862849135796721,True,False,True
3901,0.031050291076667902,83057704864.0,0.0038434353764897583,199436744.0,-0.05947350771410853,0.0038016254808195785,0.0024011829405418904,-0.001400442540277688,13233.829356941054,12.821689025876443,40.0,46624395921.0,0.052115748931088834,96.7741935483871,83.87096774193549,48.38709677419355,32.25806451612904,0.6833153471665268,83057704864.0,0.004180885228689311,0.5613494376872503,False,False,True
3902,0.027797867295856538,44147830590.0,0.0020429090132302397,169852001.0,0.24721783512191808,0.001462137777243594,0.003847346488605795,0.0023852087113622007,12433.491137809971,17.36816008003023,35.0,28665763179.0,0.04736476554233371,90.32258064516128,87.09677419354838,45.16129032258064,35.483870967741936,1.0948565630481675,44147830590.0,0.002570505493460054,0.6493130646717017,False,True,True
3903,0.022712992137396526,17776430498.0,0.000822591497749632,15038588.0,0.05535673629306581,0.0007229944023996361,0.0008459846875159763,0.00012299028511634016,12668.520495023398,12.779527865395467,45.0,11547037785.0,0.05390935801423824,96.7741935483871,96.7741935483871,51.61290322580646,35.48387096774194,0.24074563861306092,17776430498.0,0.0010354416128462818,0.6495701027435817,False,True,True
3904,0.03338090329962884,19761195294.0,0.0009144350569167027,85482580.0,0.06201773102151087,0.003773181801557568,0.004325779829014426,0.0005525980274568576,12158.319362116517,10.755897551858546,29.0,10634235039.0,0.036366318152072585,96.66666666666667,96.66666666666667,33.33333333333334,40.00000000000001,1.2310064742346871,19761195294.0,0.0009535891096219013,0.5381372371856891,False,True,False
3905,0.05411865867281174,6361324096.0,0.0002943656836161903,1286342.0,0.02401599122121456,0.00023373445533021888,0.00020221293249448675,-3.152152283573213e-05,12382.626629854547,9.305266877276644,55.0,4088875849.0,0.0537759867379346,93.54838709677419,96.7741935483871,48.38709677419355,35.48387096774194,0.05754463678550405,6361324096.0,0.00036665613143802223,0.6427711884025976,True,True,True
3906,0.03869121629387684,18314449008.0,0.000847487916184577,3647970.0,-0.08326382299615909,0.00037193568211729613,0.00019918535351003556,-0.00017275032860726057,12373.165673953865,12.880466048583559,58.0,11490461374.0,0.042150866126423825,90.32258064516128,96.7741935483871,58.06451612903225,32.25806451612904,0.05668306512017834,18314449008.0,0.0010303683142786617,0.6273986931837704,False,False,False
3907,0.04793819265365462,60093284110.0,0.002780773372151434,31994883.0,-0.05442123793051645,0.000890111443890479,0.0005324202774711691,-0.0003576911664193099,12590.698289989346,12.286735929827449,59.0,36960330045.0,0.054062396450756056,96.7741935483871,96.7741935483871,54.83870967741936,45.161290322580655,0.15151321483926872,60093284110.0,0.0033142927619791867,0.6150492620330847,True,False,True
3908,0.04888278629762466,14551502060.0,0.0006733602606771352,867984.0,-0.3638554406170742,0.000726874776758423,5.9649099895052345e-05,-0.0006672256768633706,13140.736147365877,10.58003462780138,58.0,9301927957.0,0.04790864714024168,61.29032258064516,93.54838709677419,-3.225806451612904,45.16129032258064,0.016974610603288788,14551502060.0,0.000834118971957274,0.6392417716497921,True,False,True
3909,0.06353226441836823,19313974989.0,0.0008937402599182058,2547406.0,-0.15855797843476105,0.00042546012820880133,0.000131894444382932,-0.00029356568382586933,12245.628838520186,11.499620146121963,60.0,11885982076.0,0.07919898852431007,90.32258064516128,100.0,54.838709677419345,41.93548387096774,0.037533790754202226,19313974989.0,0.0010658352973455204,0.6154083808625357,True,False,True
3910,0.04427947213883243,8232559344.0,0.00038095574484740336,1379315.0,0.173571160960571,9.346847359435225e-05,0.00016754388791685582,7.407541432250358e-05,12829.806957032608,7.967131329325214,50.0,5005060240.0,0.04635443855683974,100.0,96.7741935483871,45.16129032258065,35.48387096774194,0.047678712023374335,8232559344.0,0.0004488118722561535,0.6079592057417424,True,True,True
3911,0.03938788690894546,7098886691.0,0.0003284958606375791,343935.0,-0.21134163460510003,0.00019263261212573425,4.844914631980847e-05,-0.00014418346580592577,12715.513640018458,9.462129407716938,60.0,4646509093.0,0.053605035695985404,93.54838709677419,93.54838709677419,45.16129032258064,29.032258064516128,0.013787389822938907,7098886691.0,0.0004166600091679559,0.6545405350519068,False,False,True
3912,0.039602336389868986,6693109346.0,0.0003097188067169974,88207.0,-0.2819483702850891,8.383647402261253e-05,1.3178777671205254e-05,-7.065769635140728e-05,12405.92711526769,8.480461738877356,88.0,3883430969.0,0.03494349177030798,93.54838709677419,100.0,58.064516129032256,38.70967741935484,0.0037503435858984627,6693109346.0,0.00034823355572128305,0.5802132862689376,False,False,False
3913,0.06187825171371175,3785321177.0,0.00017516300681411578,21049597.0,0.09030162027872302,0.004872831504305815,0.005560848344362299,0.0006880168400564841,12287.979135555397,7.236529662303828,21.0,2361247793.0,0.06399249267532992,96.66666666666667,100.0,16.66666666666667,60.0,1.582475434425168,3785321177.0,0.00021173692064034786,0.6237906065533313,True,True,True
3914,0.049905885569166974,2428581463.0,0.00011238085527243076,800.0,-0.6009819112543766,4.1545715458694476e-05,3.2941040364022574e-07,-4.121630505505425e-05,12662.261340318482,9.554532303758407,84.0,1588282438.0,0.05495948829398123,64.51612903225806,70.96774193548387,3.225806451612904,25.80645161290323,9.374178890046954e-05,2428581463.0,0.00014242386314821818,0.6539959487453273,True,False,True
3915,0.03334859471251739,2932116628.0,0.00013568158179306491,42759.0,-0.3963978372052721,0.00021445028550843347,1.4582980633060957e-05,-0.0001998673048753725,12299.41091747255,21.391075638093042,123.0,1955035523.0,0.05564117530031831,90.32258064516128,83.87096774193549,48.38709677419354,41.935483870967744,0.004149943890470073,2932116628.0,0.00017531120732423356,0.6667659479607849,False,False,True
3916,0.04671630267749949,6999395126.0,0.00032389196023833907,8311121.0,0.09795241284386025,0.0009350319460165105,0.0011874056043967933,0.00025237365838028287,11437.375262008605,8.325844135148099,47.0,3332460779.0,0.06467901509190899,77.41935483870968,87.09677419354838,25.80645161290323,22.58064516129032,0.3379053128758139,6999395126.0,0.0002988271648541017,0.47610696624644305,True,True,True
3917,0.04746422448605192,31784293551.0,0.0014707952555476562,63085233.0,0.026119873472518762,0.002199989701386715,0.001984792674368413,-0.00021519702701830196,11202.26403071437,15.055941258407108,53.0,14197309168.0,0.07226589332778666,87.09677419354838,93.54838709677419,22.58064516129032,29.032258064516128,0.564821310546859,31784293551.0,0.0012730957477326053,0.44667688288303403,True,True,True
3918,0.04196538768690283,12547185405.0,0.0005806119533391418,167046.0,0.38094869603120274,3.255880878626039e-06,1.3313424055520283e-05,1.0057543176894245e-05,10537.655059195724,3.8360558163092775,79.0,6290177459.0,0.03297893143700659,96.7741935483871,70.96774193548387,38.70967741935484,9.677419354838712,0.003788660508482536,12547185405.0,0.0005640504183416669,0.5013217909805805,True,True,False
3919,0.04563881352850996,24618848045.0,0.0011392194337600896,5480521.0,-0.07962317593384538,0.0004213414889579749,0.00022261484330957857,-0.00019872664564839633,12742.369622512693,9.001189951028069,59.0,14729740639.0,0.05329153793308872,96.7741935483871,96.7741935483871,58.06451612903226,22.580645161290334,0.06335049961090329,24618848045.0,0.0013208397415886328,0.5983115299333251,True,False,True
3920,0.02885408406429102,62200237134.0,0.0028782711034251716,61013312.0,-0.014733624046858962,0.001217960432558861,0.0009809176750975568,-0.0002370427574613042,12265.95198199096,15.57693539907375,56.0,39460333498.0,0.03437068023136636,93.54838709677419,96.7741935483871,54.83870967741935,32.25806451612904,0.2791441211679622,62200237134.0,0.003538472127777945,0.6344080877535775,False,False,False
3921,0.03888701279861473,31218388390.0,0.0014446084024545332,3345218.0,-0.08254283313033506,0.0001994924864927365,0.0001071553713218442,-9.233711517089231e-05,11908.662159061952,14.799289363624698,79.0,19267059696.0,0.0468918748018996,80.64516129032258,96.7741935483871,32.258064516129025,25.80645161290323,0.030493682309361992,31218388390.0,0.0017277085030714507,0.61717022209166,False,False,True
3922,0.030779970668213474,5232362341.0,0.00024212379281297267,663250.0,0.08253270130133061,9.922113268978798e-05,0.0001267591876814175,2.7538054991629515e-05,11415.314238969293,7.383925560357892,70.0,2539260373.0,0.044575525032538144,74.19354838709677,48.38709677419355,3.225806451612897,-29.032258064516128,0.03607242783322765,5232362341.0,0.00022769959750813882,0.4852990308226056,False,True,False
3923,0.03879509240078849,64318881280.0,0.002976309832935728,82473213.0,-0.018574845671834872,0.0017034835874400762,0.0012822550914865663,-0.00042122849595350987,11123.119281583437,13.767927522656812,59.0,31294112410.0,0.050347500832985004,90.32258064516128,90.32258064516128,19.35483870967741,9.677419354838705,0.36489705478144674,64318881280.0,0.002806193833408612,0.4865462798360413,False,False,True
3924,0.05108703086521005,24031556217.0,0.0011120429280794362,3474110.0,-0.006184862900817101,0.00019130530812152966,0.0001445645037978191,-4.674080432371056e-05,10675.513580312467,2.5303945612271375,79.0,12098295293.0,0.060869128316223486,93.54838709677419,87.09677419354838,9.677419354838705,51.61290322580645,0.04113936611521586,24031556217.0,0.0010848737679846863,0.5034337012449334,True,False,True
3925,0.062208218182681296,15525167947.0,0.0007184159472158452,5556174.0,0.02153405941850095,0.00043503436088683815,0.00035788173235663096,-7.715262853020719e-05,10993.92331651393,12.05733771360905,69.0,4952452069.0,0.07015103585690885,83.87096774193549,51.61290322580645,38.70967741935485,3.225806451612897,0.1018440019962165,15525167947.0,0.0004440944122076643,0.3189950721246133,True,True,True
3926,0.10612617300962235,143390828386.0,0.006635307144416355,46916478.0,0.21745168448448426,0.0002025670005188324,0.00032719301874526796,0.00012462601822643557,11889.033641466614,9.137995669876219,60.0,93064427325.0,0.10391997162196653,93.54838709677419,100.0,22.58064516129032,38.70967741935484,0.09311077778352482,143390828386.0,0.008345238192014244,0.6490263594438259,True,True,True
4001,0.05333652800908406,16343187116.0,0.0007562691941593936,74400.0,-0.5083893998556077,0.00020557283012173608,4.5523556373629415e-06,-0.00020102047448437315,14633.070754324159,5.865440289539866,82.0,6670320886.0,0.05241821430300875,83.87096774193549,64.51612903225806,16.129032258064527,-3.225806451612897,0.0012954841633466476,16343187116.0,0.0005981384962101844,0.40814076462905746,True,False,True
4002,0.048761286408200544,26356378932.0,0.0012196224221375585,40913639.0,0.028490944600172652,0.0017114461648023611,0.0015523239784022696,-0.00015912218640009158,14794.340948898374,15.259157786571308,33.0,11542242722.0,0.05494653968212493,83.87096774193549,61.29032258064516,51.612903225806456,3.225806451612897,0.441751763394375,26356378932.0,0.0010350116317672496,0.4379297608286489,True,True,True
4003,0.07362410207685466,440170733.0,2.036858313961065e-05,34320.0,0.0,0.0,7.796974543511961e-05,7.796974543511961e-05,13435.868310987864,8.879831867606562,60.0,237828474.0,0.06878962270086464,87.09677419354838,61.29032258064516,9.677419354838705,-6.451612903225801,0.022188198479563114,440170733.0,2.1326465131968906e-05,0.5403096030012517,True,False,True
4004,0.11570427248230497,504769239.0,2.335783240474895e-05,42788.0,0.45801482730288345,2.2241541531309584e-05,8.476744756627295e-05,6.252590603496337e-05,13758.881778211926,13.512066616085393,81.0,217856745.0,0.019108932524214417,80.64516129032258,80.64516129032258,32.258064516129025,25.806451612903224,0.02412265091684198,504769239.0,1.953556778910645e-05,0.43159671423638396,True,True,False
4005,0.0526482874418337,6440225839.0,0.00029801680485544744,5534134.0,-0.12693737271980565,0.0021894650893408574,0.0008593074433022224,-0.0013301576460386351,11791.98839204558,14.083042876668436,40.0,3102895247.0,0.050374787628225004,54.83870967741935,93.54838709677419,3.225806451612904,32.25806451612903,0.24453695469380868,6440225839.0,0.00027824165113760746,0.4817991363299457,True,False,True
4006,0.025561304841848598,437595689.0,2.0249424836093556e-05,266765.0,-0.08167345303600315,0.0010589568154587836,0.0006096152377771711,-0.0004493415776816125,11469.845747701138,11.20336044240206,52.0,199393202.0,0.009489605008873303,87.09677419354838,100.0,32.25806451612903,29.032258064516128,0.17348092925635428,437595689.0,1.7879911931843085e-05,0.45565623019654566,False,False,False
4007,0.008726137724486493,559275625.0,2.588007609713163e-05,25925.0,0.06304273402516847,3.5661994403227475e-05,4.635460377877187e-05,1.0692609375544395e-05,15680.426637844266,2.6961324827940407,51.0,209237781.0,-0.0005229386980100115,87.09677419354838,77.41935483870968,6.451612903225808,3.225806451612911,0.01319133650296134,559275625.0,1.8762691303258525e-05,0.3741228325479052,False,True,False
4008,0.03351844303735141,4288270066.0,0.00019843660383577717,676664.0,0.006837994499169886,0.000179839099173733,0.00015779416631545707,-2.204493285827593e-05,11729.452842365596,12.899521180696711,66.0,2198060070.0,0.046619070632156756,83.87096774193549,83.87096774193549,32.25806451612904,32.25806451612904,0.04490419022899023,4288270066.0,0.00019710361275255937,0.5125750095423212,False,True,True
4009,0.05696434400591999,12372062917.0,0.0005725082865366434,9946639.0,0.02547064018311085,0.0009352328798882969,0.0008039596198894758,-0.00013127325999882109,10938.427122285868,16.077810722152382,44.0,5086650285.0,0.09328172374133814,90.32258064516128,100.0,41.93548387096773,25.80645161290323,0.22878637753801004,12372062917.0,0.0004561281839683006,0.4111400272634097,True,True,True
4010,0.0441586461644512,6560886648.0,0.0003036002967497374,16561730.0,-0.036515602186683926,0.003773567989605797,0.0025243127779152573,-0.0012492552116905396,11199.718748169416,10.731158211318922,36.0,2766687555.0,0.052617932118740995,93.54838709677419,100.0,45.16129032258064,41.93548387096774,0.7183549545828415,6560886648.0,0.0002480933619107349,0.4216941555976109,True,False,True
4011,0.06801906403830138,97602273531.0,0.004516474799407423,65902200.0,-0.04690440336067647,0.0011930336343483668,0.0006752117303811415,-0.0005178219039672253,10606.14585151456,12.455386628349016,46.0,39955334487.0,0.08509341418876981,96.7741935483871,100.0,35.48387096774194,41.93548387096774,0.19214801594924616,97602273531.0,0.003582859669583383,0.4093688911284384,True,False,True
4012,0.05026970746832293,2788817950.0,0.00012905053884128533,988355.0,-0.05177399075992639,0.0005907961793835341,0.0003543992536336049,-0.00023639692574992918,11118.124055028404,14.385156797759501,55.0,1318298133.0,0.06637774612551439,96.7741935483871,87.09677419354838,48.38709677419355,35.483870967741936,0.10085297748182127,2788817950.0,0.00011821393247876705,0.4727085656487545,True,False,True
4013,0.01814019238858844,1088230409.0,5.0357077149809056e-05,0.0,0.0,1.8662302203335458e-05,0.0,-1.8662302203335458e-05,10485.274550613114,3.4611315458910035,0.0,464968389.0,0.030143180472248288,83.87096774193549,93.54838709677419,3.225806451612911,16.129032258064512,0.0,1088230409.0,4.169446983659431e-05,0.42727016737868057,False,False,False
4014,0.0014676012451690923,1405233886.0,6.502618436830319e-05,343601.0,0.0589722653721636,0.0001849555613594661,0.0002445151682031101,5.955960684364398e-05,12123.311615049539,8.094539808917492,55.0,869119731.0,0.009047645511959024,93.54838709677419,100.0,25.80645161290323,25.80645161290323,0.06958277281883553,1405233886.0,7.793537639516492e-05,0.6184875981563115,False,True,False
4015,-0.10216362028344761,9534347229.0,0.00044119504014321397,55583.0,-0.011236893674550275,3.5989494488979326e-06,5.829764604223436e-06,2.2308151553255032e-06,11059.479045759746,4.507566963568244,94.0,4396273811.0,-0.10260487042054822,96.7741935483871,96.7741935483871,38.70967741935484,19.354838709677423,0.001659002134812381,9534347229.0,0.00039422100543301454,0.46109856347880235,False,False,False
4016,0.04700644478920868,32876682450.0,0.0015213447638223675,17175545.0,0.04398976190939674,0.0005300149454312777,0.0005224233018681604,-7.591643563117337e-06,11556.342669719006,14.689643089814004,55.0,15414203804.0,0.05991722708053193,93.54838709677419,100.0,48.38709677419355,32.25806451612904,0.14866833087001827,32876682450.0,0.0013822166641117516,0.46884912513427884,True,True,True
4017,0.04082457553092933,251042640.0,1.161681706908793e-05,3696.0,-0.4042122025031649,0.0002395599088632072,1.4722598519518437e-05,-0.00022483731034368877,11993.54833823051,10.327045224087158,84.0,141580684.0,0.057035645819469405,83.87096774193549,90.32258064516128,32.25806451612904,12.903225806451601,0.004189675575609324,251042640.0,1.2695769643992704e-05,0.5639706625137467,True,False,True
4101,-0.0991359099211574,196129086.0,9.075731971227735e-06,189404.0,-0.2598478219568048,0.002579517108368691,0.0009657109195930276,-0.0016138061887756635,13339.270508204989,11.344025482949979,48.0,124546125.0,-0.13915619397118084,29.03225806451613,25.806451612903224,-35.483870967741936,-9.677419354838712,0.2748166668780742,196129086.0,1.1168253100485944e-05,0.6350211870155761,False,False,False
4102,0.026835375684232554,405259355.0,1.8753084306998863e-05,241933.0,-0.1921907921906777,0.0019811719802811083,0.0005969831344177114,-0.0013841888458633969,15915.83110165341,6.648149193930705,43.0,189226121.0,0.02680951289779454,70.96774193548387,61.29032258064516,16.12903225806452,-3.225806451612904,0.169886155219452,405259355.0,1.696821328283942e-05,0.4669259787969608,False,False,False
4103,0.07116710328892539,527674412.0,2.4417752762011016e-05,354589.0,0.0508089417285551,0.0007396505052078972,0.0006719844508965881,-6.766605431130911e-05,12110.787477290069,7.482325063613793,44.0,414500476.0,0.08903563144796878,22.58064516129032,12.903225806451612,-19.354838709677423,-41.935483870967744,0.19122961462123514,527674412.0,3.716893019545891e-05,0.7855231684040802,True,True,True
4104,0.015131524767041382,12586662080.0,0.0005824387079971187,441093227.0,-0.017221798554714285,0.04120536980394976,0.03504449584778239,-0.006160873956167372,14343.498037077912,13.311154538176847,6.0,6085185216.0,-0.0019454626322505941,90.0,70.0,16.66666666666667,6.666666666666671,9.972768605918537,12586662080.0,0.0005456684313191056,0.48346298465176557,False,False,False
4105,0.013854272007830959,737438309.0,3.4124425776396156e-05,5299.0,0.13024256468626638,4.173376904976419e-06,7.185685819856153e-06,3.0123089148797342e-06,13330.549893608795,10.256174171903265,91.0,448661290.0,0.02711843004410497,38.70967741935484,48.38709677419355,-35.48387096774193,22.580645161290327,0.002044862687353802,737438309.0,4.023218581156599e-05,0.6084051838972201,False,True,False
4106,-0.052816913944655375,299014885.0,1.383669810028832e-05,13925.0,-0.3726343823842987,0.0003653158352890278,4.656958799893858e-05,-0.0003187462472900892,14195.788441177436,6.315482201162944,68.0,153254689.0,-0.07675017106973658,48.38709677419355,51.61290322580645,-41.93548387096773,-6.451612903225815,0.013252515522084887,299014885.0,1.3742596613007905e-05,0.5125319731156528,False,False,False
4107,0.01919815681602044,708833703.0,3.28007682685109e-05,800034.0,-0.0794359911478365,0.0018775316921442495,0.0011286624727549109,-0.0007488692193893386,13442.869072266729,13.475746108195985,42.0,418051522.0,0.029504859335760525,45.16129032258064,22.58064516129032,-45.16129032258064,-25.80645161290323,0.3211885177021553,708833703.0,3.7487358251726965e-05,0.5897737653143166,False,False,False
4108,-0.0016907658286550165,124622108.0,5.766798147916703e-06,1905.0,-0.4949419092401883,0.00046123118666609663,1.5286212298703854e-05,-0.0004459449743673928,11616.078987830955,5.386299095603204,60.0,67610748.0,-0.029429688328762693,48.38709677419355,12.903225806451612,-35.483870967741936,-74.19354838709677,0.0043500656644648635,124622108.0,6.062765469236187e-06,0.5425261142268594,False,False,False
4109,-0.0039401604791109435,269798604.0,1.2484735773027623e-05,501186.0,0.33712506669933595,0.0004261144191040434,0.0018576300713550023,0.001431515652250959,13169.192040615599,3.090553874269213,20.0,161396777.0,0.004107784030398909,50.0,56.666666666666664,-3.3333333333333357,-16.666666666666664,0.5286340810119455,269798604.0,1.4472710854221186e-05,0.5982120537584398,False,True,False
4110,-0.10322141778129523,15548508.0,7.194959913313939e-07,459.0,-0.5137757588484763,0.0006300384659186306,2.952051733838385e-05,-0.0006005179485802468,11339.188335047967,6.617057688404298,55.0,9650434.0,0.04550438769753051,90.32258064516128,87.09677419354838,35.48387096774193,32.25806451612903,0.008400785384998999,15548508.0,8.653700742719613e-07,0.6206662401305643,False,False,False
4111,0.09173663897064466,267174396.0,1.2363302440876412e-05,737310.0,0.05266236558745985,0.0033113053708611166,0.0027596581522729446,-0.000551647218588172,14199.021089947555,9.902295999174605,22.0,118737081.0,0.08482698770694541,80.0,80.0,10.0,6.666666666666671,0.7853282382373419,267174396.0,1.0647346700035033e-05,0.44441788875607674,True,True,True
4201,0.04447198812210518,2095891845.0,9.698588319481582e-05,3420746.0,-0.07032318056464759,0.002921298483414359,0.0016321195238010958,-0.0012891789596132632,10958.131202101224,4.690537565737643,32.0,808670887.0,0.03611528008610443,96.7741935483871,41.935483870967744,61.29032258064517,-25.806451612903217,0.4644595379191416,2095891845.0,7.251483047754772e-05,0.38583617228588435,True,False,False
4202,0.0734529929852461,77152938190.0,0.0035701965582256388,8417683.0,0.06633881861380653,0.00011279222297218671,0.00010910385524489381,-3.6883677272928935e-06,12683.624945867612,5.179375153163737,70.0,48840446438.0,0.07396880237615067,93.54838709677419,80.64516129032258,19.354838709677423,9.677419354838705,0.03104817107648049,77152938190.0,0.004379602074013232,0.6330341732122179,True,True,True
4203,0.033891702911031274,6988982772.0,0.0003234101360682436,1505596.0,0.08438830839641942,0.00016972491519768294,0.0002154241967846705,4.569928158698757e-05,11945.124001463486,10.140030319200504,72.0,4748892143.0,0.03241472390636191,93.54838709677419,25.806451612903224,25.80645161290323,-38.70967741935484,0.06130422523357055,6988982772.0,0.00042584086337437707,0.6794825939513706,False,True,False
4204,0.0,0.0,0.0,0.0,0.0,0.0,0.0,0.0,0.0,0.0,0.0,0.0,0.0,100.0,100.0,100.0,100.0,0.0,0.0,0.0,0.0,False,False,False
4205,0.0011102284687811714,2206179214.0,0.00010208935163628855,1934094.0,-0.08892180329994082,0.0014043262528921708,0.0008766713001947447,-0.0005276549526974261,12109.353123693694,15.079545772166702,51.0,1347464772.0,0.030270683155800615,32.25806451612903,12.903225806451612,-35.48387096774193,-64.51612903225806,0.2494782649539866,2206179214.0,0.0001208293523197497,0.6107685012392652,False,False,False
4206,0.013488753195368242,47906250.0,2.2168271601828028e-06,490432.0,-0.0017794955742069796,0.011044571191235144,0.010237328114807567,-0.000807243076427577,10632.037423196347,4.985558561399155,12.0,17286967.0,-0.0673708917235174,96.66666666666667,43.333333333333336,16.66666666666667,-16.666666666666664,2.913282156356107,47906250.0,1.5501503783899195e-06,0.3608499308545336,False,False,False
4301,-0.013495355471198178,1055573093.0,4.8845883410214065e-05,2476423.0,0.2651180760368299,0.0006763583936610033,0.0023460459691728806,0.0016696875755118773,15571.311418974374,4.658478179106842,17.0,333655049.0,-0.09761198798945481,63.33333333333333,26.666666666666668,-6.666666666666671,-33.33333333333333,0.6676247731179608,1055573093.0,2.991938958748849e-05,0.31608900531154405,False,True,False
4302,0.07800383469404637,1200917926.0,5.5571610708565194e-05,6367046.0,-0.12857296990570888,0.015359286959164104,0.005301816104292209,-0.010057470854871894,16952.408915029384,5.246263699880705,20.0,372973043.0,0.02504946168915234,36.666666666666664,73.33333333333333,-20.0,43.33333333333333,1.5087614736676123,1200917926.0,3.344509790153991e-05,0.31057329974438236,True,False,False
4303,-0.008476157967117093,991228053.0,4.586836310138069e-05,2157006.0,-0.1003753268839015,0.0035390507242170966,0.0021760945863787007,-0.0013629561378383959,13512.112571517384,4.990395531640049,31.0,651341030.0,0.026377014533119247,61.29032258064516,16.129032258064516,-29.03225806451612,-54.83870967741936,0.6192609495313963,991228053.0,5.840680693816213e-05,0.6571051212974498,False,False,False
4304,0.06923879695754098,106776790.0,4.9410189307060245e-06,226.0,0.0,0.0,2.116564845225259e-06,2.116564845225259e-06,13193.001300713386,2.4877332648834645,84.0,55046261.0,0.028849593418529107,12.903225806451612,22.58064516129032,-48.38709677419355,-48.38709677419355,0.0006023203053779701,106776790.0,4.936087534505056e-06,0.5155264641313904,True,False,False
4401,0.07093440999812395,14523939312.0,0.0006720848143966253,3832447.0,0.26085582856596856,0.00011664844270254899,0.00026387104198607797,0.00014722259928352896,15163.104112486875,7.727861715730568,49.0,7118906686.0,0.0376282221751536,6.451612903225806,22.58064516129032,-25.806451612903224,-38.70967741935484,0.07509096021697494,14523939312.0,0.0006383639127109705,0.4901498507445705,True,True,False
4402,0.033832833664996675,1633884229.0,7.560681404705102e-05,18905093.0,-0.01607157215092747,0.014818068544754289,0.011570644152413812,-0.0032474243923404766,13479.873398665995,13.22911535876447,21.0,1117869298.0,0.01847622724608522,73.33333333333333,76.66666666666667,40.0,-3.3333333333333286,3.2927098524874157,1633884229.0,0.00010024115365553562,0.6841790122940222,False,False,False
4403,-0.014369712630085574,12227865566.0,0.0005658356581400727,29663737.0,-0.10439883713312337,0.003916265842365664,0.0024259129150455364,-0.0014903529273201273,15770.309852033664,14.43096635079679,45.0,5172585039.0,0.023945378912002546,35.483870967741936,51.61290322580645,6.451612903225804,-3.225806451612904,0.6903528663942641,12227865566.0,0.00046383409278561626,0.4230161847201322,False,False,False
4404,-0.00018020417543151979,285376222.0,1.3205578808609672e-05,249111.0,0.0034425869905547746,0.0008572769220539338,0.00087292136063109,1.5644438577156242e-05,11252.268948581148,20.459181668289784,50.0,160110783.0,0.027580523891547193,22.58064516129032,6.451612903225806,-19.354838709677423,-25.806451612903224,0.24841112791435147,285376222.0,1.4357393685760856e-05,0.5610515896450546,False,True,False
4405,-0.01526305699400754,80570813.0,3.728356249474957e-06,0.0,0.0,1.1837517499269952e-06,0.0,-1.1837517499269952e-06,13161.118192775342,5.117739219325753,0.0,54308175.0,0.010548456833620712,48.38709677419355,67.74193548387096,16.12903225806452,22.58064516129032,0.0,80570813.0,4.869902165366311e-06,0.6740427827133878,False,False,False
4406,-0.02519075043492447,403731606.0,1.8682388824110053e-05,209742.0,-0.15386538282737594,0.0010543712269020563,0.0005195084974348032,-0.0005348627294672531,10043.869801280805,4.7906482436231785,36.0,221610357.0,0.059423376472219624,19.35483870967742,77.41935483870968,-29.03225806451613,-6.451612903225808,0.14783885196207114,403731606.0,1.9872160267250763e-05,0.54890514813943,False,False,True
4407,-0.004656922635586813,35988646959.0,0.001665348676570206,101427325.0,0.063088389749834,0.0020277134332917046,0.0028183144844414654,0.0007906010511497608,12882.859850954532,13.831167930952668,40.0,23883760342.0,-0.0013502852637062857,54.83870967741935,58.06451612903226,9.677419354838712,3.225806451612911,0.802020332497433,35988646959.0,0.0021416955404337528,0.6636470765130329,False,True,False
4408,0.04252455553921575,4315294939.0,0.00019968716033867378,1789950.0,0.3231665273775566,0.00012594744219158945,0.00041479204209731075,0.0002888445999057213,12874.805853121317,16.92153355299381,64.0,2727093529.0,0.03391856446452257,19.35483870967742,54.83870967741935,6.451612903225808,-9.677419354838712,0.11803922286057561,4315294939.0,0.0002445429013593912,0.6319599395984646,True,True,False
4409,-0.002071237800703396,4854137601.0,0.00022462171581289275,50239481.0,0.053902242253585975,0.007878238397530787,0.0103498262986303,0.0024715879010995135,10981.433613267076,17.64867203201445,22.0,2060010654.0,0.032938176981729184,46.666666666666664,3.3333333333333335,19.999999999999996,-40.0,2.9452962666667055,4854137601.0,0.0001847244976394856,0.4243824183260931,False,True,False
4410,0.040965733777009516,10268923691.0,0.0004751870360141617,9563986.0,-0.04293669623799978,0.001417727785244463,0.0009313523293957448,-0.0004863754558487181,11146.756885280764,12.623979962119904,46.0,5148430074.0,0.06547795864794104,70.96774193548387,80.64516129032258,35.483870967741936,41.93548387096774,0.26503908950468585,10268923691.0,0.00046166807788347954,0.5013602427012134,True,False,True
4411,0.021224216840713517,10919177356.0,0.0005052770552826373,58800303.0,0.08882422277794011,0.003908465643902167,0.00538504880751751,0.0014765831636153436,11432.565589037677,15.630372834148112,28.0,5641860779.0,0.03885436352476446,83.33333333333334,76.66666666666667,20.000000000000014,23.333333333333336,1.5324473755369508,10919177356.0,0.0005059148097749071,0.5166928418741952,False,True,False
4412,0.023396638502402478,15737155029.0,0.0007282254965123462,3132092.0,0.46814575708234374,3.2755357669232855e-05,0.00019902529994959484,0.00016626994228036198,12185.258268549653,9.623012644751098,76.0,9766219290.0,0.029426921304571252,83.87096774193549,51.61290322580645,22.580645161290327,-22.58064516129032,0.05663751796407823,15737155029.0,0.0008757527290838486,0.6205835344446361,False,True,False
4413,0.05690655485129836,539913150.0,2.498409153419129e-05,220.0,0.0,0.0,4.0747294263901517e-07,4.0747294263901517e-07,11578.658583937065,19.50442919596257,100.0,261583010.0,0.06808206713154918,19.35483870967742,19.35483870967742,-9.677419354838712,-16.129032258064516,0.00011595639405863396,539913150.0,2.345657291599354e-05,0.48449090376850423,True,False,True
4414,0.029386625930009957,918689963.0,4.2511715314092295e-05,29636.0,-0.250309667070191,0.0001574467382912274,3.225897875625316e-05,-0.00012518775953497427,10980.434347875856,2.8841949602074166,68.0,328919404.0,-0.013283981812530321,64.51612903225806,12.903225806451612,12.903225806451616,-51.61290322580645,0.009180081573914624,918689963.0,2.949473661691995e-05,0.35803091058697023,False,False,False
4415,0.06048267955601294,4555640831.0,0.0002108089931104721,180670.0,0.09283671174602093,3.41254264449099e-05,3.965852592473614e-05,5.533099479826242e-06,11554.650388562644,18.220589483069876,87.0,2271986436.0,0.06964984343459779,22.58064516129032,6.451612903225806,-29.032258064516128,-70.96774193548387,0.011285803739825882,4555640831.0,0.00020373270993472508,0.49871939432531615,True,True,True
4416,0.0918913136087427,1322623411.0,6.120344423114775e-05,204409.0,1.1543230103183761,5.1690027388802955e-06,0.00015454814900444855,0.00014937914626556825,10770.842456292346,3.303936390871504,45.0,499510536.0,0.04447506976538573,93.54838709677419,67.74193548387096,22.58064516129032,16.129032258064512,0.04398045659406787,1322623411.0,4.4791920201510854e-05,0.3776664860501248,True,True,False
4417,-0.005492236029017827,328315650.0,1.5192569863704025e-05,1542168.0,0.133158899021375,0.002445833691611634,0.00469721135742387,0.002251377665812236,10967.844513455268,11.886147448810076,34.0,121591034.0,0.0004755383291250581,93.54838709677419,83.87096774193549,29.032258064516128,19.354838709677423,1.3367064021737118,328315650.0,1.0903265295984053e-05,0.3703479684870337,False,True,False
4418,0.02796683056942073,16290357051.0,0.000753824521012023,4227223.0,0.021671262930128332,0.00026758648423238867,0.00025949234794338087,-8.094136289007797e-06,11620.128835583986,17.359330794018888,67.0,9318158290.0,0.05356804005876703,29.03225806451613,3.225806451612903,-16.12903225806451,-48.387096774193544,0.07384489570876787,16290357051.0,0.0008355743722505321,0.5720045460530895,False,True,True
4419,0.05914035951117569,2183200664.0,0.0001010260358112841,47668.0,-0.1623277881597177,7.055540995523997e-05,2.1833998489476456e-05,-4.872141146576351e-05,12085.281350692188,2.231092865368068,88.0,1450675403.0,0.061084936654305144,90.32258064516128,83.87096774193549,41.93548387096773,9.677419354838719,0.006213398407079739,2183200664.0,0.00013008441705716214,0.66447185864359,True,False,True
4420,0.014593803090831692,1953067431.0,9.037678646751212e-05,36136.0,0.08722662935923942,1.309433542985257e-05,1.8502177357746335e-05,5.407841927893765e-06,11043.077068547973,2.8720217453405694,105.0,943339158.0,0.011474521267517135,87.09677419354838,35.483870967741936,58.064516129032256,-45.16129032258064,0.005265247195905823,1953067431.0,8.459075283268187e-05,0.48300388559395313,False,True,False
4421,0.02232717592003297,7437561762.0,0.0003441678052349884,5142430.0,-0.03386521455037261,0.0009172732655626532,0.0006914134180738787,-0.0002258598474887745,11848.691706846763,5.580648348306284,58.0,4402332097.0,0.028791485010364104,61.29032258064516,35.483870967741936,9.677419354838712,-48.38709677419355,0.1967586025328523,7437561762.0,0.0003947642617679919,0.5919052826549153,False,False,False
4501,0.060366197288636236,364648999.0,1.687386937856066e-05,0.0,0.0,4.440902946885775e-06,0.0,-4.440902946885775e-06,10356.673715506346,2.7656565194450824,0.0,270768649.0,0.05580219325821689,41.935483870967744,58.06451612903226,-48.38709677419354,-32.25806451612902,0.0,364648999.0,2.4280264068501855e-05,0.7425459818689918,True,False,True
4502,0.035762161042432794,41126740.0,1.9031102255295808e-06,3200.0,0.0,0.0,7.780825808221124e-05,7.780825808221124e-05,11228.277474655175,7.040998409135509,44.0,19478070.0,-0.008220340370343249,32.25806451612903,35.483870967741936,-38.70967741935484,-45.16129032258064,0.022142243302740693,41126740.0,1.746630139387976e-06,0.47361084296980505,False,False,False
4503,-0.017018565581992884,594353371.0,2.7503273488929017e-05,1035.0,-0.6078774932265113,0.0001723905061336651,1.7413882893582513e-06,-0.00017064911784430686,10034.6446902427,1.7524119343240203,78.0,290617313.0,-0.01535856369550348,96.7741935483871,64.51612903225806,38.70967741935484,12.903225806451616,0.0004955546382592662,594353371.0,2.6060125973145646e-05,0.48896385076614635,False,False,False
4504,0.01662979441348389,966883429.0,4.474183318748348e-05,152395.0,-0.08369571168635981,0.00026497943698626546,0.0001576146569784681,-0.00010736478000779738,10831.33444273353,2.8713580601215094,53.0,291294495.0,0.04450589278763317,87.09677419354838,74.19354838709677,16.129032258064512,9.677419354838705,0.04485310645571614,966883429.0,2.6120849981789777e-05,0.3012715765552747,False,False,False
4601,0.018155280796985807,411494500.0,1.9041611143970618e-05,0.0,0.0,2.8716387909997596e-07,0.0,-2.8716387909997596e-07,12633.834608992343,2.7889808284988007,0.0,272959697.0,0.021001956935293498,48.38709677419355,74.19354838709677,-22.58064516129032,6.451612903225808,0.0,411494500.0,2.4476738897560675e-05,0.6633374127722241,False,False,False
4602,0.03121747475262504,1960496378.0,9.072055563085006e-05,5606.0,0.03509218910675527,2.8063589011534576e-06,2.859479906674941e-06,5.312100552148328e-08,10912.231709063122,5.267839877055892,118.0,818823910.0,0.03279142194979556,90.32258064516128,38.70967741935484,54.838709677419345,-41.93548387096774,0.000813734960445929,1960496378.0,7.342526852288279e-05,0.41766152653407246,False,True,False
4701,-0.07105986458229763,211340828.0,9.779644358845082e-06,0.0,0.0,7.200752973573851e-08,0.0,-7.200752973573851e-08,12592.634046261994,9.040520853307093,0.0,133323111.0,-0.013498346906497205,74.19354838709677,93.54838709677419,38.70967741935483,32.25806451612903,0.0,211340828.0,1.1955299675459046e-05,0.6308440837564997,False,False,False
4702,0.08580792273022553,7294533549.0,0.00033754927785597605,0.0,0.0,0.0,0.0,0.0,17054.813840586532,9.535687537593857,0.0,3119857705.0,0.0631121596040769,80.64516129032258,61.29032258064516,22.580645161290313,-16.12903225806452,0.0,7294533549.0,0.00027976270226746285,0.427698040463149,True,False,True
4703,0.06855160919377923,40235461659.0,0.0018618669632493674,129713816.0,0.02848322962503147,0.0039027316275980716,0.003223867967499391,-0.0006788636600986806,14698.400199624462,7.822723534072834,20.0,20306955320.0,0.07362514816681176,96.66666666666667,63.33333333333333,23.333333333333343,3.3333333333333286,0.9174304973754913,40235461659.0,0.0018209576308698446,0.5047029282801251,True,True,True
4704,0.08070875606622119,666453450.0,3.083965263316439e-05,0.0,0.0,0.0,0.0,0.0,11134.01612747447,4.2785129084419555,0.0,352703949.0,0.1363822091092457,22.58064516129032,74.19354838709677,-32.25806451612903,22.58064516129032,0.0,666453450.0,3.1627535356663135e-05,0.5292251829441351,True,False,True
4705,0.011782524153781448,1886426272.0,8.729301490832598e-05,0.0,0.0,0.0,0.0,0.0,15444.028422438658,3.8757553976841153,0.0,849646010.0,0.02785105078935679,29.03225806451613,61.29032258064516,-25.80645161290322,16.12903225806452,0.0,1886426272.0,7.618913623766305e-05,0.4503997970189423,False,False,False
4706,0.07961697113811184,2080971852.0,9.629547128171184e-05,201636.0,0.41422582822286436,2.512213581326454e-05,9.689511167880996e-05,7.177297586554541e-05,16396.1529630618,6.564982490507912,57.0,800282691.0,0.02471853989155748,96.7741935483871,58.06451612903226,35.48387096774194,3.225806451612911,0.02757387442566262,2080971852.0,7.176264733267281e-05,0.3845716078431608,True,True,False
4707,0.03271681240533586,8108606422.0,0.0003752199127988999,88672.0,-0.09036045294668027,2.0625280008417216e-05,1.0935541249038563e-05,-9.689738759378653e-06,13622.384239203242,8.600004178890002,110.0,3900561417.0,0.05374084848996685,96.7741935483871,77.41935483870968,67.74193548387098,32.25806451612904,0.003111975784466597,8108606422.0,0.00034976967078699636,0.4810396773503678,False,False,True
4801,0.006286462438988227,6523616478.0,0.00030187564651890884,46178.0,-0.4593723801231876,0.00015814799933569905,7.078589024313271e-06,-0.00015106941031138577,11597.518719357953,7.932291906014987,77.0,3403513750.0,0.004816273125195503,93.54838709677419,83.87096774193549,45.16129032258064,41.935483870967744,0.002014385674215315,6523616478.0,0.00030519860004463444,0.5217219254807334,False,False,False
4802,0.011423448668538283,12352671940.0,0.0005716109830642139,43071419.0,0.07349082181396671,0.002588818981441708,0.0034868099152319913,0.0008979909337902834,11655.226934887416,15.609832077146017,30.0,6188653761.0,0.03585924313476907,93.33333333333333,96.66666666666667,46.666666666666664,26.66666666666667,0.9922570610937046,12352671940.0,0.0005549466236233544,0.5009971762433124,False,True,False
4803,0.04883553158168419,5321587112.0,0.00024625260472611323,8723173.0,-0.0699561334729828,0.0029898754886818865,0.0016392051499691772,-0.0013506703387127094,11189.474713524713,15.637504792620039,53.0,2592619976.0,0.05391732364140833,90.32258064516128,90.32258064516128,19.35483870967741,19.35483870967741,0.4664759261847696,5321587112.0,0.0002324844396832402,0.4871892391188578,True,False,True
4804,0.025594295511614185,14896332525.0,0.0006893170416915219,9669071.0,-0.006119434922500666,0.0007594730765414614,0.0006490907063045708,-0.00011038237023689064,11299.116410032475,10.088134456363516,46.0,7588074966.0,0.044139590199133494,96.7741935483871,96.7741935483871,41.93548387096775,67.74193548387098,0.18471463953553605,14896332525.0,0.0006804349935877112,0.5093921576512337,False,False,False
4805,0.0449753639705508,16699451884.0,0.0007727550892966382,4198826.0,-0.13463852864602155,0.0006456068716289264,0.0002514349590134129,-0.00039417191261551356,12497.335777582937,16.31550211558784,64.0,11451333318.0,0.052647348546429384,96.7741935483871,87.09677419354838,41.93548387096775,35.483870967741936,0.07155196857648768,16699451884.0,0.0010268596380132381,0.685731088513851,True,False,True
4806,0.05070887560171511,2353069127.0,0.00010888657639705126,2569.0,-0.07594151376227531,2.0751243369685902e-06,1.0917656309040513e-06,-9.83358706064539e-07,11192.58936684991,9.764991435657537,87.0,1163041181.0,0.06906341964932095,90.32258064516128,100.0,35.48387096774193,38.70967741935484,0.0003106886187261203,2353069127.0,0.0001042917896939474,0.4942656242669746,True,False,True
4807,0.028128075336911085,782667867.0,3.6217390945188605e-05,1425.0,-0.6191142729109338,0.0002609155485987078,1.8206956744782267e-06,-0.0002590948529242296,11305.31787224248,6.437276392421174,77.0,411943310.0,0.03814172754942957,64.51612903225806,100.0,32.25806451612903,64.51612903225806,0.0005181234948345571,782667867.0,3.6939624971326427e-05,0.5263322123840303,False,False,False
4808,0.02400267933978162,2167807771.0,0.0001003137407918203,3238057.0,0.018689033533169308,0.0015330666322686556,0.001493701168211192,-3.936546405746365e-05,10914.215781044915,9.04080900994882,48.0,746970103.0,0.020316383492215984,77.41935483870968,70.96774193548387,41.935483870967744,32.25806451612903,0.4250692086330316,2167807771.0,6.698202106890162e-05,0.34457395761406745,False,True,False
4809,0.03750161158479526,775041590.0,3.586449047845039e-05,5184.0,-0.10172968243535085,1.3748288571502161e-05,6.688673313647594e-06,-7.059615257854567e-06,11566.926752573369,5.984845160522065,78.0,363859926.0,0.03703020906200005,96.7741935483871,100.0,32.25806451612904,41.93548387096774,0.0019034256200267444,775041590.0,3.2627909914436005e-05,0.469471484749612,False,False,False
4810,0.014360632913291704,24994869921.0,0.0011566195748176696,2193319.0,-0.00019912241911268502,9.432901115273386e-05,8.775076673462637e-05,-6.5782444181074884e-06,11720.62132790577,11.31249019441841,63.0,12267111197.0,0.02777515538165165,93.54838709677419,100.0,32.25806451612903,74.19354838709677,0.024971627368745274,24994869921.0,0.001100011763994272,0.4907851585454146,False,False,False
4811,0.036407798323146556,21386087071.0,0.0009896257517344206,23827336.0,-0.13577197460376356,0.002763476596344029,0.001114151266704155,-0.0016493253296398739,11512.20634798967,12.624069174943049,42.0,10703962405.0,0.054709248536854105,93.54838709677419,90.32258064516128,25.80645161290323,22.58064516129032,0.3170589990249405,21386087071.0,0.0009598416756613362,0.500510559480271,False,False,True
4812,0.05803117841367067,240400309.0,1.112435087921802e-05,269214.0,-0.05736234645250704,0.0019949454755752217,0.0011198571296345548,-0.000875088345940667,12254.646593249596,6.41838442722494,33.0,159426149.0,0.07776242286509683,80.64516129032258,83.87096774193549,41.93548387096774,35.483870967741936,0.3186827419073928,240400309.0,1.4296001444186113e-05,0.663169484528408,True,False,True
4813,0.002373873976085239,2372741048.0,0.00010979688035041372,4598286.0,0.05183167229152641,0.001523221669409634,0.0019379636913501063,0.0004147420219404723,11911.758605065867,11.47126499552354,36.0,1310903433.0,0.018873321676285748,83.87096774193549,80.64516129032258,29.032258064516135,38.70967741935483,0.5514949778262925,2372741048.0,0.00011755083773212469,0.5524848293516773,False,True,False
4814,-0.013425314452088943,1277495525.0,5.9115183860811246e-05,313874.0,0.057066048031572336,0.00017399436109252024,0.0002456947941167935,7.170043302427327e-05,12427.146853449838,7.3148404636593,53.0,705775549.0,0.01530173126721679,32.25806451612903,51.61290322580645,-19.354838709677416,-16.129032258064512,0.06991846423040009,1277495525.0,6.328803857499717e-05,0.5524681184303953,False,True,False
4815,0.0,0.0,0.0,0.0,0.0,0.0,0.0,0.0,0.0,0.0,0.0,0.0,0.0,100.0,100.0,100.0,100.0,0.0,0.0,0.0,0.0,False,False,False
4816,-0.005614857798456718,398817946.0,1.845501275222165e-05,34314.0,0.8942419482734543,3.4299875046067146e-06,8.603925762157152e-05,8.26092701169648e-05,13467.123097429521,6.489521040372101,68.0,211626227.0,-0.002927305747869813,83.87096774193549,77.41935483870968,16.129032258064527,-3.225806451612897,0.024484575581053564,398817946.0,1.89768671312487e-05,0.5306336616055888,False,True,False
4817,0.0275615613940563,1046254052.0,4.8414651510500417e-05,408968.0,0.27736517032613883,0.00013167886479324142,0.00039088785292465465,0.0002592089881314132,11540.21836792848,10.18620938208448,59.0,583382898.0,0.030806068321148183,83.87096774193549,3.225806451612903,22.580645161290327,-48.387096774193544,0.11123670105040415,1046254052.0,5.231289098202755e-05,0.5575920082553716,False,True,False
4818,0.029286821400054786,30996653701.0,0.0014343477896758272,48713023.0,-0.040401863245901115,0.0022313379477641093,0.0015715574806847116,-0.0006597804670793977,11375.166129421119,15.976793404068264,51.0,14700415801.0,0.031942583000928115,87.09677419354838,83.87096774193549,19.354838709677423,16.129032258064527,0.4472251269883996,30996653701.0,0.0013182101357866478,0.4742581551803362,False,False,False
4819,0.042325485827358955,28707798518.0,0.0013284326672147791,28496172.0,-0.021955206324423937,0.0013646135836551544,0.000992628256817836,-0.0003719853268373183,11206.412726934619,12.92549613938553,62.0,13497653911.0,0.04764449712146024,90.32258064516128,74.19354838709677,22.58064516129032,9.677419354838705,0.2824766536787541,28707798518.0,0.001210356525671208,0.4701737718598266,True,False,True
4820,0.052021486214818946,4832369453.0,0.00022361441046727962,313003.0,-0.2652840752432343,0.0003898649145496052,6.477215847097194e-05,-0.0003250927560786332,10804.725337567437,4.230138763029814,84.0,2043079736.0,0.07537523280510161,80.64516129032258,74.19354838709677,45.16129032258064,35.48387096774193,0.018432502249216,4832369453.0,0.00018320627475260274,0.4227904666377751,True,False,True
4821,0.034820561778653225,5743708293.0,0.0002657859578674934,8228661.0,0.04387244334498108,0.0013715917940862327,0.0014326390861507492,6.10472920645165e-05,11912.026029501912,10.962174228021928,49.0,3655222276.0,0.04480335373712241,90.32258064516128,90.32258064516128,25.806451612903217,32.25806451612902,0.40769249938803503,5743708293.0,0.0003277697119593427,0.6363871717605698,False,True,False
4822,0.042995325219570724,482529746.0,2.232871590927925e-05,174727.0,-0.2370514398441398,0.0017289062727255603,0.0003621061736575303,-0.00136680009906803,11306.03961844458,12.913648025980164,61.0,236450172.0,0.056510987342409,96.7741935483871,83.87096774193549,29.032258064516142,12.903225806451616,0.1030461701131769,482529746.0,2.120287055538207e-05,0.4900219602212876,True,False,True
4823,0.06773996703634921,13257122779.0,0.0006134637931870125,10561038.0,0.02054912153579247,0.000998654485962081,0.0007966312280617371,-0.00020202325790034384,11485.427407715419,6.958416762800696,55.0,7090326421.0,0.07555741083445522,87.09677419354838,83.87096774193549,12.903225806451616,9.677419354838719,0.22670090436501913,13257122779.0,0.0006358010739779392,0.5348314667667905,True,True,True
4901,0.0012801522272156696,14118048115.0,0.000653302492056874,18321038.0,0.009504116489592151,0.0012456986224801039,0.0012977033263213242,5.200470384122036e-05,10903.642297197328,12.71985345543812,49.0,5073356174.0,0.05342434761328163,96.7741935483871,93.54838709677419,32.25806451612904,38.70967741935484,0.36929322792219055,14118048115.0,0.00045493607946570005,0.3593525204528601,False,True,True
4902,-0.03316010210455733,2125141520.0,9.833939080533678e-05,755571.0,-0.03178658965075454,0.00035302444215559584,0.0003555391454588869,2.5147033032910495e-06,11204.889272910164,10.648549574519624,49.0,904449744.0,-0.012503281873640248,29.03225806451613,3.225806451612903,-25.80645161290322,-64.51612903225806,0.10117736158649474,2125141520.0,8.110347598258652e-05,0.42559506531122687,False,False,False
4903,0.023181101943604787,1743419249.0,8.067546808127759e-05,225838.0,-0.012669069962706225,0.00015482604556262992,0.0001295374019356144,-2.5288643627015527e-05,11445.897390903478,1.7731759336446942,54.0,1051946114.0,0.037712481588785485,83.87096774193549,83.87096774193549,32.25806451612904,16.129032258064527,0.03686303666421541,1743419249.0,9.432971478819306e-05,0.6033810367778037,False,False,False
4904,-0.01769924825837088,70094702.0,3.243581770197413e-06,23657.0,0.29303417597251524,8.539783078549656e-05,0.00033750054319369246,0.0002521027124081959,12127.011592844778,5.859410883689505,38.0,52533589.0,-0.037842519757031234,32.25806451612903,6.451612903225806,-29.032258064516128,-61.29032258064515,0.09604403602386245,70094702.0,4.710772159542533e-06,0.749465901146138,False,True,False
4905,-0.03339270165815922,122436314.0,5.6656521073527975e-06,5113.0,-0.218908800296297,0.00012120127040930391,4.1760486190396096e-05,-7.944078421890781e-05,11283.462288949666,10.442155627466006,74.0,73648888.0,-0.01045092224881139,90.32258064516128,45.16129032258064,32.25806451612902,6.451612903225801,0.011883967954808825,122436314.0,6.604215279707354e-06,0.601528138130653,False,False,False
4906,-0.013246907780410155,61758325.0,2.8578219382104963e-06,303.0,0.024852976764880852,4.059586181841195e-06,4.906221145084489e-06,8.466349632432937e-07,12945.67313642331,16.71409240837052,80.0,35289217.0,-0.012881753717862932,58.06451612903226,80.64516129032258,12.903225806451623,38.70967741935483,0.001396185250371878,61758325.0,3.164441343911513e-06,0.5714082595342409,False,True,False
4907,-0.12512928325851558,2237439050.0,0.00010353587799699639,26610.0,0.012828008368585886,5.719190321267729e-06,1.1893061399817796e-05,6.173871078550067e-06,12005.939336624164,18.33586927845486,105.0,1187590365.0,-0.15332449914550983,83.87096774193549,80.64516129032258,19.354838709677423,16.129032258064512,0.003384461567703504,2237439050.0,0.00010649315485342064,0.5307811021712524,False,True,False
4908,0.02574175940313328,1017319266.0,4.7075715161300106e-05,346070.0,0.23116095994678787,0.00013655974240269208,0.000340178360487277,0.0002036186180845849,12493.160633712996,9.250860822385166,49.0,618475126.0,0.019152732962039565,93.54838709677419,93.54838709677419,25.80645161290323,22.58064516129032,0.09680607444364288,1017319266.0,5.545966800270129e-05,0.6079459484059353,False,True,False
4909,-0.0009946791596591176,989722870.0,4.579871184386324e-05,29890.0,-0.11482751138973024,5.5298299777802637e-05,3.0200373161024357e-05,-2.509792661677828e-05,10274.331852794308,2.945761369898574,66.0,508066804.0,0.04415115406797665,38.70967741935484,9.67741935483871,-29.03225806451612,-51.61290322580645,0.008594254991011586,989722870.0,4.5559174635316714e-05,0.5133424915198737,False,False,False
4910,0.020974627908375343,489315814.0,2.264273631065167e-05,109230.0,0.1036470292229017,0.0001512434017968827,0.00022323006302837374,7.198666123149104e-05,11022.212747052154,5.233183161040162,57.0,181466816.0,0.046883429731586324,45.16129032258064,6.451612903225806,-25.80645161290323,-48.387096774193544,0.06352557543233876,489315814.0,1.6272423814288178e-05,0.3708582694611215,False,True,True
4911,0.029806915277549306,10132588867.0,0.0004688782403826535,3350850.0,-0.03701740634880546,0.0004625102899519273,0.00033070028242368634,-0.00013181000752824094,11479.268855554266,13.311825256117741,63.0,5822300856.0,0.04527932496921738,90.32258064516128,54.83870967741935,16.129032258064512,-16.12903225806452,0.09410885546330468,10132588867.0,0.0005220951642372171,0.574611378436776,False,False,False
5001,0.04410604725394318,8511579.0,3.9386717814985686e-07,0.0,0.0,0.0,0.0,0.0,18055.91757863024,2.321252065733732,0.0,2311555.0,-0.033431645231510876,35.483870967741936,70.96774193548387,-41.935483870967744,-16.129032258064512,0.0,8511579.0,2.0728088726721756e-07,0.27157769433850054,True,False,False
5002,0.07119017566352026,361186225.0,1.671363200968343e-05,0.0,0.0,0.0,0.0,0.0,14011.723519741097,3.2257662017171675,0.0,175588016.0,0.06365267399077545,41.935483870967744,83.87096774193549,-25.806451612903217,16.129032258064527,0.0,361186225.0,1.5745262280140595e-05,0.486142615211862,True,False,True
5003,0.03511591655454516,116687016.0,5.399607489826177e-06,0.0,0.0,0.0,0.0,0.0,15050.691939975566,3.5983270941743077,0.0,58129738.0,0.10483168962808875,87.09677419354838,67.74193548387096,48.387096774193544,22.58064516129032,0.0,116687016.0,5.212587919928746e-06,0.4981680052560432,False,False,True
5004,0.10266414116876899,244109604.0,1.1295995829535155e-05,0.0,0.0,2.1635971533552254e-06,0.0,-2.1635971533552254e-06,12737.39955746272,4.805238822786524,0.0,177832362.0,0.1263525396385532,93.54838709677419,51.61290322580645,45.16129032258064,-12.903225806451616,0.0,244109604.0,1.5946516427333557e-05,0.7284939186579484,True,False,True
5005,0.06109807119021515,92600055.0,4.2850007453812674e-06,0.0,0.0,0.0,0.0,0.0,13321.385820472784,1.6912620918424026,0.0,57685083.0,0.0457077694200847,48.38709677419355,67.74193548387096,3.225806451612911,6.451612903225801,0.0,92600055.0,5.172714984641546e-06,0.62294869047324,True,False,False
5006,0.0746748152927843,12976046.0,6.004571680016995e-07,0.0,0.0,0.0,0.0,0.0,10108.147785619749,4.7683704848655255,0.0,6581196.0,0.12113686712152227,87.09677419354838,93.54838709677419,25.806451612903224,64.51612903225806,0.0,12976046.0,5.90146523080551e-07,0.507180384533162,True,False,True
5007,0.038328724189512275,731482675.0,3.384883310931601e-05,82.0,0.0,0.0,1.1210108291354953e-07,1.1210108291354953e-07,13125.435541313402,4.393532043360688,105.0,393998000.0,0.01564684514517589,38.70967741935484,32.25806451612903,-41.93548387096774,-45.16129032258065,3.190110553239596e-05,731482675.0,3.5330439907987996e-05,0.5386292983630815,False,False,False
5101,0.03537143180548963,2801824977.0,0.000129652429632713,26812847.0,-0.05121038049656912,0.014809254382775224,0.009569779418809142,-0.0052394749639660815,17833.281994165405,2.2281862587273693,7.0,716123699.0,0.0016746942730045955,96.66666666666667,66.66666666666666,43.333333333333336,-6.666666666666671,2.723314844305413,2801824977.0,6.421597397500897e-05,0.25559187489533186,False,False,False
5102,0.030904636401156704,573731421.0,2.6549007628922616e-05,1875183.0,0.13868147933716446,0.0019879991832578493,0.0032683986467598397,0.0012803994635019905,13583.754463250845,2.6491443256686855,17.0,392936746.0,0.08556954801738703,96.66666666666667,53.333333333333336,36.66666666666667,3.3333333333333357,0.9301027915371132,573731421.0,3.523527553996046e-05,0.6848792511923449,False,True,True
5103,-0.03788334130223747,44736024.0,2.070127238967561e-06,3833093.0,0.009467656722269568,0.06738583307581555,0.08568246923329619,0.01829663615748063,11271.404792634232,12.030646386646888,5.0,25943251.0,-0.06220397784032683,100.0,100.0,43.333333333333336,83.33333333333334,24.38304271686275,44736024.0,2.326373409188243e-06,0.5799185685343874,False,True,False
5104,0.011889901680198767,3912232.0,1.8103571359762634e-07,561.0,0.0,0.0,0.0001433964038942476,0.0001433964038942476,13520.98576004695,5.490818409181185,34.0,2803831.0,-0.03677107475453911,6.451612903225806,12.903225806451612,-45.16129032258064,-22.580645161290324,0.04080695471179567,3912232.0,2.5142407488782655e-07,0.7166832130609841,False,False,False
5105,0.0012413118278584712,1237276753.0,5.725408919949253e-05,88178655.0,-0.009255600455105761,0.07512462024673655,0.07126833571082217,-0.003856284535914384,13073.574441221235,5.23143266907788,5.0,911037651.0,-0.011286507472080043,83.33333333333334,53.333333333333336,40.00000000000001,13.333333333333336,20.281148402308265,1237276753.0,8.169422429192544e-05,0.7363248754096651,False,False,False
5106,0.03258764592546992,510443896.0,2.362042306384503e-05,8616.0,3.4388159425831875,1.1498908371831755e-08,1.687942605939204e-05,1.686792715102021e-05,13236.703395338476,6.472066558495066,62.0,340759611.0,0.030270110558571206,83.87096774193549,77.41935483870968,6.451612903225808,19.354838709677416,0.004803453615717528,510443896.0,3.055646718893209e-05,0.6675750531455077,False,True,False
5107,-0.0018308698077200702,1059262166.0,4.901659260206893e-05,1168748.0,-0.1019682809019975,0.0018718873534306092,0.0011033604687434857,-0.0007685268846871235,12900.170703936008,10.408273995848374,35.0,776044444.0,0.013468420680419646,64.51612903225806,22.58064516129032,-6.451612903225808,-45.16129032258064,0.31398821348411265,1059262166.0,6.958916439847399e-05,0.7326273597880961,False,False,False
5108,-0.024398886751910154,413780452.0,1.9147391923732636e-05,0.0,0.0,0.0,0.0,0.0,15088.82591657085,3.1779245762014106,0.0,167361985.0,0.09875692020873217,80.64516129032258,58.06451612903226,35.483870967741936,-19.354838709677416,0.0,413780452.0,1.500762073392273e-05,0.40447049683246034,False,False,True
5109,0.04230782936513178,453619402.0,2.0990910595997e-05,66634.0,0.5526339454424898,2.002805973204333e-05,0.0001468940695795018,0.0001268660098474585,11819.671470101714,8.070832918635235,47.0,165309382.0,0.031208041263907305,32.25806451612903,6.451612903225806,-22.58064516129032,-48.387096774193544,0.04180230104781976,453619402.0,1.4823560492636085e-05,0.36442308523655254,True,True,False
5110,-0.06879531828303076,3171119.0,1.4674124414605044e-07,0.0,0.0,0.0003164167055655336,0.0,-0.0003164167055655336,13201.266931956827,5.919873232723884,0.0,2496806.0,-0.0798043146469899,70.96774193548387,16.129032258064516,22.58064516129032,-35.483870967741936,0.0,3171119.0,2.2389264500049206e-07,0.787358027245272,False,False,False
5111,0.02133613878537166,836517872.0,3.8709261080295815e-05,375.0,0.0,0.0,4.4828689565642656e-07,4.4828689565642656e-07,12990.411882946597,3.5178586350940515,93.0,570683522.0,0.02349922533632509,45.16129032258064,38.70967741935484,-9.677419354838712,-12.903225806451609,0.00012757100284351767,836517872.0,5.117411733181373e-05,0.6822131852790827,False,False,False
5112,0.06414427469524786,1777903371.0,8.227119595070293e-05,3835.0,0.46055498391324856,4.428638423267917e-07,2.157035113692914e-06,1.7141712713661225e-06,13471.818009853472,3.659044717508372,87.0,1093366124.0,0.06268610422688958,67.74193548387096,61.29032258064516,12.903225806451609,19.354838709677416,0.0006138371103164799,1777903371.0,9.804391428741198e-05,0.614974999110905,True,True,True
5113,-0.06602320833237962,7833394.0,3.6248465650333737e-07,0.0,0.0,0.0,0.0,0.0,12135.59043015071,4.994631936025735,0.0,4230832.0,-0.055337489235209314,41.935483870967744,61.29032258064516,-41.935483870967744,-19.354838709677416,0.0,7833394.0,3.7938556981708703e-07,0.5401020298481093,False,False,False
5201,0.03248268624735262,16588070469.0,0.0007676009946657374,142694250.0,0.044251937532891805,0.00812826850113401,0.00860222111225467,0.000473952611120659,16201.596566924376,5.1850261101865485,15.0,6514135265.0,0.01974727624972794,83.33333333333334,70.0,13.333333333333343,-13.333333333333343,2.447972458273834,16588070469.0,0.0005841330781694018,0.3926999995070976,False,True,False
5202,0.041825469175157615,469123622.0,2.170835719207683e-05,1228512.0,-0.004640228840707805,0.003289777545085214,0.0026187383077460975,-0.0006710392373391167,12833.984946247281,8.83477603045459,31.0,291138260.0,0.021644136124642666,74.19354838709677,80.64516129032258,3.225806451612897,9.677419354838705,0.7452260490789497,469123622.0,2.610684013585395e-05,0.6206002988269902,True,False,False
5203,-0.1689409555930017,212193440.0,9.81909836408861e-06,43594.0,2.251240489134101,2.2418610621290936e-07,0.0002054446169495155,0.0002052204308433026,14240.050041089866,5.968260487477368,55.0,95441353.0,-0.06764252379171953,90.32258064516128,90.32258064516128,29.03225806451612,29.03225806451612,0.05846429165562497,212193440.0,8.558380973770348e-06,0.4497846540402003,False,True,False
5204,-0.008868396130775058,140111659.0,6.483565946603444e-06,13993.0,-0.2472028555698259,0.00039509666734640215,9.987034697804842e-05,-0.00029522632036835375,11090.697735418293,7.47596763994407,65.0,69094491.0,0.047491419420778946,61.29032258064516,77.41935483870968,3.225806451612897,6.451612903225808,0.028420550414849196,140111659.0,6.19581511136736e-06,0.49313876870161105,False,False,True
5205,0.022385846576202795,11167860357.0,0.0005167846817591945,12482998.0,0.4307296632749551,0.00020827404999051592,0.0011177609319027412,0.0009094868819122253,14570.656990145153,6.4763837604363905,30.0,4526917075.0,0.046213429866134526,73.33333333333333,70.0,6.666666666666671,3.333333333333343,0.3180862175623879,11167860357.0,0.00040593599888002547,0.4053522277579818,False,True,True
5206,0.03613997452802864,1522604473.0,7.045742361304053e-05,0.0,0.0,7.419868033176285e-07,0.0,-7.419868033176285e-07,14399.714737466162,6.115899317822282,0.0,614399256.0,0.037255798721409494,77.41935483870968,64.51612903225806,16.12903225806452,3.225806451612904,0.0,1522604473.0,5.509417812684463e-05,0.4035186201636753,False,False,False
5207,0.08285300945030838,436470505.0,2.019735775817777e-05,42698.0,-0.026752521232181192,0.0001667952714219358,9.78256251244285e-05,-6.89696462975073e-05,9588.142493633104,7.280275024158221,51.0,217965699.0,0.20681573380625218,96.7741935483871,96.7741935483871,19.354838709677423,29.032258064516142,0.02783867479026644,436470505.0,1.954533787106051e-05,0.4993824244779152,True,False,True
5208,0.0021794984672487416,8036356720.0,0.0003718766099582744,1275346.0,0.5173730125930436,1.9945026196676094e-05,0.0001586970370324726,0.0001387520108357965,12337.722886360749,4.993657372104986,67.0,4473911570.0,-0.015811403932178503,54.83870967741935,64.51612903225806,-22.580645161290327,-16.129032258064512,0.04516112417893106,8036356720.0,0.00040118290924709573,0.5567089324028911,False,True,False
5209,0.03735332761425347,5781914356.0,0.00026755391587176327,3862949.0,1.4309273014026087,9.454117297668153e-06,0.0006681089968050714,0.0006586548795074033,13315.267314586628,5.642746023738335,44.0,2654437695.0,0.03382156933016822,83.87096774193549,83.87096774193549,9.677419354838719,3.225806451612911,0.1901267593521672,5781914356.0,0.00023802773484305926,0.4590932226876451,False,True,False
5210,-0.002954848502014329,1358894736.0,6.28818736301472e-05,21247.0,-0.16055647286311636,3.695970599747005e-05,1.5635500997334058e-05,-2.132420500013599e-05,13546.017281961125,4.239604330903661,81.0,638132107.0,-0.021755058310977793,64.51612903225806,77.41935483870968,-12.903225806451616,-9.677419354838705,0.0044494643084982,1358894736.0,5.7222341381736114e-05,0.46959642280930874,False,False,False
5211,0.03093001988126476,3139340382.0,0.0001452707115225311,58806.0,-0.14198870388408524,4.690985989450273e-05,1.8731960489909054e-05,-2.8177899404593677e-05,13397.539258314806,2.560084899368629,79.0,1368630955.0,0.04763917457795963,87.09677419354838,90.32258064516128,3.225806451612897,6.451612903225794,0.0053306376074716095,3139340382.0,0.00012272735829075204,0.4359613130348348,False,False,True
5212,0.014994647771260805,588453424.0,2.723025769760244e-05,3389.0,-0.050312357585618916,8.031086451910655e-06,5.7591643820565145e-06,-2.27192206985414e-06,12294.245837944178,5.782382375568455,98.0,321456363.0,-0.0004513723538132064,51.61290322580645,87.09677419354838,-35.483870967741936,-6.451612903225808,0.001638911114463412,588453424.0,2.8825513621926697e-05,0.5462732476173,False,False,False
5301,0.19934840428114087,1864344849.0,8.627121298807789e-05,0.0,0.0,0.0,0.0,0.0,16418.841350113333,2.64653674355488,0.0,855172487.0,0.19256104557235498,25.806451612903224,80.64516129032258,-54.83870967741935,41.93548387096774,0.0,1864344849.0,7.668470439676887e-05,0.4586986616015265,True,False,True
5302,0.04497682230608957,100236662.0,4.638379225417633e-06,0.0,0.0,0.0,0.0,0.0,12585.306716418789,7.048786512521882,0.0,79807836.0,0.007527548297492359,16.129032258064516,16.129032258064516,-41.935483870967744,-61.29032258064517,0.0,100236662.0,7.156498139545279e-06,0.7961940711872468,True,False,False
5303,-0.0019046630640783269,213284663.0,9.869593921228151e-06,0.0,0.0,0.0,0.0,0.0,14547.758179855622,2.03760291263173,0.0,54632841.0,-0.043277904561566216,70.96774193548387,83.87096774193549,-22.58064516129032,-6.451612903225794,0.0,213284663.0,4.899015492345552e-06,0.25614988078162937,False,False,False
5304,0.0,0.0,0.0,0.0,0.0,0.0,0.0,0.0,0.0,0.0,0.0,0.0,0.0,100.0,100.0,100.0,100.0,0.0,0.0,0.0,0.0,False,False,False
5305,-0.014927209052929769,615357709.0,2.8475234077788712e-05,0.0,0.0,0.0,0.0,0.0,13055.112922467672,4.934385962424323,0.0,369516882.0,0.0064269606230249465,80.64516129032258,77.41935483870968,-6.451612903225808,12.903225806451616,0.0,615357709.0,3.3135178337169455e-05,0.6004911884511712,False,False,False
5306,0.0760969808684957,454156665.0,2.10157720537517e-05,0.0,0.0,0.0,0.0,0.0,12647.404499907538,3.4350378320140766,0.0,320664032.0,0.08021437627016303,51.61290322580645,80.64516129032258,-3.225806451612904,51.61290322580645,0.0,454156665.0,2.8754464015627336e-05,0.7060647937424853,True,False,True
5307,-0.08574110304088478,425435110.0,1.9686702815256013e-05,0.0,0.0,2.3723006904217806e-07,0.0,-2.3723006904217806e-07,14281.427211336648,1.19597334026022,0.0,226734369.0,-0.13309354866558343,64.51612903225806,74.19354838709677,-9.677419354838705,25.806451612903217,0.0,425435110.0,2.0331638736821192e-05,0.5329470080642851,False,False,False
5308,0.01723267054353128,101646706.0,4.70362799434137e-06,31294.0,-0.1649492126452542,0.0008258569342590149,0.00030787028160066495,-0.0005179866526583499,12152.402396728921,7.248198443471994,47.0,56815814.0,0.032152717999381464,93.54838709677419,77.41935483870968,19.354838709677423,-3.225806451612897,0.08761202022647162,101646706.0,5.094766223052967e-06,0.5589538140075095,False,False,False
5309,0.1720249168355017,2311426313.0,0.00010695958521945667,36775.0,0.0,0.0,1.591008971091522e-05,1.591008971091522e-05,13558.647845168405,2.410431287693152,69.0,1074409887.0,0.13401210590388724,80.64516129032258,93.54838709677419,12.903225806451616,29.032258064516128,0.004527605244359746,2311426313.0,9.634407775978982e-05,0.4648254979867922,True,False,True
5310,0.009166328876309748,232407254.0,1.075447802511579e-05,2786.0,-0.19395246234047436,3.687583926536843e-05,1.1987577633871962e-05,-2.4888261631496473e-05,12850.22531241215,3.8095006224769334,68.0,114852288.0,0.022604682092329575,80.64516129032258,83.87096774193549,-3.225806451612911,12.903225806451616,0.0034113584743053057,232407254.0,1.0298991008784133e-05,0.49418546978744476,False,False,False
5311,0.0587169650095416,125679391.0,5.815723156039851e-06,0.0,0.0,0.0,0.0,0.0,11906.165354461336,2.6550134374693894,0.0,79626963.0,0.09599005971115893,61.29032258064516,90.32258064516128,3.225806451612897,12.903225806451601,0.0,125679391.0,7.140278964175157e-06,0.6335721582228228,True,False,True
5401,0.0156676968642262,1095417904.0,5.068967329602543e-05,66639.0,-0.21017689826037078,0.0002139230956308453,6.0834316982279306e-05,-0.000153088778648566,12112.940673254689,5.230226686516397,75.0,595652321.0,0.02018937488062389,77.41935483870968,70.96774193548387,25.80645161290323,16.12903225806452,0.017311893120065047,1095417904.0,5.341311004914765e-05,0.5437671949900866,False,False,False
5402,0.04224728207754569,17694288330.0,0.0008187904281810747,5006850.0,-0.1878076269414236,0.0009846702178712187,0.0002829641919822836,-0.0007017060258889351,12414.073039621764,4.6353458724528664,56.0,10649600418.0,0.03239637837691167,90.32258064516128,100.0,3.225806451612897,22.58064516129032,0.08052438313443724,17694288330.0,0.0009549669480866218,0.6018665582578986,True,False,False
5403,0.07900979091520122,1565762843.0,7.24545460512447e-05,0.0,0.0,3.138630727040689e-07,0.0,-3.138630727040689e-07,14811.177022424718,4.7423916189249535,0.0,712589396.0,0.03564868678861166,64.51612903225806,90.32258064516128,25.806451612903224,35.48387096774193,0.0,1565762843.0,6.389904729071584e-05,0.45510685043124377,True,False,False
5404,0.018384357908920457,1506087258.0,6.969310140408912e-05,305136.0,-0.21449625468750322,0.000742096894659519,0.00020260180701960363,-0.0005394950876399154,11755.286499605987,10.977903798680329,52.0,836980447.0,0.03347270058484053,90.32258064516128,93.54838709677419,38.70967741935483,41.935483870967744,0.057655300544873625,1506087258.0,7.505339465401964e-05,0.5557317098024342,False,False,False
5405,0.07777469437517581,29578967.0,1.3687453602765994e-06,13499.0,1.328987052826791,9.685524300537984e-06,0.00045637158322668945,0.00044668605892615146,14201.156386293003,5.172676900302398,30.0,18125105.0,0.0697106286232545,76.66666666666667,66.66666666666666,30.000000000000007,3.3333333333333286,0.12987169847171515,29578967.0,1.6253075726995383e-06,0.6127700470405204,True,True,True
5406,0.049637712816521073,112568933.0,5.209046169700158e-06,23770.0,-0.1674860154760217,0.0006727443760159245,0.00021115950348396745,-0.0004615848725319571,10990.654302257622,3.6703912502329588,48.0,44955992.0,0.04798832509014361,83.87096774193549,83.87096774193549,-3.225806451612897,3.225806451612911,0.06009060242535961,112568933.0,4.0312767421661755e-06,0.3993641122990834,True,False,True
5407,0.07185253215596688,25629697592.0,0.0011859957673417847,1660252.0,0.10003753569763174,5.689422671702877e-05,6.477844672339121e-05,7.88422000636244e-06,13015.899467908323,2.3167213243382414,75.0,11815518084.0,0.03537535830359961,77.41935483870968,83.87096774193549,-6.451612903225808,-3.225806451612897,0.018434291725274818,25629697592.0,0.0010595166768575155,0.4610088761908791,True,True,False
5408,0.02854219227726551,1095721597.0,5.0703726470522647e-05,334.0,-0.15185059449916205,7.994567870773216e-07,3.0482195560849206e-07,-4.946348314688295e-07,13462.79684309718,5.222861854194663,97.0,606962731.0,0.005898363232250015,48.38709677419355,64.51612903225806,-16.129032258064512,9.677419354838712,8.674454449255344e-05,1095721597.0,5.4427332864592666e-05,0.5539388222900931,False,False,False
5501,-0.032247473711415786,908383985.0,4.203481361665937e-05,0.0,0.0,4.85909559550597e-07,0.0,-4.85909559550597e-07,11811.053481371096,6.568229332710015,0.0,473217107.0,-0.011758640198037629,87.09677419354838,70.96774193548387,41.935483870967744,12.903225806451609,0.0,908383985.0,4.243414576291104e-05,0.5209439122817648,False,False,False
5502,0.07186694430078777,2794632421.0,0.0001293195992923725,0.0,0.0,1.4664532489654216e-05,0.0,-1.4664532489654216e-05,12887.023154113762,5.325618836198933,0.0,1723986587.0,0.10047770426481928,93.54838709677419,70.96774193548387,48.38709677419355,29.032258064516128,0.0,2794632421.0,0.00015459267436428818,0.6168920728340752,True,False,True
5503,0.02559157486826935,6607148236.0,0.000305741018362295,1829166.0,-0.16151804159171657,0.0007579537054198904,0.0002768465205659418,-0.0004811071848539486,12082.57059345747,9.836432615400327,55.0,3644759625.0,0.035823772088240835,93.54838709677419,100.0,38.70967741935484,35.483870967741936,0.07878345007301672,6607148236.0,0.000326831509068887,0.5516388455069013,False,False,False
5504,0.049223505445699534,3343889852.0,0.00015473609068906985,0.0,0.0,1.4025750433604416e-05,0.0,-1.4025750433604416e-05,14100.98301852737,5.2809005350197245,0.0,1654182531.0,0.050764747184095294,74.19354838709677,80.64516129032258,16.129032258064505,19.354838709677416,0.0,3343889852.0,0.0001483332314081264,0.49468810403866137,True,False,True
5505,0.014306990062647795,180673572.0,8.360539210162414e-06,5940.0,-0.3582443783510647,0.0003242578492617673,3.2876972178310614e-05,-0.0002913808770834567,12099.38183521384,18.36055763023145,79.0,135152322.0,0.025448076464531733,77.41935483870968,48.38709677419355,22.580645161290327,3.225806451612911,0.009355946720467979,180673572.0,1.2119327993659976e-05,0.7480469916208885,False,False,False
5506,0.0045262479614500695,312368451.0,1.4454624733954985e-05,0.0,0.0,6.614402994152937e-07,0.0,-6.614402994152937e-07,10340.93258462584,12.809301238736124,0.0,136955341.0,-0.0036473447240671364,93.54838709677419,96.7741935483871,9.677419354838705,16.129032258064527,0.0,312368451.0,1.2281007632725305e-05,0.4384416561965792,False,False,False
5507,0.051899412508637166,37667618.0,1.7430418503178735e-06,0.0,0.0,0.0,0.0,0.0,11851.075851464779,6.054212147386142,0.0,27175901.0,0.07393522987764056,58.06451612903226,51.61290322580645,-3.225806451612897,-16.129032258064512,0.0,37667618.0,2.436907134619797e-06,0.7214658755432849,True,False,True
5508,0.0049980612084716824,578434293.0,2.6766629638169074e-05,1559.0,0.1610216957007644,1.3098348024471792e-06,2.6952067311126728e-06,1.3853719286654936e-06,12173.344828694311,2.5699225079227754,97.0,244302737.0,0.03150570233026606,70.96774193548387,80.64516129032258,-6.451612903225808,-3.225806451612911,0.0007669870096362558,578434293.0,2.19070227994444e-05,0.422351751886882,False,True,False
5509,0.026321081034037075,4573181048.0,0.00021162065399900126,539514.0,-0.0874073836045699,0.00021223441977033777,0.00011797346187200416,-9.42609578983336e-05,11668.585823776903,6.5712541288468325,62.0,1952525489.0,0.04253923120367342,90.32258064516128,93.54838709677419,12.903225806451601,19.354838709677423,0.03357223462420279,4573181048.0,0.0001750861285030111,0.4269512771321185,False,False,False
5510,0.006186274722882468,1218368235.0,5.6379111169252105e-05,4907.0,-0.3974824060685177,5.230952410764372e-05,4.027518002387841e-06,-4.828200610525588e-05,12538.746217095031,4.361226627972694,68.0,621191570.0,0.013133591624710172,90.32258064516128,96.7741935483871,12.903225806451601,12.903225806451616,0.0011461287749279143,1218368235.0,5.570325594351676e-05,0.5098553558399362,False,False,False
5511,0.05170451409728671,531135433.0,2.4577909012077824e-05,235762.0,-0.14042769386166376,0.0012170968760556791,0.0004438830199453103,-0.0007732138561103688,10378.506645767315,3.58696369886592,40.0,258128139.0,0.05109011702771227,77.41935483870968,70.96774193548387,-12.903225806451601,-19.35483870967741,0.12631777227552915,531135433.0,2.314676902801606e-05,0.4859930687395883,True,False,True
5512,0.020275884270589684,3433126523.0,0.00015886545326612603,4161.0,0.10401620907108922,8.169938100256273e-07,1.212014754517103e-06,3.950209444914757e-07,12126.655742484269,4.475474575063859,102.0,1908816525.0,0.0372902428899049,80.64516129032258,80.64516129032258,3.225806451612897,3.225806451612897,0.0003449084485694806,3433126523.0,0.0001711666747848643,0.5559994693501716,False,True,False
5513,-0.0005024769604433654,1586787338.0,7.342743939073856e-05,9388.0,0.11571854107041557,3.4134198854244442e-06,5.91635676387027e-06,2.502936878445826e-06,12799.16801501475,3.1655287621188903,94.0,696791168.0,-0.04367773449521617,77.41935483870968,77.41935483870968,3.225806451612911,-9.677419354838705,0.0016836440521906637,1586787338.0,6.248239455388294e-05,0.4391207008736542,False,True,False
5514,-6.610039045573668e-05,2120507906.0,9.812497366007905e-05,292.0,1.1749351904621905,2.828575754635596e-09,1.3770285843961385e-07,1.3487428268497824e-07,12921.08920229086,3.6205435038518514,102.0,1118380842.0,0.03602969575668857,61.29032258064516,74.19354838709677,-3.225806451612904,9.677419354838705,3.918671706840168e-05,2120507906.0,0.00010028702463597788,0.5274117766010348,False,True,False
5515,0.08191215789004969,4192406087.0,0.00019400056736182245,56875.0,0.1129605904513471,1.1776578753328828e-05,1.3566195358880081e-05,1.789616605551253e-06,12969.282747784066,3.47826118688815,87.0,2094803360.0,0.0620056067119672,74.19354838709677,87.09677419354838,-9.677419354838719,-3.225806451612897,0.003860592766534501,4192406087.0,0.00018784441603645537,0.4996661383771147,True,True,True
5516,0.07981463473179051,4305363292.0,0.0001992275805382313,14944.0,0.17490598947763947,2.2760799454616466e-06,3.4710195136768495e-06,1.1949395682152029e-06,11813.897736376668,2.1225538942511,78.0,2090117145.0,0.09524913056527984,77.41935483870968,87.09677419354838,-6.451612903225808,9.677419354838705,0.000987763516042066,4305363292.0,0.00018742419553418528,0.4854682411781013,True,True,True
5601,0.028634756942854445,2890552225.0,0.00013375821902793125,6065579.0,0.650847470123403,0.00019708913088704023,0.002098415295022044,0.0019013261641350036,12651.69480910728,19.58405104985561,44.0,1655663349.0,0.029099524866143645,67.74193548387096,70.96774193548387,9.677419354838698,9.677419354838712,0.5971554068653947,2890552225.0,0.00014846601876076186,0.5727844439828448,False,True,False
5602,0.06070473815661637,1489752225.0,6.893720953576541e-05,77184.0,0.07028458981886532,4.9532405681448584e-05,5.180995786061001e-05,2.2775521791614227e-06,11688.322637274128,9.69813738721871,74.0,697736876.0,0.060765536733899506,67.74193548387096,93.54838709677419,3.225806451612897,19.354838709677423,0.014743790964222129,1489752225.0,6.256719772462111e-05,0.4683576666582928,True,True,True
5603,-0.009766604577429505,15929997224.0,0.0007371491299736434,29645430.0,-0.06254115848093533,0.0024471965432996306,0.0018609814919073836,-0.000586215051392247,11932.529897447206,10.331841992613839,37.0,10043626661.0,0.009864841390083035,90.32258064516128,100.0,41.93548387096773,51.61290322580645,0.5295878097177369,15929997224.0,0.0009006282981251849,0.6304851482251583,False,False,False
5604,0.03908103943907015,693984263.0,3.2113621144586465e-05,3468.0,0.25408639683754597,1.951368462936594e-06,4.997231471803561e-06,3.045863008866967e-06,12949.529100353679,6.266924096076662,86.0,392839691.0,0.04533932338634372,87.09677419354838,87.09677419354838,32.25806451612903,29.03225806451612,0.0014220844652745742,693984263.0,3.522657246064211e-05,0.5660642639096847,False,True,False
5605,-0.011722967676080498,175581960.0,8.124928537844863e-06,169800.0,3.186708758296323,7.087409896066678e-07,0.0009670697376883137,0.0009663609966987071,12658.724973869752,5.173660843793004,31.0,96266903.0,-0.004550885773497826,77.41935483870968,80.64516129032258,16.12903225806452,16.129032258064512,0.27520335180858896,175581960.0,8.632409381696377e-06,0.5482733134998606,False,True,False
5606,0.05420615369676707,612595178.0,2.8347399948595823e-05,2308.0,-0.0876430298072608,7.760076344357985e-06,3.7675778113943953e-06,-3.99249853296359e-06,11968.383887372029,4.291611534978835,65.0,340234200.0,0.03864160406507988,70.96774193548387,96.7741935483871,-3.225806451612897,12.903225806451616,0.0010721564345234239,612595178.0,3.0509352732101098e-05,0.5553981033784762,True,False,False
5607,0.023106697916571273,2672787059.0,0.0001236812930625193,288529.0,-0.14154434145638362,0.00025956158153097735,0.00010795061246216548,-0.00015161096906881187,11844.336581689877,9.066488505450039,83.0,1439317196.0,0.021994140230979786,80.64516129032258,93.54838709677419,12.903225806451616,25.80645161290323,0.030719987630254,2672787059.0,0.00012906590820717815,0.5385079934270963,False,False,False
5608,0.02579351625145021,1847293156.0,8.548215819523773e-05,160799.0,0.0008529296904900008,9.844551763930202e-05,8.704574012940261e-05,-1.1399777509899417e-05,12297.194030005381,5.749288012802012,78.0,1061442854.0,0.030198061721344205,87.09677419354838,96.7741935483871,12.903225806451616,16.129032258064527,0.024770994800782167,1847293156.0,9.518130287212187e-05,0.5745936158278063,False,True,False
5609,0.045551015412348184,796607066.0,3.686241732346687e-05,226694.0,0.22785737304519538,0.00012740380533915065,0.0002845744278145783,0.00015717062247542766,11709.653309802552,3.673355065303392,64.0,439880001.0,0.018281337840024392,90.32258064516128,80.64516129032258,51.61290322580644,32.258064516129025,0.08098261513258567,796607066.0,3.944475337960142e-05,0.5521919397586664,True,True,False
5701,0.030312585441952367,871710489.0,4.033777404475266e-05,184967.0,0.27854259211046717,7.210925420946562e-05,0.00021218856757383814,0.00014007931336437252,10531.122850945758,4.935691054842278,52.0,457484975.0,0.052632563713553404,77.41935483870968,61.29032258064516,-9.677419354838705,-22.580645161290327,0.060383447786683024,871710489.0,4.102341996163658e-05,0.5248129749187863,False,True,True
5702,0.018183366537537937,5459578475.0,0.0002526380555048539,331054.0,0.07025669665106027,4.725306101087649e-05,6.063728207515141e-05,1.3384221064274924e-05,11092.424800518322,4.391637299555197,81.0,2358927552.0,0.015011774455566007,41.935483870967744,58.06451612903226,-35.483870967741936,-29.03225806451612,0.017255822017070443,5459578475.0,0.0002115288608653679,0.4320713701253282,False,True,False
5703,0.03425401120392313,7099911996.0,0.0003285433058868205,791251.0,-0.0935000038482302,0.0002154558760367651,0.00011144518417211097,-0.00010401069186465414,11213.218448727657,11.008897937216098,63.0,3560093434.0,0.04528459174697752,90.32258064516128,77.41935483870968,9.677419354838705,-3.225806451612897,0.031714453499914405,7099911996.0,0.00031923935435398054,0.5014278255851216,False,False,False
5704,0.016224597318528433,637232014.0,2.94874517619974e-05,737466.0,0.5141634322046582,0.00015759018364305192,0.001157295904470989,0.000999705720827937,11145.746655829504,9.61097751819465,32.0,260684801.0,0.07978112961501904,87.09677419354838,25.806451612903224,48.387096774193544,-25.806451612903224,0.32933686117207256,637232014.0,2.337602905765082e-05,0.409089303852835,False,True,True
5705,0.05007527957855751,1913235387.0,8.853358736541591e-05,336173.0,0.3119684873645463,5.771378796034382e-05,0.00017570916902552567,0.00011799538106518185,11551.76437493313,2.9477010122451057,64.0,944341302.0,0.055651156726934436,83.87096774193549,90.32258064516128,3.225806451612911,6.451612903225794,0.05000234251452878,1913235387.0,8.468061671110549e-05,0.49358343903556495,True,True,True
5801,0.05199903466222899,2280448265.0,0.00010552609839517286,26369.0,-0.006900950655377658,1.5423655338163586e-05,1.156307748994253e-05,-3.860577848221055e-06,12522.432795363153,2.9629493429028098,71.0,1334611686.0,0.035573271960329444,83.87096774193549,83.87096774193549,-3.225806451612897,-6.451612903225794,0.0032905565735738608,2280448265.0,0.00011967679524444678,0.5852409398991562,True,False,False
5802,0.041767342485513836,183061194.0,8.47102469583182e-06,2691192.0,0.9615450741301863,0.0006211702194616445,0.014701051277967737,0.014079881058506093,11993.713174240522,8.440929248881877,14.0,88725196.0,0.07006546898442356,96.66666666666667,93.33333333333333,16.66666666666667,6.666666666666657,4.183543780904263,183061194.0,7.956132278850291e-06,0.48467506444866737,True,True,True
5803,0.06381979679471561,85539045.0,3.9582576012962605e-06,637028.0,-0.13432877391260256,0.020872263678103214,0.007447218986370493,-0.01342504469173272,11934.673585553825,6.621519942893943,17.0,50256563.0,0.08012311895196866,90.0,90.0,3.3333333333333286,3.3333333333333286,2.1192883479125837,85539045.0,4.506587543727412e-06,0.5875277541384756,True,False,True
5804,0.028169650502167798,1207106569.0,5.585798569903252e-05,0.0,0.0,0.0,0.0,0.0,13989.639093041835,2.445546323505993,0.0,483360080.0,0.05328208868916584,67.74193548387096,70.96774193548387,-9.677419354838719,-3.225806451612897,0.0,1207106569.0,4.334368260844032e-05,0.40042867167927737,False,False,True
5805,0.1372395956982675,37725342.0,1.7457129867769867e-06,7238.0,0.23095393238889095,0.00012913270672288267,0.00019186042104005313,6.272771431717046e-05,11459.181440263683,11.80631147897666,56.0,25588341.0,0.11778421172731446,100.0,100.0,45.16129032258065,64.51612903225806,0.05459857639206509,37725342.0,2.2945480536591695e-06,0.6782798947190459,True,True,True
5806,0.04597615307401992,3941039655.0,0.00018236876705151128,160973.0,-0.07954929877713923,7.740134099166286e-05,4.0845313443058976e-05,-3.655602754860388e-05,12803.94891249223,5.1367607059743925,81.0,2143908688.0,0.03963098121882003,80.64516129032258,77.41935483870968,19.354838709677416,12.903225806451616,0.011623533161188778,3941039655.0,0.0001922477704698942,0.5439957157700814,True,False,False
5807,0.04973731355641231,1175888780.0,5.4413405032917845e-05,61913.0,-0.035129666511082625,8.025535274909939e-05,5.265208840584396e-05,-2.7603264343255428e-05,14092.313831832804,5.048513252214256,78.0,508893218.0,0.05384535556821124,70.96774193548387,67.74193548387096,16.12903225806452,3.225806451612897,0.014983439812362876,1175888780.0,4.563328051952455e-05,0.4327732576885375,True,False,True
5808,-0.01577324672427438,385696909.0,1.7847846230288426e-05,17815.0,0.08072456219063406,2.8936126042412627e-05,4.6189117891012187e-05,1.725299184859956e-05,12164.61899591993,5.4910143222851,85.0,222398638.0,0.023963707182027116,67.74193548387096,93.54838709677419,16.129032258064512,61.29032258064516,0.01314424344522866,385696909.0,1.9942846703479142e-05,0.5766150384160844,False,True,False
5809,-0.008289789946495096,29307577.0,1.3561869838016715e-06,0.0,0.0,0.0,0.0,0.0,12012.022468455854,7.7611490908692335,0.0,18993393.0,0.01031931355571225,74.19354838709677,87.09677419354838,19.354838709677416,25.806451612903224,0.0,29307577.0,1.7031683664264788e-06,0.6480710773190155,False,False,False
5810,0.11414576234648965,1496959150.0,6.927070479121539e-05,19046.0,0.3708624634914861,4.511640330803423e-06,1.2723126078624122e-05,8.2114857478207e-06,11595.19559257512,2.5304409470169538,86.0,756966175.0,0.11088321716853966,87.09677419354838,90.32258064516128,3.225806451612897,3.225806451612897,0.0036206767783784617,1496959150.0,6.787838506341917e-05,0.5056692261776148,True,True,True
5811,-0.023235742809376236,252054248.0,1.166362849953507e-05,5119.0,-0.060752169394047484,2.4702385810955234e-05,2.0309120122426977e-05,-4.393265688528256e-06,11684.980052028324,5.997876609273302,72.0,115061203.0,0.03156659631565728,87.09677419354838,100.0,19.354838709677423,35.483870967741936,0.005779456963812616,252054248.0,1.031772475579142e-05,0.4564938060476568,False,False,False
5901,-0.0014860782869423605,505022951.0,2.336957274452642e-05,3076.0,0.13034273220660797,3.2763863385601796e-06,6.09081229656828e-06,2.8144259580081006e-06,11885.281455208557,3.2964239195735554,88.0,262133498.0,-0.03415552895584095,83.87096774193549,80.64516129032258,51.612903225806456,32.258064516129025,0.0017332896418198152,505022951.0,2.3505936068101083e-05,0.51905264400548,False,True,False
5902,0.05430683266877634,2623803154.0,0.00012141459819460928,13119.0,-0.2454597830888141,2.663131580924139e-05,4.999993989640581e-06,-2.163132181960081e-05,12923.215093105266,5.467786769821153,55.0,1452602411.0,0.06087846687860954,87.09677419354838,96.7741935483871,12.903225806451616,32.25806451612904,0.0014228706073060643,2623803154.0,0.00013025721499102528,0.5536247674622622,True,False,True
5903,0.057256153471352045,12114169246.0,0.000560574442950221,724553.0,-0.024156763908771306,8.928476267934681e-05,5.9810374552860195e-05,-2.9474388126486614e-05,12773.432829688072,4.882333574746229,70.0,6634425642.0,0.048314793559615765,80.64516129032258,87.09677419354838,41.93548387096774,19.354838709677423,0.017020505252517085,12114169246.0,0.0005949197114419253,0.5476583253276434,True,False,True
5904,-0.020915249147863912,282094674.0,1.3053727542149793e-05,714.0,-0.3077987828103764,1.4329893560338153e-05,2.531065155806522e-06,-1.1798828404531632e-05,12177.109268808812,4.581608068367988,65.0,187396886.0,-0.016779868321246894,12.903225806451612,6.451612903225806,-38.70967741935483,-51.612903225806456,0.0007202765088988686,282094674.0,1.6804182812519548e-05,0.6643049418224748,False,False,False
5905,0.07588215371256557,147473120.0,6.824212243974381e-06,0.0,0.0,1.6324020108416714e-05,0.0,-1.6324020108416714e-05,11357.111937450025,10.415693615505837,0.0,84882551.0,0.08832358070626745,41.935483870967744,22.58064516129032,-32.258064516129025,-25.80645161290323,0.0,147473120.0,7.611556067143047e-06,0.5755798141383325,True,False,True
5906,0.046935925180722204,1719831050.0,7.95839411885862e-05,392333.0,0.015891494554912233,0.00026517522491551225,0.00022812298917384937,-3.705223574166288e-05,11781.772713778484,8.423211855503787,53.0,776657108.0,0.044722022278102624,90.32258064516128,100.0,25.806451612903217,54.83870967741936,0.06491797726532918,1719831050.0,6.964410297337992e-05,0.4515891883682412,True,True,False
5907,0.0094116752621074,779376570.0,3.606508855078645e-05,129467.0,0.0982021377703286,0.0001089787779020695,0.0001661161048246549,5.71373269225854e-05,11707.87291272305,4.396169212479622,52.0,396756493.0,0.05867521799805253,90.32258064516128,96.7741935483871,41.93548387096773,38.70967741935484,0.04727240141585954,779376570.0,3.55777984508565e-05,0.5090690537438147,False,True,True
5908,-0.004688315267876053,45997081.0,2.1284817419424052e-06,12382.0,0.12435048082128453,0.00014633475709768167,0.0002691909949677024,0.00012285623787002074,11184.013882207004,7.228670884514361,52.0,21084908.0,0.029770876487122067,90.32258064516128,83.87096774193549,12.903225806451601,16.129032258064527,0.07660488298277968,45997081.0,1.890717909886485e-06,0.4583966534745977,False,True,False
5909,0.06480696233251426,413539714.0,1.9136251946445993e-05,715400.0,0.046088480711318436,0.0018903578479682697,0.0017299426772829853,-0.0001604151706852844,11051.64765505206,5.659355827763383,37.0,167182825.0,0.1076008444365959,100.0,100.0,48.38709677419355,38.70967741935484,0.4922975093430584,413539714.0,1.499155516604189e-05,0.4042727199835516,True,True,True
5910,0.05370654653276863,718437246.0,3.3245165293040754e-05,195982.0,0.12546002824140778,0.00019623449909458103,0.0002727893091444761,7.655481004989505e-05,11431.349858581803,9.216480393242966,47.0,360912333.0,0.06809066742906333,96.7741935483871,100.0,45.161290322580655,41.93548387096774,0.07762887130928404,718437246.0,3.236359446775936e-05,0.5023574919165591,True,True,True
5911,0.027513006638339776,5560199758.0,0.00025729423278958896,1161032.0,-0.06665800663923183,0.00033766527774496354,0.00020881120293016637,-0.00012885407481479718,12110.373390582958,12.335226884793238,65.0,3334376094.0,0.032477837673134946,96.7741935483871,100.0,38.70967741935484,38.70967741935484,0.05942233605503057,5560199758.0,0.00029899891425768337,0.5996863852242914,False,False,False
6001,0.06073394285897904,5819652753.0,0.00026930023296924767,5537.0,0.6991023995691676,9.022190995278273e-08,9.514313370579895e-07,8.612094271052068e-07,13328.24393722534,1.4947509454440657,94.0,2404006841.0,0.04426455902762405,74.19354838709677,93.54838709677419,19.354838709677416,25.80645161290323,0.00027075306233858816,5819652753.0,0.00021557119384956914,0.41308424111056236,True,True,False
6002,0.04605570347385424,27025787214.0,0.0012505988074899689,652647.0,0.09252900442657563,1.9431627411462516e-05,2.4149046791203675e-05,4.717419379741159e-06,13557.342977190918,3.2900811259718683,89.0,11884997771.0,0.04357586802756508,70.96774193548387,70.96774193548387,35.483870967741936,22.58064516129032,0.006872202035613353,27025787214.0,0.00106574703311917,0.43976509090707594,True,True,False
6101,0.05791571709211518,3287303689.0,0.00015211760681631983,75332.0,0.09759943167879714,1.9062315351833674e-05,2.2916045223347174e-05,3.8537298715135e-06,10928.6975549663,12.352621906142573,96.0,1291294003.0,0.06861112364751354,100.0,93.54838709677419,61.29032258064516,19.354838709677423,0.006521321275896396,3287303689.0,0.0001157924283284097,0.3928125068946132,True,True,True
6102,0.06669047548925056,5061869122.0,0.00023423434209399145,111731.0,-0.0684181240776226,4.3445990888080404e-05,2.207307168697674e-05,-2.1372919201103665e-05,11269.330408587952,8.939851719742911,99.0,2462878620.0,0.08057127369855488,80.64516129032258,35.483870967741936,51.61290322580645,-19.354838709677416,0.006281432534005215,5061869122.0,0.00022085032178990348,0.4865551756950384,True,False,True
6103,0.056824450287098704,12115248215.0,0.0005606243714623504,160479.0,-0.004526635899525844,1.786289867024588e-05,1.3246034844033115e-05,-4.616863826212766e-06,11687.235317578676,9.365215228246065,99.0,6908742343.0,0.05346696718808053,67.74193548387096,67.74193548387096,51.61290322580645,12.903225806451609,0.00376948325977518,12115248215.0,0.0006195181350898575,0.5702518198881161,True,False,True
6104,0.046077900696860574,33265288178.0,0.0015393272135535198,758546.0,-0.01651048074949113,3.1042885891022675e-05,2.2802928865100422e-05,-8.239957025922252e-06,11625.868585514258,7.627648844305618,99.0,17521785679.0,0.03916545016662898,80.64516129032258,16.129032258064516,64.51612903225806,-61.29032258064517,0.006489131248930708,33265288178.0,0.0015712069503209512,0.5267288106822424,True,False,False
6105,0.06912691744821897,9041681707.0,0.0004183972985112716,67899.0,-0.31070538867158315,6.741182218261827e-05,7.509554328530844e-06,-5.990226785408743e-05,11471.784879856754,12.524497701082865,106.0,5280903562.0,0.0653523754540577,87.09677419354838,51.61290322580645,12.903225806451616,-22.58064516129032,0.002137027394467459,9041681707.0,0.00047354719048604496,0.5840620952086342,True,False,True
6106,0.09653455225272989,5855109587.0,0.0002709409723847789,161102.0,-0.037700122210385434,5.285978057224975e-05,2.7514771091166597e-05,-2.5345009481083154e-05,11281.066739835214,9.467612198726497,102.0,3310502577.0,0.14445332927438903,87.09677419354838,77.41935483870968,48.387096774193544,12.903225806451616,0.007830001222699431,5855109587.0,0.0002968581372543462,0.565404033487307,True,False,True
6107,0.04141098815477462,7860761439.0,0.00036375106500076404,682601.0,0.40894269359341484,1.915783533095113e-05,8.683649863909831e-05,6.767866330814718e-05,11277.367396173438,7.075133310912631,82.0,3934287701.0,0.029866836989042467,77.41935483870968,54.83870967741935,38.70967741935484,-22.580645161290327,0.024711450015928477,7860761439.0,0.0003527939613929937,0.5004970232884332,True,True,False
6108,0.03651119327608354,12737065368.0,0.0005893985116515311,274085.0,0.11320091184320313,1.5059761902322966e-05,2.1518693049075353e-05,6.4589311467523866e-06,11258.422580130862,5.212596793658653,94.0,6648726917.0,0.03210625846091264,74.19354838709677,67.74193548387096,25.806451612903217,-9.677419354838719,0.006123670530526297,12737065368.0,0.0005962021299744943,0.5219983351662736,False,True,False
6109,0.052101958126919756,47217576221.0,0.002184959277854444,1693508.0,-0.00238693407905044,4.679097170573296e-05,3.5866051066950214e-05,-1.0924920638782744e-05,11639.786424507078,12.615144480193464,96.0,25600904112.0,0.04847077016760126,77.41935483870968,38.70967741935484,16.12903225806452,-22.58064516129032,0.010206562241681854,47217576221.0,0.0022956746082954194,0.5421901368290482,True,False,True
6110,0.043538663878153416,61252370292.0,0.0028344092490829448,1330698.0,-0.006007146853049372,2.770658622486996e-05,2.172484091074919e-05,-5.98174531412077e-06,11728.320239424474,8.295893392869115,100.0,35784472818.0,0.03737355208688675,83.87096774193549,12.903225806451612,51.612903225806456,-54.838709677419345,0.006182334947672084,61252370292.0,0.0032088517366468325,0.5842136826282739,True,False,False
6111,0.006927354327032509,7114092282.0,0.0003291994883921087,329636.0,-0.03126219699487798,5.621789746730061e-05,4.633563734252386e-05,-9.882260124776751e-06,10931.523949495486,8.181079408386372,92.0,2708483826.0,0.004514445390283894,83.87096774193549,61.29032258064516,58.06451612903226,-9.677419354838712,0.013185939139540796,7114092282.0,0.00024287413909778835,0.3807209294786598,False,False,False
6112,0.03452501896616944,4956915686.0,0.00022937769755430597,286231.0,0.03295914359151264,5.8182771533990063e-05,5.774377014489328e-05,-4.3900138909678475e-07,11238.254608881196,6.578375703213104,89.0,2374521972.0,0.02249887176559362,83.87096774193549,41.935483870967744,51.612903225806456,-9.677419354838705,0.016432402411770138,4956915686.0,0.00021292723780816947,0.47903214870215566,False,True,False
6113,-0.005172546454781379,1226357113.0,5.6748790735692534e-05,4303.0,-0.04654580496447658,4.339043764681562e-06,3.508765884248596e-06,-8.302778804329661e-07,11668.80940291574,6.23818600520846,105.0,695313505.0,-0.026637189927141036,83.87096774193549,6.451612903225806,70.96774193548387,-67.74193548387096,0.0009985051691981095,1226357113.0,6.234989011521634e-05,0.5669747397632617,False,False,False
6114,0.008872539881251917,7395019079.0,0.00034219917326856546,852042.0,0.15613869495633903,5.829798261301592e-05,0.00011521836399578544,5.692038138276952e-05,11499.684999828789,7.743299731877981,86.0,3973471186.0,0.00931388779243525,87.09677419354838,58.06451612903226,22.58064516129032,-16.129032258064505,0.032788204124077173,7395019079.0,0.000356307608066779,0.5373172325252902,False,True,False
6115,0.05019121346955546,14006637908.0,0.0006481470650969432,12717428.0,0.23274675228680985,0.0004074158800225801,0.0009079572188223944,0.0005005413387998143,11398.818413767836,4.668508930737666,56.0,6765483295.0,0.05164574745644401,80.64516129032258,77.41935483870968,9.677419354838705,9.677419354838719,0.2583814384638115,14006637908.0,0.0006066718638228979,0.48301978957675784,True,True,True
6116,0.0347203761567656,5152914240.0,0.00023844738925139674,1246300.0,-0.01732746453703793,0.0003130693826626472,0.00024186313646081561,-7.120624620183158e-05,11506.553934433809,3.127654286260934,59.0,2728816026.0,0.03394301318217052,96.7741935483871,93.54838709677419,48.38709677419355,16.129032258064512,0.06882807230848058,5152914240.0,0.00024469736046007237,0.5295675221639241,False,False,False
6117,0.016438373612536417,2840729316.0,0.00013145269985516118,242103.0,-0.05593295989718439,0.000123299524939865,8.522564914453116e-05,-3.8073875795333824e-05,12580.311697670037,2.813676815848858,82.0,1744915598.0,0.005611905144820684,77.41935483870968,77.41935483870968,12.903225806451616,32.25806451612904,0.024253043385168073,2840729316.0,0.00015646941273724722,0.6142491606546295,False,False,False
6201,0.03581249392305086,15966902937.0,0.0007388569152197086,665960.0,0.15671658111272935,2.4015873082958757e-05,4.1708777377031285e-05,1.7692904294072528e-05,12282.293188241043,7.108828157228603,89.0,10849517902.0,0.03456863468132498,96.7741935483871,87.09677419354838,67.74193548387098,22.58064516129032,0.011869252946985237,15966902937.0,0.0009728938732360341,0.679500460722316,False,True,False
6202,0.03973322881236063,20074871623.0,0.0009289502027616318,714936.0,0.12536597546105988,2.3974806248442284e-05,3.561347805486786e-05,1.1638671806425576e-05,12357.88957666088,6.709690004294645,87.0,15077182695.0,0.04131941323357147,74.19354838709677,12.903225806451612,35.48387096774193,-48.38709677419355,0.01013468641226379,20074871623.0,0.0013519954344627485,0.7510475273837321,False,True,False
6203,0.04961909479533477,44074970602.0,0.002039537469845212,2007345.0,0.10331048760299844,3.5489499234817e-05,4.5543876095266464e-05,1.0054376860449465e-05,11586.316211554555,11.568261495429777,96.0,23206543612.0,0.05244474684622835,87.09677419354838,16.129032258064516,16.129032258064512,-48.38709677419355,0.012960624107350622,44074970602.0,0.0020809684174941715,0.526524312893063,True,True,True
6204,0.05585475407608009,66270484015.0,0.0030666188416524414,3325020.0,0.0893511915311529,4.291957907792709e-05,5.0173467863119844e-05,7.253888785192755e-06,11737.456422994483,9.054330657802307,97.0,36764539884.0,0.05406669423869559,80.64516129032258,54.83870967741935,12.903225806451616,-9.677419354838712,0.014278087701097507,66270484015.0,0.003296735940579622,0.5547649218267143,True,True,True
6205,0.05084796906658662,12373474063.0,0.0005725735862998222,3829889.0,0.048063489124893,0.00031365774894005863,0.0003095241466139565,-4.133602326102158e-06,11444.499001332573,10.086195172695946,72.0,6954914982.0,0.049950667438511065,87.09677419354838,77.41935483870968,16.129032258064512,12.903225806451616,0.08808266797539692,12373474063.0,0.0006236585105424809,0.5620826411878179,True,True,True
6206,0.03561616420427782,12368946859.0,0.0005723640932005525,570675.0,0.0867632023008873,3.625564216175977e-05,4.613771944413849e-05,9.882077282378716e-06,11731.083585918574,9.205380675218176,95.0,6874608260.0,0.03808069693696581,93.54838709677419,83.87096774193549,12.903225806451616,3.225806451612911,0.013129616759782779,12368946859.0,0.0006164572764858905,0.5557957632421905,False,True,False
6207,0.02769764538124808,1386720859.0,6.416950739878881e-05,43303.0,-0.01962010107914025,3.952608072962541e-05,3.122690462104025e-05,-8.299176108585163e-06,11756.320524713474,7.388648076822925,90.0,790750984.0,0.01873632390911051,80.64516129032258,90.32258064516128,9.677419354838705,12.903225806451601,0.00888637963055272,1386720859.0,7.090792370112126e-05,0.570230828265056,False,False,False
6208,0.07320806921395318,2890914847.0,0.00013377499909939333,37287.0,0.0383397298085657,1.521403572621596e-05,1.2897993186722182e-05,-2.3160425394937776e-06,12096.408507436401,5.166632347714968,97.0,1835767347.0,0.06072642962717367,70.96774193548387,64.51612903225806,-3.225806451612897,-16.129032258064512,0.0036704394918562885,2890914847.0,0.00016461623647386547,0.6350125977958284,True,True,True
6209,-0.014186588848840498,1924323556.0,8.90466843871176e-05,77215.0,-0.06188395408783354,5.1417903880666575e-05,4.012578849292016e-05,-1.1292115387746415e-05,11159.093800009587,8.227444056800639,87.0,1004097754.0,-0.02152757254246107,80.64516129032258,54.83870967741935,12.903225806451616,-9.677419354838712,0.011418774734499254,1924323556.0,9.003907471470087e-05,0.5217925804988691,False,False,False
6210,-0.13992114690357937,11258883640.0,0.0005209967185177261,412689.0,-0.1785019015049123,4.610904193505546e-05,3.665452217072562e-05,-9.454519764329837e-06,11617.77622243283,5.951081252915244,93.0,6155605659.0,-0.1700897698064997,90.32258064516128,58.06451612903226,70.96774193548386,-12.903225806451609,0.01043094098305567,11258883640.0,0.0005519831466976237,0.5467332158164129,False,False,False
6211,0.03203550894205276,12817475963.0,0.0005931194539286341,869128.0,0.07701482955374095,5.4783025680705637e-05,6.780804602317163e-05,1.3025020342465991e-05,12311.932008683572,8.199693408108022,93.0,8765267894.0,0.026840878553092695,80.64516129032258,48.38709677419355,6.451612903225808,-22.58064516129032,0.019296438320751515,12817475963.0,0.0007859957933958636,0.6838528833057739,False,True,False
6212,0.01964370445720065,10623286699.0,0.0004915849285792962,398657.0,0.13198242440583252,2.2252780455800836e-05,3.752671007528458e-05,1.5273929619483745e-05,11613.956031149188,5.507269121747834,85.0,5685487378.0,0.02598827328627995,87.09677419354838,77.41935483870968,64.51612903225806,6.451612903225808,0.010679143388101765,10623286699.0,0.0005098268776898696,0.5351909949427601,False,True,False
6213,-0.08016441995406809,143535606.0,6.642006624064661e-06,38.0,-0.366010686633776,1.7020224518048143e-06,2.647426729782992e-07,-1.4372797788265152e-06,12595.077603107065,3.5953861928290416,102.0,82572720.0,-0.09498731173713348,67.74193548387096,45.16129032258064,25.806451612903217,6.451612903225801,7.533900413899129e-05,143535606.0,7.404429773752959e-06,0.5752769107339123,False,False,False
6214,0.03566096093140825,3162721640.0,0.0001463526623697304,52302.0,0.2016855697720108,7.863051596196309e-06,1.6537022840871953e-05,8.673971244675644e-06,13250.563666740207,4.971543435933744,94.0,1928806782.0,0.005432195878234625,83.87096774193549,29.03225806451613,9.677419354838719,-19.35483870967742,0.004706014403492745,3162721640.0,0.00017295923356354777,0.6098566366403336,False,True,False
6215,0.04215941296987347,413084944.0,1.9115207792757565e-05,1853.0,-0.008520383962904776,5.755563914647451e-06,4.485760197544261e-06,-1.2698037171031906e-06,12210.710705186098,3.5186828346715275,94.0,265387390.0,0.05644307673441862,93.54838709677419,74.19354838709677,32.25806451612903,22.58064516129032,0.0012765328017860244,413084944.0,2.3797717843067157e-05,0.6424523426833005,True,False,True
6216,0.03267815325910073,1199522894.0,5.5507056609112115e-05,15910.0,-0.020076822185023713,1.7239570247982564e-05,1.3263606788650421e-05,-3.975963459332143e-06,11255.582436985984,3.855299378605054,86.0,617706256.0,0.019416726101737947,80.64516129032258,29.03225806451613,54.83870967741935,-41.935483870967744,0.0037744837864880075,1199522894.0,5.539072218233658e-05,0.5149599554037357,False,False,False
6217,0.037767382749736234,2567046315.0,0.00011878821641308136,257252.0,0.08351735484317824,8.076919961001631e-05,0.00010021322891480437,1.944402930478806e-05,12860.006444654662,8.10947336847079,80.0,1566989542.0,0.025976049866974105,80.64516129032258,77.41935483870968,16.129032258064512,25.80645161290323,0.028518125858059136,2567046315.0,0.00014051449461691844,0.6104251149827813,False,True,False
6301,0.04191778646691979,4806503608.0,0.00022241748714898444,133288.0,0.010609493793048319,3.230071749975135e-05,2.773076041764619e-05,-4.569957082105161e-06,10668.473478485319,1.7520992033098195,87.0,2483594275.0,0.04848171511195121,87.09677419354838,77.41935483870968,6.451612903225808,6.451612903225808,0.007891466269412764,4806503608.0,0.0002227079281841799,0.516715366834694,True,True,True
6302,0.03408756877048513,21191574146.0,0.000980624806447603,798841.0,-0.03420547075168512,5.30469001015097e-05,3.7696161431725666e-05,-1.535073866978403e-05,11056.03839883146,5.117615780268137,87.0,9717962891.0,0.026091536550475913,87.09677419354838,74.19354838709677,9.677419354838705,-3.225806451612911,0.010727364916957142,21191574146.0,0.0008714254994911973,0.45857673545380806,False,False,False
6303,0.010091894439669291,4896429975.0,0.00022657876491090833,275825.0,0.09844284906781242,3.7040017209066486e-05,5.633185839648406e-05,1.9291841187417575e-05,11063.073525265925,3.7630589177990426,76.0,2229276439.0,0.007726351325380465,87.09677419354838,74.19354838709677,12.903225806451616,-6.451612903225808,0.016030608383400514,4896429975.0,0.0001999028352082573,0.45528608606314236,False,True,False
6304,0.011333247699576221,3705564714.0,0.00017147233402343577,141405.0,-0.09337177561926613,6.590761766028722e-05,3.816017555050585e-05,-2.774744210978137e-05,11019.875269604858,4.418893376125459,89.0,1627920679.0,-0.005953560932259183,70.96774193548387,70.96774193548387,-9.677419354838705,-12.903225806451616,0.010859411485884077,3705564714.0,0.00014597828853034917,0.43931783807459907,False,False,False
6305,0.020083013946053274,5316210952.0,0.00024600382680036267,724650.0,0.159105246769373,7.195969464761683e-05,0.00013630948932291353,6.43497946752967e-05,11971.214954509202,7.717457809270506,101.0,3364177757.0,0.026263527099596562,64.51612903225806,67.74193548387096,-6.451612903225808,-16.129032258064527,0.03879019979950324,5316210952.0,0.0003016712777310502,0.6328149479723656,False,True,False
6306,0.025398853803267674,5429785646.0,0.0002512594138348029,360910.0,0.13624163631410435,3.978568788651715e-05,6.646855392272698e-05,2.6682866036209834e-05,11303.524133868175,3.2028169483646036,80.0,2642899037.0,0.01751153316098808,83.87096774193549,70.96774193548387,51.612903225806456,25.80645161290323,0.01891525307485118,5429785646.0,0.00023699304465912984,0.4867409524622696,False,True,False
6307,-0.24563608789722458,19486106098.0,0.0009017055028153974,2494321.0,-0.10478429261752154,5.438677815957539e-05,0.0001280051020689049,7.361832390932949e-05,11226.46148172702,3.277214826730534,81.0,10486902829.0,-0.259294620336861,87.09677419354838,41.935483870967744,45.16129032258064,-35.483870967741936,0.036426983251663866,19486106098.0,0.0009403775913098386,0.5381733413673832,False,False,False
6308,-0.062132066533620134,77673500.0,3.594285180460982e-06,0.0,0.0,1.1116869878065687e-06,0.0,-1.1116869878065687e-06,11581.33390293987,8.48573787349969,0.0,43314269.0,-0.08299090068704251,54.83870967741935,6.451612903225806,-3.225806451612911,-74.19354838709677,0.0,77673500.0,3.884060777117973e-06,0.557645387422995,False,False,False
6309,0.041032846510010934,4600892256.0,0.00021290297015891515,96053.0,-0.12497844950846804,4.9761938165496414e-05,2.0877037464795613e-05,-2.88849007007008e-05,10988.406344673376,13.038284392549489,112.0,2263868246.0,0.044394367227305276,74.19354838709677,74.19354838709677,19.354838709677416,22.58064516129032,0.005941071736852332,4600892256.0,0.00020300473866594545,0.4920498286061146,True,False,False
6310,0.03869904592903706,669239789.0,3.096858846038269e-05,3519.0,-0.1944771567994994,1.8745493272497922e-05,5.258204992949096e-06,-1.3487288279548826e-05,12364.269301661321,15.390230764260725,107.0,379663718.0,0.029561702677716628,80.64516129032258,90.32258064516128,9.677419354838705,19.35483870967741,0.0014963508650527551,669239789.0,3.404506158417631e-05,0.5673059555638584,False,False,False
6401,0.02675324549965019,1435373221.0,6.642086035354202e-05,567259.0,0.07972658645606634,0.00030731092553518705,0.0003951996537909495,8.788872825576244e-05,11600.588030641544,5.095814104455356,70.0,763092276.0,0.036254013300831556,70.96774193548387,74.19354838709677,29.032258064516128,25.806451612903217,0.11246372946882206,1435373221.0,6.842772247947398e-05,0.531633351406937,False,True,False
6402,0.08392435765414041,40020680313.0,0.0018519281114019901,1440025.0,0.10804304960000066,3.2232743646245323e-05,3.598202201305993e-05,3.7492783668146055e-06,11495.804095128577,3.439472904416366,91.0,20288620805.0,0.07512373086598667,90.32258064516128,87.09677419354838,48.38709677419354,32.25806451612903,0.010239564611457272,40020680313.0,0.0018193135451626849,0.5069534212393088,True,True,True
6403,0.05094932174914413,56905889942.0,0.0026332790063467496,4145146.0,0.08283604007941126,6.273038797367778e-05,7.284212590691127e-05,1.0111737933233493e-05,11625.053321874399,9.535961319447782,78.0,31489141786.0,0.05235938328966383,90.32258064516128,12.903225806451612,41.93548387096773,-45.161290322580655,0.02072900890308511,56905889942.0,0.00282368243398288,0.5533547022653468,True,True,True
6404,0.03440346567724517,43187945995.0,0.0019984910460372936,1777396.0,0.20154839237589361,1.9460999880888196e-05,4.1154909293574056e-05,2.169390941268586e-05,11596.277703094502,4.899166315404608,85.0,22954900803.0,0.039475857546912074,100.0,96.7741935483871,41.93548387096774,25.80645161290323,0.011711636234263372,43187945995.0,0.002058403198529477,0.5315117511181837,False,True,False
6405,0.024373622190506428,3344584314.0,0.0001547682264171495,178519.0,0.041425693520626305,4.914652208694811e-05,5.337554184319481e-05,4.229019756246697e-06,11698.731771138122,3.4781419397933857,97.0,1840513274.0,0.027453614504244772,77.41935483870968,87.09677419354838,29.032258064516128,38.70967741935483,0.015189316186193288,3344584314.0,0.00016504181144805618,0.5502965693810881,False,True,False
6406,0.06035324483123272,9274551303.0,0.00042917317107891355,1026138.0,0.016421525336360876,0.0001367087909888799,0.00011064017724157496,-2.606861374730494e-05,13451.510158769026,5.005196021747084,69.0,4902156560.0,0.04697286223626462,41.935483870967744,67.74193548387096,22.580645161290324,48.38709677419354,0.031485369084511,9274551303.0,0.00043958433231292834,0.5285599701641976,True,True,True
6501,0.18103161375114296,102790955.0,4.7565772913790636e-06,974.0,0.0,0.0,9.475541889848187e-06,9.475541889848187e-06,9074.566547377637,3.8577255275452473,65.0,75771516.0,0.2728087412438911,90.32258064516128,90.32258064516128,35.48387096774193,61.29032258064515,0.0026964972500559976,102790955.0,6.7945547763571154e-06,0.7371418623360392,True,False,True
6502,0.05233009595491378,30874263.0,1.4286842482771452e-06,0.0,0.0,0.0,0.0,0.0,9149.230917447325,1.8516997103412078,0.0,20163302.0,0.1496146117827648,96.7741935483871,96.7741935483871,35.48387096774194,41.93548387096775,0.0,30874263.0,1.8080760045929526e-06,0.653078002218223,True,False,True
6503,0.0,0.0,0.0,0.0,0.0,0.0,0.0,0.0,0.0,0.0,0.0,0.0,0.0,100.0,100.0,100.0,100.0,0.0,0.0,0.0,0.0,False,False,False
6504,0.06573188082495207,444837865.0,2.05845513061392e-05,8659.0,-0.048043818007258654,3.4231110445911394e-05,1.9465519195403925e-05,-1.4765591250507468e-05,10849.758184784921,2.7972398495369446,93.0,200036012.0,0.11472670576911903,87.09677419354838,90.32258064516128,54.83870967741935,29.03225806451612,0.005539389682563037,444837865.0,1.7937553747479848e-05,0.4496829693218674,True,False,True
6505,0.09851802537232213,7853837579.0,0.0003634306683739919,394248.0,0.09495736280582934,5.101965056775227e-05,5.019813511985031e-05,-8.215154479019625e-07,11360.303791447683,4.040336273724253,91.0,4304307720.0,0.09352046831709337,96.7741935483871,64.51612903225806,58.06451612903226,-19.354838709677423,0.014285107372448586,7853837579.0,0.0003859742568412754,0.5480515323501319,True,True,True
6506,0.05133246396583635,4541739513.0,0.00021016571964814227,572525.0,-0.04965944058185745,0.00020887010492207791,0.0001260585285354299,-8.281157638664801e-05,11251.774650375903,3.9958013523407128,65.0,2157388356.0,0.05035300284335076,93.54838709677419,100.0,48.38709677419355,45.16129032258065,0.03587303813263372,4541739513.0,0.00019345651416974454,0.4750136703844028,True,False,True
6507,0.07119153846753878,426710558.0,1.974572325137449e-05,104855.0,-0.21879898204080217,0.0011911800755783518,0.0002457286280692403,-0.0009454514475091115,11986.345426583048,6.104875396552374,60.0,272989341.0,0.09138247891502149,80.64516129032258,93.54838709677419,38.70967741935483,29.032258064516128,0.06992809250926708,426710558.0,2.447939712313703e-05,0.6397529563822042,True,False,True
6601,0.050793763831280536,2873705038.0,0.00013297862760271474,47573.0,-0.19786788251276677,6.386696136490453e-05,1.655458697776066e-05,-4.731237438714387e-05,11851.533514417355,1.4462648803246019,75.0,1676339753.0,0.04630848621966566,83.87096774193549,100.0,51.612903225806456,54.83870967741936,0.004711012708325395,2873705038.0,0.0001503201054541849,0.583337444460436,True,False,True
6602,0.04100095419450733,199654360.0,9.238861482518773e-06,5121.0,0.2746414133318986,9.319475946150918e-06,2.5649327167210374e-05,1.632985122105946e-05,11627.435382773509,1.9078086088778636,65.0,107467701.0,0.041480930032495866,87.09677419354838,83.87096774193549,19.354838709677423,25.806451612903224,0.00729914351877531,199654360.0,9.636803111259755e-06,0.5382687410382623,True,True,False
6603,0.033070471330226114,416542559.0,1.927520643263139e-05,28895.0,0.33135561414402814,1.9513837704965458e-05,6.936866203868499e-05,4.985482433371953e-05,11836.741846592438,1.8308626778925352,54.0,252587818.0,0.051336052744079375,70.96774193548387,83.87096774193549,29.032258064516128,32.25806451612904,0.019740549786158437,416542559.0,2.2649959454968826e-05,0.6063913819668064,False,True,True
6701,-0.04779345569929139,93687248.0,4.335309817177967e-06,8863.0,0.0,0.0,9.460198894944593e-05,9.460198894944593e-05,12941.636797539404,3.910517732467554,53.0,63464184.0,0.01585648927256722,80.64516129032258,67.74193548387096,22.580645161290313,9.677419354838698,0.02692131025512207,93687248.0,5.690936347700986e-06,0.6774047200105611,False,False,False
6702,0.05478175253481843,3662816094.0,0.00016949417247089652,8665.0,2.8685989838940524,3.564494313671651e-09,2.3656661370998113e-06,2.3621016427861398e-06,10767.226681185648,1.2005196621397736,89.0,1660017568.0,0.06379146874752895,90.32258064516128,87.09677419354838,54.838709677419345,22.58064516129032,0.0006732081718803353,3662816094.0,0.00014885646864306004,0.4532080031861955,True,True,True
6703,0.10743864134174519,976644177.0,4.519350475998394e-05,69945.0,0.1893628610422895,5.012412556029154e-05,7.161769009349246e-05,2.149356453320092e-05,17493.85919969295,2.655750720703674,60.0,284734639.0,0.042421715026595974,77.41935483870968,51.61290322580645,22.580645161290327,29.032258064516128,0.020380565738342075,976644177.0,2.553261705113263e-05,0.29154388640766965,True,True,False
6704,0.07114010110335789,3725411951.0,0.00017239075059822894,43754.0,0.17186960090655612,7.493391263603949e-06,1.1744741407257058e-05,4.251350143653109e-06,9880.191648129494,2.056931358683436,86.0,2539905472.0,0.07826599631138564,64.51612903225806,54.83870967741935,16.129032258064512,6.451612903225801,0.003342253485388249,3725411951.0,0.0002277574445821194,0.6817784195163227,True,True,True
6801,-0.06422464083059287,593842399.0,2.7479628628233536e-05,321610.0,0.12862233713281235,0.00021221357471893092,0.0005415746678606557,0.0003293610931417248,12363.205895317016,9.945310795370286,48.0,457411960.0,-0.06603809433114571,16.129032258064516,3.225806451612903,-32.25806451612904,-77.41935483870968,0.1541183205733942,593842399.0,4.10168725881223e-05,0.7702581708046751,False,True,False
6802,0.015476036051992326,11011643907.0,0.0005095558782267256,542471.0,-0.035620700353773516,6.377248850621375e-05,4.926339832467305e-05,-1.4509090181540701e-05,12210.880264069549,6.415744508818167,91.0,6363043142.0,0.03128976698886565,48.38709677419355,45.16129032258064,-25.806451612903217,-29.032258064516128,0.014019105150409756,11011643907.0,0.0005705844023583016,0.577846795241451,False,False,False
6803,0.033107217502029274,656749456.0,3.0390607311072785e-05,1162941.0,-0.06040694962535509,0.002845679327751996,0.001770752894236124,-0.001074926433515872,11162.169461530548,2.5066962321559974,17.0,490580274.0,0.04234678202719433,93.33333333333333,20.0,43.33333333333333,-30.0,0.503911054939456,656749456.0,4.3991129118932796e-05,0.7469823834920695,False,False,False
6804,0.034562753071751384,5245051336.0,0.00024271096690302196,10562901.0,0.008388740694216912,0.0022891682833697962,0.002013879430979129,-0.00027528885239066743,11898.547498753023,8.137316541060041,36.0,3023960980.0,0.03783206106993986,93.54838709677419,100.0,48.38709677419355,54.83870967741936,0.5730986587054772,5245051336.0,0.00027116348734762736,0.5765360120013895,False,True,False
6805,0.02119868498856503,4838921136.0,0.00022391758487185748,535627.0,-0.27534367992213704,0.0006151835727413394,0.00011069140929268495,-0.0005044921634486545,11516.756177831412,13.023245778822417,59.0,2149615648.0,0.029229708709171742,96.7741935483871,100.0,29.032258064516142,35.483870967741936,0.031499948417971685,4838921136.0,0.0001927595228324374,0.4442344868998915,False,False,False
6806,0.05232193146169495,5520868483.0,0.0002554742064117235,489004.0,-0.0678736819900515,0.00016243300068805857,8.857374550865568e-05,-7.385925517940289e-05,11787.869054108927,17.65167943817195,61.0,2708102739.0,0.07079724120540742,29.03225806451613,67.74193548387096,-22.580645161290317,19.35483870967741,0.025205826111869615,5520868483.0,0.000242839966408198,0.49052114668894203,True,False,True
6807,0.051476778470788576,2494364465.0,0.00011542491623549841,11928714.0,0.06582469197517349,0.004468926974322494,0.004782265850632217,0.0003133388763097234,10606.746988657489,11.731527067472092,27.0,1157515327.0,0.10042113344893466,80.0,90.0,33.333333333333336,36.666666666666664,1.3609107389501587,2494364465.0,0.00010379627740026237,0.4640522037744793,True,True,True
6808,0.04160424345190927,474594220.0,2.1961505168151805e-05,25267.0,1.3601897342892588,8.912721845816738e-07,5.323916502817923e-05,5.2347892843597557e-05,12460.519878788242,10.286393985015776,72.0,310083901.0,0.0009919580940334072,67.74193548387096,54.83870967741935,22.58064516129032,9.677419354838712,0.015150506827220913,474594220.0,2.7805726502964476e-05,0.6533663663244782,True,True,False
6809,0.054426040983534874,2696484671.0,0.00012477788296285744,18304174.0,0.04110223056012652,0.007233790226157027,0.006788161711748889,-0.0004456285144081376,11122.58752924355,16.223397612559122,31.0,1250008859.0,0.08585346739032129,80.64516129032258,77.41935483870968,22.580645161290313,12.903225806451616,1.9317374775448914,2696484671.0,0.00011209032248222615,0.46356979976319695,True,True,True
6810,0.030470529594225138,9902796304.0,0.0004582447552973793,8913558.0,0.14933215894921914,0.0005214868181642226,0.0009001051547833594,0.0003786183366191368,11513.07868485164,13.781654315341067,53.0,5504151680.0,0.030961361202783477,87.09677419354838,61.29032258064516,38.70967741935483,6.451612903225808,0.25614694155222006,9902796304.0,0.0004935662114393757,0.5558179236481647,False,True,False
6811,0.04044813124608604,1563956201.0,7.237094499596847e-05,1681864.0,0.02793888078232576,0.0011424363029630053,0.0010753907295642995,-6.704557339870586e-05,11726.809435038647,15.772303819857969,48.0,883538445.0,0.059443805136567995,64.51612903225806,61.29032258064516,6.451612903225801,-6.451612903225801,0.3060287399618372,1563956201.0,7.922832587340458e-05,0.5649381002070658,True,True,True
6812,-0.060749885139137816,116921101.0,5.410439604337151e-06,684.0,0.009319314559933067,4.082503532709719e-06,5.850098862822032e-06,1.7675953301123136e-06,12703.275357807313,7.6856972755895026,96.0,60346457.0,-0.012750949142651402,93.54838709677419,90.32258064516128,38.70967741935484,51.61290322580644,0.0016647887455445637,116921101.0,5.411364709207867e-06,0.51612973606877,False,True,False
6813,0.05525662436538914,1496794955.0,6.926310678603722e-05,48801.0,-0.24720754056706395,0.00017647392508694164,3.260366414049011e-05,-0.00014387026094645153,11833.927532206975,12.143739167808343,66.0,705170539.0,0.08676346665015,90.32258064516128,96.7741935483871,25.806451612903217,48.38709677419355,0.00927817023222399,1496794955.0,6.323378634668958e-05,0.47112033391373903,True,False,True
6814,0.10011925535610211,418329455.0,1.9357893756001975e-05,831.0,0.020179604033338183,2.896664699374238e-06,1.986472599688205e-06,-9.101920996860328e-07,12659.621487559369,4.209869904779734,70.0,274988190.0,0.1306672919793168,38.70967741935484,70.96774193548387,-32.25806451612903,12.903225806451609,0.0005652993743935264,418329455.0,2.465863715602969e-05,0.6573483810744333,True,True,True
6815,0.038711875459294554,8810465390.0,0.00040769793023671377,742222.0,0.3533847467458513,2.243386336859603e-05,8.424322293376604e-05,6.180935956517e-05,12548.613704228172,10.589712354644956,71.0,5995252228.0,0.055337305220017896,74.19354838709677,93.54838709677419,29.032258064516128,45.16129032258064,0.023973469973271783,8810465390.0,0.000537603994372015,0.6804694147944437,False,True,True
6901,-0.009924126634373698,248163362.0,1.1483580556688884e-05,0.0,0.0,0.0,0.0,0.0,12073.86029537672,11.718889012756437,0.0,120724179.0,-0.05274504197392904,83.87096774193549,93.54838709677419,12.903225806451616,29.032258064516128,0.0,248163362.0,1.0825533001692104e-05,0.4864705975413083,False,False,False
6902,0.03769548929140365,4348967961.0,0.0002012453551407097,1232207.0,0.12435923418521999,0.00018972372934229095,0.0002833331979103996,9.360946856810863e-05,12186.394192801918,5.057284303565754,45.0,2123713772.0,0.04650357562343821,90.32258064516128,87.09677419354838,22.58064516129032,32.25806451612903,0.08062939279847402,4348967961.0,0.00019043685958662865,0.4883259180211744,False,True,True
6903,0.04724606910975804,2415065186.0,0.00011175539930461542,354071.0,-0.03894894772307689,0.0002252542022293459,0.00014660929322012927,-7.864490900921664e-05,12227.581134033622,10.383989216563842,53.0,1395414090.0,0.06341483437897577,90.32258064516128,96.7741935483871,45.16129032258064,38.70967741935484,0.0417212609681224,2415065186.0,0.00012512904546090273,0.5777956214553291,True,False,True
6904,0.035147227669789505,1321913664.0,6.11706012007194e-05,14113.0,0.0,0.0,1.0676188910322058e-05,1.0676188910322058e-05,11334.935085129735,7.776773963190183,92.0,770059144.0,0.08168224626635867,38.70967741935484,22.58064516129032,-9.677419354838712,-35.48387096774194,0.0030381707318084578,1321913664.0,6.905245283653387e-05,0.5825336139350171,False,False,True
6905,-0.00023402966028374106,695433523.0,3.21806846056206e-05,0.0,0.0,2.8169566138196575e-05,0.0,-2.8169566138196575e-05,12235.533395301969,10.154053756537154,0.0,499321338.0,-0.006510347022144258,19.35483870967742,16.129032258064516,-35.483870967741936,-35.483870967741936,0.0,695433523.0,4.477495450988371e-05,0.7180000984795781,False,False,False
6906,-0.023965711899224806,104243467.0,4.823791236367274e-06,194.0,0.0,0.0,1.8610278953979917e-06,1.8610278953979917e-06,12487.275212978095,6.822213164744409,69.0,75886682.0,-0.04937990610546639,22.58064516129032,19.35483870967742,-35.48387096774194,-45.16129032258064,0.0005296010149661831,104243467.0,6.804881898429926e-06,0.7279754231504982,False,False,False
6907,0.021437744427772243,17560704045.0,0.0008126089117576101,21727004.0,0.060506138050813396,0.0010255373879910327,0.0012372513052052864,0.00021171391721425364,11444.330991957731,7.069239861926789,43.0,8666497164.0,0.04316206048831406,77.41935483870968,80.64516129032258,16.12903225806452,3.225806451612897,0.3520901264431748,17560704045.0,0.0007771388617847055,0.4935164980738675,False,True,False
6908,-0.4380799669955002,15924161.0,7.368790629181733e-07,0.0,0.0,0.0,0.0,0.0,5021.686886172528,4.53830730064204,0.0,15920919.0,-0.07485048766995561,38.88888888888889,38.88888888888889,-22.22222222222222,-22.22222222222222,0.0,15924161.0,1.4276546378647717e-06,0.999796409996106,False,False,False
6909,0.04845988690294356,6165410147.0,0.0002852999069544422,26194.0,-0.05826635138539682,7.267055987539744e-06,4.248541358233178e-06,-3.0185146293065654e-06,13025.288976381542,9.439973346081791,76.0,3829929924.0,0.03953801866113782,64.51612903225806,90.32258064516128,-6.451612903225808,41.93548387096773,0.0012090263778474501,6165410147.0,0.000343436030212557,0.621196292328352,True,False,False
6910,0.02422891050247955,7754041696.0,0.0003588126858788305,2351838.0,0.091982690317165,0.00022018394674117915,0.0003033047915144974,8.312084477331825e-05,11305.4083458252,4.009677615520758,58.0,4073294582.0,0.030769927393152985,90.32258064516128,87.09677419354838,48.38709677419354,3.225806451612897,0.08631279833440252,7754041696.0,0.00036525893394607096,0.5253124424261543,False,True,False
6911,0.0554153796032828,5260584595.0,0.00024342975725787867,77257.0,0.12512151572620311,1.0666545110188529e-05,1.4686010386265825e-05,4.019465276077296e-06,12266.266171477468,2.330453293199191,89.0,3004328313.0,0.03360408569821893,83.87096774193549,80.64516129032258,9.677419354838719,16.129032258064512,0.004179263527217025,5260584595.0,0.00026940299424442113,0.5711016064365751,True,True,False
6912,0.027650411322986068,2854620322.0,0.00013209549613712988,131863.0,0.15724705693419883,2.550769268782647e-05,4.61928330656647e-05,2.068514037783823e-05,11229.838891186524,3.476734542552339,75.0,1321010332.0,0.018547142486573298,100.0,100.0,51.61290322580645,45.16129032258065,0.013145300689062356,2854620322.0,0.00011845713976354517,0.46276218305433897,False,True,False
6913,0.040855844953257,2082217825.0,9.635312778346796e-05,76695.0,0.17430444886505247,2.0150706964305282e-05,3.683332218136208e-05,1.6682615217056797e-05,11022.900017137257,2.4271275810470705,80.0,781286028.0,0.03179669535284302,93.54838709677419,54.83870967741935,35.48387096774193,-16.12903225806452,0.010481822900163517,2082217825.0,7.005918574004088e-05,0.3752182017748311,True,True,False
6914,0.05275909424199288,1936557571.0,8.961280460587995e-05,78177.0,-0.27239592856891015,0.00025598704913348873,4.036905546765178e-05,-0.00021561799366583696,13162.594064044482,9.011675975116278,76.0,1171390705.0,0.042326050075613075,64.51612903225806,41.935483870967744,6.451612903225801,-16.12903225806452,0.011488002303330545,1936557571.0,0.00010504050505783834,0.6048829751005631,True,False,False
7001,0.09735420674047268,593744555.0,2.7475100967716152e-05,609.0,-0.755467905736211,0.0018666912011581023,1.0256936166766196e-06,-0.0018656655075414256,13068.255410419722,14.131629825815104,114.0,388589635.0,0.09276219367338578,38.70967741935484,77.41935483870968,-12.903225806451609,22.580645161290327,0.00029188621072233015,593744555.0,3.484546304355476e-05,0.6544727555438382,True,False,True
7002,-0.015844511887824653,1273418246.0,5.8926510716350075e-05,64692.0,0.5791834463165528,4.775679666780377e-06,5.080184786358087e-05,4.602616819680049e-05,13678.794674145889,6.1289614670739905,52.0,718520094.0,0.005024248380729235,77.41935483870968,74.19354838709677,29.032258064516128,16.129032258064505,0.014456908602628077,1273418246.0,6.443086260272611e-05,0.5642451694539329,False,True,False
7003,-0.16034104717796194,1975555601.0,9.141741031176642e-05,2848113.0,0.011072173874391966,0.0005694712232950578,0.0014416769634619866,0.0008722057401669289,16907.19844673205,5.578012997861348,25.0,632976786.0,0.060641317852209387,93.33333333333333,66.66666666666666,36.666666666666664,3.3333333333333286,0.41026444847542226,1975555601.0,5.676005538333792e-05,0.32040443998619705,False,True,True
7004,0.32240563037144265,1989853937.0,9.207905549564575e-05,842.0,0.0,0.0,4.2314663621463587e-07,4.2314663621463587e-07,18763.666640273106,3.8520791662033353,84.0,490230091.0,0.11418708274063283,87.09677419354838,58.06451612903226,19.354838709677423,-22.580645161290313,0.00012041672699960931,1989853937.0,4.395972764116312e-05,0.24636486220646656,True,False,True
7005,0.031254277577990264,5476918681.0,0.0002534404610286418,25593168.0,0.6977431189634575,0.00038641740090789224,0.004672913638244321,0.004286496237336429,12379.939565369823,18.83953219534136,34.0,3380367199.0,0.047317705663870946,93.54838709677419,93.54838709677419,61.29032258064516,48.38709677419355,1.3297918917729419,5476918681.0,0.0003031230112619942,0.6172023716048305,False,True,True
7006,-0.016401057797692187,2429096054.0,0.00011240466759974057,246134.0,-0.0021210460142070398,9.428180112481784e-05,0.00010132740514509106,7.045604020273222e-06,15808.120682422796,7.1711823499179435,53.0,823464534.0,0.019862453951634995,70.96774193548387,58.06451612903226,12.903225806451609,-19.354838709677416,0.02883519196108219,2429096054.0,7.384140080621306e-05,0.3390004000228803,False,False,False
7007,0.031239998727276452,11799984154.0,0.0005460357544644778,4768617.0,0.012400432851466414,0.00044314734946052006,0.00040412062743181885,-3.902672202870121e-05,11871.874229457631,6.975305045870178,56.0,6384728926.0,0.03672038304826275,87.09677419354838,93.54838709677419,32.25806451612903,48.38709677419355,0.11500241075692852,11799984154.0,0.0005725290017940084,0.5410794491478772,False,True,False
7008,0.046689184172328035,2308894892.0,0.00010684244553879586,7116.0,-0.037443161849371354,4.685851708677e-06,3.081993911743645e-06,-1.6038577969333547e-06,11265.65183337631,11.184104488257885,87.0,972516815.0,0.03279087672592995,41.935483870967744,12.903225806451612,-9.677419354838705,-48.38709677419355,0.000877056764068531,2308894892.0,8.720716067560083e-05,0.42120445515715577,True,False,False
7009,0.04549755441274761,7812492932.0,0.00036151747465923087,3567387.0,0.14472667264975914,0.00029017947009394115,0.0004566259491113227,0.00016644647901738153,11667.820914391708,5.642677211854112,45.0,3728141673.0,0.06286690682804386,90.32258064516128,96.7741935483871,25.806451612903217,38.70967741935484,0.12994408450687758,7812492932.0,0.0003343085125975064,0.47720256587107013,True,True,True
7010,0.05730988917480384,13816895620.0,0.0006393668775958629,22002573.0,-0.09052248752436431,0.0033815408541233924,0.001592439691601289,-0.0017891011625221034,10971.115479656059,14.646524609983945,52.0,4739498204.0,0.05343611167836482,70.96774193548387,83.87096774193549,22.58064516129032,32.25806451612904,0.4531676709575174,13816895620.0,0.0004249984936229093,0.3430219301316543,True,False,True
7011,-0.06125932645134069,84735249.0,3.92106252123789e-06,851.0,-0.15726099056177156,1.7223766912500235e-05,1.0043045958359077e-05,-7.180720954141158e-06,12766.846754318265,8.156967337872146,81.0,53489856.0,-0.05808726738905934,93.54838709677419,93.54838709677419,54.83870967741935,35.48387096774193,0.0028579944159093495,84735249.0,4.796522172942327e-06,0.6312586158801516,False,False,False
7012,0.0,0.0,0.0,0.0,0.0,0.0,0.0,0.0,0.0,0.0,0.0,0.0,0.0,100.0,100.0,100.0,100.0,0.0,0.0,0.0,0.0,False,False,False
7013,0.05991920376835669,9498601478.0,0.00043954093130192646,1388720.0,0.14554357572792953,9.914270337964064e-05,0.00014620257552824557,4.705987214860492e-05,11270.902281878321,3.877232519650534,59.0,4410887246.0,0.06645822495819731,90.32258064516128,93.54838709677419,22.58064516129032,29.032258064516128,0.0416055194991423,9498601478.0,0.0003955314158592522,0.4643722821950358,True,True,True
7014,0.06008434474647517,539519645.0,2.4965882374182573e-05,53966.0,0.1632590386470334,6.286847012823599e-05,0.00010002601480804281,3.7157544679806815e-05,14533.489371602029,6.296605291323298,42.0,291174460.0,0.07378509426326074,35.483870967741936,19.35483870967742,-6.451612903225808,-38.70967741935485,0.028464849504060315,539519645.0,2.6110086248587186e-05,0.5396920440218632,True,True,True
7015,0.03168347017883,162331390.0,7.511767969779037e-06,132.0,0.30407082048733636,2.519984666397302e-07,8.131514182192365e-07,5.611529515795064e-07,13778.807007320025,7.1619375748526215,77.0,87660954.0,0.018037057010124036,87.09677419354838,70.96774193548387,54.83870967741935,19.354838709677423,0.00023140212861667118,162331390.0,7.860699972014832e-06,0.5400123414208429,False,True,False
7016,0.020339923738457832,955731273.0,4.422577521351567e-05,261180.0,0.3314066071859958,7.223954158484908e-05,0.00027327765385364765,0.00020103811226879857,11871.306670324891,4.207145561440591,55.0,579584214.0,0.009506406625395813,87.09677419354838,80.64516129032258,22.58064516129032,41.93548387096774,0.07776784174291922,955731273.0,5.197225682451549e-05,0.6064301026592022,False,True,False
7017,0.041925702287529676,1348414174.0,6.239689318405552e-05,52045.0,-0.023645817913706346,5.3419830596756194e-05,3.859719142940424e-05,-1.4822639167351955e-05,11973.0440770211,9.05770257599351,65.0,876285331.0,0.04398451871526876,96.7741935483871,96.7741935483871,51.61290322580646,25.80645161290323,0.010983775045180126,1348414174.0,7.857792737310054e-05,0.6498636308461112,True,False,False
7018,0.09204138633636871,1583484625.0,7.327460872917167e-05,1800008.0,-0.034054346129300916,0.0020993875077632246,0.001136738539535867,-0.0009626489682273576,13003.678725747022,3.145402697667601,34.0,761307587.0,0.07462468123806287,87.09677419354838,87.09677419354838,70.96774193548387,45.16129032258064,0.32348676007386057,1583484625.0,6.826768652124843e-05,0.4807799046359544,True,False,True
7019,0.03549247886049445,13117403859.0,0.0006069984009543203,6294245.0,0.08070358343595485,0.0003875230505530618,0.00047983923249275023,9.231618193968841e-05,11843.602292656835,11.56709735649637,61.0,6996381361.0,0.0495384031206203,64.51612903225806,96.7741935483871,22.58064516129032,51.61290322580646,0.13654999217215338,13117403859.0,0.000627376868025162,0.5333663151797909,False,True,True
7020,0.013179865803428559,4098251915.0,0.00018964365097337368,40010.0,-0.05581807523140658,1.3890703591444175e-05,9.762699031155093e-06,-4.128004560289082e-06,14002.186270404269,7.44606811171925,85.0,2061434215.0,0.025469799773619295,77.41935483870968,74.19354838709677,45.16129032258065,16.129032258064505,0.00277821483949514,4098251915.0,0.00018485215066403357,0.5030032945156325,False,False,False
7101,0.1585036399827171,999386376.0,4.6245883612962044e-05,0.0,0.0,0.0,0.0,0.0,16644.522772064483,5.5415425016614925,0.0,240911392.0,0.0811444667414869,19.35483870967742,19.35483870967742,-41.935483870967744,-45.16129032258064,0.0,999386376.0,2.1602915390955637e-05,0.24105931177913115,True,False,True
7102,-0.014288720539549105,72974820974.0,0.0033768571980616487,13044.0,0.0,0.0,1.7874658445064787e-07,1.7874658445064787e-07,13600.947065700875,9.21833277496746,94.0,31522510180.0,0.007590237429179414,9.67741935483871,45.16129032258064,-29.032258064516128,19.354838709677416,5.086671337968158e-05,72974820974.0,0.0028266746320119132,0.43196420024423315,False,False,False
7103,0.17331366532631587,9482969327.0,0.00043881756479110834,1693510.0,0.07501002634485188,0.0002765995630285743,0.00017858435913930697,-9.801520388926736e-05,13913.9250815454,14.636815523318308,58.0,4863641930.0,0.17328305503273267,9.67741935483871,19.35483870967742,-45.16129032258064,-19.35483870967742,0.050820548198734106,9482969327.0,0.0004361306629521869,0.5128817527809768,True,True,True
7104,0.12163447302008445,4546310409.0,0.00021037723456319345,18525.0,0.8547404944791428,3.295642580296134e-07,4.0747327686484855e-06,3.745168510618872e-06,13930.783433853736,4.823501614888,75.0,2173467014.0,0.12265714817297901,38.70967741935484,70.96774193548387,-41.93548387096774,22.58064516129032,0.0011595648917077119,4546310409.0,0.00019489831351966532,0.47807272677583684,True,True,True
7105,-0.008257972457216933,351096524.0,1.6246738374407792e-05,622.0,0.09176508776499204,1.0957498818694187e-06,1.771592589165024e-06,6.758427072956054e-07,13695.49655920262,3.2066299018599764,59.0,196578264.0,-0.032145844724895345,48.38709677419355,74.19354838709677,12.903225806451616,22.58064516129032,0.0005041500106733851,351096524.0,1.7627491874244537e-05,0.5598980638156361,False,True,False
7106,0.05697226868718075,29557830904.0,0.001367767302681337,174125983.0,-0.0710715728254786,0.011235637506207336,0.005891027104307437,-0.005344610401899899,13208.058953003645,14.180555032272698,25.0,16379531094.0,0.006531253360054334,43.333333333333336,56.666666666666664,-13.333333333333329,-9.999999999999993,1.6764358779089155,29557830904.0,0.0014687791284158495,0.5541519994210194,True,False,False
7107,-0.01280091613095058,109953636.0,5.088025187645737e-06,0.0,0.0,0.0,0.0,0.0,13938.52572670721,5.04223588848554,0.0,68514933.0,-0.010996936931017554,29.03225806451613,12.903225806451612,-12.903225806451612,-45.161290322580655,0.0,109953636.0,6.1438452051947565e-06,0.6231256690774646,False,False,False
7108,0.06509787066813288,547147740016.0,0.025318866968299707,3356881277.0,0.13460557474110546,0.004472541601959453,0.0061352373984069385,0.0016626957964474857,14281.824400735715,14.439848709596227,31.0,299332023968.0,-0.009502392962698947,38.70967741935484,35.483870967741936,-16.129032258064512,-35.483870967741936,1.7459318913432693,547147740016.0,0.026841588244960243,0.547077145853233,True,True,False
7109,-0.012584523250063984,59619376.0,2.758843616228587e-06,0.0,0.0,0.0,0.0,0.0,14862.591316923545,9.802319833829017,0.0,25903499.0,-0.1319762018516326,58.06451612903226,61.29032258064516,-3.225806451612897,-9.677419354838712,0.0,59619376.0,2.322808782852012e-06,0.4344812163079332,False,False,False
7110,-0.056258602122528756,45235952704.0,0.0020932610791070455,495074.0,0.2285167790191187,2.927830603146472e-06,1.0944259386764789e-05,8.016428783618318e-06,13737.695953658653,5.86643538725842,64.0,25985702225.0,-0.08422361293846148,70.96774193548387,61.29032258064516,-16.129032258064512,16.12903225806452,0.003114456743833107,45235952704.0,0.0023301800794096224,0.5744479926185396,False,True,False
7111,-0.4144614150419501,174266753.0,8.064068282682696e-06,0.0,0.0,0.0,0.0,0.0,16460.908801617483,6.303746313692494,0.0,57235504.0,-0.5222259786882818,61.29032258064516,51.61290322580645,-25.806451612903224,-29.032258064516128,0.0,174266753.0,5.132400506285327e-06,0.32843616475714105,False,False,False
7112,-0.003766463212601323,27467357255.0,0.0012710321425978479,11131106.0,0.16154504419147342,0.00018808187645308767,0.0004052485245180898,0.00021716664806500214,12432.762050238494,10.650465179304573,68.0,20126579664.0,0.015299878693678659,12.903225806451612,3.225806451612903,-58.064516129032256,-67.74193548387098,0.11532338146518259,27467357255.0,0.0018047830531431254,0.7327453994627121,False,True,False
7113,0.13443079875195618,113503964017.0,0.005252314055500006,754595.0,0.2709849145540013,3.766092286963631e-06,6.648181907435241e-06,2.88208962047161e-06,13383.636707617332,12.779239588809242,92.0,60472572946.0,0.11686262678014914,41.935483870967744,9.67741935483871,-32.258064516129025,-45.16129032258064,0.0018919027998258765,113503964017.0,0.0054226737307044035,0.5327793920654855,True,True,True
7114,-0.135615957991435,1811341670.0,8.38185291152381e-05,12839.0,-0.07645375327486781,5.090627093625786e-06,7.088116070338071e-06,1.997488976712285e-06,15234.103886021128,6.190688555357699,74.0,835014981.0,-0.11848970520730273,16.129032258064516,6.451612903225806,-61.29032258064517,-70.96774193548387,0.0020170968282269453,1811341670.0,7.487714812889973e-05,0.4609925310225983,False,False,False
7115,0.028374846227548822,10030429122.0,0.00046415087187868273,0.0,0.0,1.7510767859178534e-06,0.0,-1.7510767859178534e-06,10133.990351441516,7.82400532095537,0.0,7387952216.0,0.03583445663511098,74.19354838709677,58.06451612903226,25.806451612903217,12.903225806451623,0.0,10030429122.0,0.000662489661903042,0.7365539525917005,False,False,False
7116,0.11730866261952988,1785582352.0,8.262653525702157e-05,12370.0,0.0006155246336869702,1.2025951851968062e-05,6.9277118393024975e-06,-5.098240012665564e-06,12224.14963260513,7.216796662607489,98.0,1232083397.0,0.14625403312234675,70.96774193548387,35.483870967741936,16.12903225806452,-9.677419354838705,0.0019714498802304225,1785582352.0,0.0001104829172212504,0.6900176828136572,True,True,True
7117,0.10852557957512232,7943481418.0,0.0003675788723565256,211717.0,-0.07809259547682834,6.69941570653997e-05,2.6652923178022093e-05,-4.0341233887377604e-05,12428.888887156329,3.431197025749692,90.0,5266139408.0,0.09069996814103498,96.7741935483871,90.32258064516128,29.032258064516142,48.38709677419354,0.007584741315163114,7943481418.0,0.000472223264842541,0.6629510577146792,True,False,True
7118,0.05694274602483218,768159958.0,3.554604792191585e-05,18380.0,0.945772308976782,1.1315951099465278e-06,2.3927308119333135e-05,2.2795713009386607e-05,9867.008407970154,6.891557646954562,72.0,419105670.0,0.5605463546794616,93.54838709677419,90.32258064516128,35.48387096774193,58.06451612903225,0.006809100872019683,768159958.0,3.758188541320526e-05,0.545596871634905,True,True,True
7201,-0.008373393713553168,4863291264.0,0.00022504529496495662,14497309.0,5.962588601284566,1.7468044734280104e-07,0.0029809666361780137,0.002980791955730671,11125.811717633123,5.064840825472514,20.0,2410304605.0,0.08459629381662559,16.666666666666664,23.333333333333332,-70.0,-50.0,0.8483069813215162,4863291264.0,0.00021613592456535118,0.49561181392568965,False,True,True
7202,0.09356008797870374,41804421941.0,0.0019344694684837716,25119875.0,0.15737107936152572,0.0004525279186975706,0.0006008903803394897,0.0001483624616419191,15660.811036575913,7.303527821570169,52.0,17937267260.0,0.06505755621912535,90.32258064516128,58.06451612903226,22.58064516129032,-22.580645161290313,0.1709980576315616,41804421941.0,0.0016084638577935687,0.4290758352146449,True,True,True
7203,-0.000707573366751979,4719824619.0,0.00021840647946141993,534.0,0.0,0.0,1.1313979715482305e-07,1.1313979715482305e-07,12471.632126255918,8.605452104800865,83.0,2446987904.0,0.10127367498533202,70.96774193548387,77.41935483870968,-6.451612903225808,-6.451612903225808,3.219669708037791e-05,4719824619.0,0.00021942537550405204,0.5184489046795236,False,False,True
7204,0.047990892620064285,41579046356.0,0.0019240403758691317,417826.0,0.06355397475616753,9.334924387864318e-06,1.0048955823146393e-05,7.140314352820747e-07,12744.191379194075,18.555093690950354,132.0,27939982966.0,0.06955119840251434,77.41935483870968,90.32258064516128,22.580645161290327,45.16129032258064,0.0028596762125107952,41579046356.0,0.0025054236042073084,0.671972674091121,True,True,True
7205,0.02785339088483263,2288463681.0,0.00010589700598841933,148404.0,-0.04663115493676395,9.446102835305874e-05,6.484874600900429e-05,-2.9612282344054455e-05,13785.328421167545,10.173672805469193,67.0,1281380163.0,0.033976585527815795,64.51612903225806,74.19354838709677,12.903225806451616,9.677419354838705,0.018454297106765414,2288463681.0,0.00011490343821075072,0.5599303033028996,False,False,False
7206,-0.15198383224511303,575574726.0,2.6634305238075927e-05,669.0,0.27187963060642373,1.5314929559758664e-07,1.162316498240404e-06,1.0091672026428174e-06,11131.0714287062,6.033472188638792,83.0,373496424.0,0.1242406291281648,70.96774193548387,45.16129032258064,-3.225806451612897,22.58064516129032,0.0003307655939506569,575574726.0,3.3492030324977295e-05,0.6489103970836968,False,True,True
7207,0.0053221144624193695,27242586779.0,0.0012606310509656702,37397955.0,0.4305481509551725,0.00023529532044709605,0.0013727754747881829,0.0011374801543410867,11813.423567961465,11.961863898339919,43.0,13820036051.0,0.07743381267892713,70.96774193548387,83.87096774193549,6.451612903225808,16.129032258064527,0.39065684429895525,27242586779.0,0.0012392650552187656,0.5072952933255663,False,True,True
7208,0.0865220935182538,64033993956.0,0.0029631268775293877,20267531.0,-0.18892452567984885,0.0013654528809428294,0.0003165120547365284,-0.001048940826206301,12893.775175137538,8.211871185919343,47.0,38133561231.0,0.08740004439977378,80.64516129032258,87.09677419354838,48.387096774193544,29.03225806451612,0.09007124818064587,64033993956.0,0.0034194983059544115,0.5955205801656368,True,False,True
7209,0.05297290250630504,14647387155.0,0.0006777972742787572,5110247.0,-0.2954288770262976,0.002601018904919093,0.00034888454479443297,-0.00225213436012466,11706.945026885309,11.432705171494025,50.0,6823990720.0,0.08301765051435384,90.32258064516128,93.54838709677419,54.838709677419345,41.935483870967744,0.09928363217233369,14647387155.0,0.0006119183195489005,0.4658845053925251,True,False,True
7210,0.06316597334240881,55283141922.0,0.0025581875123377455,9399772.0,0.051920268014345794,0.00017931467348568562,0.00017002962699302278,-9.285046492662845e-06,11648.040510256365,8.833606021047135,67.0,25703297626.0,0.08430834422605771,90.32258064516128,100.0,61.29032258064515,48.38709677419355,0.04838608988747539,55283141922.0,0.0023048564008256982,0.4649391610604414,True,True,True
7211,0.04268348624755336,4397942504.0,0.00020351161678882327,473268.0,-0.12631304433838464,0.0002605198454168921,0.00010761122947140738,-0.00015290861594548471,11643.061785126512,10.338651750762386,62.0,1859467150.0,0.0510001414830048,29.03225806451613,19.35483870967742,-29.03225806451613,-32.258064516129025,0.03062340789772435,4397942504.0,0.0001667414362609777,0.42280387892947313,True,False,True
7212,0.057291619113614356,4927235567.0,0.00022800427145819828,2619164.0,0.09192081034105848,0.0004524573003128023,0.0005315686584058951,7.911135809309276e-05,12257.329233889865,10.632811696308783,52.0,3173293172.0,0.041946738160068886,90.32258064516128,100.0,35.48387096774193,41.93548387096774,0.1512708658006278,4927235567.0,0.00028455434729053093,0.6440311466439778,True,True,False
7213,0.031236825924505274,12636407589.0,0.0005847406455407236,50991238.0,0.11715286536396441,0.0027045871420272394,0.004035263791616527,0.001330676649589288,11834.092738413252,16.147369664006394,37.0,6609542163.0,0.06319313149512973,77.41935483870968,87.09677419354838,22.580645161290327,29.03225806451612,1.148333028742363,12636407589.0,0.0005926883695074201,0.5230554741486505,False,True,True
7214,0.034124361774759304,17421963134.0,0.0008061887761858777,40450353.0,0.020382625977259705,0.00248241162091259,0.0023218022382941864,-0.00016060938261840347,12349.976902958588,19.8349479693448,52.0,10911458106.0,0.047471801754144005,83.87096774193549,90.32258064516128,25.806451612903224,35.48387096774193,0.6607256264089441,17421963134.0,0.0009784481518245308,0.6263047408650314,False,True,True
7215,0.021257040210429512,2425947930.0,0.00011225899043263141,242247.0,-0.25739718331336403,0.0004912123629808333,9.985663624692884e-05,-0.00039135572673390447,11430.437206481593,12.854998886863093,66.0,1085406344.0,0.0419414396702813,61.29032258064516,29.03225806451613,-3.225806451612904,-16.12903225806451,0.0284166486908961,2425947930.0,9.733014790034707e-05,0.4474153507490987,False,False,False
7216,0.05712926765483317,14260957435.0,0.0006599155177480783,11487996.0,0.07025113577289166,0.0007573691123639607,0.0008055557316092642,4.818661924530345e-05,11741.515686857669,12.08952795485167,53.0,7225161958.0,0.09002644164891582,90.32258064516128,93.54838709677419,22.58064516129032,19.354838709677423,0.22924059017441897,14260957435.0,0.0006478919953466765,0.5066393326627302,True,True,True
7217,0.01765641542305385,6757053394.0,0.000312677771410298,893182.0,-0.2814111265437712,0.0007529845126108514,0.0001321851327670595,-0.0006207993798437918,11655.675150423564,10.383307897899874,74.0,3219023378.0,0.04574626573421914,90.32258064516128,100.0,45.16129032258064,48.38709677419355,0.03761651324517267,6757053394.0,0.00028865504905821227,0.47639454512204493,False,False,False
7218,0.0826485284632954,3881620227.0,0.0001796191758847444,1.0,-0.634353253178445,5.8629452444583527e-08,2.5762437887254963e-10,-5.8371828065710976e-08,14442.258975588598,3.2913183547095253,93.0,1778781536.0,0.0890933769686475,32.25806451612903,77.41935483870968,-25.80645161290323,32.25806451612904,7.331331941252641e-08,3881620227.0,0.0001595062263440083,0.45825748836195973,True,False,True
7219,0.04940875719164506,28547195748.0,0.0013210008898885098,19431.0,-0.23174441806822077,3.236879236843178e-06,6.806623029290478e-07,-2.5562169339141303e-06,13102.44219664784,10.794462986222056,83.0,18296359291.0,0.03948691279400518,93.54838709677419,80.64516129032258,35.48387096774193,22.580645161290313,0.00019369910970805338,28547195748.0,0.0016406642228276116,0.6409161674761639,True,False,False
7220,0.03261485699370725,4789549927.0,0.00022163296779074046,290987.0,0.4199670617659439,1.2356042023313191e-05,6.075456033136368e-05,4.839851830805049e-05,12196.955430864433,12.69602025860933,50.0,3015479357.0,0.053571218971685264,45.16129032258064,100.0,-3.225806451612911,35.483870967741936,0.017289196413916973,4789549927.0,0.0002704029264520804,0.6295955576119835,False,True,True
7221,0.020401623450900797,1371264454.0,6.345427340734125e-05,0.0,0.0,6.4539333056453676e-09,0.0,-6.4539333056453676e-09,13159.179003856101,8.797732360161545,0.0,898096741.0,0.031466314017396524,58.06451612903226,90.32258064516128,3.225806451612911,64.51612903225805,0.0,1371264454.0,8.053379189605114e-05,0.6549405830365088,False,False,False
7222,0.06108929453689527,6559648644.0,0.00030354300900770764,53499.0,-0.2166746974039515,3.719751909069278e-05,8.155772191996081e-06,-2.90417468986967e-05,11998.560748047743,10.232079671683428,76.0,4213762702.0,0.06724117118892292,54.83870967741935,100.0,-6.451612903225808,64.51612903225806,0.002320924496293156,6559648644.0,0.0003778549381710875,0.6423762812135155,True,False,True
7223,0.04871015873041684,2336027101.0,0.00010809796893766253,4020.0,-0.0738325123304262,3.2031545547886887e-06,1.7208704463570348e-06,-1.4822841084316538e-06,12094.194545329463,11.435239112650276,79.0,1472257570.0,0.06414781817685022,96.7741935483871,93.54838709677419,9.677419354838719,22.58064516129032,0.0004897157840941935,2336027101.0,0.00013201972498836398,0.630239935730951,True,False,True
7224,0.08406000039482309,4103513183.0,0.00018988711235470496,201890480.0,0.7784790596535442,0.00413983305682413,0.04919942278640414,0.04505958972958001,10651.691290832878,12.651598524205177,7.0,2117392002.0,0.1607858814126475,23.333333333333332,26.666666666666668,-30.000000000000004,-33.33333333333333,14.000899345927186,4103513183.0,0.00018986997621387773,0.5159949310683133,True,True,True
7225,0.06774155775612134,30727147487.0,0.0014218765840391255,555166.0,-0.1994200074468876,7.624435336350271e-05,1.806760618553606e-05,-5.817674717796665e-05,11966.384717518507,11.02005231961984,59.0,17657955544.0,0.09806480588708832,93.54838709677419,96.7741935483871,51.61290322580645,19.354838709677423,0.005141579337704059,30727147487.0,0.001583417523046349,0.5746695345368685,True,False,True
7226,0.07193640467481366,4167148192.0,0.00019283177649121483,283182.0,-0.052717307531098156,0.00012608800974122126,6.795582661150536e-05,-5.8132183129715905e-05,12449.102334644067,9.725085192007132,51.0,2966874714.0,0.0991526164647949,90.32258064516128,90.32258064516128,45.16129032258064,32.25806451612902,0.019338492902398235,4167148192.0,0.0002660444692549355,0.7119676520493659,True,False,True
7227,0.008280309113448903,3729716892.0,0.0001725899586375095,1714584.0,-0.22101353046842287,0.0016700895431708796,0.000459708886665814,-0.0012103806565050656,12961.400272126873,7.444846012590894,34.0,2269184928.0,0.02222490217110984,96.7741935483871,67.74193548387096,64.51612903225808,-12.903225806451616,0.13082140980757478,3729716892.0,0.00020348149416701624,0.6084067487447248,False,False,False
7228,0.025770286347910787,10986310132.0,0.0005083835760638563,8688463.0,0.006084987276589793,0.0008713012396772787,0.0007908445051713019,-8.045673450597678e-05,11713.901239297547,10.812894964501272,40.0,4928783057.0,0.06908436849043409,96.7741935483871,100.0,35.48387096774194,32.25806451612904,0.22505415080281782,10986310132.0,0.00044197197349947937,0.44862952144813895,False,True,True
7229,0.03717270407478379,2510532768.0,0.00011617309279334766,7034797.0,0.08466693291100946,0.002240056983693782,0.002802113196715702,0.00056205621302192,12009.897989857267,10.338871496289052,25.0,1436957650.0,0.047817065753495536,96.66666666666667,100.0,36.66666666666667,43.333333333333336,0.7974098597342137,2510532768.0,0.0001288543238890772,0.5723715971031691,False,True,True
7301,0.04246319446439273,1705099462.0,7.89022475809458e-05,1775.0,1.0259979554411012,3.754544699461881e-08,1.0409949915285352e-06,1.0034495445339164e-06,14045.15546402184,3.8828786784475655,92.0,935362981.0,0.010379487663861653,48.38709677419355,70.96774193548387,12.903225806451616,38.70967741935484,0.00029624059126224123,1705099462.0,8.387551610002339e-05,0.548567987877296,True,True,False
7302,0.07424410425549355,4770800112.0,0.00022076533362734002,132646.0,0.6663938194273415,3.0954913926176504e-06,2.7803721993372838e-05,2.4708230600755188e-05,11203.015701173439,10.74180137415255,65.0,1897023711.0,0.07009563767508786,58.06451612903226,100.0,-12.903225806451609,32.25806451612904,0.00791222927068422,4770800112.0,0.00017010919402005563,0.39763219302112734,True,True,True
7303,0.025162994810358663,1674674608.0,7.74943594099494e-05,190723.0,0.27521478964795776,3.824023344948183e-05,0.00011388660166512777,7.564636821564594e-05,12063.454691243518,6.973628693672779,62.0,981136608.0,0.05505787395528139,51.61290322580645,51.61290322580645,-22.58064516129032,-29.032258064516128,0.03240921857326726,1674674608.0,8.798011149922379e-05,0.5858670116051583,False,True,True
7304,0.0664274277256327,27822131196.0,0.0012874490507911191,319923408.0,0.05476792642149042,0.01214863764445633,0.011498882157740508,-0.0006497554867158223,11988.040743537438,9.160075756007583,21.0,12999807649.0,0.08452070762628172,86.66666666666667,93.33333333333333,50.00000000000001,49.99999999999999,3.2722882213506868,27822131196.0,0.0011657138436195035,0.467247011288229,True,True,True
7305,0.09081898004287514,8716147610.0,0.00040333344300608843,118068937.0,1.102558384681429,0.0005091364441388776,0.013546000169219254,0.013036863725080377,11999.67640681076,13.233257107050418,13.0,3928526791.0,0.07038802738436112,70.0,80.0,33.333333333333336,23.333333333333336,3.854845731270679,8716147610.0,0.00035227737124641855,0.4507182492518619,True,True,True
7306,0.05026534601883759,23433557462.0,0.0010843709670756109,6189728.0,-0.13335978402809145,0.0006904533305291255,0.0002641394935462659,-0.0004263138369828596,11161.600607807151,14.4091385788778,83.0,10557883114.0,0.09700253156584271,96.7741935483871,90.32258064516128,45.161290322580655,29.03225806451612,0.07516735467570194,23433557462.0,0.0009467425086288208,0.45054546801614426,True,False,True
7307,0.051647132828969156,21707076049.0,0.0010044792851366326,15908351.0,0.12426587308274417,0.0005248423941036155,0.0007328647563628389,0.00020802236225922336,11759.46597688137,9.366610278175939,51.0,10455050238.0,0.07791987331463601,93.54838709677419,100.0,25.80645161290323,38.70967741935484,0.2085545948894554,21707076049.0,0.0009375213177951527,0.48164249364582856,True,True,True
7308,0.07742243073724442,62982763843.0,0.002914481962385739,3799949.0,-0.32105122929578067,0.000607157110901313,6.033315732971493e-05,-0.0005468239535715981,11856.45508874624,9.102570836480421,87.0,34498257984.0,0.09599538818629738,87.09677419354838,70.96774193548387,3.225806451612897,22.58064516129032,0.01716927588078856,62982763843.0,0.003093514765643427,0.5477412529878075,True,False,True
7309,0.06729202494574849,4541035207.0,0.0002101331283960639,3948043.0,0.019641549556281612,0.0010924604040491834,0.0008694147523705821,-0.00022304565167860133,11536.001041513837,14.877075165941443,56.0,2102699065.0,0.10897454397125594,93.54838709677419,100.0,45.16129032258064,51.61290322580645,0.24741323674977186,4541035207.0,0.00018855243671431083,0.46304399088531445,True,True,True
7310,0.03459462394437174,6820720570.0,0.0003156239240515283,3554159.0,0.07112768149905935,0.0004380780227536156,0.0005210826280778131,8.300460532419753e-05,11528.8563322089,15.630929135450263,65.0,3832445320.0,0.04268062515884807,90.32258064516128,96.7741935483871,22.58064516129032,22.580645161290334,0.14828680934534788,6820720570.0,0.0003436615898530191,0.5618827630700022,False,True,False
7311,0.0526475999139604,4099413808.0,0.00018969741673378337,6411705.0,0.00660949048332049,0.001955967761175916,0.001564054106342611,-0.000391913654833305,11583.645995539371,8.997313486580897,45.0,2126016324.0,0.0757167531853955,90.32258064516128,87.09677419354838,19.35483870967741,16.129032258064512,0.44508985826025527,4099413808.0,0.00019064333316027882,0.5186147150724532,True,True,True
7312,0.0554715002528976,7500115326.0,0.0003470624262842551,11215324.0,-0.13514413121404234,0.00404816079015933,0.001495353539581026,-0.0025528072505783036,12067.925944001145,7.375907429183381,45.0,4271741267.0,0.052950156823118544,90.32258064516128,100.0,58.06451612903225,35.483870967741936,0.42553943132917127,7500115326.0,0.0003830539701628333,0.5695567443065208,True,False,True
7313,0.029949840795368443,263943900.0,1.2213813568888687e-05,108.0,-0.6518334016053293,9.26951428048153e-05,4.091778593860286e-07,-9.228596494542927e-05,9856.149435326977,4.300473521801027,99.0,129316615.0,0.043828209828574716,80.64516129032258,83.87096774193549,22.580645161290313,22.580645161290327,0.00011644156982729598,263943900.0,1.159603067873928e-05,0.48993977508099257,False,False,False
7314,0.024152440878920878,5466147480.0,0.000252942031472486,1970542.0,-0.0021474303037219977,0.0004105778086298107,0.000360499237755656,-5.00785708741547e-05,11423.958001397174,9.959362941838496,68.0,2798718220.0,0.02852708270822535,80.64516129032258,87.09677419354838,25.806451612903224,16.129032258064512,0.10258887719095758,5466147480.0,0.00025096560360991966,0.5120092771444945,False,False,False
7315,0.03685396472632174,5453379120.0,0.000252351184824314,1944603.0,0.029290983794312053,0.00036988130490143967,0.00035658679824189445,-1.3294506659545222e-05,11494.77579634368,5.996988590159057,50.0,2645818718.0,0.04045923215796865,96.7741935483871,100.0,48.38709677419355,45.16129032258065,0.10147549681519549,5453379120.0,0.00023725485719148023,0.4851705080060526,False,True,False
7316,0.01298524286005387,252646628.0,1.1691040456704522e-05,5420.0,-0.3618285323123104,0.00021617947477105737,2.1452888735962072e-05,-0.00019472658603509528,10778.30146335062,3.757472624114541,78.0,98780623.0,0.024559037040923215,77.41935483870968,100.0,38.70967741935484,41.93548387096774,0.006104944303423454,252646628.0,8.857818732519242e-06,0.3909833421564605,False,False,False
7317,0.015137784387384112,2873682835.0,0.00013297760017490652,616920.0,-0.07073251978410866,0.00033397294361831145,0.0002146792236381229,-0.00011929371998018856,10448.167755103705,4.677856407817351,70.0,1603896019.0,0.041802083753660124,77.41935483870968,67.74193548387096,12.903225806451616,3.225806451612897,0.06109222490003993,2873682835.0,0.00014382395828897777,0.5581325814614472,False,False,False
7318,0.05176115355508748,42607437515.0,0.001971628434891975,13665408.0,0.09440774386899475,0.00026292206297354084,0.00032072822955356273,5.780616658002189e-05,11637.960294411148,9.11775157817961,52.0,20255821651.0,0.06382675196380583,93.54838709677419,100.0,41.935483870967744,38.70967741935484,0.09127106386739497,42607437515.0,0.0018163723918080234,0.47540577026883896,True,True,True
7319,0.037627353135716746,353669649.0,1.636580787758421e-05,11204.0,0.35631655945379936,8.301891379338779e-06,3.167928045756621e-05,2.337738907822743e-05,12853.280846451713,4.076574456153238,73.0,180987119.0,0.020326466690382183,93.54838709677419,96.7741935483871,29.032258064516128,32.25806451612904,0.009015114241550633,353669649.0,1.6229408606006557e-05,0.5117406017500812,False,True,False
7320,0.047124987671232965,7843213324.0,0.0003629390386379823,4281674.0,0.0880780917964663,0.0004506214463743008,0.0005459081403406694,9.528669396636862e-05,11411.701959757764,12.383542040555785,50.0,3605566961.0,0.06301241828383142,90.32258064516128,93.54838709677419,48.38709677419354,16.129032258064512,0.1553515161796602,7843213324.0,0.00032331703929927916,0.4597053289328587,True,True,True
7321,-0.005270308412285152,10919691969.0,0.0005053008686279813,4250189.0,0.016241639923977758,0.00034973438449631297,0.00038922242605980966,3.948804156349669e-05,10268.891176259973,3.811495756129347,62.0,5575187085.0,-0.004803355149362587,93.54838709677419,87.09677419354838,32.25806451612903,6.451612903225808,0.1107627630937755,10919691969.0,0.0004999360714581882,0.5105626697921006,False,True,False
7322,0.013238403218314154,3727001358.0,0.00017246429926058896,319036.0,0.1539619069222915,4.4676689644854994e-05,8.560125670874521e-05,4.092456706389022e-05,10708.577928001925,11.310497367205752,60.0,1432237319.0,0.051933367983167944,16.129032258064516,6.451612903225806,-38.70967741935483,-74.19354838709677,0.024359931706255916,3727001358.0,0.00012843104414973511,0.3842867714350857,False,True,True
7323,0.03607433991124864,15137243903.0,0.0007004650419200404,989027.0,0.017619257034893643,7.148079009132518e-05,6.53373233818336e-05,-6.1434667094915815e-06,11303.512847646754,2.023043418110344,74.0,7865322797.0,0.03606516210429156,87.09677419354838,83.87096774193549,9.677419354838705,25.806451612903224,0.018593333750536185,15137243903.0,0.0007052962564183994,0.5196007177661448,False,True,False
7324,0.04548509377266341,3704114997.0,0.0001714052494150563,816786.0,0.01714341738873304,0.00025298926048441134,0.0002205077327948844,-3.248152768952695e-05,11601.598578231182,3.1860419388048267,57.0,1828690426.0,0.03776954040441183,87.09677419354838,87.09677419354838,16.129032258064512,29.03225806451612,0.06275086976656433,3704114997.0,0.0001639816374857384,0.4936915909687131,True,True,False
7325,0.03188821322931035,6524736599.0,0.00030192747931015196,3420171.0,-0.06027480998657464,0.0008368425456791405,0.0005241852982270863,-0.0003126572474520542,11564.281983643185,10.134023077166134,58.0,3153439946.0,0.05151198181829697,74.19354838709677,80.64516129032258,16.129032258064505,25.806451612903224,0.1491697500386194,6524736599.0,0.00028277407630394543,0.48330532553349437,False,False,True
7326,0.05639970813695272,63961353092.0,0.0029597654739493885,18176518.0,-0.03483186598509935,0.0004463952214657536,0.0002841796979162631,-0.0001622155235494905,12099.211154780663,9.09397139289833,64.0,39673002913.0,0.0574297421905432,90.32258064516128,100.0,51.61290322580644,29.032258064516128,0.08087028508352936,63961353092.0,0.0035575425392696896,0.6202652225936434,True,False,True
7401,-0.026092433795135483,1026449840.0,4.7498225886544914e-05,4672024.0,0.0,0.0,0.0045516340087305195,0.0045516340087305195,15618.804147474952,8.50273685581116,28.0,539668301.0,-0.08340545390275178,26.666666666666668,30.0,3.3333333333333357,10.0,1.2952788062657006,1026449840.0,4.839293214363138e-05,0.525761980731567,False,False,False
7402,0.08706169346180781,19001722898.0,0.0008792910196593112,25.0,-0.8190835155681986,1.0304508666787248e-05,1.315670170236581e-09,-1.030319299661701e-05,14660.253118228584,5.211339885446415,92.0,9925693587.0,0.12317597432963123,25.806451612903224,51.61290322580645,-48.387096774193544,-35.483870967741936,3.744061328908849e-07,19001722898.0,0.0008900530480373131,0.5223575588529772,True,False,True
7403,0.054784724015687125,89318389645.0,0.004133144048403421,185745.0,-0.11322966675775537,4.951532429431238e-06,2.0795829474563073e-06,-2.8719494819749305e-06,15142.582128705004,10.122219988964936,117.0,37994595658.0,0.049936090234589336,83.87096774193549,54.83870967741935,6.451612903225808,-35.48387096774193,0.0005917962016596731,89318389645.0,0.003407037037556715,0.42538379620379685,True,False,True
7404,0.12928143496998468,35669573491.0,0.0016505837820114352,2084540.0,0.41403102581573137,1.8985785348235336e-05,5.844028386058394e-05,3.945449851234861e-05,15893.817209077853,20.59000669175485,125.0,16342169029.0,0.07323950817212355,22.58064516129032,61.29032258064516,-19.354838709677423,6.451612903225808,0.016630612428761182,35669573491.0,0.0014654288114286545,0.4581543155575827,True,True,True
7405,-0.020683171035272063,233267447.0,1.0794282835665543e-05,0.0,0.0,0.0,0.0,0.0,13428.633011351987,6.875123074773449,0.0,147930384.0,0.043598961040438144,67.74193548387096,74.19354838709677,22.58064516129032,3.225806451612897,0.0,233267447.0,1.3265157545159084e-05,0.634166429574719,False,False,False
7406,0.042343441747547894,1222837612.0,5.6585928365811974e-05,30192.0,0.0,0.0,2.469011396420803e-05,2.469011396420803e-05,15674.980098606093,8.07004089373056,87.0,391294977.0,0.0649456730357656,77.41935483870968,58.06451612903226,22.580645161290327,3.225806451612911,0.0070261759361102665,1222837612.0,3.5088055450017625e-05,0.3199893208714944,True,False,True
7407,0.06285723924617104,6141411293.0,0.00028418937729786375,2205772.0,0.3015158597165051,0.00013044270247462386,0.0003591636994763966,0.00022872099700177272,12128.774150705136,16.625484850157264,57.0,4099180083.0,0.08029928207764248,54.83870967741935,35.483870967741936,3.225806451612904,6.451612903225804,0.10220881710159992,6141411293.0,0.00036758012881906186,0.6674654875618342,True,True,True
7408,0.12125204718085159,29461200278.0,0.0013632957901705005,2871.0,-0.35378507975098583,1.532548034910909e-06,9.745020477471533e-08,-1.4350978301361938e-06,11714.918691894987,18.079381675814115,106.0,13460449835.0,0.12781786618638624,74.19354838709677,67.74193548387096,29.032258064516128,29.03225806451612,2.7731839745644748e-05,29461200278.0,0.0012070203758139746,0.45688735380722156,True,False,True
7409,0.08142163366125565,9583357796.0,0.0004434629687759406,105031.0,-0.18703784932305312,4.564817630515223e-05,1.0959728545650138e-05,-3.468844775950209e-05,13115.39504793107,9.378722406166338,72.0,6058986294.0,0.10282899764945763,51.61290322580645,58.06451612903226,-9.677419354838712,-3.225806451612897,0.003118858871424323,9583357796.0,0.00054331913147653,0.6322404341961396,True,False,True
7410,0.0610339079436264,5262358250.0,0.00024351183186352603,35.0,-0.6773471756855871,2.557741169818023e-06,6.6510105046534984e-09,-2.5510901593133696e-06,16081.710675179136,6.535610415497172,111.0,2236694219.0,0.14542904997148276,51.61290322580645,64.51612903225806,-9.677419354838712,-12.903225806451616,1.8927077463618332e-06,5262358250.0,0.00020056799957594618,0.42503647846476433,True,False,True
7411,0.09392123710470868,9538729530.0,0.0004413978279606887,51669.0,-0.1583979968054381,2.0097220042479718e-05,5.416759101670429e-06,-1.468046094080929e-05,12432.039465716249,10.251944436944484,75.0,5684781232.0,0.08124402328578184,77.41935483870968,90.32258064516128,12.903225806451616,45.16129032258064,0.0015414713154842188,9538729530.0,0.0005097635564323523,0.5959683849008349,True,False,True
7412,0.052684984140374924,6085549469.0,0.0002816044116898157,882121.0,0.09588096468275431,0.00011855055390991153,0.00014495338580247435,2.640283189256282e-05,11247.668635530732,7.730253830303106,58.0,2689591536.0,0.0862871699288228,70.96774193548387,74.19354838709677,6.451612903225808,3.225806451612897,0.041250032003071056,6085549469.0,0.00024118003680140794,0.44196363035102626,True,True,True
7413,0.1229176273131094,2796108362.0,0.00012938789739743453,18407.0,-0.30086622459312706,7.036668519607089e-05,6.583078199027252e-06,-6.378360699704363e-05,11425.739947601858,9.815830638540406,86.0,1318291730.0,0.12338519419168059,90.32258064516128,32.25806451612903,12.903225806451601,-51.612903225806456,0.0018733759469311971,2796108362.0,0.00011821335831136841,0.47147376257515733,True,False,True
7414,0.0,0.0,0.0,0.0,0.0,0.0,0.0,0.0,0.0,0.0,0.0,0.0,0.0,100.0,100.0,100.0,100.0,0.0,0.0,0.0,0.0,False,False,False
7415,0.04667732439214256,1319989743.0,6.108157314432079e-05,260945.0,0.011554789798060128,0.00023447440728375276,0.0001976871421795586,-3.678726510419417e-05,11961.638636345071,9.499063617544795,59.0,815906188.0,0.05175585152379725,70.96774193548387,100.0,3.225806451612911,25.80645161290323,0.056256712434538045,1319989743.0,7.316363165724079e-05,0.6181155515236454,True,True,True
7416,0.0,3649991648.0,0.00016890073048353373,821724.0,0.0,0.0,0.0002251303781613475,0.0002251303781613475,12313.225717182791,12.378193796731018,60.0,2510991485.0,0.0,70.96774193548387,100.0,29.032258064516128,22.58064516129032,0.06406635659186204,3649991648.0,0.00022516468045589581,0.6879444467704163,False,False,False
7417,0.0,0.0,0.0,0.0,0.0,0.0,0.0,0.0,0.0,0.0,0.0,0.0,0.0,100.0,100.0,100.0,100.0,0.0,0.0,0.0,0.0,False,False,False
7418,0.02119646867356595,792685997.0,3.668097268406907e-05,306712.0,-0.08538550660252808,0.0006714067569565332,0.0003869274859916568,-0.0002844792709648764,11895.387932972406,3.7290851502179976,48.0,489714637.0,0.002270866099526092,80.64516129032258,83.87096774193549,16.129032258064512,25.806451612903224,0.11010968175502404,792685997.0,4.391350604467701e-05,0.617791456961993,False,False,False
7419,-0.30245127907275227,566574414.0,2.6217822292912838e-05,8678.0,-0.7273263387094395,0.0016781063197169972,1.53166111733383e-05,-0.0016627897085436589,12462.621674585538,12.17747278850971,78.0,405347143.0,-0.2819177327772425,35.483870967741936,3.225806451612903,-19.354838709677416,-54.83870967741936,0.004358716407906187,566574414.0,3.634813597438595e-05,0.7154349596167963,False,False,False
7501,0.11742461478846788,13838254688.0,0.0006403552530595777,1174.0,0.0,0.0,8.48372881168351e-08,8.48372881168351e-08,16622.768138196592,2.9410278455944048,52.0,4662964765.0,-0.026241563342862873,6.451612903225806,25.806451612903224,-29.032258064516128,-45.16129032258065,2.4142525754051555e-05,13838254688.0,0.00041813561597494876,0.3369619124761118,True,False,False
7502,0.05020426166558423,12375611328.0,0.0005726724866959189,0.0,0.0,1.8632855946942493e-07,0.0,-1.8632855946942493e-07,13625.463181594678,13.149875328202514,0.0,7405466793.0,0.05624274609417568,19.35483870967742,67.74193548387096,-19.35483870967742,-3.225806451612911,0.0,12375611328.0,0.0006640602224394212,0.5983919983205213,True,False,True
7503,0.0643282042939246,1251422577.0,5.7908677000590836e-05,109928.0,2.2482313126778086,3.317778988815614e-07,8.784242990367593e-05,8.751065200479437e-05,11628.501749881727,14.588326336405219,76.0,721713350.0,0.16670747640416295,3.225806451612903,19.35483870967742,-67.74193548387098,-32.258064516129025,0.024997712365903944,1251422577.0,6.47172070491924e-05,0.5767143435514349,True,True,True
7504,0.016271886887637477,1182219342.0,5.4706347222732765e-05,0.0,0.0,0.0,0.0,0.0,15148.07647736743,8.627788911706588,0.0,501010708.0,0.06208345907666324,74.19354838709677,87.09677419354838,9.677419354838705,22.58064516129032,0.0,1182219342.0,4.4926443058727506e-05,0.4237882854736782,False,False,True
7505,0.11522685190044024,4866929130.0,0.00022521363458982615,1381.0,-0.2761196732406419,2.4627531065085453e-06,2.8375182031878076e-07,-2.1790012861897646e-06,12317.918351045519,7.592573905608145,77.0,3336021537.0,0.10875010369966365,35.483870967741936,51.61290322580645,-48.38709677419355,9.677419354838705,8.074852204576497e-05,4866929130.0,0.00029914646380116715,0.6854469107504756,True,False,True
7506,0.0769734002931346,1952349903.0,9.034358337692181e-05,34950.0,0.22927369799510933,9.239989183030894e-06,1.790150420592922e-05,8.661515022898326e-06,13590.06271769769,5.7069641727973295,48.0,1168764802.0,0.09506400269234105,54.83870967741935,70.96774193548387,-9.677419354838712,9.677419354838712,0.0050943109559644815,1952349903.0,0.00010480503607539248,0.5986451507509307,True,True,True
7507,0.0906046106664189,1684438339.0,7.794616901862298e-05,0.0,0.0,1.1632826484366292e-07,0.0,-1.1632826484366292e-07,12427.342025488651,11.064759157234018,0.0,947270230.0,0.06284858554664718,64.51612903225806,93.54838709677419,-6.451612903225808,45.16129032258064,0.0,1684438339.0,8.494325843694883e-05,0.5623656313607571,True,False,True
7508,0.13765020329611066,3213262532.0,0.00014869140568788753,6657.000000000001,-0.12535133000100396,7.712725774894416e-06,2.071726145531143e-06,-5.640999629363272e-06,12308.679628346035,4.9558995929764675,78.0,2193805668.0,0.1363213809410142,83.87096774193549,100.0,29.032258064516135,54.83870967741936,0.000589560356466678,3213262532.0,0.00019672211362260078,0.682734649333035,True,False,True
7601,0.09191814978666657,73005137606.0,0.003378260078337664,936377712.0,0.11677410478157357,0.011460970440140529,0.012826189261549216,0.0013652188214086872,13098.212990429769,18.4883324771533,18.0,47549096050.0,0.09296713826246927,60.0,43.333333333333336,6.666666666666664,-16.666666666666664,3.6500059283701125,73005137606.0,0.004263804589550389,0.6513116420191793,True,True,True
7602,0.140847457442155,21945411095.0,0.001015508067460363,27265.0,-0.68105481658509,0.0007274772820667552,1.2424009685656792e-06,-0.0007262348810981895,14347.584204760416,18.875656947906336,137.0,10309098720.0,0.11191174346371735,61.29032258064516,87.09677419354838,32.258064516129025,32.25806451612903,0.0003535555891313711,21945411095.0,0.0009244336083748545,0.46976102089738503,True,False,True
7603,0.10785693498417981,973025923.0,4.502607266626673e-05,53470.0,0.29571023308671096,2.511104192439637e-05,5.495228722698686e-05,2.9841245302590494e-05,14332.457802593406,9.677838978334213,78.0,423729360.0,0.010077337205914194,96.7741935483871,70.96774193548387,58.06451612903226,19.354838709677423,0.01563801765792536,973025923.0,3.799649919728073e-05,0.4354759210253846,True,True,False
7604,0.06126917420479594,19331439130.0,0.0008945484004447146,2036573.0,0.07555184093200462,9.853869464888508e-05,0.0001053503045636934,6.8116099148083145e-06,11496.022802056641,15.779769178220587,81.0,8648656254.0,0.06894601858355998,83.87096774193549,61.29032258064516,16.129032258064527,6.451612903225808,0.029980006405007024,19331439130.0,0.0007755390384387523,0.447388122314099,True,True,True
7605,0.07721354206211628,5223297600.0,0.0002417043284623123,78408287.0,0.06818832937036778,0.015656225713181846,0.015011261659684104,-0.0006449640534977423,11353.424377177551,17.023058080586196,19.0,2409260357.0,0.07903075659151693,83.33333333333334,83.33333333333334,3.333333333333343,-3.3333333333333286,4.2718217338657904,5223297600.0,0.00021604228515293528,0.4612527452006564,True,True,True
7606,0.07315349688203665,39430440548.0,0.0018246151920632417,1695436.0,-0.056552054625094605,8.187838753626698e-05,4.2998150069768783e-05,-3.88802374664982e-05,11614.880994146837,9.526902448309063,61.0,19638863982.0,0.07713874733677617,93.54838709677419,96.7741935483871,54.83870967741935,45.161290322580655,0.012236175489324359,39430440548.0,0.001761048796636533,0.49806351917607794,True,False,True
7607,0.04751607371519895,15148457255.0,0.0007009839316947626,46388261.0,0.03477950282572251,0.0032553978886684302,0.0030622432515158456,-0.00019315463715258467,12085.85857994686,6.5708504210774565,32.0,8950462355.0,0.04889961310728519,83.87096774193549,93.54838709677419,45.16129032258065,48.38709677419355,0.8714362305296408,15148457255.0,0.0008026024811852756,0.590849761420144,True,True,True
7608,0.04842811932768143,2460119096.0,0.00011384023648891666,1092324.0,0.06517276609635725,0.00041019312353312556,0.000444012650353412,3.381952682028643e-05,11231.304704891409,11.999216096621533,53.0,998812980.0,0.06825140695168219,70.96774193548387,100.0,22.58064516129032,29.032258064516128,0.1263546617793732,2460119096.0,8.956518045575971e-05,0.40600188081300925,True,True,True
7609,0.07627520224907358,1212468418.0,5.6106101393581744e-05,575650.0,-0.12033392791563391,0.001301713876897968,0.00047477525307384956,-0.0008269386238241184,11019.933564497183,7.0639300368011355,48.0,498279062.0,0.0875734287032024,96.7741935483871,96.7741935483871,41.93548387096775,25.80645161290323,0.13510891294564123,1212468418.0,4.468149192990732e-05,0.41096250805602424,True,False,True
7610,0.0629101078335379,16964159337.0,0.0007850042357297908,8787696.0,0.47540739974586566,0.00010052303222709526,0.0005180154126961912,0.0004174923804690959,11820.157392148763,8.559083114249782,63.0,10228352243.0,0.07290642282734994,70.96774193548387,45.16129032258064,9.677419354838712,-22.58064516129032,0.1474139581735606,16964159337.0,0.000917192940773927,0.6029389396674234,True,True,True
7611,-0.028062536152308692,227488683.0,1.052687470024508e-05,6010.0,-0.20910996343305577,7.405011991357372e-05,2.6418896627046718e-05,-4.763122328652701e-05,12310.282033620986,8.945208977458634,72.0,134450943.0,0.010087948799626378,64.51612903225806,70.96774193548387,-6.451612903225808,-9.677419354838705,0.0075181433349651395,227488683.0,1.2056434200767058e-05,0.5910225564935025,False,False,False
7612,0.04484864087119855,7357194563.0,0.00034044887107648056,39407290.0,0.023710147419999217,0.005932615447591819,0.005356293035688201,-0.0005763224119036178,11018.720518550597,22.250939385173385,40.0,2292209542.0,0.01457682382181913,80.64516129032258,93.54838709677419,16.129032258064512,38.70967741935484,1.5242642171949414,7357194563.0,0.00020554614866102793,0.3115602723798729,True,True,False
7613,0.022194130191442563,627136504.0,2.9020289319437253e-05,2350414.0,0.3622347864011548,0.0008916396374450808,0.003747850723101904,0.002856211085656823,12061.226036575923,9.954590592959706,28.0,405482653.0,0.009418949611688765,90.0,96.66666666666667,33.333333333333336,33.33333333333334,1.0665426089553787,627136504.0,3.636028737594619e-05,0.6465620330083672,False,True,False
7614,0.07663792495729171,2127569616.0,9.845174919615909e-05,2792013.0,0.4334285967218292,0.00031369074419564693,0.0013123015947413305,0.0009986108505456836,11037.916020611661,7.2906377383867085,36.0,1007173224.0,0.14623096541008707,80.64516129032258,80.64516129032258,-3.225806451612911,-6.451612903225808,0.37344752232642936,2127569616.0,9.031485709944348e-05,0.4733914304969093,True,True,True
7615,0.025467551116858056,6391160185.0,0.0002957463271115344,3629539.0,-0.09208298817207106,0.001043880077601125,0.000567899864021324,-0.00047598021357980107,10918.227474793764,2.502465820044158,49.0,2825361241.0,0.04356259848404509,93.54838709677419,87.09677419354838,25.80645161290323,19.354838709677423,0.16160979914840623,6391160185.0,0.00025335472653036025,0.44207329486610264,False,False,False
7616,0.06332789117776727,20888315780.0,0.0009665917443251982,56656180.0,0.07953583211149695,0.00251474864329606,0.0027123383520583676,0.0001975897087623077,12162.659669522624,8.981243941631641,36.0,13313059940.0,0.06551747990666112,80.64516129032258,100.0,25.806451612903224,38.70967741935484,0.7718622314764505,20888315780.0,0.00119380368479437,0.6373448237864585,True,True,True
7801,0.08105130007620254,8324909926.0,0.00038522920140967427,12928984.0,0.15089176771930024,0.0011356485581857784,0.0015530479146231666,0.0004173993564373882,13399.397990140007,22.0299006709107,67.0,4446578961.0,0.04625807570608287,64.51612903225806,87.09677419354838,19.354838709677423,12.903225806451616,0.44195777715607404,8324909926.0,0.0003987319498518627,0.5341293780383901,True,True,True
7802,0.06694211117999904,664510223.0,3.074973120554272e-05,0.0,0.0,0.0,0.0,0.0,13752.808809641143,12.101827273151931,0.0,309680262.0,-0.0014898260719587997,45.16129032258064,87.09677419354838,-19.354838709677423,29.03225806451612,0.0,664510223.0,2.7769531538944303e-05,0.4660278371669235,True,False,False
7803,0.0,0.0,0.0,0.0,0.0,0.0,0.0,0.0,0.0,0.0,0.0,0.0,0.0,100.0,100.0,100.0,100.0,0.0,0.0,0.0,0.0,False,False,False
7804,0.06280850624214884,377236455.0,1.7456344824633064e-05,135388.0,-0.0844959908957289,0.0007567289929250352,0.000358894264341446,-0.0003978347285835892,12389.107139343147,8.582201651384128,38.0,279239797.0,0.1133714996538635,51.61290322580645,41.935483870967744,12.903225806451609,-16.12903225806452,0.10213214274261251,377236455.0,2.5039885653803485e-05,0.7402248465090682,True,False,True
7805,0.0,0.0,0.0,0.0,0.0,0.0,0.0,0.0,0.0,0.0,0.0,0.0,0.0,100.0,100.0,100.0,100.0,0.0,0.0,0.0,0.0,False,False,False
7806,0.014549185145973365,325577597.0,1.5065868436303217e-05,114770.0,0.01821128837180397,0.00034621817482356846,0.0003525119696733925,6.293794849824023e-06,11852.465703805781,16.19913365170649,58.0,185424308.0,0.0035289543169922943,93.54838709677419,93.54838709677419,29.032258064516128,25.80645161290323,0.10031590466129586,325577597.0,1.6627298542820668e-05,0.5695241617008433,False,True,False
7901,0.026259995418291604,13936425141.0,0.0006448980199540404,405829.0,-0.1572822705380017,7.79952289466884e-05,2.912002151872356e-05,-4.887520742796484e-05,12743.867953778075,17.208776716024747,57.0,8370416129.0,0.02399665707610854,90.32258064516128,90.32258064516128,67.74193548387096,41.93548387096773,0.00828681450196909,13936425141.0,0.0007505887949951218,0.6006142927123265,False,False,False
7902,-0.052387789276684305,615385685.0,2.8476528647007412e-05,0.0,0.0,4.358258325689836e-07,0.0,-4.358258325689836e-07,13341.411844513414,13.78584263973995,0.0,353885986.0,0.03277849750103501,22.58064516129032,74.19354838709677,-61.29032258064517,16.129032258064505,0.0,615385685.0,3.173353053226686e-05,0.5750637277173583,False,False,False
7903,0.035955995535650764,555535069.0,2.5706984566590526e-05,59429.0,0.35628962100795536,2.781194054216484e-05,0.00010697614483092156,7.916420428875672e-05,13000.982206633655,11.942828276974417,81.0,309867022.0,0.035777384409802604,93.54838709677419,70.96774193548387,64.51612903225806,29.032258064516128,0.030442679026855494,555535069.0,2.778627861115588e-05,0.5577812082282784,False,True,False
7904,-0.024805483141521867,184932359.0,8.557611506387508e-06,0.0,0.0,0.0,0.0,0.0,11697.32248602312,8.335623213851472,0.0,101879875.0,-0.02241610385444759,74.19354838709677,77.41935483870968,6.451612903225808,9.677419354838719,0.0,184932359.0,9.13573368778732e-06,0.5509034522184406,False,False,False
7905,0.010452548259499261,615396706.0,2.847703863583209e-05,338.0,-0.5716933961273609,4.0139069191143784e-05,5.492392089599518e-07,-3.9589829982183835e-05,11731.404291842277,6.559426867555221,74.0,342310631.0,0.021445120129164108,22.58064516129032,29.03225806451613,-54.83870967741936,-29.03225806451613,0.00015629945324500797,615396706.0,3.069554966880784e-05,0.5562438467130827,False,False,False
7906,0.0,0.0,0.0,0.0,0.0,0.0,0.0,0.0,0.0,0.0,0.0,0.0,0.0,100.0,100.0,100.0,100.0,0.0,0.0,0.0,0.0,False,False,False
7907,0.015329473860844045,1419787614.0,6.569964763274807e-05,605921.0,-0.15440221481923155,0.0010651441946880323,0.000426768760359111,-0.0006383754343289212,11193.418216181171,8.077950381043076,56.0,654862860.0,0.0573354662408283,74.19354838709677,48.38709677419355,32.258064516129025,-12.903225806451609,0.12144749103489924,1419787614.0,5.872261514830825e-05,0.4612400147336403,False,False,True
8001,0.11068486299677494,5910499397.0,0.00027350409588547793,0.0,0.0,3.5175088568964125e-08,0.0,-3.5175088568964125e-08,14028.001999450165,7.7234724748494346,0.0,3126395706.0,0.09395955985719073,12.903225806451612,41.935483870967744,-41.935483870967744,-35.483870967741936,0.0,5910499397.0,0.00028034897542481105,0.5289562684985416,True,False,True
8002,0.1393941363803426,168626581.0,7.80307339208486e-06,0.0,0.0,0.0,0.0,0.0,12424.298318003614,14.529610598020161,0.0,124782359.0,0.09269338334177801,38.70967741935484,74.19354838709677,12.903225806451616,32.258064516129025,0.0,168626581.0,1.1189436586547355e-05,0.7399922257808216,True,False,True
8003,0.018991006339288186,447425540.0,2.0704294100069554e-05,1858.0,0.08617240581201546,3.017747275967439e-06,4.152646270483353e-06,1.1348989945159137e-06,12818.713216156591,16.805436999297036,66.0,256860728.0,0.044693200291940016,87.09677419354838,67.74193548387096,45.16129032258064,-3.225806451612911,0.0011817370846949054,447425540.0,2.3033118227316e-05,0.5740859764062641,False,True,False
8004,0.0,0.0,0.0,0.0,0.0,0.0,0.0,0.0,0.0,0.0,0.0,0.0,0.0,100.0,100.0,100.0,100.0,0.0,0.0,0.0,0.0,False,False,False
8005,0.0,0.0,0.0,0.0,0.0,0.0,0.0,0.0,0.0,0.0,0.0,0.0,0.0,100.0,100.0,100.0,100.0,0.0,0.0,0.0,0.0,False,False,False
8006,0.0,0.0,0.0,0.0,0.0,0.0,0.0,0.0,0.0,0.0,0.0,0.0,0.0,100.0,100.0,100.0,100.0,0.0,0.0,0.0,0.0,False,False,False
8007,0.008400111641606367,313527004.0,1.4508235938274071e-05,667.0,0.0,0.0,2.127408457614069e-06,2.127408457614069e-06,13246.671820345018,10.893680300047293,86.0,180796178.0,0.0005605406047752837,77.41935483870968,64.51612903225806,16.12903225806452,16.129032258064512,0.0006054061205563533,313527004.0,1.621228661674146e-05,0.5766526509467745,False,False,False
8101,0.09008476015162947,1432656070.0,6.629512615111295e-05,432763.0,-0.040598357907963734,0.0005720147551554837,0.0003020704054951584,-0.00026994434966032537,12705.985381456556,7.81689396286187,49.0,916561888.0,0.0851145419871231,74.19354838709677,48.38709677419355,9.677419354838705,-9.677419354838712,0.0859615235951476,1432656070.0,8.218959158659694e-05,0.6397640768031646,True,False,True
8102,0.13307894254187613,1126350425.0,5.212105339122647e-05,218.0,0.0,0.0,1.9354545012046317e-07,1.9354545012046317e-07,12465.618451876555,4.7622649231695755,61.0,801651169.0,0.16445081157276276,35.483870967741936,87.09677419354838,-3.225806451612904,41.935483870967744,5.507809263867237e-05,1126350425.0,7.188536097524055e-05,0.711724478640828,True,False,True
8103,0.025933381244639175,867151894.0,4.012682834960279e-05,0.0,0.0,0.0,0.0,0.0,13471.088414714342,5.356072145962269,0.0,465976523.0,0.005514700684796869,93.54838709677419,38.70967741935484,16.129032258064512,-35.48387096774193,0.0,867151894.0,4.17848708480365e-05,0.537364360528053,False,False,False
8104,0.07576020982541332,2155295560.0,9.973474725384274e-05,63076.0,0.3986905909198293,7.876375748513803e-06,2.9265591768768826e-05,2.1389216020255023e-05,11686.41402591949,2.8501847832419,55.0,1019946289.0,0.07360720243778207,41.935483870967744,87.09677419354838,6.451612903225808,38.70967741935483,0.00832824007778313,2155295560.0,9.146023856184512e-05,0.47322803792162965,True,True,True
8105,0.023758815955404522,5447535722.0,0.00025208078579716915,0.0,0.0,1.5813097768861065e-07,0.0,-1.5813097768861065e-07,16652.665972901537,3.040811129146105,0.0,1868651629.0,0.0006526603959617905,48.38709677419355,58.06451612903226,-29.032258064516128,6.451612903225815,0.0,5447535722.0,0.00016756502339440395,0.3430269619808837,False,False,False
8106,-0.0005076314814203009,85951082.0,3.977324316236383e-06,0.0,0.0,0.0,0.0,0.0,12307.755872625316,4.045349768763781,0.0,60329077.0,0.040376762714982695,93.54838709677419,83.87096774193549,61.29032258064516,32.25806451612904,0.0,85951082.0,5.409806216409425e-06,0.7019001459458067,False,False,False
8107,0.04902769443665167,68917537.0,3.1891093090046336e-06,0.0,0.0,0.0,0.0,0.0,15374.567630079408,9.244927853010278,0.0,18818292.0,0.014957888811897746,80.64516129032258,83.87096774193549,48.387096774193544,19.354838709677423,0.0,68917537.0,1.6874667756612246e-06,0.2730552021904091,True,False,False
8108,0.10638577218858836,8283503167.0,0.00038331313350691953,10444.0,-0.36993059589881827,2.1049596575609728e-05,1.2608192197725034e-06,-1.9788777355837226e-05,12155.303782696315,7.594457692264487,80.0,5873834581.0,0.11620993974604477,41.935483870967744,32.25806451612903,6.451612903225808,-19.354838709677416,0.0003587969530879013,8283503167.0,0.0005267162769696353,0.7091003000276875,True,False,True
8109,0.06908528369098432,546593895.0,2.529323818971652e-05,855959.0,0.0,0.0,0.0015659871210233697,0.0015659871210233697,12563.049019554088,3.9031768258276793,19.0,347250496.0,0.05865100548410496,20.0,13.333333333333334,-46.66666666666666,-40.0,0.4456399448760474,546593895.0,3.113851537811619e-05,0.6352988922424756,True,False,True
8110,0.25797924803351213,831496119.0,3.847688308280844e-05,0.0,0.0,3.4364849416298824e-06,0.0,-3.4364849416298824e-06,12993.735777246604,5.504750271279471,0.0,526491658.0,0.23742269172105024,38.70967741935484,51.61290322580645,-19.354838709677423,-29.032258064516128,0.0,831496119.0,4.7211361187178527e-05,0.6331859475582231,True,False,True
8111,0.111052053352235,1377370436.0,6.373682331966349e-05,13035.0,0.0,0.0,9.463685047469684e-06,9.463685047469684e-06,13557.461006097854,1.926009235396322,43.0,792102623.0,0.11158596665649179,90.32258064516128,96.7741935483871,48.38709677419354,25.80645161290323,0.0026931230954968543,1377370436.0,7.102912736323831e-05,0.5750832182084094,True,False,True
8112,0.17004658223124336,2589707477.0,0.00011983684533734285,0.0,0.0,2.3988971339275986e-06,0.0,-2.3988971339275986e-06,13053.62304946691,7.353496356834482,0.0,1601079143.0,0.15867226739467877,6.451612903225806,35.483870967741936,-61.29032258064515,-9.677419354838705,0.0,2589707477.0,0.0001435713644477749,0.6182471021224147,True,False,True
8113,0.047531161887359286,1051874084.0,4.8674714437126824e-05,26495.0,-0.23687347850794016,0.00012275867404904067,2.518837606422101e-05,-9.757029798481966e-05,12978.38511329841,5.809029161794859,51.0,781886576.0,0.06353680182576471,48.38709677419355,80.64516129032258,6.451612903225808,38.70967741935483,0.007167968605923861,1051874084.0,7.011303785356902e-05,0.7433271604398611,True,False,True
8201,0.028966621644035184,2027653013.0,9.382818047008259e-05,951649.0,0.26042069483561714,0.0001701813510847741,0.0004693352333454698,0.00029915388226069573,10778.093702986054,3.782237288234089,49.0,839860366.0,0.01908160592284447,87.09677419354838,77.41935483870968,64.51612903225806,9.677419354838719,0.1335608222497896,2027653013.0,7.531164166331758e-05,0.41420319976611303,False,True,False
8202,0.021888088944015616,4650423517.0,0.00021519499353087399,113533.0,-0.07256337183317585,3.964834588728222e-05,2.4413475371645383e-05,-1.5234870515636836e-05,11538.272636497593,6.289392573751373,68.0,2251296000.0,0.016229374864217938,93.54838709677419,100.0,35.48387096774193,51.61290322580645,0.006947451657037243,4650423517.0,0.00020187736496909563,0.48410558560316175,False,False,False
8203,0.04969372545993789,2559643341.0,0.00011844564913158203,1735745.0,0.11722185843995359,0.0004965035446317189,0.0006781198662317853,0.00018161632160006646,11051.239743820232,5.044595364754119,43.0,1067854233.0,0.05385135665633434,90.32258064516128,96.7741935483871,51.61290322580644,51.61290322580646,0.19297559714884505,2559643341.0,9.575622162929027e-05,0.4171886824602725,True,True,True
8204,0.07720352952629783,2962295992.0,0.00013707811009140266,1067583.0,-0.303873472939301,0.003197577794384147,0.00036039038734924636,-0.0028371874070349007,11144.49584093756,3.978690196815483,50.0,1344635908.0,0.07382292923318579,93.54838709677419,96.7741935483871,29.032258064516128,32.25806451612904,0.10255790114494741,2962295992.0,0.00012057568349513671,0.4539167968465455,True,False,True
8205,0.050666531248166,8009552747.0,0.0003706362754435252,944139.0,0.03551471378147286,0.0001267566612159562,0.00011787661930981476,-8.88004190614145e-06,11348.18840681542,4.133867396910564,71.0,3860167964.0,0.04831366966985429,93.54838709677419,93.54838709677419,16.129032258064512,45.16129032258064,0.03354467570401989,8009552747.0,0.0003461475243195203,0.48194550756230886,True,True,True
8206,0.04801766986978029,1254352480.0,5.804425614834507e-05,15191.0,-0.2302578215095904,5.6660887520213046e-05,1.2110630976709195e-05,-4.455025654350385e-05,11578.125775207141,2.6923427041795613,99.0,560576273.0,0.017531289343021728,90.32258064516128,90.32258064516128,16.129032258064512,22.58064516129032,0.003446376313330036,1254352480.0,5.0267783915325385e-05,0.44690490267934896,True,False,False
8207,0.022169714884818337,21684932628.0,0.0010034546143036585,7101959.0,-0.01885015683773661,0.0004019374166195447,0.00032750662046465457,-7.443079615489012e-05,11623.134451273518,9.040235287841684,54.0,10416886989.0,0.033849357033300276,96.7741935483871,100.0,48.38709677419355,32.25806451612904,0.09320002082458455,21684932628.0,0.0009340991573387847,0.48037442254026264,False,False,False
8208,0.040711059406733696,3597154959.0,0.00016645575081534154,3553444.0,-0.032695857556998,0.0014240522992236887,0.0009878484637169617,-0.000436203835506727,11544.646802063442,10.15803009372164,44.0,1707287456.0,0.04754620142192234,100.0,90.32258064516128,29.032258064516128,41.93548387096773,0.2811164466212397,3597154959.0,0.00015309523619376164,0.4746216038673579,True,False,True
8209,0.0332893395082865,5494085748.0,0.00025423485467010356,858418.0,-0.027986256889937056,0.00021210509427513694,0.00015624401208380994,-5.5861082191327e-05,12042.009591383247,10.73212229692539,44.0,3517436667.0,0.03444466093044296,48.38709677419355,93.54838709677419,-12.903225806451609,22.58064516129032,0.04446305592011473,5494085748.0,0.0003154142528479766,0.640222382455615,False,False,False
8210,-0.006630803555968678,591049186.0,2.7350374711623997e-05,65190.0,0.14714698390255987,5.370509179683886e-05,0.00011029538918948786,5.6590297392649e-05,10954.73466701805,2.1935992254379406,57.0,238858321.0,-0.0046505877765185,87.09677419354838,83.87096774193549,22.58064516129032,16.129032258064527,0.031387251209553255,591049186.0,2.1418813183349678e-05,0.40412596220037766,False,True,False
8211,0.027292124041927934,3082300926.0,0.00014263125184320216,535316.0,0.028931011830858333,0.0001722954048970077,0.0001736741521518785,1.3787472548707868e-06,10662.743528090872,3.176989504695617,54.0,1339831550.0,0.024798610741686433,93.54838709677419,87.09677419354838,48.38709677419355,54.83870967741935,0.04942322867941543,3082300926.0,0.00012014486891837373,0.4346855100026661,False,True,False
8212,0.014172404683346906,4654460092.0,0.00021538178312709817,18790.0,0.01412948584793483,4.037842415701469e-06,4.0369880992847926e-06,-8.543164166768385e-10,11334.941938872897,10.112098776361256,81.0,2079044217.0,0.03608882469384711,87.09677419354838,90.32258064516128,22.58064516129032,19.35483870967741,0.0011488237226720379,4654460092.0,0.0001864312681149865,0.4466778478933406,False,True,False
8213,0.03507155583077748,800652516.0,3.7049617603913815e-05,8201.0,-0.2660975092629223,5.715876042697753e-05,1.0242895433554098e-05,-4.6915864993423426e-05,11606.089114144494,1.9177489685117792,75.0,406085904.0,0.02557962623268928,93.54838709677419,96.7741935483871,32.25806451612903,32.25806451612904,0.0029148664731017586,800652516.0,3.641438187186986e-05,0.5071936900027177,False,False,False
8214,0.032467956172409496,1063762223.0,4.922482949349689e-05,5147.0,-0.29607580157786684,3.28445290233835e-05,4.838487294166678e-06,-2.8006041729216825e-05,11543.585934417037,1.9195119179346958,90.0,525528274.0,0.026633734094214212,93.54838709677419,96.7741935483871,67.74193548387098,22.580645161290334,0.0013769099260834317,1063762223.0,4.712497298084165e-05,0.49402795346305506,False,False,False
8215,0.03446682902151088,2659044561.0,0.00012304536888112005,93339.0,0.0007129075590652789,4.143552701028938e-05,3.510245799148907e-05,-6.333069018800307e-06,11436.446135007438,2.0723657436254546,70.0,1319516142.0,0.009268556306484932,93.54838709677419,96.7741935483871,16.129032258064512,41.93548387096775,0.009989263151869507,2659044561.0,0.00011832315332197411,0.4962369421532985,False,True,False
8301,0.047260882480240074,14151880764.0,0.0006548680734831834,1559508.0,-0.03358420182147337,0.00016467503025024508,0.00011019793241666688,-5.4477097833578194e-05,11064.491096989432,6.837527143308002,65.0,6277735040.0,0.054279400290748736,90.32258064516128,96.7741935483871,45.16129032258064,32.25806451612904,0.03135951750070936,14151880764.0,0.000562934686442547,0.4435972253221282,True,False,True
8302,0.04428982943361426,40663800582.0,0.0018816880379164485,3223161.0,-0.02203110459072355,0.00011004088222010015,7.926364367984692e-05,-3.077723854025323e-05,11295.01743893448,6.468715865755447,70.0,20121628790.0,0.056784534214708415,80.64516129032258,83.87096774193549,29.032258064516128,22.580645161290327,0.022556408878431966,40663800582.0,0.0018043391002389255,0.49482902488231567,True,False,True
8303,0.03062722234818116,1283847963.0,5.940913834674528e-05,309732.0,0.18117264234531905,0.00012201511404394932,0.00024125286554666598,0.00011923775150271666,10881.17298162041,3.8075216659534132,52.0,538563681.0,0.0027834288381407557,67.74193548387096,77.41935483870968,19.35483870967741,3.225806451612911,0.06865440479047227,1283847963.0,4.829387907602403e-05,0.41949179071135856,False,True,False
8304,0.02462884814926536,312361196.0,1.445428901406359e-05,181.0,-0.611254790388065,7.37104634267984e-05,5.794573792066029e-07,-7.313100604759179e-05,11177.827543216988,1.871962067310179,108.0,175192463.0,0.029683189242300623,70.96774193548387,77.41935483870968,25.80645161290323,25.80645161290323,0.00016489877283211435,312361196.0,1.5709792400859675e-05,0.5608650025786174,False,False,False
8305,0.015980227214774878,849596264.0,3.931445423561725e-05,12203.0,0.3048495785985188,4.110342849468882e-06,1.4363292915798416e-05,1.0252950066329534e-05,11342.907595930765,3.064211459904188,79.0,405292102.0,0.019293776348092262,93.54838709677419,90.32258064516128,54.83870967741935,35.48387096774193,0.0040874263761837195,849596264.0,3.634320035861385e-05,0.477040824181402,False,True,False
8306,0.06075185609225753,2836543029.0,0.00013125898244413612,205298.0,0.05290304320988026,7.511426806143812e-05,7.237612752603867e-05,-2.7381405353994525e-06,10617.154777527967,1.9575520419482824,75.0,1478515244.0,0.08426116928298422,90.32258064516128,61.29032258064516,22.58064516129032,3.225806451612897,0.020596397663837696,2836543029.0,0.00013258086076880138,0.5212384331505235,True,True,True
8307,0.06996481537338606,3451109565.0,0.0001596976055620855,801932.0,0.10509656297854209,0.0001977084077458949,0.00023236932496520143,3.4660917219306525e-05,10289.060965560506,10.730275874946896,55.0,1585931634.0,0.08805796258906473,70.96774193548387,96.7741935483871,3.225806451612911,19.354838709677423,0.06612637599516463,3451109565.0,0.00014221306273944084,0.45954253382274174,True,True,True
8308,0.06740827967929408,4231735691.0,0.00019582051641536837,342811.0,-0.057018436940329265,0.00015054732483093408,8.10095490436905e-05,-6.953777578724358e-05,12796.442222012585,5.583659047030417,68.0,2690195307.0,0.06736630896738549,80.64516129032258,87.09677419354838,29.032258064516128,35.483870967741936,0.023053248960739663,4231735691.0,0.0002412341779265753,0.6357191241223955,True,False,True
8309,0.04792291847515795,9362207978.0,0.0004332294204808458,13810451.0,0.049392544644945025,0.0014648272068819603,0.0014751275588464608,1.0300351964500493e-05,10909.615630894608,14.942713082115965,49.0,3125618143.0,0.045075950248779195,87.09677419354838,93.54838709677419,32.25806451612903,29.032258064516128,0.41978363371205846,9362207978.0,0.00028027925008903225,0.3338548075779566,True,True,False
8310,0.07483578816024195,1010523018.0,4.676122368777133e-05,959636.0,0.039581168662548905,0.0011219639271010788,0.000949642890766888,-0.00017232103633419078,12102.276987654921,6.285132631742709,41.0,621487342.0,0.06128127184546672,83.87096774193549,87.09677419354838,29.032258064516135,51.61290322580645,0.2702441161947275,1010523018.0,5.57297782986365e-05,0.6150155225855528,True,True,True
8311,0.05926046238904936,3627937640.0,0.00016788019717263404,2749280.0,-0.04549111090367852,0.001275478329957427,0.0007578079539426703,-0.0005176703760147568,12292.379701277336,10.299440664697647,53.0,1897486215.0,0.06793805298151634,87.09677419354838,96.7741935483871,54.83870967741935,38.70967741935484,0.21565279195971251,3627937640.0,0.00017015066750413222,0.5230206258451565,True,False,True
8401,0.10132468072359946,5174778184.0,0.00023945912748780465,0.0,0.0,0.0,0.0,0.0,13422.637726333509,7.293018111132831,0.0,3505221155.0,0.06921260076346725,96.7741935483871,54.83870967741935,32.25806451612904,-12.903225806451609,0.0,5174778184.0,0.0003143188680676952,0.677366455211136,True,False,True
8402,0.003705208149237249,4463087648.0,0.00020652616133307833,503653.0,-0.00037642130495751935,0.00011517134538497126,0.00011284855681149284,-2.322788573478417e-06,11917.412078989268,7.840751382531476,61.0,2248793955.0,0.03993817229232355,93.54838709677419,100.0,29.032258064516128,32.25806451612904,0.03211381751591347,4463087648.0,0.00020165300253446503,0.5038650665997407,False,False,False
8403,-0.014629843881194482,6315662124.0,0.00029225270880148225,272676.0,0.028470428106438517,3.485507373027301e-05,4.317457055908838e-05,8.319496828815372e-06,11674.009767588068,12.236923130806838,62.0,3169690614.0,-0.0045927675664394485,19.35483870967742,3.225806451612903,-45.16129032258064,-58.064516129032256,0.012286380255429979,6315662124.0,0.00028423130006964645,0.5018778002634011,False,True,False
8404,-0.039133181229146885,1344778886.0,6.222867285427628e-05,23281.0,0.1968218155029624,5.774564630518533e-06,1.731213974458549e-05,1.1537575114066958e-05,12457.630787501075,8.912790607284991,74.0,773945703.0,0.032374431364357914,87.09677419354838,87.09677419354838,38.70967741935483,32.25806451612903,0.004926592880547946,1344778886.0,6.940096688787004e-05,0.5755189280983402,False,True,False
8405,0.02439010127832053,1046424129.0,4.842252170098542e-05,124633.0,1.035361899786737,3.846307187634774e-06,0.0001191037138250087,0.00011525740663737393,13269.497968831718,12.33811154235783,64.0,555327449.0,0.01845245064524126,80.64516129032258,87.09677419354838,38.70967741935483,38.70967741935483,0.033893875467394294,1046424129.0,4.979711335121185e-05,0.5306906001209,False,True,False
8406,-0.0068276269583879,3927779242.0,0.000181755151005721,181466.0,0.0,0.0,4.6200661702056014e-05,4.6200661702056014e-05,12897.06971910541,10.703696576516249,67.0,2233847289.0,0.07539643576465793,83.87096774193549,74.19354838709677,12.903225806451616,16.129032258064505,0.013147528519063666,3927779242.0,0.00020031271074380172,0.5687303566130513,False,False,True
8407,0.04270324763026978,52931557212.0,0.0024493696262665415,501539.0,-0.24881753868958,4.882772307071123e-05,9.47523606742288e-06,-3.935248700328835e-05,10633.922980029236,13.442968251354907,84.0,28160916068.0,0.05998911595504741,64.51612903225806,74.19354838709677,16.129032258064512,-3.225806451612911,0.0026964102208033767,52931557212.0,0.0025252350339198867,0.5320250820358577,True,False,True
8408,0.043182718225144745,47675820072.0,0.0022061641814919352,246527410.0,0.05948278729430223,0.004785192712754758,0.005170910738980356,0.00038571802622559825,11116.50168813608,11.186772882901707,20.0,22556695401.0,0.07601399997231884,90.0,96.66666666666667,46.666666666666664,56.66666666666667,1.4715091495594612,47675820072.0,0.0020226954740577862,0.47312653179189973,True,True,True
8409,0.053253878511393404,70889225046.0,0.0032803477509987483,130254436.0,0.03809389756494097,0.001975579172775426,0.0018374363087687575,-0.00013814286400666825,11372.347029251343,12.563717271776389,37.0,33152946625.0,0.06277487029450879,96.7741935483871,100.0,45.161290322580655,25.80645161290323,0.5228874518571073,70889225046.0,0.002972878513361225,0.46767257793391115,True,True,True
8410,-0.009087053084076202,1092012092.0,5.0532071802607e-05,4783.0,-0.2937642646783287,2.3817819660130878e-05,4.379988129288957e-06,-1.943783153084192e-05,12055.14564005304,7.700113567996186,78.0,590824422.0,0.055264734384141034,67.74193548387096,90.32258064516128,38.70967741935483,51.61290322580644,0.0012464327722047364,1092012092.0,5.298018451272022e-05,0.5410420143955695,False,False,True
8411,0.06451784067007749,203885222131.0,0.009434641575575308,57567160.0,0.4086309643474597,6.959333098041728e-05,0.00028235082169423756,0.00021275749071382027,12650.974278110221,7.326077536132834,54.0,121785036650.0,0.0709836515464688,87.09677419354838,100.0,16.129032258064512,45.16129032258065,0.08034983361376506,203885222131.0,0.010920661828372074,0.5973215487474167,True,True,True
8412,0.043118052588376754,28041087495.0,0.0012975810955768476,4957621.0,-0.0120211649158104,0.00023195704780727312,0.00017679845693873293,-5.515859086854019e-05,11613.878147698137,12.953433484920355,61.0,13728474568.0,0.04318437453216828,90.32258064516128,96.7741935483871,48.38709677419354,22.580645161290334,0.05031232603807052,28041087495.0,0.0012310545884828487,0.489584242067927,True,False,False
8413,0.041777882181517345,75093374253.0,0.00347489172276733,64086513.0,-0.02118230979045921,0.0011655519557639729,0.0008534243352027789,-0.00031212762056119395,11494.953289032555,11.571467976311501,46.0,37066678491.0,0.05696870155758704,90.32258064516128,100.0,29.03225806451612,35.483870967741936,0.2428627723624607,75093374253.0,0.0033238291996786446,0.4936078430317596,True,False,True
8414,0.05627258571890548,90535382991.0,0.0041894595375760145,24808136.0,0.042166735848504056,0.0002930689423745056,0.00027401591709692267,-1.905302527758292e-05,11953.081779651704,8.698926467659541,57.0,54130020906.0,0.061001866229010826,90.32258064516128,93.54838709677419,22.58064516129032,35.48387096774193,0.07797793260932565,90535382991.0,0.004853926798708538,0.5978880203266053,True,True,True
8415,0.07021825066042142,66636498674.0,0.0030835559059623437,8155243.0,0.08031465742164245,0.00011677104265089094,0.00012238402620607652,5.612983555185579e-06,11246.663523672954,5.246253412733956,63.0,32958608821.0,0.0977620677078459,96.7741935483871,90.32258064516128,19.354838709677423,9.677419354838705,0.03482736860348086,66636498674.0,0.0029554519271702486,0.494602949987522,True,True,True
8416,0.009358732262604086,2396456392.0,0.00011089429078626036,1680260.0,0.12585712819019323,0.00040608623813429906,0.0007011435741577224,0.0002950573360234234,12307.963031655283,10.030836909674282,46.0,1529560975.0,0.025660354901145377,83.87096774193549,90.32258064516128,41.935483870967744,45.16129032258064,0.1995275564805743,2396456392.0,0.0001371582142874863,0.6382594651444841,False,True,False
8417,0.06583148760456159,5802971453.0,0.00026852831784528875,1964686.0,0.008954458338606086,0.00044537683992032116,0.0003385655118093513,-0.00010681132811096988,12303.172994196359,7.263233241465036,53.0,2941871557.0,0.08927392432271031,96.7741935483871,93.54838709677419,29.032258064516142,35.48387096774193,0.09634709889635068,5802971453.0,0.00026380239559999687,0.506959508732224,True,True,True
8418,0.04640962268824311,60097405030.0,0.0027809640647516887,33406417.0,0.1135568941488374,0.0004073059427324179,0.0005558712058087011,0.00014856526307628322,11005.421765455303,7.631892970388573,55.0,24730362775.0,0.0664708646506138,96.7741935483871,90.32258064516128,54.83870967741936,19.35483870967741,0.15818675019044096,60097405030.0,0.0022176117541837285,0.41150466917256845,True,True,True
8419,0.04958915589861057,51145186539.0,0.0023667066120239234,50611146.0,-0.11940487834502644,0.002380437062269997,0.0009895583421405106,-0.0013908787201294863,11915.948247479184,13.009906941644411,48.0,30811479629.0,0.07873303621376171,93.54838709677419,96.7741935483871,35.48387096774193,35.48387096774194,0.28160303435634004,51145186539.0,0.002762915368881519,0.6024316600254291,True,False,True
8420,0.048982308813836584,1516384649.0,7.016960574429153e-05,451466.0,-0.18851437782098368,0.0010746136228500177,0.00029772525084431926,-0.0007768883720056985,12518.27046571216,8.003968287694656,51.0,924186110.0,0.06958672704506697,96.7741935483871,90.32258064516128,54.83870967741936,19.35483870967741,0.08472500354138598,1516384649.0,8.287326794337073e-05,0.6094668068616145,True,False,True
8421,0.04141821022969738,88258584607.0,0.004084102334791169,46279500.0,0.10991949131861456,0.0003813292739835001,0.0005243625898384219,0.00014303331585492185,11568.452475605334,12.960781121398119,56.0,44054782011.0,0.059673044921956464,93.54838709677419,100.0,32.25806451612903,45.16129032258065,0.1492202027038054,88258584607.0,0.003950463780270828,0.49915577285958324,True,True,True
8422,0.03012152472238272,35031085637.0,0.0016210382171593745,31129645.0,0.001608904940916256,0.0010225204352189556,0.0008886291827370808,-0.00013389125248187473,11283.471085081404,8.55594577945358,45.0,17666255193.0,0.04101268620566345,90.32258064516128,96.7741935483871,19.35483870967741,22.580645161290334,0.2528811729635483,35031085637.0,0.0015841617660380695,0.5043022467548313,False,True,False
8423,0.0206159100547727,4543594922.0,0.000210251577361164,3049324.0,-0.05096625783376718,0.0009654001645922788,0.0006711258491013869,-0.00029427431549089184,11238.200843266766,5.246123722667108,48.0,2197428503.0,0.03027161253160604,93.54838709677419,87.09677419354838,48.38709677419355,41.935483870967744,0.19098527847597116,4543594922.0,0.00019704697911497398,0.4836321328646823,False,False,False
8424,0.028830601084704366,24618557646.0,0.0011392059957558525,50810058.0,0.016307939238421332,0.0021942184415787735,0.0020638925614821944,-0.0001303258800965791,11363.87356212144,8.697845020929295,38.0,11825875512.0,0.029817414881191828,93.54838709677419,100.0,25.80645161290323,35.483870967741936,0.5873311184883516,24618557646.0,0.0010604454442308406,0.4803642716217965,False,True,False
8425,0.04736617351361394,7980270461.0,0.0003692812587825041,944178.0,-0.06743470659359296,0.00021141351211507794,0.00011831403517139518,-9.309947694368276e-05,11472.827481083288,6.300180792375321,71.0,4080164625.0,0.04938146367012486,96.7741935483871,96.7741935483871,38.70967741935484,51.61290322580646,0.033669153088173094,7980270461.0,0.0003658749818482857,0.5112814966535255,True,False,True
8426,0.06854868513866985,16837762082.0,0.000779155293935003,6233295.0,0.26455761336356276,0.0001594820393377941,0.00037019735577945674,0.00021071531644166263,11946.413182589653,6.573333844499358,54.0,8544957355.0,0.04350318534641562,93.54838709677419,100.0,58.064516129032256,35.483870967741936,0.10534871392492995,16837762082.0,0.0007662401899175822,0.5074877120478367,True,True,False
8427,0.15245458418054958,31681437197.0,0.0014660356519647295,20324.0,-0.4097698396142182,1.82060789138833e-05,6.415113011957846e-07,-1.7564567612687514e-05,10499.9342962103,9.46435169807978,118.0,13405614656.0,0.22914430109106254,93.54838709677419,93.54838709677419,32.25806451612903,25.80645161290323,0.0001825577343927496,31681437197.0,0.0012021032163448827,0.4231378321836174,True,False,True
8428,0.06124921582671461,36391751207.0,0.001684002034855429,20964723.0,-0.015854805819578432,0.000839995975421928,0.000576084478066211,-0.00026391149735571697,11433.676804754046,10.643410011943082,48.0,19274994166.0,0.09219833404428357,96.7741935483871,93.54838709677419,45.161290322580655,32.25806451612903,0.16393893129951329,36391751207.0,0.001728419999869751,0.5296528341371061,True,False,True
8429,0.08570656213718864,58699437418.0,0.0027162741219709974,1163490.0,-0.04820086845720262,3.8279345961547425e-05,1.9821143969656162e-05,-1.8458201991891263e-05,10639.79725163062,7.95176250453916,99.0,25998646435.0,0.14064841545616558,93.54838709677419,96.7741935483871,38.70967741935484,29.032258064516142,0.005640591411917463,58699437418.0,0.0023313408077218507,0.4429113391643443,True,False,True
8430,0.05264480978366537,12939821298.0,0.0005987808960483922,3119802.0,0.3494627707064266,6.963113631966007e-05,0.0002411008566619233,0.0001714697203422632,11254.275149327104,8.586270293182121,66.0,5433285546.0,0.06402924704955693,90.32258064516128,100.0,41.93548387096773,38.70967741935484,0.06861114694364327,12939821298.0,0.0004872115302257695,0.4198887620526705,True,True,True
8431,0.05842583519487454,67358275035.0,0.0031169555863932415,20565097.0,0.05818763391784798,0.0003056529245120709,0.0003053091396612247,-3.437848508461858e-07,11496.331943683139,12.278248070391522,60.0,33198384933.0,0.06266931352270322,87.09677419354838,100.0,45.16129032258064,58.064516129032256,0.08688318463300516,67358275035.0,0.002976953040161652,0.49286275391924456,True,True,True
8432,0.02784721998346784,9245012957.0,0.0004278063054261088,22751745.0,0.040241098569852696,0.0023178214323028644,0.0024609749175930765,0.00014315348529021213,11236.478292864766,11.426434191866749,36.0,3989627338.0,0.03892053689994501,93.54838709677419,83.87096774193549,54.83870967741935,29.032258064516135,0.7003306169598744,9245012957.0,0.0003577563564294111,0.4315437259586742,False,True,False
8433,0.04606061538209927,25946041886.0,0.0012006343713424747,21619645.0,-0.027830099184083967,0.0012018515962659599,0.000833254069926772,-0.00036859752633918786,10812.111646415,11.090697668916642,42.0,8823463088.0,0.09046828410659402,100.0,100.0,51.61290322580645,45.16129032258065,0.23712282994207806,25946041886.0,0.0007912142508615125,0.34006971571108796,True,False,True
8434,0.007952884145111527,2301454815.0,0.00010649816134273686,1623107.0,-0.11596598319193785,0.0013589421664047948,0.0007052526034494403,-0.0006536895629553545,11598.32395066292,11.132110673763927,44.0,1028748562.0,0.013006329742697886,77.41935483870968,83.87096774193549,16.12903225806452,16.129032258064527,0.20069688128693577,2301454815.0,9.22495526631355e-05,0.4469992438239549,False,False,False
8435,0.008649736949047027,383382017.0,1.7740726272903118e-05,141146.0,0.014926005277197119,0.0003569166701175673,0.0003681601998562181,1.124352973865076e-05,11124.403918084661,10.618431656907966,54.0,150641266.0,0.011680227371018148,74.19354838709677,80.64516129032258,19.354838709677416,16.129032258064512,0.10476899137092661,383382017.0,1.3508246732410405e-05,0.3929273135416782,False,True,False
8436,0.03616224874923479,8885592400.0,0.00041117437842940944,6298666.0,0.07568693950780969,0.0005878567919276535,0.0007088628103175203,0.00012100601838986678,10873.86095047529,13.922867011106122,47.0,3252931424.0,0.06672594370617202,90.32258064516128,90.32258064516128,35.48387096774193,29.03225806451612,0.20172425396968865,8885592400.0,0.0002916956385576521,0.36609055171155497,False,True,True
8437,0.01801383213494212,2431421591.0,0.0001125122801468218,2653464.0,-0.065165839543464,0.0016712770764447248,0.00109132205201348,-0.0005799550244312448,11327.043019624152,7.595280800709298,40.0,1183616653.0,0.03278788485328521,83.87096774193549,77.41935483870968,41.935483870967744,32.25806451612904,0.3105623875012982,2431421591.0,0.00010613682565117177,0.48680025602355526,False,False,False
8438,0.04918804203365079,15876628105.0,0.000734679512491285,8849411.0,0.008487720515179209,0.00067931261843404,0.0005573860483141927,-0.00012192657011984734,11121.593598104564,10.915645846677643,56.0,6938069906.0,0.06802436888036323,90.32258064516128,96.7741935483871,32.25806451612902,35.48387096774194,0.1586178356837891,15876628105.0,0.0006221479852470137,0.4369989559568385,True,True,True
8439,0.011025430507835221,5407498792.0,0.0002502281057432234,30733.0,-0.31129708239280285,3.874889380016213e-05,5.6834039510960655e-06,-3.3065489849066064e-05,12061.974612151887,8.458902627340489,83.0,2880581667.0,0.006317721772534535,96.7741935483871,100.0,25.80645161290323,51.61290322580645,0.00161735163046527,5407498792.0,0.00025830643172299197,0.532701305687134,False,False,False
8440,0.021331441307632426,943208046.0,4.364627191808481e-05,2004.0,-0.5366241241344651,0.00011052400891734087,2.1246638093246293e-06,-0.00010839934510801624,11217.770810030812,9.106829068002344,91.0,482357929.0,0.03166832933952768,80.64516129032258,100.0,61.29032258064515,45.16129032258065,0.0006046250637417796,943208046.0,4.325381810231534e-05,0.5114014146143109,False,False,False
8441,0.03827974927950484,7821714558.0,0.00036194419875009267,1255107.0,-0.02140462397372156,0.00021574210405211775,0.00016046443406916256,-5.527766998295519e-05,11200.639425088695,8.23924831478812,60.0,3831716282.0,0.04087317467090523,90.32258064516128,100.0,29.03225806451612,29.032258064516128,0.045664080242509605,7821714558.0,0.0003435962158327204,0.4898818863289948,False,False,False
8442,-0.004029323445876143,1241314414.0,5.7440929049583296e-05,75462.0,-0.08490762520917383,9.284415987485006e-05,6.079201139446368e-05,-3.205214848038638e-05,12181.133475281631,9.738951017869844,80.0,722435886.0,-0.009375272871242957,83.87096774193549,90.32258064516128,25.806451612903224,29.03225806451612,0.017299854030107666,1241314414.0,6.47819980246018e-05,0.5819926666862986,False,False,False
8443,-1.162318852987454e-05,49108288541.0,0.0022724506265421047,740124.0,-0.09487293865899471,2.480714019526585e-05,1.5071264383039497e-05,-9.735875812226352e-06,12421.762891827695,8.238237902906084,85.0,32272565364.0,0.003390243790725167,100.0,93.54838709677419,58.064516129032256,35.48387096774193,0.004288896976675601,49108288541.0,0.002893933297299521,0.6571714535939482,False,False,False
8444,0.02582982605135764,901402006.0,4.171172757508805e-05,47739.0,-0.11403261475683935,0.00011021551495543062,5.296083177343184e-05,-5.725468318199878e-05,15834.711695136832,4.612703279029003,41.0,439933137.0,0.019236672791755227,77.41935483870968,74.19354838709677,22.580645161290327,16.129032258064505,0.015071300290565784,901402006.0,3.944951817093272e-05,0.48805431324944265,False,False,False
8445,0.009770797177762747,2870412647.0,0.00013282627458425177,103960.0,0.0,0.0,3.621778914214769e-05,3.621778914214769e-05,14455.992201284362,6.028542351616416,65.0,1207397885.0,0.005855215938119329,77.41935483870968,80.64516129032258,16.12903225806452,12.903225806451616,0.010306657915737828,2870412647.0,0.00010826932730882974,0.4206356484186714,False,False,False
8446,0.02542578492281833,1711242150.0,7.91864960369391e-05,10712.0,-0.4998972481090944,0.00022687364188664526,6.2597803589632246e-06,-0.00022061386152768202,14777.476216689145,4.978929864223637,62.0,613549215.0,-0.03935744671111452,80.64516129032258,87.09677419354838,32.258064516129025,41.935483870967744,0.0017813736375312794,1711242150.0,5.5017953571212815e-05,0.3585402656193339,False,False,False
8447,0.05264222376361971,2270876976.0,0.00010508319390122564,14823.0,1.2466078337675186,1.4740427857969666e-07,6.527434183647296e-06,6.3800299050675994e-06,13536.723710075168,2.646899070646554,84.0,905125172.0,-0.0069464370630411,90.32258064516128,93.54838709677419,32.25806451612902,35.48387096774193,0.0018575410811052248,2270876976.0,8.116404270720485e-05,0.3985795714897415,True,True,False
8448,0.030295369735698907,4338527778.0,0.00020076224320371444,417704.0,0.7217616494320849,7.387029638754834e-06,9.627782081242214e-05,8.889079117366731e-05,14096.935253892017,10.695955207290307,61.0,2104306156.0,0.02210808208584658,83.87096774193549,87.09677419354838,41.935483870967744,41.935483870967744,0.02739820920851206,4338527778.0,0.00018869654717172982,0.4850277014868061,False,True,False
8449,-0.15266365051505681,693240397.0,3.2079199282045844e-05,0.0,0.0,6.746890895884924e-06,0.0,-6.746890895884924e-06,12633.11955840046,5.021458242369185,0.0,389308538.0,-0.12601894685413928,74.19354838709677,100.0,6.451612903225808,61.29032258064516,0.0,693240397.0,3.490992824195976e-05,0.5615779745161043,False,False,False
8450,0.04286951071700407,18029224625.0,0.0008342893636161588,29683581.0,0.5355912765056825,0.00023785424942702755,0.001646414730383892,0.0014085604809568643,11427.399229805758,5.433050204087929,30.0,9000403166.0,0.06363102014298083,90.0,90.0,30.0,36.666666666666664,0.46852758866363675,18029224625.0,0.0008070807547348664,0.49921188255204846,True,True,True
8451,0.022127120789109167,9664631909.0,0.0004472238697255696,207133.0,-0.06472559507379083,3.341129350300261e-05,2.1432063005639298e-05,-1.1979230497363314e-05,11508.37416205315,10.492854049289846,81.0,4707036549.0,0.02098200916910664,90.32258064516128,87.09677419354838,12.903225806451601,-3.225806451612897,0.006099017832389019,9664631909.0,0.00042208760435115834,0.48703733296005447,False,False,False
8452,0.009090518668418035,4537138414.0,0.0002099528071110539,29213.0,0.43148887728436613,1.120739990504648e-06,6.4386398065042585e-06,5.317899815999611e-06,12889.084828671705,3.8529247751448525,96.0,2207268039.0,-0.027479629480413603,90.32258064516128,96.7741935483871,58.06451612903225,32.25806451612904,0.0018322724688643612,4537138414.0,0.00019792930627239732,0.4864890240485399,False,True,False
8453,0.049196137390573824,899542622.0,4.162568592180879e-05,145980.0,-0.1722424524859596,0.0005309324650512321,0.00016228247159143504,-0.0003686499934597971,13835.049049331206,3.177947984425093,50.0,365448475.0,-0.0056593435674386905,93.54838709677419,93.54838709677419,41.935483870967744,29.032258064516128,0.04618144729510622,899542622.0,3.2770357680631254e-05,0.4062603217038003,True,False,False
8454,0.07733366128648544,3204656748.0,0.0001482931792413202,80239.0,0.35982819496948326,7.815106993366041e-06,2.5038250992115302e-05,1.722314399874926e-05,12732.033685543722,5.949077618394697,70.0,1646522615.0,0.062461645114119335,77.41935483870968,87.09677419354838,38.70967741935484,32.25806451612903,0.0071252468440654495,3204656748.0,0.00014764635431246034,0.5137906317197876,True,True,True
8455,0.071980990564676,6787941358.0,0.0003141070896624665,18732992.0,0.04597447004105448,0.0031203194912281383,0.002759745703743011,-0.00036057378748512734,12287.239828568507,6.10437728629477,27.0,3608843128.0,0.08489357261966002,86.66666666666667,90.0,53.33333333333334,33.333333333333336,0.7853531531499681,6787941358.0,0.0003236108185096356,0.5316550243538506,True,True,True
8456,0.044047712130192984,6373874624.0,0.00029494645024570176,770515.0,0.7255409817584271,9.802862700870878e-06,0.0001208864380699811,0.00011108357536911022,12524.967165714366,6.866758699282594,50.0,3990747775.0,0.06936591084270138,93.54838709677419,100.0,38.70967741935484,35.483870967741936,0.03440119326304737,6373874624.0,0.00035785682783307096,0.6261101779400171,True,True,True
8457,0.04834432958213308,8291652046.0,0.00038369021700421354,3174.0,0.0,0.0,3.8279464482969695e-07,3.8279464482969695e-07,12820.955577565008,6.122156157222269,79.0,5191558421.0,0.06730756108587843,48.38709677419355,87.09677419354838,19.35483870967742,19.354838709677423,0.00010893358069846258,8291652046.0,0.00046553546673320557,0.6261187025454685,True,False,True
8458,0.0552858943977903,5900590443.0,0.0002730455661872402,348725.0,0.22772392085066095,2.7729030707129935e-05,5.910001776410361e-05,3.137098705697368e-05,12049.7925517926,7.528867064115653,60.0,3496868876.0,0.05582316449402325,61.29032258064516,90.32258064516128,9.677419354838712,22.58064516129032,0.01681835585043456,5900590443.0,0.00031356990565848433,0.5926303324692552,True,True,True
8459,0.036701460064777924,2929271005.0,0.00013554990264151283,548500.0,0.5581627617774945,2.4413021012674604e-05,0.00018724795318144353,0.00016283493216876893,12187.046946802384,8.977268315267843,50.0,1645043600.0,0.046683226499100394,67.74193548387096,93.54838709677419,9.677419354838698,32.25806451612903,0.05328598582560497,2929271005.0,0.00014751372863776018,0.561588052860954,False,True,True
8460,0.034087496389604066,3875858310.0,0.00017935254733209585,274806.0,0.006917694683226561,8.099811069706385e-05,7.090197267814983e-05,-1.0096138018914012e-05,13740.278338099259,9.043080980178184,61.0,2187530370.0,0.03866119253974998,87.09677419354838,83.87096774193549,32.25806451612903,9.677419354838719,0.020176890838824586,3875858310.0,0.00019615939746948905,0.564398952447774,False,True,False
8461,0.07552899502842947,2517406013.0,0.0001164911472475074,663101.0,-0.014785193273500696,0.0004083968479272775,0.0002634064575105152,-0.0001449903904167623,13777.278210541479,5.733636988584617,46.0,1405001076.0,0.05819116860869067,80.64516129032258,80.64516129032258,9.677419354838705,12.903225806451616,0.0749587513390726,2517406013.0,0.00012598872605007252,0.5581146103348089,True,False,True
8462,0.04923771685895639,9982478774.0,0.0004619320041153613,889019.0,0.22372376512185732,4.126911396015641e-05,8.90579404301371e-05,4.7788826469980686e-05,11837.720106542447,9.27970150049723,66.0,5103696098.0,0.06327710047091317,93.54838709677419,100.0,41.935483870967744,32.25806451612904,0.025343615621899063,9982478774.0,0.00045765670967624656,0.5112654094785456,True,True,True
8463,0.10034231878024791,2250617221.0,0.00010414568835356433,62504.0,-0.16848822650827733,0.0001126946346572584,2.7771937145414742e-05,-8.492269751184366e-05,11905.10730881811,5.626414381243265,78.0,1248025097.0,0.11217034981270957,87.09677419354838,96.7741935483871,25.806451612903224,38.70967741935484,0.00790318411462784,2250617221.0,0.00011191243532510162,0.5545257031515445,True,False,True
8464,0.010313846129748727,2498096289.0,0.0001155976036990386,1455990.0,0.11191010341631524,0.00036097935137499056,0.0005828398234332432,0.00022186047205825262,11951.356577944542,5.719378633375589,38.0,1376605986.0,0.038566975138419224,87.09677419354838,90.32258064516128,41.935483870967744,29.03225806451612,0.16586133008336507,2498096289.0,0.00012344249225973116,0.5510620195313056,False,True,False
8465,0.02277853223782622,7526670066.0,0.00034829122772172085,266942.0,-0.1229765572827175,7.650081096471486e-05,3.546614872968181e-05,-4.103466223503305e-05,11561.780035659265,5.688955970241186,76.0,3551556145.0,0.039190199588407415,96.7741935483871,93.54838709677419,51.61290322580646,38.70967741935484,0.010092760248585235,7526670066.0,0.00031847380179789744,0.4718628708123314,False,False,False
8466,0.04116257805191981,17786823990.0,0.0008230724490942841,1375986.0,0.028018478031047955,8.243350263528284e-05,7.735984798486782e-05,-5.073654650415024e-06,11922.639819327576,10.747611939788976,62.0,12063785573.0,0.05168517811023565,61.29032258064516,93.54838709677419,12.903225806451609,35.48387096774193,0.022014637239843194,17786823990.0,0.0010817792254014715,0.6782428150063456,True,True,True
8467,0.013272858715050129,8426271741.0,0.000389919646278505,424136.0,0.05091338585906846,4.194373548619893e-05,5.0334953943660145e-05,8.391218457461215e-06,11470.805927837213,4.79778687368808,71.0,4062265612.0,0.011573857514007191,100.0,100.0,45.16129032258065,51.61290322580645,0.014324042515836466,8426271741.0,0.00036426994831205255,0.48209525361425204,False,True,False
8468,0.040816160198984486,1033442849.0,4.782182233340942e-05,12327.0,-0.14055127829094993,3.1069997259746323e-05,1.1928090665031057e-05,-1.9141906594715266e-05,11752.828521704736,7.309974894887485,94.0,492935395.0,0.04841330079742634,87.09677419354838,90.32258064516128,38.70967741935483,41.93548387096773,0.003394430002059774,1033442849.0,4.420231664010433e-05,0.47698370110837157,True,False,True
8469,-0.4285046905926432,17462.0,8.080414532782696e-10,0.0,0.0,0.0,0.0,0.0,5021.0,1.0,0.0,17462.0,-0.04408067068164134,50.0,50.0,-50.0,-50.0,0.0,17462.0,1.565845871484846e-09,1.0,False,False,False
8470,0.04954467838924903,6041461485.0,0.0002795642720343656,48074.0,-0.30042720105467347,6.047951906028759e-05,7.95734610232312e-06,-5.2522172957964475e-05,11333.16676571712,4.440488772588732,87.0,3014044493.0,0.05605901258989743,100.0,90.32258064516128,45.16129032258065,22.58064516129032,0.0022644574982720986,6041461485.0,0.0002702742598691837,0.4988932728419107,True,False,True
8471,0.03315567045578893,350630308057.0,0.016225164567963902,2708374.0,-0.06760542062118091,1.2902958513614396e-05,7.724300888329696e-06,-5.1786576252847e-06,11859.70088504004,4.155806087606691,80.0,202182370058.0,0.02221439893599708,100.0,61.29032258064516,41.93548387096774,-19.354838709677416,0.0021981387815193146,350630308057.0,0.01813002115693166,0.5766254810611875,False,False,False
8472,0.007511636098535002,4509913241.0,0.00020869298187014952,229176.0,0.11027900885538777,3.126731982098362e-05,5.081605515523929e-05,1.9548735334255675e-05,11027.599747926282,8.614370091939872,63.0,2001199287.0,0.020815158891594576,100.0,83.87096774193549,61.29032258064516,25.806451612903224,0.014460951635030132,4509913241.0,0.00017945078694120762,0.443733433452096,False,True,False
8473,0.0326741818514249,263919686713.0,0.012212693116499721,3064831.0,-0.003960937332752046,1.3911356698232752e-05,1.1612741126556643e-05,-2.2986155716761086e-06,12755.001865469614,6.13379436451822,76.0,164574407938.0,0.04115469480461886,100.0,58.06451612903226,70.96774193548387,-16.129032258064505,0.0033046895763207762,263919686713.0,0.01475765417602681,0.6235776117640166,False,False,False
8474,0.054763528209818446,20429767626.0,0.0009453727592858999,6720495.0,-0.019898914180936367,0.000474852802129499,0.0003289560176615589,-0.0001458967844679401,11012.212604289609,7.7584813982179535,62.0,8452825083.0,0.08864336959169394,83.87096774193549,93.54838709677419,32.25806451612904,38.70967741935484,0.09361248225435022,20429767626.0,0.0007579785396059501,0.4137504272071352,True,False,True
8475,-0.008520533879948222,3128142354.0,0.00014475253085485438,126007.0,-0.09277938500109695,6.280037447812212e-05,4.028173456967937e-05,-2.2518639908442746e-05,12676.09265376898,12.558766460975477,59.0,1929365432.0,-0.011902797177321567,93.54838709677419,93.54838709677419,32.25806451612903,29.032258064516128,0.0114631530056342,3128142354.0,0.00017300932861543788,0.6167767363697158,False,False,False
8476,0.06392729792120022,1825388571.0,8.446853932587239e-05,28282.0,-0.05400154829604786,2.7878051949270396e-05,1.549368745335483e-05,-1.2384364495915566e-05,11561.757547031339,8.218253589982073,73.0,1075927376.0,0.0905566050437141,93.54838709677419,25.806451612903224,22.58064516129032,-51.612903225806456,0.00440910779529758,1825388571.0,9.64801534604927e-05,0.5894237496022977,True,False,True
8477,0.051817613712342725,29319394335.0,0.001356733822454018,1232256.0,-0.04902587208848652,6.956721768812059e-05,4.202869902155501e-05,-2.753851866656558e-05,12334.308117862764,6.888085977572394,76.0,17823275258.0,0.054145864700688495,90.32258064516128,100.0,48.38709677419354,45.16129032258065,0.011960294477350468,29319394335.0,0.0015982420100261884,0.6079005266736864,True,False,True
8478,0.0021145044514896405,1477402332.0,6.836572714614503e-05,19093.0,0.010159466133075723,1.2416878831156839e-05,1.292335851003652e-05,5.064796788796805e-07,13235.038457586516,7.373095145325149,83.0,863067251.0,0.013450712380060015,83.87096774193549,61.29032258064516,38.70967741935485,16.12903225806452,0.003677657815130989,1477402332.0,7.739264069362761e-05,0.5841788877046391,False,True,False
8479,0.13279368212205322,207942913487.0,0.009622408315940497,25158994.0,0.015341811637109348,0.00020914230212407158,0.00012098990813444032,-8.815239398963126e-05,14573.507914997896,10.848792588106908,59.0,97346983712.0,0.10208542235454776,90.32258064516128,74.19354838709677,51.61290322580644,16.129032258064505,0.034430638201133325,207942913487.0,0.008729261971534633,0.4681428286234234,True,True,True
8480,0.014527508814883072,17772378461.0,0.0008224039926605117,1641029.0,-0.09791813008911354,0.00016613459141669217,9.233592473855433e-05,-7.379866667813784e-05,11793.98416944217,5.986534024405522,69.0,8967222462.0,0.014179161727110756,87.09677419354838,93.54838709677419,48.387096774193544,19.354838709677423,0.02627644624796001,17772378461.0,0.0008041053871726536,0.5045595040460016,False,False,False
8481,0.05150034435381645,108699490320.0,0.005029990501018211,84420470.0,0.00857885304463446,0.0009565728802766581,0.0007766409000766693,-0.0001799319801999888,11949.766079183737,10.755422778480735,48.0,64850022989.0,0.056517417085276245,90.32258064516128,100.0,35.48387096774193,45.16129032258065,0.22101216750267627,108699490320.0,0.005815206778319952,0.5965991450197997,True,True,True
8482,0.025369885031215844,32040726734.0,0.001482661516105444,20774826.0,-0.053487963380717374,0.0009674023137336633,0.0006483881021947859,-0.0003190142115388774,12319.387863641334,10.818755341236765,44.0,20787318500.0,0.03531410405896018,96.7741935483871,100.0,48.38709677419355,38.70967741935484,0.1845146963479129,32040726734.0,0.0018640325765929195,0.6487779965971106,False,False,False
8483,0.05476860651687132,68690159891.0,0.0031785875973107517,22426895.0,-0.02845590535569653,0.0004924339840197763,0.0003264935623324767,-0.00016594042168729955,11484.383416179113,10.489293247098557,50.0,33315504403.0,0.0662164095112221,96.7741935483871,100.0,45.161290322580655,32.25806451612904,0.09291173035008501,68690159891.0,0.0029874553330587997,0.4850113095655365,True,False,True
8484,0.06081094539670473,5165956267.0,0.00023905089964257613,9464322.0,0.09339291006957273,0.001574880028733402,0.001832056159758427,0.00025717613102502505,11839.309371154226,10.087973375093638,38.0,2598241725.0,0.0712427225210508,96.7741935483871,96.7741935483871,35.48387096774194,25.80645161290323,0.5213563988387263,5165956267.0,0.0002329885510371615,0.5029546497707508,True,True,True
8485,0.06261456779987173,10856132287.0,0.000502359690194057,4981836.0,0.07320280450756655,0.00043670094628086984,0.000458896029294489,2.2195083013619172e-05,12322.258695306187,10.972923270127092,50.0,7038373472.0,0.06840065414170726,83.87096774193549,93.54838709677419,32.25806451612904,29.032258064516128,0.13059009135719532,10856132287.0,0.0006311423687492647,0.648331586786973,True,True,True
8501,0.06004979108867392,71749071449.0,0.0033201365230223546,5556169.0,0.05599485883849176,7.893715447382163e-05,7.74388976441233e-05,-1.4982568296983284e-06,11994.262685056105,10.361078207224423,65.0,46200349515.0,0.06380407795519072,93.54838709677419,90.32258064516128,51.61290322580645,12.903225806451601,0.022037132754218855,71749071449.0,0.004142860299462814,0.6439156435333062,True,True,True
8502,0.003962905049352594,25146785350.0,0.00116364935170603,483050.0,-0.19085398019894972,5.6488941079795944e-05,1.9209214747601922e-05,-3.727972633219402e-05,11465.815488205097,7.2341662750177065,92.0,11179594549.0,-0.013557602542560221,87.09677419354838,96.7741935483871,25.806451612903224,61.29032258064517,0.005466451981826823,25146785350.0,0.0010024923817103504,0.44457350684786434,False,False,False
8503,0.05832471391825278,24050397695.0,0.0011129148038820378,599251.0,-0.1657525835173369,8.186661666995398e-05,2.4916469473790962e-05,-5.695014719616302e-05,11846.378258535155,9.794768621084508,72.0,11950934707.0,0.05793301955444852,41.935483870967744,90.32258064516128,-3.225806451612897,70.96774193548386,0.007090590933819192,24050397695.0,0.0010716597051506646,0.4969121450114133,True,False,True
8504,0.08656817894312319,144943462621.0,0.006707154173603103,18300549.0,0.154866620071074,9.308747564113033e-05,0.00012625991313490632,3.317243749377599e-05,12044.794678942619,7.054927654625228,69.0,91156655800.0,0.10865321755852797,93.54838709677419,93.54838709677419,54.83870967741935,29.032258064516128,0.03593034704699497,144943462621.0,0.008174165224074856,0.6289118125896963,True,True,True
8505,0.047304898928931305,10568500286.0,0.0004890497268394942,320453.0,-0.09490455251906238,6.289914630206555e-05,3.0321520682031043e-05,-3.257762562003451e-05,13309.265178737869,4.250310780127844,64.0,6299794631.0,0.05294549352678568,51.61290322580645,64.51612903225806,19.354838709677416,-3.225806451612897,0.008628730481811285,10568500286.0,0.0005649128057584325,0.596091636515853,True,False,True
8506,0.021428702797167576,9423785329.0,0.00043607886797775717,71171.0,0.049722830296329956,6.5878660193976495e-06,7.552273053269166e-06,9.644070338715165e-07,11892.47014019434,6.520229555344474,96.0,5711927390.0,0.039411630818772414,96.7741935483871,100.0,25.80645161290323,25.80645161290323,0.0021491840526429874,9423785329.0,0.0005121977964639052,0.606118156408187,False,True,False
8507,0.18369000994418339,150549934507.0,0.0069665896157361466,2471539.0,0.008775122621262454,3.651783235331676e-05,1.6416739124420427e-05,-2.0101093228896333e-05,11615.262897189665,3.590441367987927,83.0,69403461367.0,0.21495032028666805,90.32258064516128,74.19354838709677,45.16129032258064,9.677419354838705,0.0046717847294109344,150549934507.0,0.006223520985469875,0.46099961181831667,True,True,True
8508,0.027212716215903265,22472641357.0,0.0010399052675015247,304098.0,-0.043182638433659215,1.929817067166281e-05,1.3531920666071439e-05,-5.766250005591372e-06,10824.975442235062,3.4620748738354683,70.0,8830882209.0,0.03110037709676905,96.7741935483871,87.09677419354838,45.161290322580655,12.903225806451616,0.003850839064215478,22472641357.0,0.000791879535478847,0.39296147118234814,False,False,False
8509,0.028356666450531698,32699848065.0,0.0015131618802211209,445285.0,-0.071597600613037,2.2705438768210323e-05,1.3617341558128123e-05,-9.0880972100822e-06,11609.05165855149,3.0271848434047164,71.0,16355962774.0,0.037796355217684985,96.7741935483871,64.51612903225806,83.87096774193549,22.58064516129032,0.003875147668747632,32699848065.0,0.0014666657189226738,0.5001846718519302,False,False,False
8510,0.002199776063984693,5168202893.0,0.0002391548606400571,13125.0,0.07849870727612407,1.7596776567575017e-06,2.5395674805602102e-06,7.798898238027085e-07,12165.03640858513,4.947977248183854,76.0,3299333916.0,0.004280826044380515,93.54838709677419,96.7741935483871,38.70967741935484,51.61290322580646,0.0007226960534044939,5168202893.0,0.000295856625301714,0.6383909425206075,False,True,False
8511,0.04333171986833784,22520265725.0,0.0010421090507755013,1466225.0,-0.0030804001491472333,8.174072647278406e-05,6.510691383060934e-05,-1.6633812642174718e-05,11274.092785234709,11.085649750930848,72.0,11101622928.0,0.05056871727228485,96.7741935483871,90.32258064516128,41.93548387096775,19.35483870967741,0.018527765076102008,22520265725.0,0.0009955005399490497,0.4929614536331143,True,False,True
8512,0.04654804930401335,33785458010.0,0.0015633976972896778,6460255.0,0.16608748415937047,0.0001113422626804485,0.00019121407198587805,7.987180930542955e-05,11378.40874455042,14.887529970342012,56.0,15454712801.0,0.051428645758926805,74.19354838709677,90.32258064516128,25.806451612903217,25.806451612903217,0.054414641956713514,33785458010.0,0.001385849171597174,0.4574368296687182,True,True,True
8513,0.04285485993524363,3595194967.0,0.0001663650535994388,24205.0,0.23090745891420106,2.9388334198433123e-06,6.732597320082975e-06,3.7937639002396624e-06,10993.828676086094,1.4806063049187672,89.0,1735285402.0,0.05546611434943083,90.32258064516128,90.32258064516128,29.03225806451612,35.48387096774193,0.001915925270594628,3595194967.0,0.00015560585743727072,0.48266795484752356,True,True,True
8514,0.04958713546501703,6238602598.0,0.00028868683482496325,279613.0,-0.06536159339832215,8.004688129541345e-05,4.481981270767906e-05,-3.522706858773439e-05,12592.978300775394,8.342439964093387,73.0,3525934227.0,0.09193018322062274,87.09677419354838,80.64516129032258,41.935483870967744,32.258064516129025,0.012754574157258855,6238602598.0,0.00031617624284017076,0.5651801299429395,True,False,True
8515,0.02422053764716159,11830032957.0,0.0005474262411467246,3314533.0,0.38969583316295564,6.092632969998419e-05,0.000280179523763604,0.00021925319406361984,11726.810870101703,8.684249464402086,57.0,5825938234.0,0.03637454020816033,96.7741935483871,100.0,32.25806451612904,35.483870967741936,0.07973193766996912,11830032957.0,0.0005224213338239958,0.4924701609180817,False,True,False
8516,0.04228602335562881,65867913818.0,0.00304799019619199,1432062.0,-0.018327597235652138,2.933523504391721e-05,2.1741420321234683e-05,-7.593814722682527e-06,11507.227597763069,4.091715540681562,78.0,33482079319.0,0.046523095758109534,93.54838709677419,87.09677419354838,16.129032258064512,3.225806451612897,0.006187053024516804,65867913818.0,0.0030023923760385002,0.5083215389440527,True,False,True
8517,-0.1347241068516608,61620020637.0,0.0028514220035825476,2917589.0,0.08228268553643892,1.5465776932613068e-05,4.734806918010218e-05,3.188229224748911e-05,14433.617686096217,2.814455785290726,71.0,21265663903.0,-0.13459051158595825,100.0,100.0,29.032258064516128,25.80645161290323,0.013474051386590639,61620020637.0,0.0019069265849786317,0.3451096524013649,False,True,False
8518,0.03642985923838915,52920554699.0,0.0024488604929144495,244315.0,-0.038694564475074356,6.72540335604933e-06,4.616637172259584e-06,-2.1087661837897463e-06,11991.827660766881,3.9767278149194047,92.0,32892925354.0,0.061110613319223406,100.0,93.54838709677419,54.83870967741936,12.903225806451616,0.0013137770466553984,52920554699.0,0.0029495619841152284,0.6215529209980399,False,False,True
8519,0.2550643977886349,4067001120.0,0.00018819754297841885,18094.0,-0.10408883355717091,2.400300397426285e-05,4.448978366644758e-06,-1.9554025607618093e-05,11108.0136405989,2.7062349475761796,88.0,1935756548.0,0.3183532891822105,96.7741935483871,83.87096774193549,51.61290322580646,38.70967741935485,0.0012660656319897728,4067001120.0,0.00017358243035652028,0.47596656378594754,True,False,True
8520,-0.8028698726368251,523151.0,2.4208435134805863e-08,0.0,0.0,3.365834066069435e-06,0.0,-3.365834066069435e-06,13422.673010278104,2.8644252454877996,0.0,48294.0,-0.8697062944673345,28.57142857142857,28.57142857142857,-9.523809523809526,-4.761904761904759,0.0,523151.0,4.3306013353275194e-09,0.09231369145810674,False,False,False
8521,0.05820548223458988,48234121853.0,0.0022319991936604775,320242.0,-0.110475612404628,1.5819204922947093e-05,6.639324770459815e-06,-9.179880152487278e-06,12405.40830428743,6.037569577437353,95.0,30255340707.0,0.06872771859826443,96.7741935483871,74.19354838709677,32.25806451612904,-3.225806451612911,0.001889382284822593,48234121853.0,0.0027130454894298103,0.6272601126482045,True,False,True
8522,-0.07038738466648575,960420115.0,4.4442747994633076e-05,7915.0,-0.2340416535239549,2.1700710368969803e-05,8.241185160933452e-06,-1.3459525208036351e-05,14455.783217408976,4.9697244576040305,75.0,389167176.0,-0.039068045098264226,54.83870967741935,74.19354838709677,-25.806451612903224,9.677419354838705,0.0023452308461078823,960420115.0,3.489725208206485e-05,0.4052051492070218,False,False,False
8523,0.03335034848515317,53508517415.0,0.0024760680434533387,2766946.0,0.0351580782151002,5.12604410612907e-05,5.1710384321437845e-05,4.4994326014714353e-07,12747.66091166929,9.876544795899243,65.0,31681181559.0,0.04190678796894853,96.7741935483871,41.935483870967744,12.903225806451616,-38.70967741935483,0.014715454877729415,53508517415.0,0.0028409029520056112,0.5920773568306499,False,True,False
8524,-0.7264941146200685,2658496.0,1.230199846165655e-07,0.0,0.0,0.00046687262415074895,0.0,-0.00046687262415074895,8560.40746986266,9.71641173487082,0.0,1618282.0,-0.68261401093444,41.935483870967744,45.16129032258064,-48.38709677419354,-38.70967741935485,0.0,2658496.0,1.4511397254599928e-07,0.6087208707479718,False,False,False
8525,0.07126826535193898,593983962075.0,0.02748617935740852,10330449.0,-0.055277473585626624,3.260726125157938e-05,1.7391797859174548e-05,-1.521546339240483e-05,12907.998803135917,3.8480635157717793,74.0,349336810878.0,0.05299706543094729,100.0,87.09677419354838,25.80645161290323,25.806451612903224,0.004949261545773748,593983962075.0,0.031325598618199446,0.5881249885226542,True,False,True
8526,0.07027460223364423,23147139182.0,0.0010711171677847701,828604.0,0.04573996797917279,4.0198261023137136e-05,3.579725310695632e-05,-4.401007916180814e-06,12348.835138494956,16.062785630201493,75.0,15464284383.0,0.07729625413901231,93.54838709677419,87.09677419354838,45.16129032258064,29.03225806451612,0.010186984099123934,23147139182.0,0.0013867074708846711,0.6680862054445826,True,True,True
8527,-0.01455289953771255,9243212673.0,0.0004277229985826961,6508689.0,-0.0644454633000251,0.0009130437947861105,0.0007041587411498478,-0.00020888505363626266,9916.357042661437,7.136946952580512,36.0,5688393212.0,0.03986703486558829,100.0,93.54838709677419,32.25806451612904,16.129032258064512,0.20038559600984238,9243212673.0,0.0005100874485392637,0.615412996891887,False,False,False
8528,-0.008892241350211716,66212474514.0,0.003063934493840508,581123.0,-0.030732917702625873,9.81104588214521e-06,8.776639209838428e-06,-1.034406672306782e-06,11196.725461454183,6.492371386321487,90.0,34233573985.0,-0.0019486876474915649,90.32258064516128,80.64516129032258,54.838709677419345,12.903225806451616,0.0024976073948254295,66212474514.0,0.0030697801220125574,0.517026047376641,False,False,False
8529,0.02695115732969433,61185423269.0,0.002831311323887803,370625.0,-0.03544113001784355,8.286897932180584e-06,6.057406816825595e-06,-2.2294911153549886e-06,15304.059034674128,5.187485502627366,85.0,23022887485.0,-0.03707681795258766,83.87096774193549,67.74193548387096,29.032258064516135,6.451612903225801,0.0017237832953427388,61185423269.0,0.002064499674610433,0.37628059519635126,False,False,False
8530,0.03959515245461076,2830535318.0,0.00013098097995144822,141789.0,-0.23777412662229003,0.00023641594126301856,5.009264470163379e-05,-0.00018632329656138478,11572.87217337028,14.807474523203851,64.0,1299774862.0,0.04165998796649961,54.83870967741935,80.64516129032258,16.129032258064512,32.258064516129025,0.014255087493275989,2830535318.0,0.0001165529207148371,0.45919754250527955,False,False,False
8531,0.04471138842741951,19419962339.0,0.0008986447480823974,718343.0,-0.05404427194588268,6.077305507521068e-05,3.6989927552917694e-05,-2.3783127522292983e-05,11820.002175520645,7.339086520286979,74.0,11306652644.0,0.06347579284616,93.54838709677419,87.09677419354838,41.935483870967744,12.903225806451616,0.010526388789761464,19419962339.0,0.00101388588723632,0.5822180520553069,True,False,True
8532,0.0384127803728167,31657621985.0,0.0014649336202092256,1025182.0,0.2429459220413157,1.3179885498324333e-05,3.2383417822278354e-05,1.920353232395402e-05,14775.27388095136,6.478187315526968,57.0,13051759930.0,0.07471409903849024,41.935483870967744,64.51612903225806,-25.806451612903217,-16.129032258064512,0.009215493754372183,31657621985.0,0.0011703724889475342,0.4122785955364613,False,True,True
8533,0.016468358570251418,10295368555.0,0.0004764107530189897,369291.0,-0.05348918009402037,5.1235175893406285e-05,3.586962409623033e-05,-1.5365551797175958e-05,13734.804984630586,9.558262840809153,66.0,5506064968.0,0.034034569400032355,58.06451612903226,87.09677419354838,16.12903225806452,22.58064516129032,0.010207579034572456,10295368555.0,0.0004937377790785786,0.5348098942340389,False,False,False
8534,0.028778332319493005,42822983086.0,0.0019816026506999313,104915.0,0.1491960790108109,1.4086368122449648e-06,2.449969442560847e-06,1.0413326303158822e-06,15090.535864097159,3.1472945638820393,81.0,15174377822.0,0.036789536101145215,35.483870967741936,74.19354838709677,-38.70967741935483,-6.451612903225808,0.0006971987398065729,42822983086.0,0.0013607110791965357,0.3543512555285042,False,True,False
8535,0.07403268700195542,11773204265.0,0.0005447965344194549,2931958.0,-0.017860639111076937,0.0003894798351565356,0.0002490365353395149,-0.00014044329981702068,11803.496582623848,13.905989625665688,56.0,5665706122.0,0.08299152096743412,93.54838709677419,100.0,58.064516129032256,38.70967741935484,0.0708694384461461,11773204265.0,0.0005080530603699529,0.4812373925120206,True,False,True
8536,0.04127941004087732,111919658013.0,0.005179001438050134,13585665.0,-0.06980440937609333,0.00021337304193303497,0.00012138765647784556,-9.198538545518941e-05,12490.45565365459,10.962726057358559,65.0,71842319114.0,0.058125190875218946,90.32258064516128,100.0,38.70967741935483,32.25806451612904,0.03454382722258187,111919658013.0,0.006442217316604841,0.6419097448068969,True,False,True
8537,0.07428876468521928,88704454403.0,0.00410473463795992,19651333.0,0.1773033024082955,0.0001401554349464986,0.0002215371610395181,8.13817260930195e-05,11728.815667297364,13.700695406434113,64.0,43122396777.0,0.09976527649819023,87.09677419354838,74.19354838709677,51.61290322580645,3.225806451612897,0.06304381875703406,88704454403.0,0.0038668552835755855,0.4861356407321704,True,True,True
8538,0.04587854698857585,39229459376.0,0.0018153149333125574,2366655.0,0.11022435808412379,4.4758461211744286e-05,6.0328514275878206e-05,1.557005306413392e-05,11977.069821227404,12.955571847972724,69.0,24911652600.0,0.06370830440130648,70.96774193548387,93.54838709677419,29.032258064516128,25.80645161290323,0.017167954586233786,39229459376.0,0.002233868306927885,0.6350241118856861,True,True,True
8539,0.011476338185365753,7269019093.0,0.0003363686148101712,320477.0,0.2279739567279626,1.671682953286945e-05,4.408806689043044e-05,2.737123735756099e-05,12179.738375637804,6.545682176996869,68.0,4326386331.0,0.008004581690836954,100.0,100.0,29.032258064516128,41.93548387096774,0.012546337983867563,7269019093.0,0.0003879540817114202,0.5951815885538492,False,True,False
8540,0.03330030431471798,1887675957.0,8.735084318020435e-05,7958.0,-0.31876264795044984,3.384675330455786e-05,4.2157659372042314e-06,-2.9630987367353628e-05,12820.170307899409,8.164529903921705,78.0,1264014613.0,0.05238375434181153,61.29032258064516,93.54838709677419,22.58064516129032,54.83870967741935,0.0011996993299908344,1887675957.0,0.00011334624116725263,0.6696141932161083,False,False,True
8541,0.05030387264071745,125742753188.0,0.005818655195581393,185552.0,0.06878290657166075,1.3524151023318265e-06,1.4756476639459153e-06,1.2323256161408872e-07,13506.096171924119,5.146676260416488,103.0,65572261490.0,0.09010372488011464,83.87096774193549,96.7741935483871,48.38709677419355,19.354838709677423,0.00041993164234172025,125742753188.0,0.005879971076511353,0.521479447741707,True,True,True
8542,0.045965356564693804,681381336146.0,0.03153042979590556,7856546.0,0.1878191624949639,6.104868172450857e-06,1.153032169099004e-05,5.425453518539183e-06,16685.833636256262,7.636440668822583,68.0,223757952003.0,0.044809693293992536,70.96774193548387,70.96774193548387,-12.903225806451616,-12.903225806451616,0.0032812351096591264,681381336146.0,0.020064738595567625,0.3283887305581485,True,True,False
8543,0.058567439009807654,64447882201.0,0.002982279257496436,2494671.0,-0.14620988092604137,0.0001134074699456707,3.870834719160549e-05,-7.46991227540652e-05,11969.434841691998,7.91519524652429,75.0,39783557211.0,0.08004686460679888,100.0,77.41935483870968,61.29032258064516,-3.225806451612897,0.011015407136577945,64447882201.0,0.003567456122541835,0.6172981307116202,True,False,True
8544,0.068857358247852,164672206976.0,0.007620087586727009,25246593.0,-0.01023546738704395,0.00022517584115439973,0.00015331423233842697,-7.186160881597276e-05,11754.08460242033,14.072572111219458,82.0,83344265801.0,0.08229466328619894,70.96774193548387,77.41935483870968,45.16129032258065,-3.225806451612897,0.0436293154207815,164672206976.0,0.007473615537534732,0.5061222372099922,True,False,True
8545,-0.015582933698599533,5043072304.0,0.00023336453290067295,72781.0,-0.08025319774361006,2.0271088136038814e-05,1.4431877159935321e-05,-5.839210976103493e-06,12154.267198837886,4.935976115107863,68.0,2205488799.0,-0.01655874417094838,77.41935483870968,87.09677419354838,19.354838709677416,32.25806451612903,0.004106943700666288,5043072304.0,0.00019776975893484258,0.4373303942619816,False,False,False
8546,0.02474270215411667,2748967594.0,0.00012720649236459903,3636670.0,0.12476629159815378,0.0008304184359929304,0.0013229221064437182,0.0004925036704507878,11541.470973283507,7.304173285263335,42.0,1327625652.0,0.03363420978069476,93.54838709677419,100.0,29.032258064516128,45.16129032258065,0.37646984874665845,2748967594.0,0.00011905034624107072,0.4829542752332642,False,True,False
8547,0.0436366699667492,6868928829.0,0.0003178547264603231,249865.0,-0.007067541752916129,4.666212611804949e-05,3.637612300553944e-05,-1.0286003112510049e-05,12707.949160708506,12.118863421836407,67.0,4621117655.0,0.05521723860808869,51.61290322580645,58.06451612903226,9.677419354838705,19.354838709677423,0.010351715689972781,6868928829.0,0.000414383117725775,0.672756665564805,True,False,True
8548,-0.05705998297617665,3824264610.0,0.0001769650860832124,6480.0,-0.4215573630109133,1.9504998429476582e-05,1.694443418757051e-06,-1.7810555010719533e-05,14932.61345798271,6.768800375906392,97.0,1576420860.0,-0.02687525530931012,19.35483870967742,61.29032258064516,-22.580645161290324,-9.677419354838712,0.00048219532689196666,3824264610.0,0.00014136021620396233,0.41221542460159416,False,False,False
8601,0.09076193570774671,1391778538.0,6.440354784600993e-05,0.0,0.0,1.8648652147088657e-06,0.0,-1.8648652147088657e-06,12240.964582038985,2.767953501104214,0.0,802300763.0,0.09825046357892075,12.903225806451612,6.451612903225806,-19.35483870967742,-41.935483870967744,0.0,1391778538.0,7.194361112316412e-05,0.5764572028484607,True,False,True
8602,0.006283364068065955,1714724639.0,7.934764570321934e-05,0.0,0.0,0.0,0.0,0.0,10492.690808492547,5.718048099151263,0.0,912785154.0,0.09210355545018323,80.64516129032258,87.09677419354838,22.580645161290313,32.25806451612903,0.0,1714724639.0,8.185092572119799e-05,0.5323217111595957,False,False,True
8603,-0.020995927137797188,4915721231.0,0.00022747145386599956,0.0,0.0,0.0,0.0,0.0,12125.298268665187,11.04368683305045,0.0,3000720263.0,0.004921108994403234,58.06451612903226,70.96774193548387,9.677419354838712,22.58064516129032,0.0,4915721231.0,0.00026907945454698607,0.6104333671479508,False,False,False
8604,-0.0018004541637692828,1054852407.0,4.881253418545188e-05,0.0,0.0,0.0,0.0,0.0,12075.476088137702,7.790468146963714,0.0,602403299.0,-0.0008445498849487532,61.29032258064516,77.41935483870968,19.354838709677416,32.25806451612904,0.0,1054852407.0,5.401848119963356e-05,0.5710782807172379,False,False,False
8605,0.08613844979261809,1691195697.0,7.825886088545619e-05,0.0,0.0,0.0,0.0,0.0,11793.273810813746,8.89194892823324,0.0,732357080.0,0.1634423467013808,58.06451612903226,80.64516129032258,-12.903225806451609,6.451612903225808,0.0,1691195697.0,6.567164758737241e-05,0.4330410024689177,True,False,True
8606,0.1953069801440679,7361037951.0,0.0003406267210836408,0.0,0.0,3.712583618102336e-08,0.0,-3.712583618102336e-08,10149.185849784244,4.720427964595512,0.0,4264196092.0,0.28891201277015366,77.41935483870968,38.70967741935484,38.70967741935484,-25.806451612903224,0.0,7361037951.0,0.0003823773820788005,0.5792927737073692,True,False,True
8607,0.028634238548591595,14151167147.0,0.0006548350513712967,4959647.0,0.12471692436145387,0.00022425763317072405,0.00035047617970164594,0.00012621854653092188,11498.981788727155,13.62157263508773,52.0,6733565926.0,0.057702953900409026,25.806451612903224,25.806451612903224,-29.032258064516128,-32.25806451612904,0.09973657082220562,14151167147.0,0.0006038097815598518,0.4758311350613574,False,True,True
8608,0.05606603215767114,1123594383.0,5.199351953582755e-05,747564.0,-0.11926123020562662,0.0016491441493684236,0.0006653326247537854,-0.0009838115246146382,11764.228043602636,15.691119256536634,47.0,494429563.0,0.05892844560160637,67.74193548387096,96.7741935483871,25.806451612903217,35.48387096774194,0.18933667476508453,1123594383.0,4.43363011088997e-05,0.44004275072991356,True,False,True
8609,0.11666231655956816,6332893786.0,0.00029305009152997153,987812.0,0.18360450051592148,0.00011658652467501743,0.00015598114122547516,3.9394616550457725e-05,12661.075335163532,3.6322954339119757,83.0,3619870875.0,0.07336428325123223,93.54838709677419,83.87096774193549,51.61290322580645,48.38709677419355,0.04438824958662376,6332893786.0,0.0003245996944752598,0.571598229391179,True,True,True
8701,0.09712756402137823,69826907299.0,0.0032311897635901366,905324.0,-0.02914792490197593,2.3894697785053302e-05,1.2965259883606004e-05,-1.0929437901447298e-05,10561.807846239251,11.832786986496556,81.0,29736532011.0,0.11481785436189473,87.09677419354838,74.19354838709677,61.29032258064516,25.806451612903217,0.0036895818760361216,69826907299.0,0.0026665230719105093,0.4258606482980503,True,False,True
8702,0.07712107708697657,21524846100.0,0.000996046725703533,171595408.0,0.08997474372516012,0.007512873108708568,0.007971969100396959,0.00045909599168839077,11104.320235219335,10.820184817568759,18.0,8913382204.0,0.0900566650863055,96.66666666666667,96.66666666666667,56.66666666666667,46.66666666666667,2.2686188301043106,21524846100.0,0.0007992774438838563,0.414097372059724,True,True,True
8703,0.08046076541059399,944223360153.0,0.04369325484808848,2687051642.0,0.27612376254811277,0.001238175764884348,0.0028457796697219984,0.0016076039048376505,11138.447835522164,12.866801373725202,30.0,485030844981.0,0.09055340422908542,93.33333333333333,80.0,76.66666666666666,6.666666666666671,0.8098362228646722,944223360153.0,0.04349350281504439,0.5136823186649466,True,True,True
8704,0.09887512300287771,187113413328.0,0.008658538222048715,4773694011.0,0.147849275409492,0.02051478844799397,0.025512302544724384,0.004997514096730413,10048.743449720812,12.278250434749115,13.0,90451719507.0,0.11530923351405042,96.66666666666667,100.0,26.66666666666667,30.0,7.2601498103395645,187113413328.0,0.008110952442947043,0.4834058547606252,True,True,True
8705,0.08300007514809926,16054774052.0,0.0007429230876779483,318678.0,0.24734144470013142,9.794077937511127e-06,1.984942291730983e-05,1.0055344979798705e-05,10953.557235067092,6.918944234618765,97.0,6223512812.0,0.13375442543511085,90.32258064516128,93.54838709677419,48.38709677419354,16.129032258064512,0.005648638878275487,16054774052.0,0.0005580724912841166,0.3876425038336005,True,True,True
8706,0.056928597249999324,3730051159.0,0.00017260542660180127,12525385.0,1.733434243519031,2.9024275329708504e-05,0.003357966007993833,0.0033289417326641244,11045.9050543336,13.058760426940278,25.0,1413668425.0,0.10601850329293794,90.0,90.0,10.0,10.0,0.9555913753109858,3730051159.0,0.00012676594129737342,0.3789943796317781,True,True,True
8707,0.05979073123852974,10589876290.0,0.0004900388860043919,1698236.0,0.04534222843420488,0.00017175732462618043,0.0001603641018548669,-1.1393222771313526e-05,11641.386318239889,12.455795176131527,56.0,6252663420.0,0.054222538977707346,67.74193548387096,54.83870967741935,6.451612903225801,-16.12903225806452,0.04563552825645061,10589876290.0,0.0005606864735993195,0.5904378152088876,True,True,True
8708,0.05358189895765353,437138261297.0,0.020228257699116015,555663902.0,0.02945062933030207,0.0014272736555500823,0.0012711399371707513,-0.000156133718379331,11031.965922467838,14.332063664786125,40.0,196650446814.0,0.07426724698793352,93.54838709677419,90.32258064516128,54.83870967741935,12.903225806451601,0.36173396570485733,437138261297.0,0.01763396462429001,0.44985869283217916,True,True,True
8709,0.06648801406760385,2024982414.0,9.370460042787187e-05,6771.0,0.008295872536421278,4.426612493160238e-06,3.34373274216494e-06,-1.0828797509952979e-06,11740.780351430252,11.472070080365503,88.0,1186264502.0,0.10747908550897733,83.87096774193549,90.32258064516128,29.032258064516135,54.838709677419345,0.0009515409513233037,2024982414.0,0.00010637426256704426,0.585814718092658,True,True,True
8710,0.0465290223210677,7257933610.0,0.00033585564208118187,8089.0,-0.24500401801438731,5.703153040357415e-06,1.1145045455988952e-06,-4.588648494758519e-06,11912.869324233458,7.516130690607944,59.0,3072483537.0,0.019687587558469,64.51612903225806,58.06451612903226,38.70967741935484,32.25806451612904,0.0003171595331768913,7257933610.0,0.0002755145837599706,0.42332758910424917,True,False,False
8711,0.06246249923871794,35538961441.0,0.0016445398036184873,7271652.0,0.4022292962650693,5.109768477535673e-05,0.00020461070625465608,0.00015351302147929936,11085.03811510683,7.658520752438904,49.0,14372153504.0,0.07888751512741932,93.54838709677419,80.64516129032258,16.129032258064512,6.451612903225808,0.05822698196699494,35538961441.0,0.001288774323020551,0.404405557204026,True,True,True
8712,-0.027221815263765547,6696766286.0,0.00030988802897745734,10403.0,-0.31752751660463074,9.139803116319884e-06,1.55343632369971e-06,-7.5863667926201735e-06,12000.23077764939,5.631400396725522,103.0,4525199945.0,-0.0327042493460602,90.32258064516128,58.06451612903226,51.61290322580644,12.903225806451623,0.00044206830846066554,6696766286.0,0.00040578202104694206,0.6757291133871892,False,False,False
8713,0.09315903896665922,2000664627.0,9.257931237679001e-05,64669.0,0.5591366504964275,5.47668420689418e-06,3.2323758378720014e-05,2.6847074171825836e-05,10987.367078697293,3.0170977519599975,55.0,718013250.0,0.10445292845679544,90.32258064516128,90.32258064516128,29.03225806451612,48.38709677419354,0.009198516200226462,2000664627.0,6.438541307890943e-05,0.35888736188466636,True,True,True
8714,0.03345035320638057,20725896779.0,0.000959075922219595,2569373.0,0.20404353750300075,5.774986324051285e-05,0.0001239692075762605,6.621934433574764e-05,11824.65992628632,5.159100330090454,60.0,10214792972.0,0.038924525597670456,96.7741935483871,100.0,41.93548387096775,25.80645161290323,0.03527847074151484,20725896779.0,0.0009159770589439137,0.4928516763795661,False,True,False
8715,0.05036827583080106,2381206435.0,0.00011018861002708552,2844.0,0.30067036943388237,4.102081575738137e-07,1.1943525593571647e-06,7.84144401783351e-07,11485.65748690873,1.542054150521462,82.0,1158137397.0,0.05392094472074471,77.41935483870968,80.64516129032258,19.354838709677416,9.677419354838705,0.00033988223885689933,2381206435.0,0.0001038520594264492,0.4863658101948645,True,True,True
8716,0.06295362854550701,32301530521.0,0.0014947300232104697,14136964.0,0.03355698504861149,0.0005035383046532741,0.0004376561658838184,-6.588213876945563e-05,10809.560175463766,9.361923911799094,57.0,12599546715.0,0.09365204738904453,74.19354838709677,51.61290322580645,38.70967741935483,-29.032258064516128,0.12454576862143717,32301530521.0,0.001129821796258344,0.3900603628304464,True,True,True
8801,0.03631969611728847,95879975.0,4.4367766773155516e-06,0.0,0.0,0.0,0.0,0.0,11388.642984523098,11.559181142614733,0.0,45669684.0,0.006453963667600204,35.483870967741936,25.806451612903224,-16.129032258064512,3.225806451612904,0.0,95879975.0,4.095274661746508e-06,0.4763214007930227,False,False,False
8802,0.06059551107064043,150177544672.0,0.006949357544755763,849561.0,0.3189398763016915,1.9020130722202967e-06,5.657044146350312e-06,3.755031074130015e-06,12325.221454478202,6.272868042272902,95.0,98383902196.0,0.05318179144579327,77.41935483870968,87.09677419354838,32.25806451612904,41.935483870967744,0.001609850303170723,150177544672.0,0.00882224413435892,0.6551172641081492,True,True,True
8803,0.04844928853818109,90334192255.0,0.004180149581402406,9443155.0,0.17456206043237765,5.9240983026861906e-05,0.00010453577725412518,4.529479422726328e-05,11597.27794256548,7.563172187890314,66.0,53878362124.0,0.05599188124001486,51.61290322580645,74.19354838709677,-9.677419354838712,32.258064516129025,0.029748212732847827,90334192255.0,0.004831360147419019,0.5964337620013183,True,True,True
8804,0.09693749052116463,460232845.0,2.1296942900022482e-05,327.0,0.14940221481156124,5.624959426097882e-07,7.10509915910065e-07,1.4801397330027675e-07,11746.986945568824,7.8119823790377145,79.0,264444478.0,0.12542390100183565,96.7741935483871,96.7741935483871,74.19354838709678,51.61290322580646,0.0002021929781600811,460232845.0,2.3713165394185386e-05,0.5745884520692999,True,True,True
8805,0.11578725665988632,2884629972.0,0.00013348417104254575,340327.0,1.0508290183427467,5.6242680346547645e-06,0.00011797943004940809,0.00011235516201475333,11646.785145179445,4.895335430725496,55.0,1411138487.0,0.06859819821944924,51.61290322580645,41.935483870967744,-3.225806451612904,-22.58064516129032,0.03357393301508583,2884629972.0,0.00012653907765217742,0.4891922016679372,True,True,True
8901,0.08443529559669938,67239301925.0,0.003111450191552706,6.0,0.0,0.0,8.923352605136375e-11,8.923352605136375e-11,10744.31321785682,5.2653636844794205,96.0,28293652651.0,0.09080986625494503,58.06451612903226,58.06451612903226,-32.25806451612902,-6.451612903225801,2.5393582805865007e-08,67239301925.0,0.002537137738677965,0.4207903984868742,True,False,True
8902,-0.05845372604478971,908780699.0,4.205317127082818e-05,0.0,0.0,0.0,0.0,0.0,10517.475484615237,6.600285256079827,0.0,275774240.0,-0.060585567741942015,74.19354838709677,87.09677419354838,22.58064516129032,22.58064516129032,0.0,908780699.0,2.4729123534868346e-05,0.30345521235591294,False,False,False
8903,0.0202872144293067,10408843517.0,0.0004816617250270745,1088275.0,0.1352830095371509,6.12953745844079e-05,0.0001045529215827484,4.32575469983405e-05,10743.46965971772,13.019610572523012,70.0,4296351115.0,0.06290020066659041,74.19354838709677,87.09677419354838,22.58064516129032,41.935483870967744,0.029753091570968535,10408843517.0,0.0003852607751616118,0.41275969880641256,False,True,True
8904,-0.02112139031945226,4186722333.0,0.00019373755574561376,0.0,0.0,0.0,0.0,0.0,13447.523129253817,8.72516894960102,0.0,1327711297.0,-0.1064510080158737,48.38709677419355,51.61290322580645,-3.225806451612897,-19.354838709677423,0.0,4186722333.0,0.00011905802616717674,0.31712427799066084,False,False,False
8905,-0.07771093311748234,19657835024.0,0.0009096521349843905,1716.0,0.0,0.0,8.729343785340336e-08,8.729343785340336e-08,12147.187347426077,9.784922075311233,80.0,8016386283.0,-0.05288715081176476,70.96774193548387,100.0,6.451612903225808,22.58064516129032,2.4841483247709808e-05,19657835024.0,0.0007188423643032471,0.4077959893962329,False,False,False
8906,0.08505410832234439,7936936254.0,0.00036727599961397007,5707.0,-0.2891519451387635,5.95837814146889e-06,7.190431946739936e-07,-5.239334946794897e-06,13404.320446579588,5.341965420104484,78.0,4055902375.0,0.06677302223203241,22.58064516129032,64.51612903225806,-38.70967741935484,-16.129032258064512,0.00020462133138656485,7936936254.0,0.0003636993465261328,0.5110161207299524,True,False,True
8907,0.040008771064638626,1471027726.0,6.807074685200253e-05,64400.0,-0.1469294530501818,0.00011790311518039837,4.377891650969466e-05,-7.41241986707037e-05,11541.350134657489,9.588247205570486,79.0,745998759.0,0.07729610765992034,90.32258064516128,100.0,41.93548387096773,32.25806451612904,0.01245836168011644,1471027726.0,6.689491907644993e-05,0.5071275991707582,False,False,True
8908,-0.19299689829152833,788212039.0,3.6473943505038835e-05,72.0,0.0,0.0,9.134597854068047e-08,9.134597854068047e-08,14314.321740638878,11.030577596123912,63.0,199220660.0,-0.32870239991229444,64.51612903225806,83.87096774193549,38.70967741935484,29.032258064516135,2.5994732839766415e-05,788212039.0,1.7864439810759718e-05,0.2527500851836139,False,False,False
9001,0.013924712878396361,27403762528.0,0.0012680893424818296,83796.0,-0.08536998639097726,5.119344921758759e-06,3.057828278667238e-06,-2.0615166430915206e-06,14012.394141312565,12.458589777699137,86.0,15094737808.0,0.0467759130907881,93.54838709677419,58.06451612903226,32.25806451612903,3.225806451612911,0.0008701798419997039,27403762528.0,0.001353569629928016,0.5508272009209261,False,False,True
9002,0.04880777549906812,12797842675.0,0.0005922109376894775,122586.0,0.10938406877465168,7.233924545492918e-06,9.578645644665263e-06,2.344721099172345e-06,14222.783729005248,7.296463941877443,72.0,6842920351.0,0.06356157514056382,87.09677419354838,41.935483870967744,12.903225806451616,-9.677419354838705,0.0027258379457720445,12797842675.0,0.0006136157702733354,0.5346932701686771,True,True,True
9003,0.06221736179293824,7234313703.0,0.00033476264792366394,227122.0,0.0812063580038278,2.873332534019197e-05,3.1395099704594604e-05,2.661774364402635e-06,11939.367710953686,3.301521630165803,68.0,4838243252.0,0.06513818628844925,100.0,90.32258064516128,32.25806451612904,45.16129032258064,0.008934243656225294,7234313703.0,0.00043385312228745934,0.6687909110153223,True,True,True
9004,0.0616018011233046,12177676900.0,0.0005635132138259772,577076.0,-0.20090831285141386,0.000196107288656155,4.738802028817171e-05,-0.00014871926836798328,11905.721077432183,3.6032420662296154,68.0,7983468885.0,0.039786607610458935,96.7741935483871,96.7741935483871,32.25806451612904,45.161290322580655,0.01348542045173736,12177676900.0,0.000715890607817259,0.6555822551836632,True,False,False
9005,0.05985760022978259,1816463350.0,8.405553116256523e-05,18346.0,0.09791497774739732,8.466595141999786e-06,1.0099845945143897e-05,1.6332508031441113e-06,11738.588129540847,5.389148394346404,77.0,893667996.0,0.039387699227865225,54.83870967741935,67.74193548387096,3.225806451612904,29.03225806451612,0.0028741582416777294,1816463350.0,8.013665914641713e-05,0.49198239865395577,True,True,False
9006,0.030949824898014455,2769638003.0,0.00012816300062987312,28533.0,-0.23286059318191366,4.5158614692195606e-05,1.0302068345788798e-05,-3.485654634640681e-05,13630.78251905796,6.686765654304856,80.0,1589451229.0,0.052297026701957794,87.09677419354838,51.61290322580645,12.903225806451616,-32.25806451612904,0.0029317055728570584,2769638003.0,0.00014252867053351074,0.5738841058933867,False,False,True
9007,0.06331952722575807,634951434.0,2.9381919567660135e-05,23758.0,0.9758163501534471,1.689100312963742e-06,3.7417034953889085e-05,3.572793464092534e-05,12520.289592288724,10.123740238035973,78.0,377411908.0,0.04850016437009286,90.32258064516128,100.0,29.03225806451612,48.38709677419355,0.010647932649266938,634951434.0,3.384313812799327e-05,0.594394921864213,True,True,True
9008,-0.031906088137591215,204693802.0,9.472058025720671e-06,0.0,0.0,0.0,0.0,0.0,11406.205436059076,2.9178744575791837,0.0,104192079.0,0.06792124191469906,90.32258064516128,93.54838709677419,45.16129032258064,48.38709677419355,0.0,204693802.0,9.343072771937517e-06,0.5090143325394875,False,False,True
9009,-0.001420878206018994,1401444587.0,6.485083729059926e-05,5769.0,-0.3974745784253525,5.147070777811091e-05,4.116466718351954e-06,-4.7354241059758954e-05,11717.475929927725,7.427053225966677,100.0,680279872.0,0.021944513009430455,93.54838709677419,100.0,22.58064516129032,29.032258064516128,0.0011714413080559894,1401444587.0,6.100179985256211e-05,0.48541332159000306,False,False,False
9010,-0.5556710141929201,605327942.0,2.801111384512794e-05,32092.0,-0.26775544656014627,4.361627163595475e-06,5.301589068227748e-05,4.8654263518682006e-05,14053.304835292074,6.681603671228762,66.0,329875601.0,-0.43871466083054256,93.54838709677419,70.96774193548387,51.61290322580645,6.451612903225808,0.015086968650013638,605327942.0,2.9580480353306168e-05,0.5449535336335094,False,False,False
9011,0.05413746045670198,3163612780.0,0.00014639389923038062,326615.0,0.17038323896542873,6.119255281978835e-05,0.00010324114318440704,4.204859036461868e-05,12868.960895335618,5.680468978293376,60.0,2016728628.0,0.0830201286605432,96.7741935483871,74.19354838709677,45.161290322580655,16.129032258064505,0.029379792936976956,3163612780.0,0.00018084332814449078,0.6374764448890613,True,True,True
9012,0.10036746147855902,5045721497.0,0.0002334871223956755,6315.0,-0.24929139147652057,8.468018476441322e-06,1.2515554026821866e-06,-7.216463073759135e-06,15366.031499976187,6.136903657966768,78.0,2245952464.0,0.10233318558437121,58.06451612903226,64.51612903225806,19.354838709677423,3.225806451612904,0.00035616070730909005,5045721497.0,0.00020139820142627517,0.44512018059961506,True,False,True
9013,-0.16518133547496872,13646698438.0,0.0006314911257755018,33769.0,-0.2857695014814472,5.39832964568442e-06,2.4745179321885153e-06,-2.9238117134959046e-06,13226.9966990528,8.780135162669675,102.0,8620747321.0,-0.07957124939645,51.61290322580645,54.83870967741935,3.225806451612897,6.451612903225801,0.0007041846130730881,13646698438.0,0.0007730363991353737,0.6317093735284018,False,False,False
9014,0.05010061241032471,9084334156.0,0.0004203710098201616,129579.0,0.034687305825797266,1.5358559245580937e-05,1.426400634045545e-05,-1.0945529051254873e-06,12302.813756638303,6.6007018191378695,88.0,5816906422.0,0.035709297754273894,48.38709677419355,100.0,-19.35483870967741,54.83870967741936,0.004059171952268755,9084334156.0,0.0005216114365881564,0.6403228153114626,True,True,False
9015,0.04344174979291249,10468817146.0,0.00048443696144532736,525280.0,-0.0041958260396248725,6.338180272733244e-05,5.0175678175896184e-05,-1.3206124551436251e-05,12220.01480456625,12.586178434747083,96.0,5862314346.0,0.06269804801747147,90.32258064516128,100.0,29.03225806451612,64.51612903225806,0.01427871669967009,10468817146.0,0.0005256832388060064,0.5599786742134392,True,False,True
9016,0.09101451845923902,471089663.0,2.1799334321090955e-05,5752.0,0.036719477910209575,1.5760197714190538e-05,1.220998984220972e-05,-3.550207871980818e-06,12362.712061676039,6.0687845499213235,72.0,295835513.0,0.09650406998907246,93.54838709677419,100.0,54.83870967741935,35.483870967741936,0.0034746513091778084,471089663.0,2.652805043349281e-05,0.6279813297452889,True,True,True
9017,0.043880648879748074,2472002322.0,0.00011439012419975586,788602.0,0.10355613608121006,0.0002415967481945458,0.00031901345438946555,7.741670619491975e-05,11796.877179602827,5.1015041732733595,52.0,1325785719.0,0.03599867357737585,93.54838709677419,100.0,16.129032258064512,41.93548387096774,0.09078308264498004,2472002322.0,0.00011888535646373372,0.5363205799610087,True,True,False
9018,0.054259052575568845,170848799267.0,0.007905904939328487,18447182.0,-0.0178962865608997,0.0001539104223952271,0.00010797372928077191,-4.5936693114455196e-05,11543.58148793016,11.816532672300967,64.0,102157888273.0,0.06791570297278526,90.32258064516128,74.19354838709677,41.93548387096773,6.451612903225808,0.03072656608650768,170848799267.0,0.00916066358904405,0.5979432615932474,True,False,True
9019,-0.03896150071648219,18168715542.0,0.0008407442051745025,5882859.0,-0.3392891598045229,0.002108195985394428,0.00032379058312629726,-0.0017844054022681309,11176.989548181677,6.396868370327382,46.0,10323268736.0,-0.005111913224349562,96.7741935483871,67.74193548387096,64.51612903225808,19.35483870967741,0.09214253149252626,18168715542.0,0.0009257042566999304,0.568189243325212,False,False,False
9020,-0.0408925189959467,2088169157.0,9.662852137860148e-05,233695.0,0.025766253885589174,7.997939221058087e-05,0.00011191382614602999,3.193443393544912e-05,11518.519163438155,8.096197357842689,66.0,1024393225.0,-0.06592486639441464,90.32258064516128,100.0,25.806451612903217,51.61290322580645,0.03184781703823482,2088169157.0,9.18590025279634e-05,0.4905700391014826,False,True,False
9021,0.07895921489222402,80388686949.0,0.0037199284978468574,22518172.0,0.08708970525467086,0.0002697965702518747,0.0002801161812020381,1.0319610950163406e-05,11542.64362582863,12.461050390259526,50.0,50903246381.0,0.08784431033727058,96.7741935483871,77.41935483870968,45.161290322580655,38.70967741935484,0.07971391199449225,80388686949.0,0.004564576691722872,0.6332140542772382,True,True,True
9022,0.026647131352353304,26595862800.0,0.001230704365370603,1230826.0,-0.019838634504009467,5.8344600032426004e-05,4.627885206265991e-05,-1.2065747969766094e-05,12452.202771058288,9.117919870621042,69.0,16820401895.0,0.050309284095813256,93.54838709677419,93.54838709677419,45.16129032258064,41.935483870967744,0.013169779498986532,26595862800.0,0.0015083127284389892,0.6324443023897687,False,False,True
9023,0.08430372343046955,3276753665.0,0.00015162941206628658,581619.0,0.1820716932907398,0.00011527375739406736,0.00017749854260100447,6.22247852069371e-05,11818.438273602114,11.10654454926974,72.0,1830212426.0,0.09664143910891343,90.32258064516128,90.32258064516128,45.16129032258064,41.93548387096773,0.050511552539843615,3276753665.0,0.00016411811769513024,0.55854440495453,True,True,True
9024,0.030535483795645302,2398231467.0,0.00011097643110138337,680578.0,0.11526499200638796,0.00019116624525063379,0.00028378328337562425,9.261703812499047e-05,13263.147558710187,8.441506875472331,57.0,1378308295.0,0.04407222341630712,93.54838709677419,96.7741935483871,32.25806451612903,48.38709677419355,0.08075747562828754,2398231467.0,0.00012359514106969805,0.5747186266070289,False,True,False
9025,-0.023194338678560356,7979039003.0,0.00036922427395190215,1174770.0,0.04021777268582105,0.00010750328894011766,0.00014723201623131606,3.97287272911984e-05,12541.717785484925,11.130089543992842,63.0,5254648966.0,-0.019389126742729412,93.54838709677419,80.64516129032258,41.935483870967744,25.806451612903224,0.041898472034965,7979039003.0,0.00047119289826556035,0.6585566211700845,False,True,False
9026,0.05216612416156008,27192108674.0,0.0012582952130706449,3864244.0,0.10474659959097377,0.00011136016396640862,0.0001421090231113571,3.074885914494849e-05,12149.109716971889,11.28721965273232,64.0,16815916222.0,0.06114814209449726,96.7741935483871,96.7741935483871,54.83870967741936,32.25806451612904,0.04044059901613268,27192108674.0,0.0015079104908632315,0.6184116290355481,True,True,True
9027,0.024418541178948372,53490024799.0,0.002475212310988125,5539138.0,-0.00119075792541945,0.00011752865764012614,0.00010355459771825634,-1.3974059921869806e-05,12887.460406558916,10.170140927009337,59.0,34027888671.0,0.03693060840756379,96.7741935483871,96.7741935483871,45.161290322580655,41.93548387096775,0.029468994092791353,53490024799.0,0.003051335986188942,0.6361539146573018,False,False,False
9028,0.037013538771364596,10080630404.0,0.0004664738999890774,1663529.0,-0.1432073068054417,0.0004286334357458752,0.0001650223183800004,-0.0002636111173658748,10851.086037549661,8.756332325910313,59.0,4076581131.0,0.06534568938325691,77.41935483870968,77.41935483870968,22.580645161290327,25.80645161290323,0.04696113772514446,10080630404.0,0.00036555364412721187,0.40439744020199475,False,False,True
9029,0.022858355396143226,8599082157.0,0.00039791632361708376,418226.0,-0.18588561539636905,0.00015226822099626873,4.863612096781133e-05,-0.0001036321000284574,11815.381202485003,11.661915293545388,59.0,4399654768.0,0.05286416898468227,77.41935483870968,90.32258064516128,19.354838709677416,32.25806451612902,0.013840598033089934,8599082157.0,0.00039452418133268915,0.5116423692287325,False,False,True
9030,0.03446746646516474,27713907227.0,0.0012824410646961528,1715648.0,-0.031777602941043925,8.618644965377601e-05,6.190567017300783e-05,-2.4280779480768185e-05,13958.028898844701,10.186926934474537,71.0,14120745073.0,0.0540934093735943,90.32258064516128,64.51612903225806,32.25806451612902,6.451612903225801,0.01761677287957867,27713907227.0,0.0012662301211113865,0.5095183785288494,False,False,True
9031,0.06458134615362532,56918488119.0,0.0026338619778993634,14101117.0,0.03187460176795964,0.00028957416036832985,0.0002477422972043577,-4.183186316397214e-05,13899.311123469073,12.006406576444762,57.0,31274389141.0,0.07428226170352614,93.54838709677419,74.19354838709677,41.935483870967744,9.677419354838705,0.07050113132314051,56918488119.0,0.0028044252158770672,0.5494592385450286,True,True,True
9032,0.02403425984106966,35665735675.0,0.0016504061898445553,9220267.0,-0.03531240994802631,0.000348442631581422,0.00025851890688639216,-8.992372469502984e-05,12229.30500334823,13.067056219418598,57.0,21090838721.0,0.03060388497040245,100.0,100.0,48.38709677419355,35.483870967741936,0.07356787924218731,35665735675.0,0.0018912497272609427,0.5913473624429871,False,False,False
9033,0.01084592214598401,3067961936.0,0.00014196772542479977,556842.0,0.1595627150323078,9.137673213764573e-05,0.00018150225185844678,9.012551972080105e-05,12854.31590430397,14.29544983181088,63.0,1928000527.0,0.024739228897649124,90.32258064516128,93.54838709677419,38.70967741935483,48.38709677419355,0.0516509059539511,3067961936.0,0.0001728869353695772,0.6284303936031623,False,True,False
9101,0.08879116509274199,17135075108.0,0.0007929132397377518,16690.0,0.22885411896805574,5.318530051352009e-07,9.74025494186938e-07,4.42172489051737e-07,13489.409199331769,1.9036565227731277,93.0,9778793420.0,0.10474168603278389,35.483870967741936,9.67741935483871,-9.677419354838705,-41.93548387096774,0.0002771827824827011,17135075108.0,0.0008768802717220351,0.5706886814540131,True,True,True
9102,0.0715577800486864,29655324792.0,0.0013722787620184845,602294.0,-0.16703835729780725,7.155810095610905e-05,2.030980959488525e-05,-5.1248291361223804e-05,13115.823672547622,2.2889605382838814,79.0,17736656274.0,0.09700739330282948,87.09677419354838,38.70967741935484,41.935483870967744,-25.806451612903224,0.005779653170067554,29655324792.0,0.0015904747451946336,0.5980934755698494,True,False,True
9103,0.011456960373179559,72985753.0,3.3773630696786638e-06,266.0,0.06626429227244279,2.7993438860088606e-06,3.644546902187883e-06,8.452030161790224e-07,12279.908350332427,5.153765593048526,77.0,43952753.0,0.011634757148301533,80.64516129032258,90.32258064516128,41.93548387096774,41.93548387096773,0.001037144979537121,72985753.0,3.9413146733159535e-06,0.6022100367999218,False,True,False
9104,0.010115422047477063,91228354.0,4.221526271122691e-06,12795.0,-0.08844981757424908,0.00023434869989151028,0.00014025244826844076,-9.409625162306952e-05,11851.842538954501,5.9993976804263545,55.0,30225813.0,-0.11207935896969934,87.09677419354838,90.32258064516128,29.03225806451612,35.48387096774193,0.03991226522618758,91228354.0,2.7103976920354475e-06,0.33132038094209176,False,False,False
9105,-0.005287233778110356,1018744551.0,4.714166919650431e-05,25821.0,0.15126907742058204,1.2204275933400244e-05,2.5345902439089462e-05,1.3141626505689218e-05,12580.883411526585,2.1101818481976005,73.0,641619164.0,-0.009498263793877193,93.54838709677419,80.64516129032258,58.064516129032256,48.387096774193544,0.007212796589545479,1018744551.0,5.753503144055425e-05,0.629813591022584,False,True,False
9106,0.13703272130718713,557524852.0,2.579906033952767e-05,17035.0,-0.09757255866450831,9.702446490477537e-05,3.055469175748958e-05,-6.64697731472858e-05,12766.31485104811,2.118074232419751,67.0,221748897.0,0.02574591712381813,90.32258064516128,51.61290322580645,35.48387096774193,-12.903225806451616,0.008695085015522984,557524852.0,1.9884583373827074e-05,0.3977381388551985,True,False,False
9107,0.004060806332947697,452517477.0,2.0939919811527655e-05,49440.0,-0.1972259609340935,0.00033440794066347046,0.00010925544871275767,-0.00022515249195071278,11310.836331786584,5.4208133404635275,56.0,214119335.0,-0.002918672859285043,96.7741935483871,96.7741935483871,25.80645161290323,41.93548387096775,0.031091310706274043,452517477.0,1.920042817058932e-05,0.473173625070839,False,False,False
9108,0.0018541863400169944,793477785.0,3.671761210258976e-05,2078.0,0.12116493422526786,1.4920584141505142e-06,2.618850885661531e-06,1.126792471511017e-06,16043.417920175296,3.8169833832627016,69.0,286672120.0,0.059088855531416185,77.41935483870968,64.51612903225806,6.451612903225808,-12.903225806451616,0.0007452580858788406,793477785.0,2.5706354115897854e-05,0.36128562817924387,False,True,True
9109,-0.02450913358247231,40074288.0,1.8544087684464506e-06,396.0,0.039670011300504626,7.185679161850039e-06,9.881647803698971e-06,2.695968641848932e-06,13087.156111469778,4.800214699943009,75.0,22340208.0,-0.000604233245120378,74.19354838709677,77.41935483870968,12.903225806451609,12.903225806451616,0.0028120646226305764,40074288.0,2.0032826975668723e-06,0.5574698669630762,False,True,False
9110,0.00407851952505478,360485335.0,1.6681198830540823e-05,17401.0,0.9346741806775842,1.8175476582512135e-06,4.827103438202278e-05,4.645348672377157e-05,17025.61753376736,4.5618168974167075,41.0,136175113.0,0.039783708525298556,48.38709677419355,67.74193548387096,-41.93548387096773,-9.677419354838719,0.013736703713793442,360485335.0,1.2211043322072636e-05,0.3777549314176678,False,True,False
9111,0.008974230047538612,1141347019.0,5.281500996034708e-05,1270.0,0.16809502641059337,5.350514053844367e-07,1.112720302290464e-06,5.776688969060273e-07,14429.61855146353,3.06890534893982,75.0,529863932.0,-0.014976040833781679,87.09677419354838,96.7741935483871,6.451612903225808,22.580645161290334,0.0003166517830945694,1141347019.0,4.751375846815526e-05,0.4642443736912235,False,True,False
9112,0.015595945733165806,23153891.0,1.0714296032920999e-06,76.0,0.0,0.0,3.2823856690005147e-06,3.2823856690005147e-06,12931.23072096176,6.650544267970498,68.0,16092120.0,0.05042402582398142,67.74193548387096,32.25806451612903,-9.677419354838719,-35.48387096774193,0.0009340831408877775,23153891.0,1.4430065093024121e-06,0.6950071588399548,False,False,True
9113,0.09189116892526084,2353046321.0,0.00010888552106585303,2976.0,-0.2857353278621282,1.055852776954342e-05,1.2647434831351966e-06,-9.293784286408223e-06,12897.061320891438,4.238156632633628,82.0,1593478361.0,0.09736265717902448,83.87096774193549,93.54838709677419,16.129032258064527,41.935483870967744,0.00035991369822913007,2353046321.0,0.00014288978999383168,0.677198041865492,True,False,True
9114,0.03505064028049554,1633179674.0,7.557421127267727e-05,13381.0,0.05326227368949388,7.508962801436248e-06,8.193219774299004e-06,6.842569728627561e-07,14069.507953643562,6.16968261592726,67.0,865662416.0,0.06458802759125604,93.54838709677419,74.19354838709677,22.58064516129032,9.677419354838705,0.002331581121937887,1633179674.0,7.762535334974214e-05,0.5300472628830917,False,True,True
9201,-0.030228041174220288,662133730.0,3.063976070632009e-05,40454.0,1.0045195276593293,1.6192444314536997e-06,6.109641929886279e-05,5.9477174867409086e-05,13243.06897776375,4.66992306944511,49.0,403612335.0,-0.004371343771688907,90.32258064516128,61.29032258064516,35.48387096774193,6.451612903225808,0.017386480746199428,662133730.0,3.619257292636059e-05,0.609563169361573,False,True,False
9202,0.003335854455370546,897684483.0,4.1539701880006416e-05,79014.0,0.021303155832319787,8.054500654651033e-05,8.80197903565634e-05,7.474783810053066e-06,11682.232947136728,4.338280691912767,57.0,528105553.0,0.009479152624097598,100.0,93.54838709677419,48.38709677419355,9.677419354838705,0.025048184621637635,897684483.0,4.7356081770316774e-05,0.5882975176702481,False,True,False
9203,0.0,0.0,0.0,0.0,0.0,0.0,0.0,0.0,0.0,0.0,0.0,0.0,0.0,100.0,100.0,100.0,100.0,0.0,0.0,0.0,0.0,False,False,False
9204,0.0,0.0,0.0,0.0,0.0,0.0,0.0,0.0,0.0,0.0,0.0,0.0,0.0,100.0,100.0,100.0,100.0,0.0,0.0,0.0,0.0,False,False,False
9205,0.06393623388089709,835150893.0,3.8646005113180884e-05,18863.0,-0.06369184186363352,4.278876739045984e-05,2.258633758055504e-05,-2.0202429809904804e-05,11423.591205182367,5.891261901251036,64.0,489011991.0,0.0915071406061223,100.0,93.54838709677419,45.16129032258065,29.032258064516128,0.006427494900323729,835150893.0,4.3850498637838426e-05,0.5855372904450693,True,False,True
9206,0.050074635719397964,444103334.0,2.0550561413989507e-05,61408.0,-0.11174400060997125,0.00031926478174104894,0.00013827412518366728,-0.00018099065655738166,10979.11374520102,4.881443814441704,65.0,180685383.0,0.07326624508464574,96.7741935483871,96.7741935483871,54.83870967741936,54.83870967741936,0.03934928499562902,444103334.0,1.620235144933044e-05,0.40685437187012874,True,False,True
9207,0.02623366028810259,2829698796.0,0.00013094227049934771,319668.0,0.34825431856755507,2.8862312882442413e-05,0.0001129689140243038,8.410660114186138e-05,11650.416659919305,5.431765118870195,54.0,1587616806.0,0.031704251763091884,96.7741935483871,93.54838709677419,41.93548387096775,51.61290322580645,0.03214806810518233,2829698796.0,0.0001423641748468135,0.5610550523059982,False,True,False
9208,0.06042532071617135,123852205.0,5.731171441983631e-06,6253.0,0.14451917707089512,3.447226044052604e-05,5.048759527535258e-05,1.601533483482654e-05,11450.87884881016,2.8128107206494324,68.0,67577418.0,0.0491534685466517,93.54838709677419,93.54838709677419,19.354838709677423,16.129032258064512,0.0143674803409169,123852205.0,6.059776714059427e-06,0.5456295105928877,True,True,True
9209,-0.008615917397988615,1509316119.0,6.984251461763129e-05,1430597.0,0.031496782990392935,0.0007773335619924769,0.0009478445118229073,0.00017051094983043036,12697.38753447448,8.637151624004211,40.0,970118228.0,-0.007382934652462425,96.7741935483871,93.54838709677419,35.48387096774194,35.48387096774193,0.26973234347150227,1509316119.0,8.699207548768724e-05,0.6427535065634583,False,True,False
9301,0.22568571317051833,3558065959.0,0.00016464693553832894,0.0,0.0,0.0,0.0,0.0,12079.493462881586,6.789453601744396,0.0,995118393.0,0.13449883322038225,22.58064516129032,58.06451612903226,-35.48387096774194,-16.129032258064505,0.0,3558065959.0,8.923388084513139e-05,0.2796795799928565,True,False,True
9302,0.008996475300351747,1266427964.0,5.8603040459443367e-05,3050306.0,-0.0664754631419604,0.0035528958412606422,0.0024085902133474998,-0.0011443056279131425,9496.027251291018,8.547785728563275,17.0,911836133.0,-0.019022072751829655,80.0,80.0,6.666666666666671,30.0,0.6854232678514788,1266427964.0,8.176582546837458e-05,0.720006316127113,False,False,False
9303,0.017764497622232867,1629709723.0,7.541364179330239e-05,18759.0,1.1278854529072455,2.8813411797819783e-07,1.1510638818223458e-05,1.122250470024526e-05,9728.12933907433,8.768967937140841,61.0,1039899625.0,0.030699149085164024,74.19354838709677,45.16129032258064,9.677419354838705,-22.58064516129032,0.003275633866700646,1629709723.0,9.324948657455558e-05,0.6380888635098362,False,True,False
9304,0.15750877073186764,1542462693.0,7.13763484182358e-05,12090.0,-0.08365034978244279,2.5207338441409895e-05,7.838115018837606e-06,-1.736922342257229e-05,11271.827477310662,8.160682061823683,65.0,378428136.0,-0.002734592856885265,41.935483870967744,61.29032258064516,-25.806451612903217,-6.451612903225801,0.002230527376651895,1542462693.0,3.3934264941547695e-05,0.24534021971317785,True,False,False
9305,0.027586333612926728,2586710749.0,0.00011969817391091978,282644.0,0.10376991837108585,7.641713167301647e-05,0.0001092677254730811,3.285059380006463e-05,11126.480644689971,14.377342411567263,64.0,1198508234.0,-0.008034262145565907,19.35483870967742,25.806451612903224,-29.03225806451613,-32.25806451612904,0.031094804358757094,2586710749.0,0.00010747217788051161,0.4633329159293643,False,True,False
9306,0.26470807880547964,16941049222.0,0.0007839348318293195,4475357.0,0.11113487283832679,0.0005046670542481133,0.00026417236272404,-0.00024049469152407325,11978.428663906223,9.81942929536341,51.0,5556856916.0,0.16458892672486836,19.35483870967742,41.935483870967744,-67.74193548387096,-48.38709677419354,0.07517670840433403,16941049222.0,0.0004982923754638996,0.32801137894008064,True,True,True
9307,0.038248341984599366,71303792.0,3.299531537735165e-06,217.0,0.018495017392511803,3.3501078988539485e-06,3.0433164059493497e-06,-3.067914929045988e-07,10248.628551704514,4.94367542718263,75.0,33695027.0,0.034980217713628914,93.54838709677419,87.09677419354838,25.80645161290323,41.935483870967744,0.0008660501336060475,71303792.0,3.021487740093942e-06,0.4725558915576327,False,True,False
9401,0.03705687293668647,89863454853.0,0.004158366547704976,7029930.0,-0.03015066982575032,0.0001093602284200476,7.822901992249982e-05,-3.113120849754778e-05,10924.965586070266,7.158871360659496,76.0,38929892330.0,0.044037501254495126,87.09677419354838,70.96774193548387,45.16129032258064,-12.903225806451616,0.02226198137771899,89863454853.0,0.003490906607621124,0.43321161415040305,False,False,False
9402,0.01619261965501706,5095176757.0,0.0002357756288761849,335866.0,0.009200372079523511,6.82338630663347e-05,6.591841971695507e-05,-2.3154433493796363e-06,10898.305429315846,7.3190224587302195,64.0,2135930974.0,0.02609431079556379,90.32258064516128,83.87096774193549,29.03225806451612,51.612903225806456,0.01875869892836854,5095176757.0,0.000191532395911952,0.41920645266438594,False,True,False
9403,0.03390617937581042,96397432302.0,0.004460721640682722,11271193.0,0.02243885482081054,0.00012362985198483193,0.00011692420358966503,-6.705648395166901e-06,10997.560388332427,7.7963447110927655,75.0,39345901852.0,0.04373014570214662,87.09677419354838,25.806451612903224,25.806451612903224,-45.16129032258065,0.03327364251139105,96397432302.0,0.0035282108564197775,0.40816338062547824,False,True,False
9404,0.011105194411972219,18457183222.0,0.0008540928389719491,2908990.0,0.14659639428788163,8.404379484202643e-05,0.00015760747265772577,7.356367781569933e-05,11490.648059867972,4.133274037965143,79.0,10005801444.0,0.0063278457994981885,87.09677419354838,80.64516129032258,35.483870967741936,38.70967741935483,0.044851061981495,18457183222.0,0.000897236449546702,0.5421087997909457,False,True,False
9405,0.02375186537231677,49306351642.0,0.0022816158536622996,12646687.0,0.19394345063018514,0.00011888543304919795,0.0002564920457271743,0.00013760661267797636,11397.903737638297,2.7465391634296155,59.0,23897365229.0,0.020663439251250137,87.09677419354838,83.87096774193549,29.03225806451612,16.129032258064527,0.07299108631513249,49306351642.0,0.0021429155127244966,0.4846711312674737,False,True,False
9406,0.05933621962835467,10391662250.0,0.0004808666742908563,9916461.0,0.10754819829031104,0.0007638843593798812,0.0009542709107967784,0.00019038655141689724,11733.9885606616,10.22857521665025,56.0,4935825347.0,0.08350946332781106,80.64516129032258,83.87096774193549,54.83870967741935,32.25806451612904,0.27156113251198677,10391662250.0,0.0004426034670696488,0.4749793852278061,True,True,True
9501,0.0,0.0,0.0,0.0,0.0,0.0,0.0,0.0,0.0,0.0,0.0,0.0,0.0,100.0,100.0,100.0,100.0,0.0,0.0,0.0,0.0,False,False,False
9502,0.0,0.0,0.0,0.0,0.0,0.0,0.0,0.0,0.0,0.0,0.0,0.0,0.0,100.0,100.0,100.0,100.0,0.0,0.0,0.0,0.0,False,False,False
9503,0.040725890105234974,58134068626.0,0.0026901120889664242,605331.0,-0.22670686707741372,4.597515710201124e-05,1.0412672195616299e-05,-3.556248490639494e-05,10867.391615160783,2.198932616255986,91.0,26019954193.0,0.05865187564907015,96.7741935483871,96.7741935483871,51.61290322580646,12.903225806451616,0.0029631806040871967,58134068626.0,0.0023332515089528037,0.44758529392458146,True,False,True
9504,0.014901885462240472,31734379514.0,0.001468485519492424,1632803.0,0.06756307036279363,3.995364116902659e-05,5.145217978122652e-05,1.149853861219993e-05,11236.30519201271,2.7186211376203193,68.0,17161319117.0,0.024633558131805122,100.0,80.64516129032258,45.16129032258065,16.129032258064512,0.01464197645921514,31734379514.0,0.0015388833288620097,0.5407800429634706,False,True,False
9505,0.06225095401664871,10479694067.0,0.000484940283118219,1510600.0,-0.01818281686195622,0.00021368959797631775,0.00014414542927897094,-6.95441686973468e-05,9639.758166055155,1.4033738869404853,58.0,6845145876.0,0.07951663206149262,96.7741935483871,80.64516129032258,54.83870967741936,-3.225806451612911,0.04102010820883129,10479694067.0,0.0006138153367109219,0.6531818421641716,True,False,True
9506,0.02038608993970148,30285185797.0,0.0014014251256562987,2679525.0,0.0556813552650719,7.464246308614131e-05,8.847642599786953e-05,1.3833962911728219e-05,11393.487639014302,3.3258656940162044,67.0,16220215209.0,0.015696979516209852,100.0,90.32258064516128,38.70967741935484,16.129032258064512,0.025178131464295657,30285185797.0,0.0014544930145234428,0.5355824896608938,False,True,False
9507,0.012362872656675794,3560167882.0,0.00016474420050887064,174201.0,0.5966712694852763,5.0139922686867625e-06,4.893055770789632e-05,4.391656543920956e-05,12483.658688305362,3.471233262187822,72.0,2245672631.0,0.021133719122560235,96.7741935483871,54.83870967741935,70.96774193548387,-19.354838709677416,0.013924387210446134,3560167882.0,0.00020137310834714592,0.6307771727153624,False,True,False
9508,0.07282052768994074,1840235739.0,8.51555813146358e-05,2524665.0,0.19085744155329687,0.0008140794622737936,0.0013719247738183395,0.000557845311544546,11724.441132673817,12.225976961908334,37.0,986121293.0,0.16393837707869863,100.0,96.7741935483871,22.58064516129032,45.161290322580655,0.39041475652682894,1840235739.0,8.842709629065102e-05,0.535866830591969,True,True,True
9601,0.0066096376998534545,119670634.0,5.537672260456528e-06,2900.0,-0.341383333824122,0.00020209345362296797,2.4233179879367898e-05,-0.00017786027374360006,11734.975000299572,14.100686599473756,82.0,81422772.0,0.07272186474238085,87.09677419354838,19.35483870967742,32.25806451612903,-32.258064516129025,0.006896144164043666,119670634.0,7.3013120708425105e-06,0.6803905793630207,False,False,True
9602,0.04342907941950003,1169055092.0,5.40971810503975e-05,150062.0,-0.054800037031034865,0.00021044177317314667,0.00012836178639218484,-8.207998678096183e-05,10255.314186432712,9.500394370094195,58.0,595015781.0,0.07735138923132845,90.32258064516128,90.32258064516128,32.25806451612902,6.451612903225794,0.03652848650161445,1169055092.0,5.335603047458374e-05,0.508971548964435,True,False,True
9603,0.04121300145613338,12116977419.0,0.0005607043891300387,2373474.0,0.055017021786164744,0.0001833963799865174,0.00019588003822457235,1.2483658238054946e-05,11495.259197531645,3.6269030712923276,68.0,6082203042.0,0.03660417391624171,90.32258064516128,96.7741935483871,22.58064516129032,70.96774193548387,0.055742456795986516,12116977419.0,0.0005454010149380524,0.5019571161750962,True,True,False
9604,0.02710420857985274,51949033.0,2.403904027128667e-06,74406.0,0.03816400381501217,0.0013576042881979654,0.0014322884508745331,7.468416267656774e-05,11402.400403930522,7.20708769802047,41.0,20993449.0,0.002401018064054128,96.7741935483871,100.0,45.161290322580655,48.38709677419355,0.40759271754240756,51949033.0,1.8825166329674532e-06,0.40411626141337414,False,True,False
9605,0.12822261738498253,354192147.0,1.6389986095615077e-05,761.0,1.2931933945905745,6.193217421557766e-08,2.1485513059667017e-06,2.086619131751124e-06,11722.26699635156,1.9534422372520355,107.0,178879627.0,0.13265751713025442,70.96774193548387,83.87096774193549,6.451612903225808,45.16129032258065,0.000611422835284015,354192147.0,1.6040426379034428e-05,0.5050355534844764,True,True,True
9606,0.0742356843721168,1890159777.0,8.746578015892852e-05,48878.0,-0.23543170536546199,0.00014158960208199577,2.5859189574744612e-05,-0.00011573041250725115,13727.471269033358,5.366671384338052,87.0,898369718.0,0.10270534475117676,70.96774193548387,80.64516129032258,9.677419354838712,9.677419354838705,0.007358865000816617,1890159777.0,8.055827018653678e-05,0.4752877132037288,True,False,True
9607,0.055588425210443715,2777963055.0,0.00012854823640565466,17218.0,-0.12218766657863767,1.5585507291393565e-05,6.1980665901980475e-06,-9.387440701195517e-06,14069.124165306439,3.5195355890800513,91.0,1197446951.0,0.04263031133306505,80.64516129032258,83.87096774193549,6.451612903225808,-3.225806451612897,0.0017638114748918866,2777963055.0,0.00010737701091200703,0.4310521512677209,True,False,False
9608,0.051043006194767315,6557260676.0,0.0003034325075111378,98629.0,-0.31252593868647693,0.00012563279765099832,1.504118943463519e-05,-0.00011059160821636312,11374.082187032913,5.3307976805193285,82.0,3377459072.0,0.05511197737618234,90.32258064516128,93.54838709677419,51.61290322580644,41.935483870967744,0.004280338414367447,6557260676.0,0.00030286223479556975,0.5150716494102057,True,False,True
9609,0.03555515742953008,1703692447.0,7.883713897681201e-05,86072.0,0.04876090925622978,4.7419221437713944e-05,5.052085554030751e-05,3.101634102593563e-06,10825.217623204031,3.7868286896481034,70.0,691799784.0,0.03460875040047062,100.0,96.7741935483871,16.129032258064512,9.677419354838719,0.014376945362973651,1703692447.0,6.20348090522568e-05,0.40605907786829554,False,True,False
9610,0.02409629024140658,663690986.0,3.0711821604348166e-05,5313.0,-0.03205589895108785,1.0612714326740206e-05,8.005231518994895e-06,-2.6074828077453102e-06,11160.356196871717,2.02289962449471,78.0,341182764.0,0.013085066490200914,87.09677419354838,87.09677419354838,38.70967741935483,51.61290322580645,0.0022780844650328673,663690986.0,3.059441200499304e-05,0.5140687024488231,False,False,False
9611,0.03223012691543814,283668257.0,1.3126543960324915e-05,88612.0,0.5617011784277317,3.9407125803128295e-05,0.00031237897725017573,0.0002729718514470474,11777.139759366872,5.956717267884585,42.0,132636988.0,0.01265660685946468,96.7741935483871,100.0,38.70967741935484,38.70967741935484,0.08889507987219707,283668257.0,1.1893773912838453e-05,0.4675778298309916,False,True,False
9612,0.013884600255273938,1493993583.0,6.913347531758842e-05,14959.0,-0.2632903874108813,4.9432751042437304e-05,1.0012760543429992e-05,-3.9419990499007314e-05,12380.203175693292,9.774122723775914,83.0,1003195644.0,0.016094220170264295,100.0,96.7741935483871,35.483870967741936,35.48387096774194,0.0028493759602028143,1493993583.0,8.995818104735892e-05,0.6714859122657959,False,False,False
9613,0.022158762127603815,1826855634.0,8.453642660788882e-05,13382.0,0.05881272520468617,6.14204246826701e-06,7.325154626859804e-06,1.1831121585927935e-06,11565.965884856012,3.911327032690033,82.0,870986314.0,0.024278469080941,90.32258064516128,87.09677419354838,35.48387096774193,54.83870967741935,0.0020845519482874542,1826855634.0,7.810275592124062e-05,0.4767680038804862,False,True,False
9614,-0.07489275882722868,237901913.0,1.1008739406608661e-05,137.0,-0.27522033632230447,1.9509809958245047e-06,5.758675845536392e-07,-1.3751134112708655e-06,11622.421447334053,3.9345867102513856,93.0,94643217.0,-0.07771865966762126,70.96774193548387,70.96774193548387,3.225806451612911,-6.451612903225808,0.00016387720894452785,237901913.0,8.486810823702577e-06,0.39782453115456873,False,False,False
9615,0.1269263619881389,2387192521.0,0.00011046561183849823,1575629.0,-0.055915574458792805,0.001599521368694305,0.0006600343232224796,-0.0009394870454718253,12098.91585074801,1.4511321758305358,34.0,1334118139.0,0.12301445353080243,93.54838709677419,96.7741935483871,25.80645161290323,61.29032258064517,0.18782891344913913,2387192521.0,0.00011963253808419402,0.5588649123452913,True,False,True
9616,0.01445778617136928,1841953560.0,8.523507224221065e-05,2891817.0,-0.0395700777165644,0.002064113710684478,0.0015699728064805282,-0.0004941409042039499,11575.849896776985,3.2813884360573353,25.0,976303685.0,0.024109881949965883,93.33333333333333,90.0,20.0,26.66666666666667,0.4467741691768582,1841953560.0,8.754673545256509e-05,0.5300370792193045,False,False,False
9617,0.16192315039131855,5272319951.0,0.0002439728023911382,258205.0,0.03595735869954475,8.692416265018876e-05,4.8973697044130695e-05,-3.795046560605807e-05,10858.509485601779,1.302484199587573,59.0,2706025954.0,0.24303574754188784,100.0,96.7741935483871,32.25806451612904,22.580645161290334,0.013936663563912514,5272319951.0,0.0002426537377277369,0.5132514678830803,True,True,True
9618,0.05064554784972497,459416599.0,2.1259171705195283e-05,20330.0,0.6577165401679754,4.525436392582487e-06,4.425177506483609e-05,3.9726338672253604e-05,12119.324304840802,2.8547991346933346,75.0,292417417.0,0.06779116173722377,90.32258064516128,80.64516129032258,19.35483870967741,16.129032258064512,0.012592925149776191,459416599.0,2.6221544219431488e-05,0.636497282937746,True,True,True
9701,0.0927850721242911,18320556631.0,0.0008477705420329904,3150931.0,-0.19416714092533938,0.0007887677306820842,0.00017198882454632118,-0.000616778906135763,12884.244663820935,7.895927313505153,59.0,11466382392.0,0.0646170488298976,12.903225806451612,12.903225806451612,-58.064516129032256,-51.61290322580645,0.048943627480174515,18320556631.0,0.0010282091128954148,0.625875218911082,True,False,True
9702,0.09605215145576929,492304480.0,2.27810346738405e-05,106730.0,-0.03250197715868863,0.0004045371263150027,0.00021679672709864432,-0.00018774039921635836,10584.487233325603,6.619323799860976,45.0,223919389.0,0.16431466665148076,32.25806451612903,16.129032258064516,-41.93548387096774,-35.483870967741936,0.06169481231136228,492304480.0,2.00792149130145e-05,0.45483922673220445,True,False,True
9703,0.1161068660489466,3576704516.0,0.00016550942131803858,3261087.0,0.03958578003682511,0.0013004886593449263,0.0009117574531001598,-0.0003887312062447665,12080.847669865498,8.76058342234198,38.0,2540872078.0,0.09909171775105596,25.806451612903224,16.129032258064516,-51.612903225806456,-48.38709677419355,0.25946288809473367,3576704516.0,0.00022784412171042385,0.7103947409224565,True,True,True
9704,0.07941629894889024,112992238.0,5.228634303211781e-06,52460.0,0.09818232247815906,0.0004259437895815892,0.0004642796791050373,3.833588952344808e-05,11568.448584716058,7.459589857172923,43.0,70200662.0,0.10928180542394106,87.09677419354838,64.51612903225806,45.16129032258064,22.58064516129032,0.13212214061392025,112992238.0,6.295007259661156e-06,0.6212874728616314,True,True,True
9705,0.05253722697517804,1776173665.0,8.219115505332668e-05,435377.0,-0.089019223028038,0.0005046860703382734,0.0002451207382359202,-0.00025956533210235317,11553.921056683948,8.665210715398983,79.0,1155714065.0,0.04678671335363216,96.7741935483871,19.35483870967742,45.161290322580655,-32.258064516129025,0.06975510258605848,1776173665.0,0.00010363475531423771,0.6506762755093546,True,False,True
9706,0.0927720921552262,2147991353.0,9.939675034401996e-05,640188.0,-0.10813368023846337,0.0008230460944581655,0.000298040305937861,-0.0005250057885203044,12100.352720668518,8.283660908421531,58.0,1455023260.0,0.12212966028556282,61.29032258064516,35.483870967741936,16.12903225806452,-25.806451612903224,0.08481466017561622,2147991353.0,0.0001304742964485982,0.6773878572499077,True,False,True
