iso3_d,hs92,year,potential_market_size
ARG,0101,2020,2285811468.0
ARG,0102,2020,3102119926.0
ARG,0103,2020,1352825977.0
ARG,0104,2020,472807940.0
ARG,0105,2020,1463654728.0
ARG,0106,2020,862253773.0
ARG,0201,2020,8436783397.0
ARG,0202,2020,9269536763.0
ARG,0203,2020,17960103118.0
ARG,0204,2020,3807018052.0
ARG,0205,2020,280725375.0
ARG,0206,2020,2736843298.0
ARG,0207,2020,12948185630.0
ARG,0208,2020,371041480.0
ARG,0209,2020,417875349.0
ARG,0210,2020,1317750089.0
ARG,0301,2020,650247544.0
ARG,0302,2020,9907178654.0
ARG,0303,2020,10146663937.0
ARG,0304,2020,12511924397.0
ARG,0305,2020,3175484797.0
ARG,0306,2020,14441052386.0
ARG,0307,2020,4037847900.0
ARG,0401,2020,6190597948.0
ARG,0402,2020,10079355576.0
ARG,0403,2020,2628359545.0
ARG,0404,2020,2946848938.0
ARG,0405,2020,5590512107.0
ARG,0406,2020,15407708368.0
ARG,0407,2020,1602981659.0
ARG,0408,2020,506004650.0
ARG,0409,2020,1077578335.0
ARG,0410,2020,237510722.0
ARG,0501,2020,89955936.0
ARG,0502,2020,32391601.0
ARG,0504,2020,2897411129.0
ARG,0505,2020,469097844.0
ARG,0506,2020,178998324.0
ARG,0507,2020,44539544.0
ARG,0508,2020,72267356.0
ARG,0510,2020,180170404.0
ARG,0511,2020,1212215490.0
ARG,0601,2020,946130510.0
ARG,0602,2020,3997927137.0
ARG,0603,2020,3340572046.0
ARG,0604,2020,443680009.0
ARG,0701,2020,2173145883.0
ARG,0702,2020,3525006330.0
ARG,0703,2020,3800577583.0
ARG,0704,2020,2103872449.0
ARG,0705,2020,939851784.0
ARG,0706,2020,1168491642.0
ARG,0707,2020,1036407009.0
ARG,0708,2020,1264077781.0
ARG,0709,2020,6573340106.0
ARG,0710,2020,4814939606.0
ARG,0711,2020,225387022.0
ARG,0712,2020,1869593966.0
ARG,0713,2020,6144045393.0
ARG,0714,2020,933273882.0
ARG,0801,2020,4542754369.0
ARG,0802,2020,12148157477.0
ARG,0803,2020,7839323649.0
ARG,0804,2020,7686959587.0
ARG,0805,2020,9898065808.0
ARG,0806,2020,5468868154.0
ARG,0807,2020,1688107562.0
ARG,0808,2020,5057966388.0
ARG,0809,2020,4436946164.0
ARG,0810,2020,13947648973.0
ARG,0811,2020,4567017242.0
ARG,0812,2020,98631067.0
ARG,0813,2020,1530855304.0
ARG,0814,2020,62052299.0
ARG,0901,2020,17352885719.0
ARG,0902,2020,3143022887.0
ARG,0903,2020,81345702.0
ARG,0904,2020,2055637721.0
ARG,0905,2020,466938330.0
ARG,0906,2020,370973717.0
ARG,0907,2020,142415863.0
ARG,0908,2020,981887983.0
ARG,0909,2020,549179887.0
ARG,0910,2020,1919388858.0
ARG,1001,2020,30299981480.0
ARG,1002,2020,134443628.0
ARG,1003,2020,5679876102.0
ARG,1004,2020,664746403.0
ARG,1005,2020,23516418682.0
ARG,1006,2020,14038497510.0
ARG,1007,2020,401053530.0
ARG,1008,2020,916654147.0
ARG,1101,2020,1968675362.0
ARG,1102,2020,615670925.0
ARG,1103,2020,597987574.0
ARG,1104,2020,966867835.0
ARG,1105,2020,574435625.0
ARG,1106,2020,357157723.0
ARG,1107,2020,1633555937.0
ARG,1108,2020,2303669365.0
ARG,1109,2020,511573758.0
ARG,1201,2020,19934676863.0
ARG,1202,2020,2150222372.0
ARG,1203,2020,19012498.0
ARG,1204,2020,695475562.0
ARG,1205,2020,8334729636.0
ARG,1206,2020,2853923719.0
ARG,1207,2020,3308923912.0
ARG,1208,2020,431442955.0
ARG,1209,2020,3399894937.0
ARG,1210,2020,353692549.0
ARG,1211,2020,1987168426.0
ARG,1212,2020,815912378.0
ARG,1213,2020,288180215.0
ARG,1214,2020,1337036320.0
ARG,1301,2020,470242951.0
ARG,1302,2020,3845890461.0
ARG,1401,2020,144843867.0
ARG,1404,2020,631757806.0
ARG,1501,2020,242376966.0
ARG,1502,2020,604475148.0
ARG,1503,2020,2375819.0
ARG,1504,2020,787067928.0
ARG,1505,2020,50561665.0
ARG,1506,2020,282355162.0
ARG,1507,2020,5086137037.0
ARG,1508,2020,185672185.0
ARG,1509,2020,3230259277.0
ARG,1510,2020,162248253.0
ARG,1511,2020,17064860307.0
ARG,1512,2020,7378674229.0
ARG,1513,2020,3172800480.0
ARG,1514,2020,3790750936.0
ARG,1515,2020,3001355082.0
ARG,1516,2020,2309659588.0
ARG,1517,2020,3656851465.0
ARG,1518,2020,2657028636.0
ARG,1519,2020,5216780801.0
ARG,1520,2020,1150206456.0
ARG,1521,2020,226481200.0
ARG,1522,2020,152211316.0
ARG,1601,2020,2512778757.0
ARG,1602,2020,10375497398.0
ARG,1603,2020,162744773.0
ARG,1604,2020,9769041686.0
ARG,1605,2020,8464328378.0
ARG,1701,2020,13516281729.0
ARG,1702,2020,5136748972.0
ARG,1703,2020,815793831.0
ARG,1704,2020,4846642288.0
ARG,1801,2020,6738866246.0
ARG,1802,2020,87782186.0
ARG,1803,2020,2200866368.0
ARG,1804,2020,3181356945.0
ARG,1805,2020,1494680654.0
ARG,1806,2020,14258467662.0
ARG,1901,2020,11798780867.0
ARG,1902,2020,6157724054.0
ARG,1903,2020,55560218.0
ARG,1904,2020,2880572003.0
ARG,1905,2020,17198455033.0
ARG,2001,2020,811456828.0
ARG,2002,2020,2281434211.0
ARG,2003,2020,547928703.0
ARG,2004,2020,3420408771.0
ARG,2005,2020,5358333457.0
ARG,2006,2020,260184745.0
ARG,2007,2020,1446165564.0
ARG,2008,2020,11142185824.0
ARG,2009,2020,8259880329.0
ARG,2101,2020,4388861241.0
ARG,2102,2020,1052302222.0
ARG,2103,2020,6588649834.0
ARG,2104,2020,1547686857.0
ARG,2105,2020,2230877230.0
ARG,2106,2020,30907737632.0
ARG,2201,2020,2036420114.0
ARG,2202,2020,11311127600.0
ARG,2203,2020,7897622062.0
ARG,2204,2020,19548825026.0
ARG,2205,2020,151760782.0
ARG,2206,2020,963673984.0
ARG,2207,2020,5812971595.0
ARG,2208,2020,16083084697.0
ARG,2209,2020,429108924.0
ARG,2301,2020,3125056035.0
ARG,2302,2020,1666443586.0
ARG,2303,2020,3350287174.0
ARG,2304,2020,13841092724.0
ARG,2305,2020,20461276.0
ARG,2306,2020,5402913403.0
ARG,2307,2020,975873.0
ARG,2308,2020,753477771.0
ARG,2309,2020,15202417430.0
ARG,2401,2020,6090193326.0
ARG,2402,2020,14675778931.0
ARG,2403,2020,6090660252.0
ARG,2501,2020,2350323758.0
ARG,2502,2020,25920379.0
ARG,2503,2020,1660319470.0
ARG,2504,2020,243185206.0
ARG,2505,2020,1130430919.0
ARG,2506,2020,410868736.0
ARG,2507,2020,913856385.0
ARG,2508,2020,1210808447.0
ARG,2509,2020,84482192.0
ARG,2510,2020,1684297210.0
ARG,2511,2020,190402167.0
ARG,2512,2020,64460745.0
ARG,2513,2020,160258070.0
ARG,2514,2020,43823336.0
ARG,2515,2020,602047902.0
ARG,2516,2020,939499811.0
ARG,2517,2020,1758045360.0
ARG,2518,2020,304111157.0
ARG,2519,2020,1088531653.0
ARG,2520,2020,816593789.0
ARG,2521,2020,269206102.0
ARG,2522,2020,455617778.0
ARG,2523,2020,4362083776.0
ARG,2524,2020,256289196.0
ARG,2525,2020,93810470.0
ARG,2526,2020,573225533.0
ARG,2528,2020,150614698.0
ARG,2529,2020,947057973.0
ARG,2530,2020,1180858772.0
ARG,2601,2020,26497646836.0
ARG,2602,2020,1916967817.0
ARG,2603,2020,14775765009.0
ARG,2604,2020,870168476.0
ARG,2605,2020,27561047.0
ARG,2606,2020,1702634629.0
ARG,2607,2020,2012880493.0
ARG,2608,2020,4351459415.0
ARG,2609,2020,536717616.0
ARG,2610,2020,771348025.0
ARG,2611,2020,92325963.0
ARG,2612,2020,192177801.0
ARG,2613,2020,1920793786.0
ARG,2614,2020,1523685041.0
ARG,2615,2020,687517842.0
ARG,2616,2020,5908325299.0
ARG,2617,2020,178294925.0
ARG,2618,2020,385486125.0
ARG,2619,2020,213969419.0
ARG,2620,2020,10234387410.0
ARG,2621,2020,292717144.0
ARG,2701,2020,46534842870.0
ARG,2702,2020,382637068.0
ARG,2703,2020,895061070.0
ARG,2704,2020,2683360587.0
ARG,2705,2020,1527674.0
ARG,2706,2020,395584838.0
ARG,2707,2020,9581086906.0
ARG,2708,2020,417020283.0
ARG,2709,2020,305358159934.0
ARG,2710,2020,239916796151.0
ARG,2711,2020,101171039373.0
ARG,2712,2020,1375460360.0
ARG,2713,2020,8888882515.0
ARG,2714,2020,414646854.0
ARG,2715,2020,904812690.0
ARG,2716,2020,13215068951.0
ARG,2801,2020,977362749.0
ARG,2802,2020,78268187.0
ARG,2803,2020,2311406711.0
ARG,2804,2020,4221457961.0
ARG,2805,2020,348562028.0
ARG,2806,2020,103758275.0
ARG,2807,2020,595182018.0
ARG,2808,2020,183693453.0
ARG,2809,2020,1787601214.0
ARG,2810,2020,193504472.0
ARG,2811,2020,2917432255.0
ARG,2812,2020,246511851.0
ARG,2813,2020,124710888.0
ARG,2814,2020,2554305458.0
ARG,2815,2020,1740027482.0
ARG,2816,2020,164330613.0
ARG,2817,2020,590352739.0
ARG,2818,2020,6383243242.0
ARG,2819,2020,278002125.0
ARG,2820,2020,201255767.0
ARG,2821,2020,498880136.0
ARG,2822,2020,1672639284.0
ARG,2823,2020,414150324.0
ARG,2824,2020,45199679.0
ARG,2825,2020,2019758462.0
ARG,2826,2020,782976487.0
ARG,2827,2020,1537227095.0
ARG,2828,2020,265268546.0
ARG,2829,2020,331521208.0
ARG,2830,2020,288250962.0
ARG,2831,2020,115024483.0
ARG,2832,2020,199709841.0
ARG,2833,2020,2430919611.0
ARG,2834,2020,503508403.0
ARG,2835,2020,1463606752.0
ARG,2836,2020,4787486737.0
ARG,2837,2020,646695623.0
ARG,2839,2020,376165687.0
ARG,2840,2020,442993909.0
ARG,2841,2020,977324444.0
ARG,2842,2020,729686260.0
ARG,2843,2020,4158494946.0
ARG,2844,2020,6610740556.0
ARG,2845,2020,356459281.0
ARG,2846,2020,555142028.0
ARG,2847,2020,263985891.0
ARG,2848,2020,0.0
ARG,2849,2020,1009845599.0
ARG,2850,2020,232569467.0
ARG,2851,2020,1698722671.0
ARG,2901,2020,10115530044.0
ARG,2902,2020,12082082097.0
ARG,2903,2020,5261159253.0
ARG,2904,2020,844868709.0
ARG,2905,2020,12729726886.0
ARG,2906,2020,1192428900.0
ARG,2907,2020,2491393670.0
ARG,2908,2020,266917002.0
ARG,2909,2020,5037203197.0
ARG,2910,2020,1995954905.0
ARG,2911,2020,45744954.0
ARG,2912,2020,1246221204.0
ARG,2913,2020,44406545.0
ARG,2914,2020,3716945388.0
ARG,2915,2020,7665914540.0
ARG,2916,2020,5117597256.0
ARG,2917,2020,6391271980.0
ARG,2918,2020,4195002762.0
ARG,2919,2020,584210088.0
ARG,2920,2020,859220512.0
ARG,2921,2020,5191579566.0
ARG,2922,2020,8949446402.0
ARG,2923,2020,1405091467.0
ARG,2924,2020,3723274655.0
ARG,2925,2020,889553478.0
ARG,2926,2020,2649300146.0
ARG,2927,2020,264007086.0
ARG,2928,2020,435820433.0
ARG,2929,2020,2488660155.0
ARG,2930,2020,3521226201.0
ARG,2931,2020,2038086201.0
ARG,2932,2020,5684465632.0
ARG,2933,2020,29916676075.0
ARG,2934,2020,11862324385.0
ARG,2935,2020,5152356382.0
ARG,2936,2020,4773266703.0
ARG,2937,2020,5655602057.0
ARG,2938,2020,882350040.0
ARG,2939,2020,1000455906.0
ARG,2940,2020,711247084.0
ARG,2941,2020,7950539042.0
ARG,2942,2020,575515936.0
ARG,3001,2020,2647491305.0
ARG,3002,2020,98398251970.0
ARG,3003,2020,8121518973.0
ARG,3004,2020,229217176365.0
ARG,3005,2020,3830353509.0
ARG,3006,2020,7889518041.0
ARG,3101,2020,638905989.0
ARG,3102,2020,8790470218.0
ARG,3103,2020,633468888.0
ARG,3104,2020,6917791199.0
ARG,3105,2020,8860631904.0
ARG,3201,2020,157699637.0
ARG,3202,2020,254911988.0
ARG,3203,2020,807842127.0
ARG,3204,2020,7140528181.0
ARG,3205,2020,87403205.0
ARG,3206,2020,7188755592.0
ARG,3207,2020,2041403295.0
ARG,3208,2020,7902127948.0
ARG,3209,2020,2996669965.0
ARG,3210,2020,431296737.0
ARG,3211,2020,121268543.0
ARG,3212,2020,1161302764.0
ARG,3213,2020,419209983.0
ARG,3214,2020,3907270611.0
ARG,3215,2020,8459641500.0
ARG,3301,2020,3172836914.0
ARG,3302,2020,12514146749.0
ARG,3303,2020,6474396997.0
ARG,3304,2020,26898867324.0
ARG,3305,2020,6610051138.0
ARG,3306,2020,2636526711.0
ARG,3307,2020,5976990714.0
ARG,3401,2020,3512135016.0
ARG,3402,2020,18372925570.0
ARG,3403,2020,5005671588.0
ARG,3404,2020,1771913827.0
ARG,3405,2020,1238724409.0
ARG,3406,2020,1003741881.0
ARG,3407,2020,373891786.0
ARG,3501,2020,1602967007.0
ARG,3502,2020,1142306439.0
ARG,3503,2020,1023542581.0
ARG,3504,2020,1989260119.0
ARG,3505,2020,2364502217.0
ARG,3506,2020,6519586444.0
ARG,3507,2020,2567401756.0
ARG,3601,2020,184245749.0
ARG,3602,2020,418266776.0
ARG,3603,2020,711257696.0
ARG,3604,2020,464132512.0
ARG,3605,2020,84385115.0
ARG,3606,2020,156820461.0
ARG,3701,2020,2172139960.0
ARG,3702,2020,496939835.0
ARG,3703,2020,223558362.0
ARG,3704,2020,22894032.0
ARG,3705,2020,768991206.0
ARG,3706,2020,6340949.0
ARG,3707,2020,2485053872.0
ARG,3801,2020,1387420590.0
ARG,3802,2020,1548675981.0
ARG,3803,2020,237027162.0
ARG,3804,2020,204230297.0
ARG,3805,2020,172285150.0
ARG,3806,2020,730901604.0
ARG,3807,2020,33099306.0
ARG,3808,2020,14154379557.0
ARG,3809,2020,2585913584.0
ARG,3810,2020,763129495.0
ARG,3811,2020,6325545733.0
ARG,3812,2020,2255306190.0
ARG,3813,2020,132765162.0
ARG,3814,2020,972300521.0
ARG,3815,2020,13144395018.0
ARG,3816,2020,1094291943.0
ARG,3817,2020,987582313.0
ARG,3818,2020,3437068519.0
ARG,3819,2020,353125898.0
ARG,3820,2020,431116334.0
ARG,3821,2020,2261564742.0
ARG,3822,2020,11553881409.0
ARG,3823,2020,36873636551.0
ARG,3901,2020,36165594653.0
ARG,3902,2020,22744359446.0
ARG,3903,2020,8880844853.0
ARG,3904,2020,8894874091.0
ARG,3905,2020,3146751411.0
ARG,3906,2020,9347263769.0
ARG,3907,2020,28405617825.0
ARG,3908,2020,7361322611.0
ARG,3909,2020,8119465165.0
ARG,3910,2020,3990388723.0
ARG,3911,2020,3578801437.0
ARG,3912,2020,3270637414.0
ARG,3913,2020,1731604663.0
ARG,3914,2020,1215482810.0
ARG,3915,2020,1491327565.0
ARG,3916,2020,2435967983.0
ARG,3917,2020,10015983008.0
ARG,3918,2020,5348174625.0
ARG,3919,2020,11361930393.0
ARG,3920,2020,33325735465.0
ARG,3921,2020,15321676810.0
ARG,3922,2020,2041775583.0
ARG,3923,2020,24479221728.0
ARG,3924,2020,9003577831.0
ARG,3925,2020,3528538822.0
ARG,3926,2020,56766975618.0
ARG,4001,2020,5166601284.0
ARG,4002,2020,8833604339.0
ARG,4003,2020,170530752.0
ARG,4004,2020,198183717.0
ARG,4005,2020,2426865291.0
ARG,4006,2020,190195874.0
ARG,4007,2020,209785733.0
ARG,4008,2020,1750234893.0
ARG,4009,2020,3256652649.0
ARG,4010,2020,2140948868.0
ARG,4011,2020,26560676524.0
ARG,4012,2020,956000832.0
ARG,4013,2020,400807158.0
ARG,4014,2020,830847357.0
ARG,4015,2020,7553812363.0
ARG,4016,2020,11522888045.0
ARG,4017,2020,107289159.0
ARG,4101,2020,263456201.0
ARG,4102,2020,165779822.0
ARG,4103,2020,270591772.0
ARG,4104,2020,6144724763.0
ARG,4105,2020,392478608.0
ARG,4106,2020,228463903.0
ARG,4107,2020,361482939.0
ARG,4108,2020,78502001.0
ARG,4109,2020,158122324.0
ARG,4110,2020,7725339.0
ARG,4111,2020,79028541.0
ARG,4201,2020,677222558.0
ARG,4202,2020,34183875355.0
ARG,4203,2020,4048753698.0
ARG,4205,2020,1160808849.0
ARG,4206,2020,24500445.0
ARG,4301,2020,557610721.0
ARG,4302,2020,329574297.0
ARG,4303,2020,571839102.0
ARG,4304,2020,47749450.0
ARG,4401,2020,5918401483.0
ARG,4402,2020,1020085435.0
ARG,4403,2020,4595403890.0
ARG,4404,2020,139746603.0
ARG,4405,2020,51532296.0
ARG,4406,2020,166051306.0
ARG,4407,2020,24045665052.0
ARG,4408,2020,2308173051.0
ARG,4409,2020,1751853645.0
ARG,4410,2020,3749319656.0
ARG,4411,2020,4662824005.0
ARG,4412,2020,8447901930.0
ARG,4413,2020,188185612.0
ARG,4414,2020,351664559.0
ARG,4415,2020,1622548079.0
ARG,4416,2020,401841014.0
ARG,4417,2020,121302340.0
ARG,4418,2020,7178226278.0
ARG,4419,2020,1078498390.0
ARG,4420,2020,891031638.0
ARG,4421,2020,3819847244.0
ARG,4501,2020,206388540.0
ARG,4502,2020,20298780.0
ARG,4503,2020,314000936.0
ARG,4504,2020,234302976.0
ARG,4601,2020,246017304.0
ARG,4602,2020,696830907.0
ARG,4701,2020,142697496.0
ARG,4702,2020,2297414506.0
ARG,4703,2020,14235785476.0
ARG,4704,2020,186117921.0
ARG,4705,2020,740605787.0
ARG,4706,2020,708305240.0
ARG,4707,2020,3002327340.0
ARG,4801,2020,3322723553.0
ARG,4802,2020,5189104985.0
ARG,4803,2020,1993912733.0
ARG,4804,2020,6114188131.0
ARG,4805,2020,8860159735.0
ARG,4806,2020,832871009.0
ARG,4807,2020,341628596.0
ARG,4808,2020,675505545.0
ARG,4809,2020,303373183.0
ARG,4810,2020,10696747052.0
ARG,4811,2020,8201264219.0
ARG,4812,2020,109633775.0
ARG,4813,2020,1193904934.0
ARG,4814,2020,654170529.0
ARG,4816,2020,214751089.0
ARG,4817,2020,501266707.0
ARG,4818,2020,12561802159.0
ARG,4819,2020,10695192546.0
ARG,4820,2020,1420643690.0
ARG,4821,2020,2935898262.0
ARG,4822,2020,179626143.0
ARG,4823,2020,4926043521.0
ARG,4901,2020,3910916948.0
ARG,4902,2020,963177071.0
ARG,4903,2020,874194946.0
ARG,4904,2020,63709804.0
ARG,4905,2020,77621048.0
ARG,4906,2020,37652700.0
ARG,4907,2020,2729491202.0
ARG,4908,2020,562504331.0
ARG,4909,2020,409358635.0
ARG,4910,2020,144313045.0
ARG,4911,2020,4665872221.0
ARG,5001,2020,2739942.0
ARG,5002,2020,128972076.0
ARG,5003,2020,35311629.0
ARG,5004,2020,98093241.0
ARG,5005,2020,46133016.0
ARG,5006,2020,3715452.0
ARG,5007,2020,364569555.0
ARG,5101,2020,710157267.0
ARG,5102,2020,260635989.0
ARG,5103,2020,35766996.0
ARG,5104,2020,3381460.0
ARG,5105,2020,964237509.0
ARG,5106,2020,293557115.0
ARG,5107,2020,725830962.0
ARG,5108,2020,104507799.0
ARG,5109,2020,141764029.0
ARG,5110,2020,3784285.0
ARG,5111,2020,508109999.0
ARG,5112,2020,806753030.0
ARG,5113,2020,5623962.0
ARG,5201,2020,5907367678.0
ARG,5202,2020,261577900.0
ARG,5203,2020,135464126.0
ARG,5204,2020,54788707.0
ARG,5205,2020,3611611989.0
ARG,5206,2020,511706960.0
ARG,5207,2020,85149742.0
ARG,5208,2020,4845021998.0
ARG,5209,2020,2247732326.0
ARG,5210,2020,712315741.0
ARG,5211,2020,1084495389.0
ARG,5212,2020,322182829.0
ARG,5301,2020,354528068.0
ARG,5302,2020,76870709.0
ARG,5303,2020,68159244.0
ARG,5305,2020,357868088.0
ARG,5306,2020,218022083.0
ARG,5307,2020,463080168.0
ARG,5308,2020,48500859.0
ARG,5309,2020,572903588.0
ARG,5310,2020,102707171.0
ARG,5311,2020,50353200.0
ARG,5401,2020,539000115.0
ARG,5402,2020,9080315762.0
ARG,5403,2020,598104488.0
ARG,5404,2020,709937745.0
ARG,5405,2020,12940438.0
ARG,5406,2020,35563571.0
ARG,5407,2020,9930329198.0
ARG,5408,2020,589374739.0
ARG,5501,2020,502048075.0
ARG,5502,2020,1068138679.0
ARG,5503,2020,3056606430.0
ARG,5504,2020,1291385663.0
ARG,5505,2020,119194204.0
ARG,5506,2020,139480521.0
ARG,5507,2020,19023635.0
ARG,5508,2020,209204088.0
ARG,5509,2020,1585384759.0
ARG,5510,2020,581958449.0
ARG,5511,2020,201203526.0
ARG,5512,2020,1589508015.0
ARG,5513,2020,871126651.0
ARG,5514,2020,936976503.0
ARG,5515,2020,1550633685.0
ARG,5516,2020,1326190896.0
ARG,5601,2020,1434449114.0
ARG,5602,2020,519510906.0
ARG,5603,2020,9562562765.0
ARG,5604,2020,314723318.0
ARG,5605,2020,98487628.0
ARG,5606,2020,281481199.0
ARG,5607,2020,1290965052.0
ARG,5608,2020,914730111.0
ARG,5609,2020,401786458.0
ARG,5701,2020,353991497.0
ARG,5702,2020,2189571854.0
ARG,5703,2020,2852913821.0
ARG,5704,2020,177597580.0
ARG,5705,2020,720322275.0
ARG,5801,2020,1120600364.0
ARG,5802,2020,63240489.0
ARG,5803,2020,34184283.0
ARG,5804,2020,372861279.0
ARG,5805,2020,14663994.0
ARG,5806,2020,1765266253.0
ARG,5807,2020,391509436.0
ARG,5808,2020,197564679.0
ARG,5809,2020,18043022.0
ARG,5810,2020,447439628.0
ARG,5811,2020,98501435.0
ARG,5901,2020,311879287.0
ARG,5902,2020,1080982314.0
ARG,5903,2020,5240162543.0
ARG,5904,2020,203942885.0
ARG,5905,2020,55594039.0
ARG,5906,2020,624058889.0
ARG,5907,2020,298339191.0
ARG,5908,2020,18208270.0
ARG,5909,2020,100294073.0
ARG,5910,2020,259633735.0
ARG,5911,2020,2841913745.0
ARG,6001,2020,1935900379.0
ARG,6002,2020,9602381706.0
ARG,6101,2020,926673366.0
ARG,6102,2020,1671767658.0
ARG,6103,2020,5324690690.0
ARG,6104,2020,14459553043.0
ARG,6105,2020,3848060077.0
ARG,6106,2020,1686178300.0
ARG,6107,2020,3395945779.0
ARG,6108,2020,5676967892.0
ARG,6109,2020,20205689066.0
ARG,6110,2020,29786451373.0
ARG,6111,2020,2648166663.0
ARG,6112,2020,2124525779.0
ARG,6113,2020,795805471.0
ARG,6114,2020,3793488946.0
ARG,6115,2020,5259584974.0
ARG,6116,2020,2309357892.0
ARG,6117,2020,1696767722.0
ARG,6201,2020,9154063117.0
ARG,6202,2020,12314034682.0
ARG,6203,2020,17972725351.0
ARG,6204,2020,28254568564.0
ARG,6205,2020,5450638201.0
ARG,6206,2020,5702855643.0
ARG,6207,2020,720660607.0
ARG,6208,2020,1367101281.0
ARG,6209,2020,1119523038.0
ARG,6210,2020,15635623336.0
ARG,6211,2020,7678023658.0
ARG,6212,2020,5000986877.0
ARG,6213,2020,136007623.0
ARG,6214,2020,1877261546.0
ARG,6215,2020,201673937.0
ARG,6216,2020,561077980.0
ARG,6217,2020,1378414979.0
ARG,6301,2020,1960091498.0
ARG,6302,2020,8543674794.0
ARG,6303,2020,2145116335.0
ARG,6304,2020,1677257994.0
ARG,6305,2020,2955183561.0
ARG,6306,2020,2423169925.0
ARG,6307,2020,47034848489.0
ARG,6308,2020,66797893.0
ARG,6309,2020,1821916813.0
ARG,6310,2020,328198959.0
ARG,6401,2020,638625021.0
ARG,6402,2020,14124083786.0
ARG,6403,2020,24397225232.0
ARG,6404,2020,18914871063.0
ARG,6405,2020,1607414318.0
ARG,6406,2020,3896817376.0
ARG,6501,2020,22682464.0
ARG,6502,2020,10041539.0
ARG,6504,2020,116216063.0
ARG,6505,2020,2752762412.0
ARG,6506,2020,1687531637.0
ARG,6507,2020,176303447.0
ARG,6601,2020,1336790361.0
ARG,6602,2020,87704393.0
ARG,6603,2020,196654828.0
ARG,6701,2020,58663356.0
ARG,6702,2020,1218513005.0
ARG,6703,2020,231325258.0
ARG,6704,2020,1742561061.0
ARG,6801,2020,643667680.0
ARG,6802,2020,5454580122.0
ARG,6803,2020,398702475.0
ARG,6804,2020,2511543868.0
ARG,6805,2020,1861226583.0
ARG,6806,2020,1923662675.0
ARG,6807,2020,717351711.0
ARG,6808,2020,308550516.0
ARG,6809,2020,828050795.0
ARG,6810,2020,4725833851.0
ARG,6811,2020,661966211.0
ARG,6812,2020,64345496.0
ARG,6813,2020,465177829.0
ARG,6814,2020,148812666.0
ARG,6815,2020,4579847399.0
ARG,6901,2020,158292313.0
ARG,6902,2020,1691968996.0
ARG,6903,2020,1026099633.0
ARG,6904,2020,520026618.0
ARG,6905,2020,515897453.0
ARG,6906,2020,97753117.0
ARG,6907,2020,7015920863.0
ARG,6908,2020,23491379.0
ARG,6909,2020,3154924288.0
ARG,6910,2020,3500556742.0
ARG,6911,2020,2546691295.0
ARG,6912,2020,1205037441.0
ARG,6913,2020,668096805.0
ARG,6914,2020,952102738.0
ARG,7001,2020,249380738.0
ARG,7002,2020,700738884.0
ARG,7003,2020,471568814.0
ARG,7004,2020,285502141.0
ARG,7005,2020,2682697167.0
ARG,7006,2020,746340280.0
ARG,7007,2020,5331314180.0
ARG,7008,2020,827627961.0
ARG,7009,2020,2748514179.0
ARG,7010,2020,3653350615.0
ARG,7011,2020,72146969.0
ARG,7013,2020,3197471749.0
ARG,7014,2020,203970060.0
ARG,7015,2020,80165639.0
ARG,7016,2020,552803967.0
ARG,7017,2020,706602629.0
ARG,7018,2020,531222062.0
ARG,7019,2020,5493913317.0
ARG,7020,2020,1817837699.0
ARG,7101,2020,163094264.0
ARG,7102,2020,30352959252.0
ARG,7103,2020,2187497682.0
ARG,7104,2020,1218757563.0
ARG,7105,2020,231465304.0
ARG,7106,2020,15854959690.0
ARG,7107,2020,72409751.0
ARG,7108,2020,313968464443.0
ARG,7109,2020,52565436.0
ARG,7110,2020,40344770689.0
ARG,7111,2020,2299073490.0
ARG,7112,2020,18655131088.0
ARG,7113,2020,34798430330.0
ARG,7114,2020,1568762951.0
ARG,7115,2020,6195442206.0
ARG,7116,2020,622638142.0
ARG,7117,2020,3411660832.0
ARG,7118,2020,45283519.0
ARG,7201,2020,1605947524.0
ARG,7202,2020,13088530507.0
ARG,7203,2020,1510621053.0
ARG,7204,2020,19962652353.0
ARG,7205,2020,1084237628.0
ARG,7206,2020,207964912.0
ARG,7207,2020,9518229505.0
ARG,7208,2020,25081911621.0
ARG,7209,2020,4579950187.0
ARG,7210,2020,17148448982.0
ARG,7211,2020,1450022155.0
ARG,7212,2020,2583941042.0
ARG,7213,2020,4865310546.0
ARG,7214,2020,8653087339.0
ARG,7215,2020,883844372.0
ARG,7216,2020,4695289999.0
ARG,7217,2020,2573905030.0
ARG,7218,2020,1160905925.0
ARG,7219,2020,15075424517.0
ARG,7220,2020,2322933989.0
ARG,7221,2020,769215230.0
ARG,7222,2020,3043387278.0
ARG,7223,2020,1078882134.0
ARG,7224,2020,1004709902.0
ARG,7225,2020,11061157039.0
ARG,7226,2020,1849307866.0
ARG,7227,2020,2033001073.0
ARG,7228,2020,3529228721.0
ARG,7229,2020,1137670852.0
ARG,7301,2020,888295729.0
ARG,7302,2020,1351947388.0
ARG,7303,2020,750495453.0
ARG,7304,2020,8664583324.0
ARG,7305,2020,2795912048.0
ARG,7306,2020,6645668908.0
ARG,7307,2020,7184453350.0
ARG,7308,2020,21814915351.0
ARG,7309,2020,1253629593.0
ARG,7310,2020,3109706840.0
ARG,7311,2020,1475967970.0
ARG,7312,2020,3300394633.0
ARG,7313,2020,104354019.0
ARG,7314,2020,2431534948.0
ARG,7315,2020,2169875139.0
ARG,7316,2020,87495722.0
ARG,7317,2020,1306923300.0
ARG,7318,2020,14866041061.0
ARG,7319,2020,163663527.0
ARG,7320,2020,2656329071.0
ARG,7321,2020,5711036417.0
ARG,7322,2020,1111920734.0
ARG,7323,2020,6588418795.0
ARG,7324,2020,1519272208.0
ARG,7325,2020,2453089739.0
ARG,7326,2020,30008028681.0
ARG,7401,2020,834143107.0
ARG,7402,2020,5552925403.0
ARG,7403,2020,29778821434.0
ARG,7404,2020,11476948696.0
ARG,7405,2020,119505858.0
ARG,7406,2020,285671560.0
ARG,7407,2020,2785970802.0
ARG,7408,2020,7376744188.0
ARG,7409,2020,3714146977.0
ARG,7410,2020,1134398513.0
ARG,7411,2020,3846760581.0
ARG,7412,2020,1778128237.0
ARG,7413,2020,736831271.0
ARG,7415,2020,633965380.0
ARG,7418,2020,484191936.0
ARG,7419,2020,2123029876.0
ARG,7501,2020,5326058921.0
ARG,7502,2020,5632922057.0
ARG,7503,2020,333852655.0
ARG,7504,2020,370726629.0
ARG,7505,2020,1990950573.0
ARG,7506,2020,742214799.0
ARG,7507,2020,698420365.0
ARG,7508,2020,1157956546.0
ARG,7601,2020,30486442078.0
ARG,7602,2020,6065535001.0
ARG,7603,2020,403009628.0
ARG,7604,2020,6196832623.0
ARG,7605,2020,1647079701.0
ARG,7606,2020,13544348450.0
ARG,7607,2020,7049784543.0
ARG,7608,2020,717987379.0
ARG,7609,2020,327476165.0
ARG,7610,2020,7194430972.0
ARG,7611,2020,127869776.0
ARG,7612,2020,2132208297.0
ARG,7613,2020,386914506.0
ARG,7614,2020,509030128.0
ARG,7615,2020,2282871444.0
ARG,7616,2020,9693374539.0
ARG,7801,2020,3546760743.0
ARG,7802,2020,311997457.0
ARG,7804,2020,163221293.0
ARG,7806,2020,182186893.0
ARG,7901,2020,7434544322.0
ARG,7902,2020,301180901.0
ARG,7903,2020,259922118.0
ARG,7904,2020,114108556.0
ARG,7905,2020,307854281.0
ARG,7907,2020,495548722.0
ARG,8001,2020,1995435096.0
ARG,8002,2020,80105369.0
ARG,8003,2020,206420996.0
ARG,8007,2020,180290311.0
ARG,8101,2020,609233641.0
ARG,8102,2020,374437805.0
ARG,8103,2020,453337781.0
ARG,8104,2020,715072737.0
ARG,8105,2020,1862565576.0
ARG,8106,2020,49496383.0
ARG,8107,2020,17471898.0
ARG,8108,2020,3389942127.0
ARG,8109,2020,261143249.0
ARG,8110,2020,181468444.0
ARG,8111,2020,466730492.0
ARG,8112,2020,766672240.0
ARG,8113,2020,574620538.0
ARG,8201,2020,764121242.0
ARG,8202,2020,2077178783.0
ARG,8203,2020,821514397.0
ARG,8204,2020,941762382.0
ARG,8205,2020,3048947580.0
ARG,8206,2020,513920389.0
ARG,8207,2020,8819655925.0
ARG,8208,2020,1353445329.0
ARG,8209,2020,2969545434.0
ARG,8210,2020,244490818.0
ARG,8211,2020,1185379904.0
ARG,8212,2020,1741320765.0
ARG,8213,2020,357907658.0
ARG,8214,2020,460806327.0
ARG,8215,2020,1260030310.0
ARG,8301,2020,4819748507.0
ARG,8302,2020,15266197917.0
ARG,8303,2020,531130596.0
ARG,8304,2020,151355186.0
ARG,8305,2020,368358994.0
ARG,8306,2020,986634468.0
ARG,8307,2020,1039978364.0
ARG,8308,2020,1941853039.0
ARG,8309,2020,2507244289.0
ARG,8310,2020,461614865.0
ARG,8311,2020,1365992520.0
ARG,8401,2020,2508390126.0
ARG,8402,2020,1848894225.0
ARG,8403,2020,3243492621.0
ARG,8404,2020,659970151.0
ARG,8405,2020,506810207.0
ARG,8406,2020,1553139685.0
ARG,8407,2020,21044555089.0
ARG,8408,2020,15638167669.0
ARG,8409,2020,24452076757.0
ARG,8410,2020,451493305.0
ARG,8411,2020,86433027240.0
ARG,8412,2020,11112631598.0
ARG,8413,2020,28097846407.0
ARG,8414,2020,40258487621.0
ARG,8415,2020,20674155185.0
ARG,8416,2020,1347562602.0
ARG,8417,2020,1918395604.0
ARG,8418,2020,17926087451.0
ARG,8419,2020,21093209127.0
ARG,8420,2020,660205917.0
ARG,8421,2020,32971113954.0
ARG,8422,2020,14449884957.0
ARG,8423,2020,1893023847.0
ARG,8424,2020,10210150511.0
ARG,8425,2020,3206348642.0
ARG,8426,2020,6906229466.0
ARG,8427,2020,4778288547.0
ARG,8428,2020,12401856631.0
ARG,8429,2020,13464546496.0
ARG,8430,2020,3983774083.0
ARG,8431,2020,24497753342.0
ARG,8432,2020,3296254037.0
ARG,8433,2020,5722342910.0
ARG,8434,2020,964380557.0
ARG,8435,2020,142143710.0
ARG,8436,2020,2355106872.0
ARG,8437,2020,1007292019.0
ARG,8438,2020,4992669998.0
ARG,8439,2020,2791287610.0
ARG,8440,2020,412732748.0
ARG,8441,2020,3136203709.0
ARG,8442,2020,757274773.0
ARG,8443,2020,31731026318.0
ARG,8444,2020,399955311.0
ARG,8445,2020,1172662532.0
ARG,8446,2020,749963802.0
ARG,8447,2020,937228040.0
ARG,8448,2020,1886361021.0
ARG,8449,2020,763455696.0
ARG,8450,2020,6611606377.0
ARG,8451,2020,4242844581.0
ARG,8452,2020,2537239947.0
ARG,8453,2020,375967382.0
ARG,8454,2020,1216189908.0
ARG,8455,2020,2401222051.0
ARG,8456,2020,2853793880.0
ARG,8457,2020,3748433539.0
ARG,8458,2020,2665160802.0
ARG,8459,2020,1309486696.0
ARG,8460,2020,1809608236.0
ARG,8461,2020,1058902548.0
ARG,8462,2020,3755368013.0
ARG,8463,2020,733443654.0
ARG,8464,2020,1139297412.0
ARG,8465,2020,2930511790.0
ARG,8466,2020,9376804104.0
ARG,8467,2020,3835132125.0
ARG,8468,2020,389159282.0
ARG,8469,2020,21877.0
ARG,8470,2020,2294609159.0
ARG,8471,2020,181147903646.0
ARG,8472,2020,1805322465.0
ARG,8473,2020,134519731687.0
ARG,8474,2020,5528072408.0
ARG,8475,2020,2048406493.0
ARG,8476,2020,697496280.0
ARG,8477,2020,13692538390.0
ARG,8478,2020,807293538.0
ARG,8479,2020,59875094260.0
ARG,8480,2020,8357656730.0
ARG,8481,2020,49263677625.0
ARG,8482,2020,17475830272.0
ARG,8483,2020,24177955944.0
ARG,8484,2020,1841790082.0
ARG,8485,2020,5055936159.0
ARG,8501,2020,33910719702.0
ARG,8502,2020,11969262814.0
ARG,8503,2020,9018016224.0
ARG,8504,2020,54426420833.0
ARG,8505,2020,4867398915.0
ARG,8506,2020,4708090660.0
ARG,8507,2020,26217334270.0
ARG,8508,2020,7577036224.0
ARG,8509,2020,13586744481.0
ARG,8510,2020,3229612489.0
ARG,8511,2020,8674893440.0
ARG,8512,2020,12027127466.0
ARG,8513,2020,1324797314.0
ARG,8514,2020,2271432586.0
ARG,8515,2020,4872840528.0
ARG,8516,2020,26672783183.0
ARG,8517,2020,43809740739.0
ARG,8518,2020,24451145356.0
ARG,8519,2020,486062036.0
ARG,8520,2020,1286103737.0
ARG,8521,2020,21700347113.0
ARG,8522,2020,474977486.0
ARG,8523,2020,25802217579.0
ARG,8524,2020,502476145.0
ARG,8525,2020,269841378562.0
ARG,8526,2020,10657469018.0
ARG,8527,2020,4678434525.0
ARG,8528,2020,34569085570.0
ARG,8529,2020,27810037818.0
ARG,8530,2020,1059834911.0
ARG,8531,2020,8311817638.0
ARG,8532,2020,9103415075.0
ARG,8533,2020,4657641318.0
ARG,8534,2020,12666536131.0
ARG,8535,2020,3803021336.0
ARG,8536,2020,54162047560.0
ARG,8537,2020,26804201531.0
ARG,8538,2020,18293204521.0
ARG,8539,2020,4157313420.0
ARG,8540,2020,979222578.0
ARG,8541,2020,42597199114.0
ARG,8542,2020,179718387243.0
ARG,8543,2020,27070146751.0
ARG,8544,2020,56123938524.0
ARG,8545,2020,2397522770.0
ARG,8546,2020,1125229896.0
ARG,8547,2020,3532137801.0
ARG,8548,2020,1806465173.0
ARG,8601,2020,502146256.0
ARG,8602,2020,587556267.0
ARG,8603,2020,2927963552.0
ARG,8604,2020,604953555.0
ARG,8605,2020,343556800.0
ARG,8606,2020,1198728445.0
ARG,8607,2020,5086587625.0
ARG,8608,2020,371339678.0
ARG,8609,2020,2540723356.0
ARG,8701,2020,17269141194.0
ARG,8702,2020,5791581281.0
ARG,8703,2020,314437742134.0
ARG,8704,2020,52413159357.0
ARG,8705,2020,3322313505.0
ARG,8706,2020,854152851.0
ARG,8707,2020,4801794457.0
ARG,8708,2020,137446366436.0
ARG,8709,2020,712039141.0
ARG,8710,2020,2787108660.0
ARG,8711,2020,9831980527.0
ARG,8712,2020,5343691450.0
ARG,8713,2020,436914445.0
ARG,8714,2020,8439361217.0
ARG,8715,2020,890676325.0
ARG,8716,2020,8053025411.0
ARG,8801,2020,44224042.0
ARG,8802,2020,75928939522.0
ARG,8803,2020,41030942095.0
ARG,8804,2020,146471737.0
ARG,8805,2020,1012738800.0
ARG,8901,2020,18320770330.0
ARG,8902,2020,376935947.0
ARG,8903,2020,3166921666.0
ARG,8904,2020,2330836468.0
ARG,8905,2020,10518891931.0
ARG,8906,2020,2935806123.0
ARG,8907,2020,514117813.0
ARG,8908,2020,1461365673.0
ARG,9001,2020,12010386135.0
ARG,9002,2020,5028382338.0
ARG,9003,2020,3529050924.0
ARG,9004,2020,6568565573.0
ARG,9005,2020,736696050.0
ARG,9006,2020,1231843369.0
ARG,9007,2020,297833184.0
ARG,9008,2020,75013353.0
ARG,9009,2020,610310779.0
ARG,9010,2020,5921499565.0
ARG,9011,2020,1353520449.0
ARG,9012,2020,1379863574.0
ARG,9013,2020,13049504951.0
ARG,9014,2020,4880931382.0
ARG,9015,2020,4325334387.0
ARG,9016,2020,186637568.0
ARG,9017,2020,1110906070.0
ARG,9018,2020,73550739591.0
ARG,9019,2020,10591222231.0
ARG,9020,2020,1440647215.0
ARG,9021,2020,33412714317.0
ARG,9022,2020,13159832038.0
ARG,9023,2020,1153926737.0
ARG,9024,2020,1110947818.0
ARG,9025,2020,5795090012.0
ARG,9026,2020,12497997829.0
ARG,9027,2020,28384845311.0
ARG,9028,2020,2970594175.0
ARG,9029,2020,3400610327.0
ARG,9030,2020,10850809098.0
ARG,9031,2020,21857315019.0
ARG,9032,2020,18139903587.0
ARG,9033,2020,1706240859.0
ARG,9101,2020,5942669288.0
ARG,9102,2020,11164106663.0
ARG,9103,2020,41482734.0
ARG,9104,2020,54765522.0
ARG,9105,2020,672978394.0
ARG,9106,2020,195282121.0
ARG,9107,2020,217271604.0
ARG,9108,2020,215141141.0
ARG,9109,2020,22407824.0
ARG,9110,2020,112042477.0
ARG,9111,2020,571387042.0
ARG,9112,2020,12583169.0
ARG,9113,2020,1001371632.0
ARG,9114,2020,633053878.0
ARG,9201,2020,412550854.0
ARG,9202,2020,503771926.0
ARG,9205,2020,315636052.0
ARG,9206,2020,126877808.0
ARG,9207,2020,1358218326.0
ARG,9208,2020,53162634.0
ARG,9209,2020,1006736878.0
ARG,9301,2020,529486005.0
ARG,9302,2020,1003738587.0
ARG,9303,2020,893988298.0
ARG,9304,2020,383645091.0
ARG,9305,2020,1247836434.0
ARG,9306,2020,2593975873.0
ARG,9307,2020,28373020.0
ARG,9401,2020,31383596379.0
ARG,9402,2020,1877806402.0
ARG,9403,2020,31765695472.0
ARG,9404,2020,9695147707.0
ARG,9405,2020,21574325618.0
ARG,9406,2020,3305188553.0
ARG,9503,2020,19567740088.0
ARG,9504,2020,15195247898.0
ARG,9505,2020,4669130564.0
ARG,9506,2020,15004993353.0
ARG,9507,2020,2022708778.0
ARG,9508,2020,461615515.0
ARG,9601,2020,57320533.0
ARG,9602,2020,409960113.0
ARG,9603,2020,5081549355.0
ARG,9604,2020,20743226.0
ARG,9605,2020,95955047.0
ARG,9606,2020,551007749.0
ARG,9607,2020,971861884.0
ARG,9608,2020,2582838965.0
ARG,9609,2020,583579041.0
ARG,9610,2020,319710953.0
ARG,9611,2020,124552844.0
ARG,9612,2020,926223366.0
ARG,9613,2020,772540244.0
ARG,9614,2020,141831398.0
ARG,9615,2020,746908772.0
ARG,9616,2020,866666769.0
ARG,9617,2020,911829977.0
ARG,9618,2020,210654930.0
ARG,9701,2020,8384155749.0
ARG,9702,2020,104650151.0
ARG,9703,2020,1584211365.0
ARG,9704,2020,41795715.0
ARG,9705,2020,919516212.0
ARG,9706,2020,817814350.0
ARG,0101,2021,2394713990.0
ARG,0102,2021,3166431487.0
ARG,0103,2021,1535590521.0
ARG,0104,2021,584108002.0
ARG,0105,2021,1663173061.0
ARG,0106,2021,1234965587.0
ARG,0201,2021,11010988224.0
ARG,0202,2021,10631941150.0
ARG,0203,2021,19239500165.0
ARG,0204,2021,4531340917.0
ARG,0205,2021,293035365.0
ARG,0206,2021,3341011630.0
ARG,0207,2021,16175132261.0
ARG,0208,2021,414248591.0
ARG,0209,2021,509337578.0
ARG,0210,2021,1560751789.0
ARG,0301,2021,779896884.0
ARG,0302,2021,11519138475.0
ARG,0303,2021,11336171357.0
ARG,0304,2021,14493266654.0
ARG,0305,2021,3456813676.0
ARG,0306,2021,20628695973.0
ARG,0307,2021,5176700044.0
ARG,0401,2021,7155843486.0
ARG,0402,2021,10151581968.0
ARG,0403,2021,2729836194.0
ARG,0404,2021,3321323291.0
ARG,0405,2021,6471302774.0
ARG,0406,2021,16940123367.0
ARG,0407,2021,1720038731.0
ARG,0408,2021,545084410.0
ARG,0409,2021,1379244342.0
ARG,0410,2021,302226660.0
ARG,0501,2021,62184952.0
ARG,0502,2021,42112350.0
ARG,0504,2021,3334877196.0
ARG,0505,2021,671045328.0
ARG,0506,2021,236543960.0
ARG,0507,2021,66298002.0
ARG,0508,2021,78146999.0
ARG,0510,2021,199890555.0
ARG,0511,2021,1468690078.0
ARG,0601,2021,1128124540.0
ARG,0602,2021,4975565109.0
ARG,0603,2021,4306455511.0
ARG,0604,2021,594261681.0
ARG,0701,2021,2142364611.0
ARG,0702,2021,3548792111.0
ARG,0703,2021,3864083052.0
ARG,0704,2021,2420025515.0
ARG,0705,2021,1037843638.0
ARG,0706,2021,1249478951.0
ARG,0707,2021,1131747873.0
ARG,0708,2021,1361792292.0
ARG,0709,2021,6941898449.0
ARG,0710,2021,4911951437.0
ARG,0711,2021,212912691.0
ARG,0712,2021,2096451741.0
ARG,0713,2021,6562231486.0
ARG,0714,2021,970331462.0
ARG,0801,2021,5182066320.0
ARG,0802,2021,12031687908.0
ARG,0803,2021,7809713710.0
ARG,0804,2021,8941265629.0
ARG,0805,2021,9834962696.0
ARG,0806,2021,5661458136.0
ARG,0807,2021,1760852849.0
ARG,0808,2021,5249661428.0
ARG,0809,2021,4711386942.0
ARG,0810,2021,16232223233.0
ARG,0811,2021,5553118504.0
ARG,0812,2021,119569062.0
ARG,0813,2021,1735255722.0
ARG,0814,2021,69941525.0
ARG,0901,2021,20107573812.0
ARG,0902,2021,3238576996.0
ARG,0903,2021,77872786.0
ARG,0904,2021,2609257488.0
ARG,0905,2021,437692461.0
ARG,0906,2021,377707284.0
ARG,0907,2021,139521040.0
ARG,0908,2021,808906849.0
ARG,0909,2021,622851545.0
ARG,0910,2021,2059442004.0
ARG,1001,2021,35988113916.0
ARG,1002,2021,172963143.0
ARG,1003,2021,8006755799.0
ARG,1004,2021,662671776.0
ARG,1005,2021,29082936026.0
ARG,1006,2021,14680352751.0
ARG,1007,2021,365707439.0
ARG,1008,2021,828651438.0
ARG,1101,2021,2116696358.0
ARG,1102,2021,568230638.0
ARG,1103,2021,665737111.0
ARG,1104,2021,1368826857.0
ARG,1105,2021,520450016.0
ARG,1106,2021,407600215.0
ARG,1107,2021,2247606853.0
ARG,1108,2021,2687196407.0
ARG,1109,2021,688961567.0
ARG,1201,2021,25182607930.0
ARG,1202,2021,2093946410.0
ARG,1203,2021,23039329.0
ARG,1204,2021,934818596.0
ARG,1205,2021,9983864249.0
ARG,1206,2021,2893246186.0
ARG,1207,2021,3406958323.0
ARG,1208,2021,520721854.0
ARG,1209,2021,3771519272.0
ARG,1210,2021,413104406.0
ARG,1211,2021,2179122334.0
ARG,1212,2021,1044239034.0
ARG,1213,2021,351790447.0
ARG,1214,2021,1431896357.0
ARG,1301,2021,519825290.0
ARG,1302,2021,4252140766.0
ARG,1401,2021,191222647.0
ARG,1404,2021,736923741.0
ARG,1501,2021,380215455.0
ARG,1502,2021,1028151412.0
ARG,1503,2021,18347229.0
ARG,1504,2021,899638250.0
ARG,1505,2021,69301353.0
ARG,1506,2021,382189056.0
ARG,1507,2021,6976731535.0
ARG,1508,2021,253903505.0
ARG,1509,2021,3474986637.0
ARG,1510,2021,261115760.0
ARG,1511,2021,22204231565.0
ARG,1512,2021,9569834545.0
ARG,1513,2021,4949776109.0
ARG,1514,2021,6209735493.0
ARG,1515,2021,3469818513.0
ARG,1516,2021,2923469181.0
ARG,1517,2021,4552502289.0
ARG,1518,2021,4006928367.0
ARG,1519,2021,7907557656.0
ARG,1520,2021,1534600107.0
ARG,1521,2021,261853458.0
ARG,1522,2021,140882605.0
ARG,1601,2021,2823411481.0
ARG,1602,2021,11181508889.0
ARG,1603,2021,150115811.0
ARG,1604,2021,9545560388.0
ARG,1605,2021,11394256500.0
ARG,1701,2021,14599460691.0
ARG,1702,2021,5950346419.0
ARG,1703,2021,801877032.0
ARG,1704,2021,5925670500.0
ARG,1801,2021,7191271841.0
ARG,1802,2021,108165282.0
ARG,1803,2021,2299726282.0
ARG,1804,2021,3133495474.0
ARG,1805,2021,1732435711.0
ARG,1806,2021,16061291194.0
ARG,1901,2021,12332520901.0
ARG,1902,2021,6433624565.0
ARG,1903,2021,79082180.0
ARG,1904,2021,2985031514.0
ARG,1905,2021,19654868024.0
ARG,2001,2021,924812343.0
ARG,2002,2021,2483227408.0
ARG,2003,2021,614419315.0
ARG,2004,2021,4088194451.0
ARG,2005,2021,5736022628.0
ARG,2006,2021,284339660.0
ARG,2007,2021,1537363735.0
ARG,2008,2021,12501128985.0
ARG,2009,2021,9230182673.0
ARG,2101,2021,4566933111.0
ARG,2102,2021,1130636936.0
ARG,2103,2021,7520422484.0
ARG,2104,2021,1517326364.0
ARG,2105,2021,2557304148.0
ARG,2106,2021,34535823160.0
ARG,2201,2021,2153946641.0
ARG,2202,2021,13009779230.0
ARG,2203,2021,8938901389.0
ARG,2204,2021,23076341397.0
ARG,2205,2021,204897595.0
ARG,2206,2021,1079236558.0
ARG,2207,2021,6147824044.0
ARG,2208,2021,19678848182.0
ARG,2209,2021,470842422.0
ARG,2301,2021,3741757834.0
ARG,2302,2021,1958696335.0
ARG,2303,2021,3694088277.0
ARG,2304,2021,16478452730.0
ARG,2305,2021,27311417.0
ARG,2306,2021,6396269176.0
ARG,2307,2021,1508637.0
ARG,2308,2021,884513690.0
ARG,2309,2021,17984655560.0
ARG,2401,2021,6202794145.0
ARG,2402,2021,14987454437.0
ARG,2403,2021,6976003545.0
ARG,2501,2021,2810868471.0
ARG,2502,2021,34632042.0
ARG,2503,2021,3728537117.0
ARG,2504,2021,345651368.0
ARG,2505,2021,1324811152.0
ARG,2506,2021,552869862.0
ARG,2507,2021,1086376876.0
ARG,2508,2021,1523463316.0
ARG,2509,2021,80579205.0
ARG,2510,2021,2042117228.0
ARG,2511,2021,264745316.0
ARG,2512,2021,68277666.0
ARG,2513,2021,200248329.0
ARG,2514,2021,38723299.0
ARG,2515,2021,854757810.0
ARG,2516,2021,1178637199.0
ARG,2517,2021,2005531934.0
ARG,2518,2021,376106154.0
ARG,2519,2021,1471158002.0
ARG,2520,2021,973310652.0
ARG,2521,2021,311480717.0
ARG,2522,2021,445817511.0
ARG,2523,2021,6018917215.0
ARG,2524,2021,346599460.0
ARG,2525,2021,130291454.0
ARG,2526,2021,708132618.0
ARG,2528,2021,185065967.0
ARG,2529,2021,1141115218.0
ARG,2530,2021,1386935135.0
ARG,2601,2021,45033769763.0
ARG,2602,2021,2686302414.0
ARG,2603,2021,19507119193.0
ARG,2604,2021,1328360322.0
ARG,2605,2021,1231505.0
ARG,2606,2021,1844925115.0
ARG,2607,2021,2480838212.0
ARG,2608,2021,6229805746.0
ARG,2609,2021,727412161.0
ARG,2610,2021,681591112.0
ARG,2611,2021,103604071.0
ARG,2612,2021,180768752.0
ARG,2613,2021,3082380658.0
ARG,2614,2021,1688937906.0
ARG,2615,2021,1012801476.0
ARG,2616,2021,7409262668.0
ARG,2617,2021,186429997.0
ARG,2618,2021,466150067.0
ARG,2619,2021,330855422.0
ARG,2620,2021,15126524816.0
ARG,2621,2021,291661267.0
ARG,2701,2021,70069722923.0
ARG,2702,2021,413398552.0
ARG,2703,2021,1095571146.0
ARG,2704,2021,5108381877.0
ARG,2705,2021,1272401.0
ARG,2706,2021,655295096.0
ARG,2707,2021,17373965905.0
ARG,2708,2021,508687404.0
ARG,2709,2021,471674930254.0
ARG,2710,2021,390097179428.0
ARG,2711,2021,266704411149.0
ARG,2712,2021,2109173863.0
ARG,2713,2021,14231740021.0
ARG,2714,2021,409816619.0
ARG,2715,2021,1881661765.0
ARG,2716,2021,35900143316.0
ARG,2801,2021,1003838447.0
ARG,2802,2021,129964731.0
ARG,2803,2021,3210939107.0
ARG,2804,2021,5496994087.0
ARG,2805,2021,405140690.0
ARG,2806,2021,132061335.0
ARG,2807,2021,835964859.0
ARG,2808,2021,269760541.0
ARG,2809,2021,2635243233.0
ARG,2810,2021,252636830.0
ARG,2811,2021,3624854437.0
ARG,2812,2021,247988380.0
ARG,2813,2021,145869488.0
ARG,2814,2021,4947096367.0
ARG,2815,2021,2057709947.0
ARG,2816,2021,181643727.0
ARG,2817,2021,788062659.0
ARG,2818,2021,7762303906.0
ARG,2819,2021,455428649.0
ARG,2820,2021,231004458.0
ARG,2821,2021,614492863.0
ARG,2822,2021,1267330513.0
ARG,2823,2021,563692065.0
ARG,2824,2021,62567711.0
ARG,2825,2021,2989776151.0
ARG,2826,2021,1059516669.0
ARG,2827,2021,1727954204.0
ARG,2828,2021,261136384.0
ARG,2829,2021,326565239.0
ARG,2830,2021,344793394.0
ARG,2831,2021,137505602.0
ARG,2832,2021,256187320.0
ARG,2833,2021,3484079443.0
ARG,2834,2021,565072810.0
ARG,2835,2021,1793522383.0
ARG,2836,2021,5307048529.0
ARG,2837,2021,577786331.0
ARG,2839,2021,473607059.0
ARG,2840,2021,528464199.0
ARG,2841,2021,1610796904.0
ARG,2842,2021,1225044368.0
ARG,2843,2021,5841097868.0
ARG,2844,2021,7948948214.0
ARG,2845,2021,441881599.0
ARG,2846,2021,828567505.0
ARG,2847,2021,289023355.0
ARG,2849,2021,1463980841.0
ARG,2850,2021,266074866.0
ARG,2851,2021,1504631509.0
ARG,2901,2021,15493731909.0
ARG,2902,2021,19076697190.0
ARG,2903,2021,6987777424.0
ARG,2904,2021,1183846185.0
ARG,2905,2021,19757449674.0
ARG,2906,2021,1350558548.0
ARG,2907,2021,3443074937.0
ARG,2908,2021,258921691.0
ARG,2909,2021,7581945975.0
ARG,2910,2021,2600281741.0
ARG,2911,2021,56487967.0
ARG,2912,2021,1469698642.0
ARG,2913,2021,39573573.0
ARG,2914,2021,4926165807.0
ARG,2915,2021,11668257157.0
ARG,2916,2021,7757667209.0
ARG,2917,2021,10078916765.0
ARG,2918,2021,5097735593.0
ARG,2919,2021,942045481.0
ARG,2920,2021,1113010386.0
ARG,2921,2021,6771864728.0
ARG,2922,2021,11091401036.0
ARG,2923,2021,1672995875.0
ARG,2924,2021,4232556668.0
ARG,2925,2021,987182741.0
ARG,2926,2021,3345735121.0
ARG,2927,2021,354744556.0
ARG,2928,2021,513783532.0
ARG,2929,2021,3579416705.0
ARG,2930,2021,4126695540.0
ARG,2931,2021,3023996110.0
ARG,2932,2021,6677889819.0
ARG,2933,2021,34092188732.0
ARG,2934,2021,11726447206.0
ARG,2935,2021,4596703455.0
ARG,2936,2021,5014158870.0
ARG,2937,2021,6544554028.0
ARG,2938,2021,1081112396.0
ARG,2939,2021,985482189.0
ARG,2940,2021,921248272.0
ARG,2941,2021,6367056474.0
ARG,2942,2021,684874512.0
ARG,3001,2021,3056318897.0
ARG,3002,2021,137983895513.0
ARG,3003,2021,4768340951.0
ARG,3004,2021,237077521896.0
ARG,3005,2021,4233072263.0
ARG,3006,2021,9317202969.0
ARG,3101,2021,746177393.0
ARG,3102,2021,15100872265.0
ARG,3103,2021,1741252964.0
ARG,3104,2021,10734032020.0
ARG,3105,2021,15525586850.0
ARG,3201,2021,184051878.0
ARG,3202,2021,310536136.0
ARG,3203,2021,855437525.0
ARG,3204,2021,8522188976.0
ARG,3205,2021,98741576.0
ARG,3206,2021,8685889552.0
ARG,3207,2021,2693990048.0
ARG,3208,2021,9439590441.0
ARG,3209,2021,3478729656.0
ARG,3210,2021,495471311.0
ARG,3211,2021,155475649.0
ARG,3212,2021,1431929922.0
ARG,3213,2021,518936159.0
ARG,3214,2021,4863949716.0
ARG,3215,2021,9369701819.0
ARG,3301,2021,3405202828.0
ARG,3302,2021,13931022820.0
ARG,3303,2021,8341067023.0
ARG,3304,2021,31012723433.0
ARG,3305,2021,7668687523.0
ARG,3306,2021,2779494130.0
ARG,3307,2021,6631042217.0
ARG,3401,2021,3204284377.0
ARG,3402,2021,19328734670.0
ARG,3403,2021,6081745887.0
ARG,3404,2021,2310722507.0
ARG,3405,2021,1414490753.0
ARG,3406,2021,1511639194.0
ARG,3407,2021,481099223.0
ARG,3501,2021,1952513167.0
ARG,3502,2021,1481476022.0
ARG,3503,2021,992400211.0
ARG,3504,2021,2286059030.0
ARG,3505,2021,2676710464.0
ARG,3506,2021,7847997672.0
ARG,3507,2021,3096228823.0
ARG,3601,2021,265435100.0
ARG,3602,2021,478476697.0
ARG,3603,2021,928083226.0
ARG,3604,2021,771536756.0
ARG,3605,2021,90476428.0
ARG,3606,2021,183493048.0
ARG,3701,2021,2550298559.0
ARG,3702,2021,557030279.0
ARG,3703,2021,185611198.0
ARG,3704,2021,30779058.0
ARG,3705,2021,704995267.0
ARG,3706,2021,6048139.0
ARG,3707,2021,2567337178.0
ARG,3801,2021,1871489808.0
ARG,3802,2021,1766326145.0
ARG,3803,2021,217502902.0
ARG,3804,2021,241372734.0
ARG,3805,2021,242986772.0
ARG,3806,2021,1029270077.0
ARG,3807,2021,49495186.0
ARG,3808,2021,15219983942.0
ARG,3809,2021,2899412192.0
ARG,3810,2021,893494748.0
ARG,3811,2021,7162399381.0
ARG,3812,2021,3074613725.0
ARG,3813,2021,135350584.0
ARG,3814,2021,1176289092.0
ARG,3815,2021,18458965663.0
ARG,3816,2021,1337477146.0
ARG,3817,2021,1148275707.0
ARG,3818,2021,4029834724.0
ARG,3819,2021,441345614.0
ARG,3820,2021,543671584.0
ARG,3821,2021,2672653424.0
ARG,3822,2021,13214077000.0
ARG,3823,2021,51983903501.0
ARG,3901,2021,57562947337.0
ARG,3902,2021,35156285040.0
ARG,3903,2021,14616094949.0
ARG,3904,2021,14556496506.0
ARG,3905,2021,4049728238.0
ARG,3906,2021,11682884104.0
ARG,3907,2021,42239651467.0
ARG,3908,2021,10718745523.0
ARG,3909,2021,12811412495.0
ARG,3910,2021,5301828760.0
ARG,3911,2021,4714219235.0
ARG,3912,2021,3623692355.0
ARG,3913,2021,1959620122.0
ARG,3914,2021,1433066364.0
ARG,3915,2021,2219596884.0
ARG,3916,2021,3188214224.0
ARG,3917,2021,12515269420.0
ARG,3918,2021,6803281723.0
ARG,3919,2021,14235384246.0
ARG,3920,2021,41103317932.0
ARG,3921,2021,19109460077.0
ARG,3922,2021,2651681922.0
ARG,3923,2021,28426113965.0
ARG,3924,2021,11463005086.0
ARG,3925,2021,4402091497.0
ARG,3926,2021,64899859304.0
ARG,4001,2021,8043182101.0
ARG,4002,2021,12870296521.0
ARG,4003,2021,239603523.0
ARG,4004,2021,218822528.0
ARG,4005,2021,3022298028.0
ARG,4006,2021,233347547.0
ARG,4007,2021,262040848.0
ARG,4008,2021,2096420900.0
ARG,4009,2021,4055819774.0
ARG,4010,2021,2525625609.0
ARG,4011,2021,33539181975.0
ARG,4012,2021,1172977784.0
ARG,4013,2021,478651763.0
ARG,4014,2021,822076977.0
ARG,4015,2021,15500582446.0
ARG,4016,2021,14006814398.0
ARG,4017,2021,119773188.0
ARG,4101,2021,185706789.0
ARG,4102,2021,220227419.0
ARG,4103,2021,227178396.0
ARG,4104,2021,7740356744.0
ARG,4105,2021,499525180.0
ARG,4106,2021,185879084.0
ARG,4107,2021,442187992.0
ARG,4108,2021,86295995.0
ARG,4109,2021,163708341.0
ARG,4110,2021,8332421.0
ARG,4111,2021,90282513.0
ARG,4201,2021,1000818854.0
ARG,4202,2021,39661174660.0
ARG,4203,2021,4615619093.0
ARG,4205,2021,1378252157.0
ARG,4206,2021,10807518.0
ARG,4301,2021,675943766.0
ARG,4302,2021,466320717.0
ARG,4303,2021,679165323.0
ARG,4304,2021,53267959.0
ARG,4401,2021,6590984654.0
ARG,4402,2021,1125306018.0
ARG,4403,2021,5839292450.0
ARG,4404,2021,163710413.0
ARG,4405,2021,65324314.0
ARG,4406,2021,135230635.0
ARG,4407,2021,38082490901.0
ARG,4408,2021,2925925771.0
ARG,4409,2021,2568353104.0
ARG,4410,2021,7131156288.0
ARG,4411,2021,6073427029.0
ARG,4412,2021,12372992499.0
ARG,4413,2021,226534558.0
ARG,4414,2021,404213366.0
ARG,4415,2021,2356878566.0
ARG,4416,2021,405133551.0
ARG,4417,2021,157897274.0
ARG,4418,2021,9638440596.0
ARG,4419,2021,1615511578.0
ARG,4420,2021,1273614011.0
ARG,4421,2021,5002103729.0
ARG,4501,2021,244563074.0
ARG,4502,2021,22295989.0
ARG,4503,2021,335784393.0
ARG,4504,2021,297341187.0
ARG,4601,2021,358252001.0
ARG,4602,2021,1020572090.0
ARG,4701,2021,153529578.0
ARG,4702,2021,2517904804.0
ARG,4703,2021,18049128762.0
ARG,4704,2021,235634240.0
ARG,4705,2021,881569162.0
ARG,4706,2021,827085646.0
ARG,4707,2021,4900319359.0
ARG,4801,2021,3514091293.0
ARG,4802,2021,5630040559.0
ARG,4803,2021,1961513966.0
ARG,4804,2021,7383289348.0
ARG,4805,2021,13046561765.0
ARG,4806,2021,999403644.0
ARG,4807,2021,453506083.0
ARG,4808,2021,810897723.0
ARG,4809,2021,363957303.0
ARG,4810,2021,12046070479.0
ARG,4811,2021,9839822404.0
ARG,4812,2021,138089058.0
ARG,4813,2021,1319056750.0
ARG,4814,2021,720187176.0
ARG,4816,2021,216375469.0
ARG,4817,2021,571177407.0
ARG,4818,2021,12306148666.0
ARG,4819,2021,12798441436.0
ARG,4820,2021,1542197221.0
ARG,4821,2021,3734802417.0
ARG,4822,2021,225279074.0
ARG,4823,2021,5802631607.0
ARG,4901,2021,4522455915.0
ARG,4902,2021,1043125265.0
ARG,4903,2021,1122568191.0
ARG,4904,2021,58057406.0
ARG,4905,2021,73618239.0
ARG,4906,2021,45168898.0
ARG,4907,2021,2326945818.0
ARG,4908,2021,640086560.0
ARG,4909,2021,467077416.0
ARG,4910,2021,161082658.0
ARG,4911,2021,5431996221.0
ARG,5001,2021,4550944.0
ARG,5002,2021,115967029.0
ARG,5003,2021,37849679.0
ARG,5004,2021,118926496.0
ARG,5005,2021,45551808.0
ARG,5006,2021,4759755.0
ARG,5007,2021,387042996.0
ARG,5101,2021,840332845.0
ARG,5102,2021,416874028.0
ARG,5103,2021,51533343.0
ARG,5104,2021,4372023.0
ARG,5105,2021,1168550501.0
ARG,5106,2021,342169293.0
ARG,5107,2021,874928123.0
ARG,5108,2021,137468163.0
ARG,5109,2021,192922395.0
ARG,5110,2021,4190352.0
ARG,5111,2021,569243913.0
ARG,5112,2021,777255417.0
ARG,5113,2021,3296768.0
ARG,5201,2021,8184890197.0
ARG,5202,2021,286872784.0
ARG,5203,2021,152152510.0
ARG,5204,2021,79353414.0
ARG,5205,2021,5520131251.0
ARG,5206,2021,792928545.0
ARG,5207,2021,94841624.0
ARG,5208,2021,5709617209.0
ARG,5209,2021,2988483047.0
ARG,5210,2021,753483274.0
ARG,5211,2021,1460047039.0
ARG,5212,2021,414878188.0
ARG,5301,2021,527257950.0
ARG,5302,2021,45966419.0
ARG,5303,2021,75228491.0
ARG,5305,2021,498062210.0
ARG,5306,2021,314052472.0
ARG,5307,2021,458959052.0
ARG,5308,2021,62200399.0
ARG,5309,2021,868867476.0
ARG,5310,2021,169809419.0
ARG,5311,2021,69251872.0
ARG,5401,2021,631080327.0
ARG,5402,2021,12462148571.0
ARG,5403,2021,698065805.0
ARG,5404,2021,893651719.0
ARG,5405,2021,19988554.0
ARG,5406,2021,43378112.0
ARG,5407,2021,11637417787.0
ARG,5408,2021,649404030.0
ARG,5501,2021,665206970.0
ARG,5502,2021,1022404030.0
ARG,5503,2021,4232036090.0
ARG,5504,2021,1729144248.0
ARG,5505,2021,157156037.0
ARG,5506,2021,169202035.0
ARG,5507,2021,20769291.0
ARG,5508,2021,255731683.0
ARG,5509,2021,2374394475.0
ARG,5510,2021,782171767.0
ARG,5511,2021,262013862.0
ARG,5512,2021,1695969716.0
ARG,5513,2021,961758680.0
ARG,5514,2021,1080982271.0
ARG,5515,2021,1705920330.0
ARG,5516,2021,1687770035.0
ARG,5601,2021,1463993594.0
ARG,5602,2021,627952586.0
ARG,5603,2021,11112041233.0
ARG,5604,2021,367580900.0
ARG,5605,2021,126280607.0
ARG,5606,2021,358173866.0
ARG,5607,2021,1514452980.0
ARG,5608,2021,1142497257.0
ARG,5609,2021,485605365.0
ARG,5701,2021,423450315.0
ARG,5702,2021,3068750879.0
ARG,5703,2021,3679618023.0
ARG,5704,2021,231741435.0
ARG,5705,2021,980099214.0
ARG,5801,2021,1407926247.0
ARG,5802,2021,79309271.0
ARG,5803,2021,55921733.0
ARG,5804,2021,446955810.0
ARG,5805,2021,19534473.0
ARG,5806,2021,2123255491.0
ARG,5807,2021,502069861.0
ARG,5808,2021,234419403.0
ARG,5809,2021,19088850.0
ARG,5810,2021,535710558.0
ARG,5811,2021,135459391.0
ARG,5901,2021,356235001.0
ARG,5902,2021,1545929518.0
ARG,5903,2021,6171432998.0
ARG,5904,2021,215320687.0
ARG,5905,2021,81478966.0
ARG,5906,2021,736524529.0
ARG,5907,2021,384415516.0
ARG,5908,2021,28191736.0
ARG,5909,2021,122678112.0
ARG,5910,2021,325016482.0
ARG,5911,2021,3248299032.0
ARG,6001,2021,2573855505.0
ARG,6002,2021,12377413538.0
ARG,6101,2021,1199509462.0
ARG,6102,2021,2005198022.0
ARG,6103,2021,7713537798.0
ARG,6104,2021,20155537817.0
ARG,6105,2021,4184723147.0
ARG,6106,2021,1965743696.0
ARG,6107,2021,4638843227.0
ARG,6108,2021,7757744142.0
ARG,6109,2021,26169961873.0
ARG,6110,2021,37561026359.0
ARG,6111,2021,3338815428.0
ARG,6112,2021,2604403589.0
ARG,6113,2021,850739220.0
ARG,6114,2021,5165425835.0
ARG,6115,2021,6585457542.0
ARG,6116,2021,2725500750.0
ARG,6117,2021,1776376200.0
ARG,6201,2021,10327733700.0
ARG,6202,2021,14143657357.0
ARG,6203,2021,20760593557.0
ARG,6204,2021,33472398108.0
ARG,6205,2021,5441599613.0
ARG,6206,2021,6069989281.0
ARG,6207,2021,918169230.0
ARG,6208,2021,1829378302.0
ARG,6209,2021,1202120768.0
ARG,6210,2021,7923556853.0
ARG,6211,2021,8517093463.0
ARG,6212,2021,6587259151.0
ARG,6213,2021,86879797.0
ARG,6214,2021,1881957210.0
ARG,6215,2021,196834840.0
ARG,6216,2021,605645098.0
ARG,6217,2021,1698302862.0
ARG,6301,2021,2718724326.0
ARG,6302,2021,11127933594.0
ARG,6303,2021,2736895748.0
ARG,6304,2021,2224692628.0
ARG,6305,2021,3864537499.0
ARG,6306,2021,3021938268.0
ARG,6307,2021,14706716456.0
ARG,6308,2021,57452141.0
ARG,6309,2021,2327715679.0
ARG,6310,2021,430828234.0
ARG,6401,2021,839809720.0
ARG,6402,2021,17119200850.0
ARG,6403,2021,28335232235.0
ARG,6404,2021,23099671478.0
ARG,6405,2021,2102874666.0
ARG,6406,2021,4715360377.0
ARG,6501,2021,36164417.0
ARG,6502,2021,12690033.0
ARG,6504,2021,161006796.0
ARG,6505,2021,3628773878.0
ARG,6506,2021,2297931336.0
ARG,6507,2021,217945369.0
ARG,6601,2021,1742460250.0
ARG,6602,2021,122758673.0
ARG,6603,2021,305329493.0
ARG,6701,2021,62961729.0
ARG,6702,2021,1775069685.0
ARG,6703,2021,294641455.0
ARG,6704,2021,2815699616.0
ARG,6801,2021,716416476.0
ARG,6802,2021,6917506456.0
ARG,6803,2021,509004715.0
ARG,6804,2021,3101753143.0
ARG,6805,2021,2212248978.0
ARG,6806,2021,2485915244.0
ARG,6807,2021,889591334.0
ARG,6808,2021,356416518.0
ARG,6809,2021,1099352479.0
ARG,6810,2021,6381769407.0
ARG,6811,2021,928883609.0
ARG,6812,2021,73759771.0
ARG,6813,2021,579300768.0
ARG,6814,2021,191010556.0
ARG,6815,2021,5157300120.0
ARG,6901,2021,189513761.0
ARG,6902,2021,2007248706.0
ARG,6903,2021,1342620233.0
ARG,6904,2021,629869299.0
ARG,6905,2021,599338545.0
ARG,6906,2021,108883152.0
ARG,6907,2021,9573195582.0
ARG,6908,2021,17286722.0
ARG,6909,2021,4032868284.0
ARG,6910,2021,4397293322.0
ARG,6911,2021,3070013500.0
ARG,6912,2021,1462271014.0
ARG,6913,2021,984787877.0
ARG,6914,2021,1228953066.0
ARG,7001,2021,295027300.0
ARG,7002,2021,802350716.0
ARG,7003,2021,623827216.0
ARG,7004,2021,271449486.0
ARG,7005,2021,3682833697.0
ARG,7006,2021,863785502.0
ARG,7007,2021,6352930727.0
ARG,7008,2021,940440427.0
ARG,7009,2021,3420176316.0
ARG,7010,2021,4663857991.0
ARG,7011,2021,84021510.0
ARG,7013,2021,4267333604.0
ARG,7014,2021,246278675.0
ARG,7015,2021,131918231.0
ARG,7016,2021,663864843.0
ARG,7017,2021,813504111.0
ARG,7018,2021,677904001.0
ARG,7019,2021,6912500588.0
ARG,7020,2021,2218263614.0
ARG,7101,2021,189178419.0
ARG,7102,2021,48107060949.0
ARG,7103,2021,3282733974.0
ARG,7104,2021,2167372412.0
ARG,7105,2021,322661361.0
ARG,7106,2021,23089858141.0
ARG,7107,2021,91362960.0
ARG,7108,2021,276279293379.0
ARG,7109,2021,99713267.0
ARG,7110,2021,58645574301.0
ARG,7111,2021,1697157912.0
ARG,7112,2021,23297327653.0
ARG,7113,2021,50220027513.0
ARG,7114,2021,481039296.0
ARG,7115,2021,4248985915.0
ARG,7116,2021,938645078.0
ARG,7117,2021,4548988609.0
ARG,7118,2021,83781559.0
ARG,7201,2021,3469507658.0
ARG,7202,2021,23158787851.0
ARG,7203,2021,2551686303.0
ARG,7204,2021,35957447122.0
ARG,7205,2021,1449880493.0
ARG,7206,2021,477251606.0
ARG,7207,2021,20070455569.0
ARG,7208,2021,48600952998.0
ARG,7209,2021,8746630476.0
ARG,7210,2021,29049720028.0
ARG,7211,2021,2333708679.0
ARG,7212,2021,4059715878.0
ARG,7213,2021,8695591743.0
ARG,7214,2021,14134908124.0
ARG,7215,2021,1269621951.0
ARG,7216,2021,7667199605.0
ARG,7217,2021,3739715848.0
ARG,7218,2021,2030886350.0
ARG,7219,2021,22612335032.0
ARG,7220,2021,3282632675.0
ARG,7221,2021,1198940383.0
ARG,7222,2021,4050252221.0
ARG,7223,2021,1589617182.0
ARG,7224,2021,2117404124.0
ARG,7225,2021,17311285514.0
ARG,7226,2021,2638915014.0
ARG,7227,2021,3159684298.0
ARG,7228,2021,5168663065.0
ARG,7229,2021,1841040350.0
ARG,7301,2021,1017264373.0
ARG,7302,2021,1376832838.0
ARG,7303,2021,903938503.0
ARG,7304,2021,10838051533.0
ARG,7305,2021,2218070758.0
ARG,7306,2021,11003097607.0
ARG,7307,2021,9034413868.0
ARG,7308,2021,28397577482.0
ARG,7309,2021,1594664495.0
ARG,7310,2021,3774069675.0
ARG,7311,2021,1884221913.0
ARG,7312,2021,4391916084.0
ARG,7313,2021,169103648.0
ARG,7314,2021,3378714000.0
ARG,7315,2021,2686563363.0
ARG,7316,2021,87674461.0
ARG,7317,2021,1883936571.0
ARG,7318,2021,18895581387.0
ARG,7319,2021,178737236.0
ARG,7320,2021,3368520873.0
ARG,7321,2021,8123565282.0
ARG,7322,2021,1356603479.0
ARG,7323,2021,8931806857.0
ARG,7324,2021,1932966722.0
ARG,7325,2021,3227484573.0
ARG,7326,2021,38183593269.0
ARG,7401,2021,1042812248.0
ARG,7402,2021,6925101959.0
ARG,7403,2021,44302776973.0
ARG,7404,2021,17710531237.0
ARG,7405,2021,175403316.0
ARG,7406,2021,425521312.0
ARG,7407,2021,4286837655.0
ARG,7408,2021,11645882108.0
ARG,7409,2021,5790526541.0
ARG,7410,2021,1692558205.0
ARG,7411,2021,5774755247.0
ARG,7412,2021,2535070294.0
ARG,7413,2021,1172377646.0
ARG,7415,2021,834084001.0
ARG,7418,2021,631018676.0
ARG,7419,2021,2559006676.0
ARG,7501,2021,6391309483.0
ARG,7502,2021,6901189943.0
ARG,7503,2021,428001560.0
ARG,7504,2021,545618491.0
ARG,7505,2021,1766153124.0
ARG,7506,2021,839636070.0
ARG,7507,2021,590097294.0
ARG,7508,2021,1258728201.0
ARG,7601,2021,50599264370.0
ARG,7602,2021,9914695399.0
ARG,7603,2021,537968583.0
ARG,7604,2021,8898702746.0
ARG,7605,2021,2179560778.0
ARG,7606,2021,19051145305.0
ARG,7607,2021,8331453415.0
ARG,7608,2021,894052692.0
ARG,7609,2021,361387627.0
ARG,7610,2021,8551890445.0
ARG,7611,2021,122781135.0
ARG,7612,2021,2820846121.0
ARG,7613,2021,432167591.0
ARG,7614,2021,572821471.0
ARG,7615,2021,3180620090.0
ARG,7616,2021,11925729085.0
ARG,7801,2021,5291370079.0
ARG,7802,2021,391455680.0
ARG,7804,2021,219438098.0
ARG,7806,2021,198441991.0
ARG,7901,2021,9438737545.0
ARG,7902,2021,418365345.0
ARG,7903,2021,317395851.0
ARG,7904,2021,121245728.0
ARG,7905,2021,412551389.0
ARG,7907,2021,639224283.0
ARG,8001,2021,4246030518.0
ARG,8002,2021,126752816.0
ARG,8003,2021,298943775.0
ARG,8007,2021,270797214.0
ARG,8101,2021,786332167.0
ARG,8102,2021,513129434.0
ARG,8103,2021,601011133.0
ARG,8104,2021,1003859412.0
ARG,8105,2021,2116396072.0
ARG,8106,2021,75581071.0
ARG,8107,2021,15638939.0
ARG,8108,2021,2762238773.0
ARG,8109,2021,259052805.0
ARG,8110,2021,323809653.0
ARG,8111,2021,968240067.0
ARG,8112,2021,998630585.0
ARG,8113,2021,769154165.0
ARG,8201,2021,994026685.0
ARG,8202,2021,2565315342.0
ARG,8203,2021,1043481728.0
ARG,8204,2021,1212655397.0
ARG,8205,2021,3908749207.0
ARG,8206,2021,600238310.0
ARG,8207,2021,10542826433.0
ARG,8208,2021,1639065222.0
ARG,8209,2021,3765374513.0
ARG,8210,2021,281425949.0
ARG,8211,2021,1536201427.0
ARG,8212,2021,2080997391.0
ARG,8213,2021,421093677.0
ARG,8214,2021,526166984.0
ARG,8215,2021,1493899280.0
ARG,8301,2021,5635027898.0
ARG,8302,2021,19331119332.0
ARG,8303,2021,679052535.0
ARG,8304,2021,184638262.0
ARG,8305,2021,472347582.0
ARG,8306,2021,1453595465.0
ARG,8307,2021,1117015368.0
ARG,8308,2021,2451545361.0
ARG,8309,2021,3043673865.0
ARG,8310,2021,573021701.0
ARG,8311,2021,1724520179.0
ARG,8401,2021,2694183930.0
ARG,8402,2021,1284124742.0
ARG,8403,2021,4072549986.0
ARG,8404,2021,700620996.0
ARG,8405,2021,543555177.0
ARG,8406,2021,1811949522.0
ARG,8407,2021,22012833099.0
ARG,8408,2021,19715196554.0
ARG,8409,2021,30079050046.0
ARG,8410,2021,525788069.0
ARG,8411,2021,91172769714.0
ARG,8412,2021,12786734156.0
ARG,8413,2021,33001360033.0
ARG,8414,2021,47761057703.0
ARG,8415,2021,26164262438.0
ARG,8416,2021,1489334473.0
ARG,8417,2021,2129707498.0
ARG,8418,2021,23430807374.0
ARG,8419,2021,25125992953.0
ARG,8420,2021,760472749.0
ARG,8421,2021,38976730838.0
ARG,8422,2021,16306405672.0
ARG,8423,2021,2268259126.0
ARG,8424,2021,12201118766.0
ARG,8425,2021,3829438911.0
ARG,8426,2021,7692118969.0
ARG,8427,2021,6379259683.0
ARG,8428,2021,15044985961.0
ARG,8429,2021,19460012977.0
ARG,8430,2021,4457343017.0
ARG,8431,2021,31108175624.0
ARG,8432,2021,4329820782.0
ARG,8433,2021,7583948771.0
ARG,8434,2021,977692300.0
ARG,8435,2021,152688106.0
ARG,8436,2021,3023416901.0
ARG,8437,2021,1034744795.0
ARG,8438,2021,6051011960.0
ARG,8439,2021,2615288838.0
ARG,8440,2021,431182828.0
ARG,8441,2021,3668975984.0
ARG,8442,2021,838364680.0
ARG,8443,2021,35955554012.0
ARG,8444,2021,508440012.0
ARG,8445,2021,1378536523.0
ARG,8446,2021,1109697485.0
ARG,8447,2021,1282150112.0
ARG,8448,2021,2586088030.0
ARG,8449,2021,814815469.0
ARG,8450,2021,8153229608.0
ARG,8451,2021,5087136012.0
ARG,8452,2021,2963386809.0
ARG,8453,2021,428996875.0
ARG,8454,2021,1326930142.0
ARG,8455,2021,2447008664.0
ARG,8456,2021,3823323511.0
ARG,8457,2021,4430793673.0
ARG,8458,2021,3245079679.0
ARG,8459,2021,1514864032.0
ARG,8460,2021,1927267881.0
ARG,8461,2021,1236634522.0
ARG,8462,2021,4143576138.0
ARG,8463,2021,792213266.0
ARG,8464,2021,1511381522.0
ARG,8465,2021,3740107286.0
ARG,8466,2021,11428739796.0
ARG,8467,2021,5016191579.0
ARG,8468,2021,530523762.0
ARG,8469,2021,1577.0
ARG,8470,2021,2559431147.0
ARG,8471,2021,196449067362.0
ARG,8472,2021,2110947103.0
ARG,8473,2021,152794981788.0
ARG,8474,2021,6654896926.0
ARG,8475,2021,3076638828.0
ARG,8476,2021,774591489.0
ARG,8477,2021,16314182892.0
ARG,8478,2021,816512929.0
ARG,8479,2021,70539651122.0
ARG,8480,2021,8704036666.0
ARG,8481,2021,58499381009.0
ARG,8482,2021,21898239305.0
ARG,8483,2021,29371631716.0
ARG,8484,2021,2180087183.0
ARG,8485,2021,5913388669.0
ARG,8501,2021,40619460103.0
ARG,8502,2021,11552560798.0
ARG,8503,2021,10768270749.0
ARG,8504,2021,66405227970.0
ARG,8505,2021,6145828915.0
ARG,8506,2021,5295133457.0
ARG,8507,2021,36287816592.0
ARG,8508,2021,10297046623.0
ARG,8509,2021,17054563551.0
ARG,8510,2021,3463380614.0
ARG,8511,2021,10119162793.0
ARG,8512,2021,13870007328.0
ARG,8513,2021,1695991872.0
ARG,8514,2021,2574235379.0
ARG,8515,2021,5563423586.0
ARG,8516,2021,33715202107.0
ARG,8517,2021,27531321675.0
ARG,8518,2021,28100657857.0
ARG,8519,2021,552342776.0
ARG,8520,2021,1593704549.0
ARG,8521,2021,25970817281.0
ARG,8522,2021,508097710.0
ARG,8523,2021,27916898821.0
ARG,8524,2021,293656503.0
ARG,8525,2021,306365207306.0
ARG,8526,2021,12217342028.0
ARG,8527,2021,5011164328.0
ARG,8528,2021,40237304709.0
ARG,8529,2021,36192457441.0
ARG,8530,2021,1271425931.0
ARG,8531,2021,9945530949.0
ARG,8532,2021,12048196655.0
ARG,8533,2021,6103262333.0
ARG,8534,2021,15662923873.0
ARG,8535,2021,4086396704.0
ARG,8536,2021,67356964818.0
ARG,8537,2021,30677270683.0
ARG,8538,2021,22840591420.0
ARG,8539,2021,4192440184.0
ARG,8540,2021,1129865812.0
ARG,8541,2021,54377540222.0
ARG,8542,2021,202091477038.0
ARG,8543,2021,33964592710.0
ARG,8544,2021,68218156826.0
ARG,8545,2021,2749176338.0
ARG,8546,2021,1206582335.0
ARG,8547,2021,4340515129.0
ARG,8548,2021,2885820581.0
ARG,8601,2021,728954399.0
ARG,8602,2021,246196363.0
ARG,8603,2021,3498191548.0
ARG,8604,2021,554762899.0
ARG,8605,2021,346070044.0
ARG,8606,2021,2199251526.0
ARG,8607,2021,5541623605.0
ARG,8608,2021,387616966.0
ARG,8609,2021,5445437267.0
ARG,8701,2021,24035914048.0
ARG,8702,2021,5184106473.0
ARG,8703,2021,343951124472.0
ARG,8704,2021,63622667421.0
ARG,8705,2021,3480331644.0
ARG,8706,2021,779405971.0
ARG,8707,2021,4726456135.0
ARG,8708,2021,160964022965.0
ARG,8709,2021,663303781.0
ARG,8710,2021,2819699106.0
ARG,8711,2021,12920327323.0
ARG,8712,2021,6885762044.0
ARG,8713,2021,548711819.0
ARG,8714,2021,11586036616.0
ARG,8715,2021,1090796480.0
ARG,8716,2021,11913805422.0
ARG,8801,2021,30699214.0
ARG,8802,2021,74004999465.0
ARG,8803,2021,40745831755.0
ARG,8804,2021,164865205.0
ARG,8805,2021,967758399.0
ARG,8901,2021,20640957195.0
ARG,8902,2021,180531514.0
ARG,8903,2021,4542479769.0
ARG,8904,2021,1294634401.0
ARG,8905,2021,11454193881.0
ARG,8906,2021,3060663827.0
ARG,8907,2021,490455064.0
ARG,8908,2021,403650384.0
ARG,9001,2021,14487756094.0
ARG,9002,2021,6408872677.0
ARG,9003,2021,4734853103.0
ARG,9004,2021,7017938298.0
ARG,9005,2021,960368718.0
ARG,9006,2021,1528965338.0
ARG,9007,2021,407121563.0
ARG,9008,2021,91712558.0
ARG,9009,2021,680227305.0
ARG,9010,2021,7608330447.0
ARG,9011,2021,1727251570.0
ARG,9012,2021,1632369733.0
ARG,9013,2021,18916715602.0
ARG,9014,2021,5263734125.0
ARG,9015,2021,5349121435.0
ARG,9016,2021,242448536.0
ARG,9017,2021,1365320300.0
ARG,9018,2021,84391538687.0
ARG,9019,2021,10799263457.0
ARG,9020,2021,873935391.0
ARG,9021,2021,41100323178.0
ARG,9022,2021,14976709905.0
ARG,9023,2021,1375357289.0
ARG,9024,2021,1334722922.0
ARG,9025,2021,5120484272.0
ARG,9026,2021,14420640234.0
ARG,9027,2021,32803441959.0
ARG,9028,2021,2662251261.0
ARG,9029,2021,3752045643.0
ARG,9030,2021,12284259862.0
ARG,9031,2021,26537343525.0
ARG,9032,2021,20196356638.0
ARG,9033,2021,1805188305.0
ARG,9101,2021,8200844858.0
ARG,9102,2021,14831717126.0
ARG,9103,2021,50260842.0
ARG,9104,2021,45406906.0
ARG,9105,2021,804570234.0
ARG,9106,2021,228201589.0
ARG,9107,2021,285900964.0
ARG,9108,2021,300106239.0
ARG,9109,2021,29889402.0
ARG,9110,2021,149893257.0
ARG,9111,2021,550490796.0
ARG,9112,2021,14416557.0
ARG,9113,2021,1276134339.0
ARG,9114,2021,784442622.0
ARG,9201,2021,551917919.0
ARG,9202,2021,643985089.0
ARG,9205,2021,309528398.0
ARG,9206,2021,161291558.0
ARG,9207,2021,1687735675.0
ARG,9208,2021,73545999.0
ARG,9209,2021,1128309824.0
ARG,9301,2021,501349571.0
ARG,9302,2021,1373924542.0
ARG,9303,2021,1357674871.0
ARG,9304,2021,543780609.0
ARG,9305,2021,1486705695.0
ARG,9306,2021,3527721509.0
ARG,9307,2021,43765005.0
ARG,9401,2021,39878672106.0
ARG,9402,2021,2008644636.0
ARG,9403,2021,39884719931.0
ARG,9404,2021,12118070594.0
ARG,9405,2021,26944492031.0
ARG,9406,2021,4367065671.0
ARG,9503,2021,26582411280.0
ARG,9504,2021,21294124668.0
ARG,9505,2021,6213644134.0
ARG,9506,2021,22294565943.0
ARG,9507,2021,2819887068.0
ARG,9508,2021,673191739.0
ARG,9601,2021,76152704.0
ARG,9602,2021,516931786.0
ARG,9603,2021,5921413876.0
ARG,9604,2021,22290967.0
ARG,9605,2021,100025441.0
ARG,9606,2021,726335986.0
ARG,9607,2021,1217185444.0
ARG,9608,2021,2935556373.0
ARG,9609,2021,575094220.0
ARG,9610,2021,370113407.0
ARG,9611,2021,161220704.0
ARG,9612,2021,1035549684.0
ARG,9613,2021,990480574.0
ARG,9614,2021,213467340.0
ARG,9615,2021,1026076055.0
ARG,9616,2021,915268088.0
ARG,9617,2021,1368524277.0
ARG,9618,2021,295643157.0
ARG,9701,2021,10393974279.0
ARG,9702,2021,157772644.0
ARG,9703,2021,1983767009.0
ARG,9704,2021,48575431.0
ARG,9705,2021,1354203905.0
ARG,9706,2021,1240219846.0
ARG,0101,2022,2486917331.0
ARG,0102,2022,3197862490.0
ARG,0103,2022,1619853183.0
ARG,0104,2022,528592511.0
ARG,0105,2022,1940585373.0
ARG,0106,2022,1075518346.0
ARG,0201,2022,11281362202.0
ARG,0202,2022,11986498688.0
ARG,0203,2022,21112008424.0
ARG,0204,2022,5242926747.0
ARG,0205,2022,291696983.0
ARG,0206,2022,3545553478.0
ARG,0207,2022,19811607786.0
ARG,0208,2022,469110127.0
ARG,0209,2022,578032224.0
ARG,0210,2022,1634702566.0
ARG,0301,2022,838218830.0
ARG,0302,2022,13124859981.0
ARG,0303,2022,11851357082.0
ARG,0304,2022,17207123172.0
ARG,0305,2022,3892130602.0
ARG,0306,2022,18789179934.0
ARG,0307,2022,6290410542.0
ARG,0401,2022,8800855639.0
ARG,0402,2022,13072242644.0
ARG,0403,2022,2868539586.0
ARG,0404,2022,3806362849.0
ARG,0405,2022,8508009092.0
ARG,0406,2022,19296796104.0
ARG,0407,2022,2110051465.0
ARG,0408,2022,777385557.0
ARG,0409,2022,1547494863.0
ARG,0410,2022,377825655.0
ARG,0501,2022,47591687.0
ARG,0502,2022,38434176.0
ARG,0504,2022,3350970196.0
ARG,0505,2022,718299054.0
ARG,0506,2022,285572272.0
ARG,0507,2022,67369212.0
ARG,0508,2022,76449589.0
ARG,0510,2022,182412394.0
ARG,0511,2022,1755495935.0
ARG,0601,2022,1074523624.0
ARG,0602,2022,4790286471.0
ARG,0603,2022,4484745143.0
ARG,0604,2022,599003523.0
ARG,0701,2022,2593769269.0
ARG,0702,2022,3678591343.0
ARG,0703,2022,3752771543.0
ARG,0704,2022,2312985459.0
ARG,0705,2022,1328808172.0
ARG,0706,2022,1171920889.0
ARG,0707,2022,1263775429.0
ARG,0708,2022,1237131191.0
ARG,0709,2022,6994240057.0
ARG,0710,2022,5246727095.0
ARG,0711,2022,235530908.0
ARG,0712,2022,2249039666.0
ARG,0713,2022,7672709699.0
ARG,0714,2022,976713917.0
ARG,0801,2022,4818945783.0
ARG,0802,2022,11532041564.0
ARG,0803,2022,7979384024.0
ARG,0804,2022,8974962087.0
ARG,0805,2022,9458174434.0
ARG,0806,2022,5946181770.0
ARG,0807,2022,1905848719.0
ARG,0808,2022,4913999405.0
ARG,0809,2022,4420417362.0
ARG,0810,2022,15518142265.0
ARG,0811,2022,5662698454.0
ARG,0812,2022,131734943.0
ARG,0813,2022,1963469882.0
ARG,0814,2022,72882145.0
ARG,0901,2022,26204741615.0
ARG,0902,2022,3301461343.0
ARG,0903,2022,79380124.0
ARG,0904,2022,2793885143.0
ARG,0905,2022,463424552.0
ARG,0906,2022,396973009.0
ARG,0907,2022,197253036.0
ARG,0908,2022,619795096.0
ARG,0909,2022,616419324.0
ARG,0910,2022,1869441596.0
ARG,1001,2022,41419333238.0
ARG,1002,2022,244143368.0
ARG,1003,2022,8862590834.0
ARG,1004,2022,800139926.0
ARG,1005,2022,37282383318.0
ARG,1006,2022,16310675287.0
ARG,1007,2022,494300807.0
ARG,1008,2022,881410530.0
ARG,1101,2022,2432237890.0
ARG,1102,2022,720741622.0
ARG,1103,2022,707224245.0
ARG,1104,2022,1639548086.0
ARG,1105,2022,571396009.0
ARG,1106,2022,453422294.0
ARG,1107,2022,2388322713.0
ARG,1108,2022,3432407029.0
ARG,1109,2022,809833931.0
ARG,1201,2022,28843846010.0
ARG,1202,2022,2182688971.0
ARG,1203,2022,34074569.0
ARG,1204,2022,1094009320.0
ARG,1205,2022,11887543522.0
ARG,1206,2022,4569378039.0
ARG,1207,2022,3867735231.0
ARG,1208,2022,532584904.0
ARG,1209,2022,3741702221.0
ARG,1210,2022,429998357.0
ARG,1211,2022,2422295150.0
ARG,1212,2022,1307201147.0
ARG,1213,2022,282283943.0
ARG,1214,2022,1669266723.0
ARG,1301,2022,683981809.0
ARG,1302,2022,4873001034.0
ARG,1401,2022,216201967.0
ARG,1404,2022,772198473.0
ARG,1501,2022,440315193.0
ARG,1502,2022,1314969050.0
ARG,1503,2022,8472261.0
ARG,1504,2022,1060356996.0
ARG,1505,2022,82335708.0
ARG,1506,2022,322466187.0
ARG,1507,2022,8614008055.0
ARG,1508,2022,283851527.0
ARG,1509,2022,4077851594.0
ARG,1510,2022,358972231.0
ARG,1511,2022,25088296099.0
ARG,1512,2022,13991963183.0
ARG,1513,2022,6134751525.0
ARG,1514,2022,7870393189.0
ARG,1515,2022,4008211069.0
ARG,1516,2022,3284357554.0
ARG,1517,2022,5638772768.0
ARG,1518,2022,6414382136.0
ARG,1519,2022,10566883792.0
ARG,1520,2022,2835863798.0
ARG,1521,2022,260209236.0
ARG,1522,2022,405571555.0
ARG,1601,2022,3036276467.0
ARG,1602,2022,13107706568.0
ARG,1603,2022,140627287.0
ARG,1604,2022,10201920514.0
ARG,1605,2022,10596892957.0
ARG,1701,2022,18051091292.0
ARG,1702,2022,7013595596.0
ARG,1703,2022,1107957966.0
ARG,1704,2022,6890737483.0
ARG,1801,2022,6105027770.0
ARG,1802,2022,158638298.0
ARG,1803,2022,2381071303.0
ARG,1804,2022,2992507181.0
ARG,1805,2022,1823998267.0
ARG,1806,2022,16925572770.0
ARG,1901,2022,13878878280.0
ARG,1902,2022,7804406313.0
ARG,1903,2022,86713967.0
ARG,1904,2022,3253529559.0
ARG,1905,2022,23132333380.0
ARG,2001,2022,1006795027.0
ARG,2002,2022,2968092595.0
ARG,2003,2022,634251214.0
ARG,2004,2022,4955058796.0
ARG,2005,2022,6294173205.0
ARG,2006,2022,290000502.0
ARG,2007,2022,1841153625.0
ARG,2008,2022,13583799464.0
ARG,2009,2022,10333325951.0
ARG,2101,2022,5531569063.0
ARG,2102,2022,1226734296.0
ARG,2103,2022,8431836547.0
ARG,2104,2022,1697093481.0
ARG,2105,2022,2812190895.0
ARG,2106,2022,36204708605.0
ARG,2201,2022,2399269025.0
ARG,2202,2022,13903071746.0
ARG,2203,2022,9477467561.0
ARG,2204,2022,23358550666.0
ARG,2205,2022,200352867.0
ARG,2206,2022,1068396181.0
ARG,2207,2022,8837076833.0
ARG,2208,2022,23042715178.0
ARG,2209,2022,467519357.0
ARG,2301,2022,4175623252.0
ARG,2302,2022,2519145014.0
ARG,2303,2022,4227007688.0
ARG,2304,2022,19887708543.0
ARG,2305,2022,35989566.0
ARG,2306,2022,6913106686.0
ARG,2307,2022,1072876.0
ARG,2308,2022,974702401.0
ARG,2309,2022,20304267078.0
ARG,2401,2022,6336347854.0
ARG,2402,2022,14074424802.0
ARG,2403,2022,7061457386.0
ARG,2501,2022,3076923352.0
ARG,2502,2022,27615503.0
ARG,2503,2022,6632546602.0
ARG,2504,2022,462102101.0
ARG,2505,2022,1368709233.0
ARG,2506,2022,553980496.0
ARG,2507,2022,1228973983.0
ARG,2508,2022,1609761221.0
ARG,2509,2022,80522316.0
ARG,2510,2022,2841038563.0
ARG,2511,2022,373569185.0
ARG,2512,2022,87241169.0
ARG,2513,2022,247557973.0
ARG,2514,2022,37838994.0
ARG,2515,2022,1038382543.0
ARG,2516,2022,1060661630.0
ARG,2517,2022,1915193072.0
ARG,2518,2022,374163172.0
ARG,2519,2022,1860880949.0
ARG,2520,2022,1094278126.0
ARG,2521,2022,257964857.0
ARG,2522,2022,522012964.0
ARG,2523,2022,6674585248.0
ARG,2524,2022,415854333.0
ARG,2525,2022,107820651.0
ARG,2526,2022,705005129.0
ARG,2528,2022,190408765.0
ARG,2529,2022,1356383543.0
ARG,2530,2022,1697069984.0
ARG,2601,2022,34193103840.0
ARG,2602,2022,2728497254.0
ARG,2603,2022,20144206214.0
ARG,2604,2022,1104407907.0
ARG,2605,2022,34472271.0
ARG,2606,2022,1719188565.0
ARG,2607,2022,2038264519.0
ARG,2608,2022,6489591528.0
ARG,2609,2022,807853422.0
ARG,2610,2022,867567360.0
ARG,2611,2022,132260708.0
ARG,2612,2022,494312466.0
ARG,2613,2022,3734028368.0
ARG,2614,2022,2005829475.0
ARG,2615,2022,1404574502.0
ARG,2616,2022,7189335788.0
ARG,2617,2022,170678796.0
ARG,2618,2022,482819619.0
ARG,2619,2022,338797666.0
ARG,2620,2022,12095266838.0
ARG,2621,2022,310340541.0
ARG,2701,2022,136202383572.0
ARG,2702,2022,869120286.0
ARG,2703,2022,1022848448.0
ARG,2704,2022,8186516928.0
ARG,2705,2022,1608596.0
ARG,2706,2022,836304833.0
ARG,2707,2022,20605189482.0
ARG,2708,2022,922685961.0
ARG,2709,2022,663380506747.0
ARG,2710,2022,608988358466.0
ARG,2711,2022,575222506056.0
ARG,2712,2022,2498504952.0
ARG,2713,2022,19253112410.0
ARG,2714,2022,300670734.0
ARG,2715,2022,1684738224.0
ARG,2716,2022,66446163482.0
ARG,2801,2022,1638409546.0
ARG,2802,2022,360203323.0
ARG,2803,2022,4841043943.0
ARG,2804,2022,7428118870.0
ARG,2805,2022,562957818.0
ARG,2806,2022,181291565.0
ARG,2807,2022,1827282210.0
ARG,2808,2022,446164567.0
ARG,2809,2022,3799669184.0
ARG,2810,2022,307944801.0
ARG,2811,2022,4400478854.0
ARG,2812,2022,311348242.0
ARG,2813,2022,198431328.0
ARG,2814,2022,9187881002.0
ARG,2815,2022,3752121258.0
ARG,2816,2022,210895674.0
ARG,2817,2022,916711063.0
ARG,2818,2022,9306362656.0
ARG,2819,2022,461438501.0
ARG,2820,2022,237008000.0
ARG,2821,2022,856576081.0
ARG,2822,2022,1023185030.0
ARG,2823,2022,566095735.0
ARG,2824,2022,69746842.0
ARG,2825,2022,3617197472.0
ARG,2826,2022,1443739418.0
ARG,2827,2022,2116133043.0
ARG,2828,2022,349896511.0
ARG,2829,2022,419244512.0
ARG,2830,2022,415734432.0
ARG,2831,2022,208785026.0
ARG,2832,2022,392057277.0
ARG,2833,2022,3985342261.0
ARG,2834,2022,875064582.0
ARG,2835,2022,2643090168.0
ARG,2836,2022,7690245161.0
ARG,2837,2022,725839390.0
ARG,2839,2022,586531649.0
ARG,2840,2022,545527862.0
ARG,2841,2022,4972967594.0
ARG,2842,2022,1186940158.0
ARG,2843,2022,5626539702.0
ARG,2844,2022,10052820039.0
ARG,2845,2022,888181139.0
ARG,2846,2022,1139400077.0
ARG,2847,2022,385584441.0
ARG,2849,2022,1946880288.0
ARG,2850,2022,292645067.0
ARG,2851,2022,382387349.0
ARG,2901,2022,17320560550.0
ARG,2902,2022,20921080080.0
ARG,2903,2022,8042412893.0
ARG,2904,2022,1296194110.0
ARG,2905,2022,20503163717.0
ARG,2906,2022,2455542516.0
ARG,2907,2022,3742712626.0
ARG,2908,2022,311781932.0
ARG,2909,2022,9712955944.0
ARG,2910,2022,2977922221.0
ARG,2911,2022,56936142.0
ARG,2912,2022,1641709911.0
ARG,2913,2022,55702860.0
ARG,2914,2022,4959198533.0
ARG,2915,2022,13091112194.0
ARG,2916,2022,8008829687.0
ARG,2917,2022,11824509966.0
ARG,2918,2022,6829350054.0
ARG,2919,2022,852535871.0
ARG,2920,2022,1398084076.0
ARG,2921,2022,8086485191.0
ARG,2922,2022,12411363629.0
ARG,2923,2022,2182457037.0
ARG,2924,2022,5182837906.0
ARG,2925,2022,1326253892.0
ARG,2926,2022,3714330804.0
ARG,2927,2022,398887137.0
ARG,2928,2022,591741768.0
ARG,2929,2022,3806805135.0
ARG,2930,2022,4972794783.0
ARG,2931,2022,5375062467.0
ARG,2932,2022,7756518725.0
ARG,2933,2022,46914901810.0
ARG,2934,2022,15481236203.0
ARG,2935,2022,4107860862.0
ARG,2936,2022,5153406552.0
ARG,2937,2022,7501217298.0
ARG,2938,2022,1174496689.0
ARG,2939,2022,1153272985.0
ARG,2940,2022,1000138801.0
ARG,2941,2022,7145685067.0
ARG,2942,2022,661071059.0
ARG,3001,2022,3217164960.0
ARG,3002,2022,142464807940.0
ARG,3003,2022,7262394008.0
ARG,3004,2022,260914409735.0
ARG,3005,2022,4753647618.0
ARG,3006,2022,9522183974.0
ARG,3101,2022,738868933.0
ARG,3102,2022,22141373945.0
ARG,3103,2022,2161682447.0
ARG,3104,2022,17262228627.0
ARG,3105,2022,19094029421.0
ARG,3201,2022,207137585.0
ARG,3202,2022,362076251.0
ARG,3203,2022,919387458.0
ARG,3204,2022,8458337153.0
ARG,3205,2022,129059735.0
ARG,3206,2022,9070544511.0
ARG,3207,2022,3069564701.0
ARG,3208,2022,9832575660.0
ARG,3209,2022,3593329089.0
ARG,3210,2022,528913496.0
ARG,3211,2022,148347950.0
ARG,3212,2022,1419776103.0
ARG,3213,2022,453141831.0
ARG,3214,2022,5321908574.0
ARG,3215,2022,9089718236.0
ARG,3301,2022,3468986723.0
ARG,3302,2022,15092911474.0
ARG,3303,2022,9813745073.0
ARG,3304,2022,33827868427.0
ARG,3305,2022,8111542108.0
ARG,3306,2022,2971043847.0
ARG,3307,2022,6631974403.0
ARG,3401,2022,3423629031.0
ARG,3402,2022,21191864265.0
ARG,3403,2022,6561980916.0
ARG,3404,2022,2849925684.0
ARG,3405,2022,1434107145.0
ARG,3406,2022,1569782842.0
ARG,3407,2022,524757426.0
ARG,3501,2022,2582535717.0
ARG,3502,2022,2031495006.0
ARG,3503,2022,1302331517.0
ARG,3504,2022,2931503570.0
ARG,3505,2022,3301762879.0
ARG,3506,2022,8403874220.0
ARG,3507,2022,3165457272.0
ARG,3601,2022,256287120.0
ARG,3602,2022,698113782.0
ARG,3603,2022,876685888.0
ARG,3604,2022,958490082.0
ARG,3605,2022,88000677.0
ARG,3606,2022,181886333.0
ARG,3701,2022,2850366848.0
ARG,3702,2022,540584878.0
ARG,3703,2022,185464319.0
ARG,3704,2022,24043999.0
ARG,3705,2022,748401738.0
ARG,3706,2022,4036552.0
ARG,3707,2022,2323273950.0
ARG,3801,2022,2528661863.0
ARG,3802,2022,2237331139.0
ARG,3803,2022,256536241.0
ARG,3804,2022,287246564.0
ARG,3805,2022,245599718.0
ARG,3806,2022,1167259524.0
ARG,3807,2022,52310775.0
ARG,3808,2022,19441714654.0
ARG,3809,2022,3023268945.0
ARG,3810,2022,975534258.0
ARG,3811,2022,8936442950.0
ARG,3812,2022,3339399164.0
ARG,3813,2022,165930810.0
ARG,3814,2022,1286953212.0
ARG,3815,2022,18833448551.0
ARG,3816,2022,1494785282.0
ARG,3817,2022,1406348544.0
ARG,3818,2022,4543441042.0
ARG,3819,2022,557504671.0
ARG,3820,2022,638345736.0
ARG,3821,2022,2583921903.0
ARG,3822,2022,386415243.0
ARG,3823,2022,67581117058.0
ARG,3901,2022,58693824182.0
ARG,3902,2022,33799841186.0
ARG,3903,2022,15444227885.0
ARG,3904,2022,15540183002.0
ARG,3905,2022,4919569058.0
ARG,3906,2022,13301253845.0
ARG,3907,2022,46517105809.0
ARG,3908,2022,11949727520.0
ARG,3909,2022,14157795599.0
ARG,3910,2022,6697673821.0
ARG,3911,2022,5431415164.0
ARG,3912,2022,4328941880.0
ARG,3913,2022,2382849374.0
ARG,3914,2022,1511417510.0
ARG,3915,2022,2780245207.0
ARG,3916,2022,3557141318.0
ARG,3917,2022,13879768591.0
ARG,3918,2022,7655511117.0
ARG,3919,2022,14957058931.0
ARG,3920,2022,44655717406.0
ARG,3921,2022,20680222973.0
ARG,3922,2022,2617280280.0
ARG,3923,2022,31310844796.0
ARG,3924,2022,12802251525.0
ARG,3925,2022,4884363878.0
ARG,3926,2022,101123592906.0
ARG,4001,2022,8651574605.0
ARG,4002,2022,14635640705.0
ARG,4003,2022,242036490.0
ARG,4004,2022,227220591.0
ARG,4005,2022,3203648603.0
ARG,4006,2022,209502032.0
ARG,4007,2022,276898960.0
ARG,4008,2022,2241593327.0
ARG,4009,2022,4777226193.0
ARG,4010,2022,2968979131.0
ARG,4011,2022,40553923983.0
ARG,4012,2022,1399110351.0
ARG,4013,2022,483966777.0
ARG,4014,2022,902783679.0
ARG,4015,2022,5052787504.0
ARG,4016,2022,14943760107.0
ARG,4017,2022,129805652.0
ARG,4101,2022,182190354.0
ARG,4102,2022,300643205.0
ARG,4103,2022,322364735.0
ARG,4104,2022,7626713368.0
ARG,4105,2022,598735988.0
ARG,4106,2022,216214162.0
ARG,4107,2022,500425633.0
ARG,4108,2022,86146555.0
ARG,4109,2022,184692661.0
ARG,4110,2022,11622344.0
ARG,4111,2022,116416700.0
ARG,4201,2022,1055916610.0
ARG,4202,2022,49484762724.0
ARG,4203,2022,5009960223.0
ARG,4205,2022,1321046365.0
ARG,4206,2022,15476127.0
ARG,4301,2022,428398238.0
ARG,4302,2022,400027735.0
ARG,4303,2022,1377147663.0
ARG,4304,2022,58210220.0
ARG,4401,2022,8251787943.0
ARG,4402,2022,1284881812.0
ARG,4403,2022,6118547491.0
ARG,4404,2022,163073152.0
ARG,4405,2022,61250841.0
ARG,4406,2022,143142951.0
ARG,4407,2022,34693807300.0
ARG,4408,2022,3185104476.0
ARG,4409,2022,3031144558.0
ARG,4410,2022,6413558326.0
ARG,4411,2022,7017505692.0
ARG,4412,2022,12876861766.0
ARG,4413,2022,235439268.0
ARG,4414,2022,393596555.0
ARG,4415,2022,2803146177.0
ARG,4416,2022,531638623.0
ARG,4417,2022,169660304.0
ARG,4418,2022,10337858086.0
ARG,4419,2022,1746206166.0
ARG,4420,2022,1326973982.0
ARG,4421,2022,5049883742.0
ARG,4501,2022,302834296.0
ARG,4502,2022,26826789.0
ARG,4503,2022,333492188.0
ARG,4504,2022,293476679.0
ARG,4601,2022,359962506.0
ARG,4602,2022,1046198530.0
ARG,4701,2022,183739473.0
ARG,4702,2022,2832392519.0
ARG,4703,2022,22242618142.0
ARG,4704,2022,333226857.0
ARG,4705,2022,1107562068.0
ARG,4706,2022,960333893.0
ARG,4707,2022,4844303049.0
ARG,4801,2022,4815509030.0
ARG,4802,2022,7656517334.0
ARG,4803,2022,2552310854.0
ARG,4804,2022,8938877283.0
ARG,4805,2022,15475839445.0
ARG,4806,2022,1226601725.0
ARG,4807,2022,568199861.0
ARG,4808,2022,834567978.0
ARG,4809,2022,422204465.0
ARG,4810,2022,16035068282.0
ARG,4811,2022,11135520080.0
ARG,4812,2022,157451403.0
ARG,4813,2022,1425525931.0
ARG,4814,2022,618209895.0
ARG,4816,2022,253868667.0
ARG,4817,2022,598196987.0
ARG,4818,2022,13824084978.0
ARG,4819,2022,14655490596.0
ARG,4820,2022,1999388362.0
ARG,4821,2022,3560663811.0
ARG,4822,2022,254594088.0
ARG,4823,2022,7314020088.0
ARG,4901,2022,5285370729.0
ARG,4902,2022,1106003517.0
ARG,4903,2022,1217138618.0
ARG,4904,2022,50242637.0
ARG,4905,2022,69101549.0
ARG,4906,2022,38764654.0
ARG,4907,2022,1130246524.0
ARG,4908,2022,625436512.0
ARG,4909,2022,512534790.0
ARG,4910,2022,210147169.0
ARG,4911,2022,6021463204.0
ARG,5001,2022,3921522.0
ARG,5002,2022,164179997.0
ARG,5003,2022,50669498.0
ARG,5004,2022,147654548.0
ARG,5005,2022,52907910.0
ARG,5006,2022,4972847.0
ARG,5007,2022,528471568.0
ARG,5101,2022,954722913.0
ARG,5102,2022,581996888.0
ARG,5103,2022,54078932.0
ARG,5104,2022,3908741.0
ARG,5105,2022,1409807462.0
ARG,5106,2022,365392009.0
ARG,5107,2022,1020400277.0
ARG,5108,2022,231588607.0
ARG,5109,2022,150915813.0
ARG,5110,2022,3606758.0
ARG,5111,2022,625758078.0
ARG,5112,2022,1077398940.0
ARG,5113,2022,6252868.0
ARG,5201,2022,10855746935.0
ARG,5202,2022,317762833.0
ARG,5203,2022,183243617.0
ARG,5204,2022,70435543.0
ARG,5205,2022,6544794620.0
ARG,5206,2022,936958085.0
ARG,5207,2022,76163441.0
ARG,5208,2022,5387581866.0
ARG,5209,2022,3228834581.0
ARG,5210,2022,930951727.0
ARG,5211,2022,1725778111.0
ARG,5212,2022,405979092.0
ARG,5301,2022,556777001.0
ARG,5302,2022,38780308.0
ARG,5303,2022,68867632.0
ARG,5305,2022,428000282.0
ARG,5306,2022,405070299.0
ARG,5307,2022,406862404.0
ARG,5308,2022,100902472.0
ARG,5309,2022,991428805.0
ARG,5310,2022,181654849.0
ARG,5311,2022,78925993.0
ARG,5401,2022,631393855.0
ARG,5402,2022,13308561536.0
ARG,5403,2022,741137979.0
ARG,5404,2022,1024907569.0
ARG,5405,2022,23393405.0
ARG,5406,2022,41391967.0
ARG,5407,2022,12915872964.0
ARG,5408,2022,774208368.0
ARG,5501,2022,624511339.0
ARG,5502,2022,1167540970.0
ARG,5503,2022,4438262447.0
ARG,5504,2022,2031493215.0
ARG,5505,2022,203270263.0
ARG,5506,2022,171674381.0
ARG,5507,2022,18131781.0
ARG,5508,2022,253371767.0
ARG,5509,2022,2800150936.0
ARG,5510,2022,785996461.0
ARG,5511,2022,224784212.0
ARG,5512,2022,2061311904.0
ARG,5513,2022,1029032616.0
ARG,5514,2022,1189254590.0
ARG,5515,2022,1969049574.0
ARG,5516,2022,1839967620.0
ARG,5601,2022,1556769192.0
ARG,5602,2022,673348913.0
ARG,5603,2022,10627405379.0
ARG,5604,2022,367294782.0
ARG,5605,2022,127300216.0
ARG,5606,2022,353894066.0
ARG,5607,2022,1525959998.0
ARG,5608,2022,1176618289.0
ARG,5609,2022,531934137.0
ARG,5701,2022,501482020.0
ARG,5702,2022,2600602788.0
ARG,5703,2022,3462988936.0
ARG,5704,2022,251480544.0
ARG,5705,2022,872925267.0
ARG,5801,2022,1355805357.0
ARG,5802,2022,86086108.0
ARG,5803,2022,54586695.0
ARG,5804,2022,507040041.0
ARG,5805,2022,19216828.0
ARG,5806,2022,2185552594.0
ARG,5807,2022,494177992.0
ARG,5808,2022,230322659.0
ARG,5809,2022,15272872.0
ARG,5810,2022,654346954.0
ARG,5811,2022,123420704.0
ARG,5901,2022,314738342.0
ARG,5902,2022,1777298001.0
ARG,5903,2022,6348337827.0
ARG,5904,2022,202835817.0
ARG,5905,2022,89633736.0
ARG,5906,2022,786056089.0
ARG,5907,2022,378746587.0
ARG,5908,2022,23741489.0
ARG,5909,2022,136628585.0
ARG,5910,2022,371784638.0
ARG,5911,2022,3298706119.0
ARG,6001,2022,2553814678.0
ARG,6002,2022,13338381523.0
ARG,6101,2022,1523019041.0
ARG,6102,2022,2533137279.0
ARG,6103,2022,9083256194.0
ARG,6104,2022,21564007031.0
ARG,6105,2022,5871060184.0
ARG,6106,2022,2301527695.0
ARG,6107,2022,4896856286.0
ARG,6108,2022,8155406290.0
ARG,6109,2022,30507726404.0
ARG,6110,2022,43446190533.0
ARG,6111,2022,3737653731.0
ARG,6112,2022,3104909197.0
ARG,6113,2022,1111346017.0
ARG,6114,2022,5020711452.0
ARG,6115,2022,7130121756.0
ARG,6116,2022,2932194530.0
ARG,6117,2022,1939376238.0
ARG,6201,2022,12504082925.0
ARG,6202,2022,16222274024.0
ARG,6203,2022,26040534144.0
ARG,6204,2022,39468961335.0
ARG,6205,2022,7664452896.0
ARG,6206,2022,7219302890.0
ARG,6207,2022,946439582.0
ARG,6208,2022,1956084099.0
ARG,6209,2022,1280274711.0
ARG,6210,2022,6824568650.0
ARG,6211,2022,9828519444.0
ARG,6212,2022,6917775174.0
ARG,6213,2022,90020615.0
ARG,6214,2022,2028941641.0
ARG,6215,2022,298839090.0
ARG,6216,2022,763927837.0
ARG,6217,2022,1922312639.0
ARG,6301,2022,2699166324.0
ARG,6302,2022,10752258569.0
ARG,6303,2022,2403918194.0
ARG,6304,2022,2085074664.0
ARG,6305,2022,3991838329.0
ARG,6306,2022,3433163471.0
ARG,6307,2022,12540813421.0
ARG,6308,2022,50875693.0
ARG,6309,2022,2380948900.0
ARG,6310,2022,463041424.0
ARG,6401,2022,886504011.0
ARG,6402,2022,21830117729.0
ARG,6403,2022,34904595772.0
ARG,6404,2022,29367980807.0
ARG,6405,2022,2259503473.0
ARG,6406,2022,5365243526.0
ARG,6501,2022,63989557.0
ARG,6502,2022,23152754.0
ARG,6504,2022,246930472.0
ARG,6505,2022,4820281773.0
ARG,6506,2022,2639312690.0
ARG,6507,2022,229115002.0
ARG,6601,2022,2075113408.0
ARG,6602,2022,131838860.0
ARG,6603,2022,306812548.0
ARG,6701,2022,81833090.0
ARG,6702,2022,2343521500.0
ARG,6703,2022,294661604.0
ARG,6704,2022,2440297328.0
ARG,6801,2022,689093249.0
ARG,6802,2022,7176433379.0
ARG,6803,2022,557569193.0
ARG,6804,2022,2920746501.0
ARG,6805,2022,2137465909.0
ARG,6806,2022,2627131613.0
ARG,6807,2022,989367055.0
ARG,6808,2022,335750558.0
ARG,6809,2022,1273230313.0
ARG,6810,2022,6191743401.0
ARG,6811,2022,1002103879.0
ARG,6812,2022,66338201.0
ARG,6813,2022,628190734.0
ARG,6814,2022,211567177.0
ARG,6815,2022,5732247952.0
ARG,6901,2022,164750677.0
ARG,6902,2022,2389103828.0
ARG,6903,2022,1492846426.0
ARG,6904,2022,850953133.0
ARG,6905,2022,624465695.0
ARG,6906,2022,102643447.0
ARG,6907,2022,10528974137.0
ARG,6908,2022,34660606.0
ARG,6909,2022,4017620716.0
ARG,6910,2022,4426289853.0
ARG,6911,2022,3459735762.0
ARG,6912,2022,1492342820.0
ARG,6913,2022,1101574449.0
ARG,6914,2022,1554047428.0
ARG,7001,2022,326619884.0
ARG,7002,2022,815714749.0
ARG,7003,2022,602166521.0
ARG,7004,2022,315553954.0
ARG,7005,2022,4108914057.0
ARG,7006,2022,963567121.0
ARG,7007,2022,6117735636.0
ARG,7008,2022,989350432.0
ARG,7009,2022,3500948335.0
ARG,7010,2022,5756367209.0
ARG,7011,2022,64786753.0
ARG,7013,2022,4493286260.0
ARG,7014,2022,254689877.0
ARG,7015,2022,160701102.0
ARG,7016,2022,595706127.0
ARG,7017,2022,882132121.0
ARG,7018,2022,779478501.0
ARG,7019,2022,7608396462.0
ARG,7020,2022,2102968503.0
ARG,7101,2022,228223360.0
ARG,7102,2022,54387340968.0
ARG,7103,2022,4558415308.0
ARG,7104,2022,3101066477.0
ARG,7105,2022,269864223.0
ARG,7106,2022,18158161833.0
ARG,7107,2022,95182138.0
ARG,7108,2022,296276728072.0
ARG,7109,2022,121330097.0
ARG,7110,2022,46679871248.0
ARG,7111,2022,1861071267.0
ARG,7112,2022,19864210945.0
ARG,7113,2022,54749696225.0
ARG,7114,2022,613184769.0
ARG,7115,2022,7524590538.0
ARG,7116,2022,1122393965.0
ARG,7117,2022,4977080215.0
ARG,7118,2022,525315652.0
ARG,7201,2022,3454911974.0
ARG,7202,2022,28031633325.0
ARG,7203,2022,2837189713.0
ARG,7204,2022,32824257574.0
ARG,7205,2022,1536886893.0
ARG,7206,2022,621953061.0
ARG,7207,2022,14132508671.0
ARG,7208,2022,48584151712.0
ARG,7209,2022,8482043943.0
ARG,7210,2022,31452731434.0
ARG,7211,2022,2595711463.0
ARG,7212,2022,4185725403.0
ARG,7213,2022,9221606760.0
ARG,7214,2022,16033733188.0
ARG,7215,2022,1423233179.0
ARG,7216,2022,8815461891.0
ARG,7217,2022,4314625342.0
ARG,7218,2022,2411011448.0
ARG,7219,2022,27061975418.0
ARG,7220,2022,4062692389.0
ARG,7221,2022,1612862722.0
ARG,7222,2022,5179487789.0
ARG,7223,2022,1928726805.0
ARG,7224,2022,2509929794.0
ARG,7225,2022,19574811006.0
ARG,7226,2022,3554996647.0
ARG,7227,2022,3207856090.0
ARG,7228,2022,6525298558.0
ARG,7229,2022,1956224287.0
ARG,7301,2022,1148691641.0
ARG,7302,2022,1603536566.0
ARG,7303,2022,1115997020.0
ARG,7304,2022,16243332950.0
ARG,7305,2022,2792006213.0
ARG,7306,2022,14107091732.0
ARG,7307,2022,11203602676.0
ARG,7308,2022,32342156746.0
ARG,7309,2022,1822426029.0
ARG,7310,2022,4397207101.0
ARG,7311,2022,2119249908.0
ARG,7312,2022,5567125952.0
ARG,7313,2022,126801159.0
ARG,7314,2022,3608900821.0
ARG,7315,2022,3097639709.0
ARG,7316,2022,105758876.0
ARG,7317,2022,2347552882.0
ARG,7318,2022,21746169600.0
ARG,7319,2022,178054082.0
ARG,7320,2022,3556875165.0
ARG,7321,2022,6431520570.0
ARG,7322,2022,1131519567.0
ARG,7323,2022,8384213327.0
ARG,7324,2022,1998422318.0
ARG,7325,2022,3541799852.0
ARG,7326,2022,42397938907.0
ARG,7401,2022,1073854343.0
ARG,7402,2022,7309246583.0
ARG,7403,2022,41149797917.0
ARG,7404,2022,17527955422.0
ARG,7405,2022,162798741.0
ARG,7406,2022,425713150.0
ARG,7407,2022,4439606802.0
ARG,7408,2022,11545383335.0
ARG,7409,2022,6450481378.0
ARG,7410,2022,2052860972.0
ARG,7411,2022,6153420171.0
ARG,7412,2022,2656864485.0
ARG,7413,2022,1313380784.0
ARG,7415,2022,909660480.0
ARG,7416,2022,2408982369.0
ARG,7418,2022,625859797.0
ARG,7419,2022,466100278.0
ARG,7501,2022,6837990302.0
ARG,7502,2022,9721403134.0
ARG,7503,2022,739351906.0
ARG,7504,2022,801201298.0
ARG,7505,2022,2535936362.0
ARG,7506,2022,1129508252.0
ARG,7507,2022,762781499.0
ARG,7508,2022,1546125818.0
ARG,7601,2022,62257284367.0
ARG,7602,2022,11914442354.0
ARG,7603,2022,497045567.0
ARG,7604,2022,10932358030.0
ARG,7605,2022,2578182394.0
ARG,7606,2022,24639562320.0
ARG,7607,2022,10713146361.0
ARG,7608,2022,1089454247.0
ARG,7609,2022,452022196.0
ARG,7610,2022,9777281095.0
ARG,7611,2022,101363563.0
ARG,7612,2022,2576604311.0
ARG,7613,2022,431895269.0
ARG,7614,2022,992377491.0
ARG,7615,2022,2954784065.0
ARG,7616,2022,13094952262.0
ARG,7801,2022,5252752514.0
ARG,7802,2022,409080629.0
ARG,7804,2022,273980394.0
ARG,7806,2022,217014212.0
ARG,7901,2022,12197148901.0
ARG,7902,2022,480437385.0
ARG,7903,2022,356811613.0
ARG,7904,2022,117660208.0
ARG,7905,2022,459216327.0
ARG,7907,2022,558480276.0
ARG,8001,2022,4071894004.0
ARG,8002,2022,115231933.0
ARG,8003,2022,317458139.0
ARG,8007,2022,275791490.0
ARG,8101,2022,981503284.0
ARG,8102,2022,633324526.0
ARG,8103,2022,834696965.0
ARG,8104,2022,2052491807.0
ARG,8105,2022,2675703655.0
ARG,8106,2022,82410767.0
ARG,8107,2022,13404231.0
ARG,8108,2022,4119231001.0
ARG,8109,2022,290380115.0
ARG,8110,2022,484649238.0
ARG,8111,2022,1350798346.0
ARG,8112,2022,1276482265.0
ARG,8113,2022,917683279.0
ARG,8201,2022,1007997711.0
ARG,8202,2022,2483357955.0
ARG,8203,2022,1076306989.0
ARG,8204,2022,1298507282.0
ARG,8205,2022,3828036934.0
ARG,8206,2022,545479288.0
ARG,8207,2022,10581861938.0
ARG,8208,2022,1695682351.0
ARG,8209,2022,3752164064.0
ARG,8210,2022,233914193.0
ARG,8211,2022,1474620112.0
ARG,8212,2022,2085457318.0
ARG,8213,2022,461624006.0
ARG,8214,2022,552808967.0
ARG,8215,2022,1576077509.0
ARG,8301,2022,6045449259.0
ARG,8302,2022,19817656390.0
ARG,8303,2022,617837152.0
ARG,8304,2022,166750590.0
ARG,8305,2022,547122651.0
ARG,8306,2022,1677453591.0
ARG,8307,2022,841231934.0
ARG,8308,2022,2741554152.0
ARG,8309,2022,3432528883.0
ARG,8310,2022,573060097.0
ARG,8311,2022,1927424900.0
ARG,8401,2022,2270470622.0
ARG,8402,2022,1741780258.0
ARG,8403,2022,4070288422.0
ARG,8404,2022,661690488.0
ARG,8405,2022,609851267.0
ARG,8406,2022,1845127679.0
ARG,8407,2022,25208500562.0
ARG,8408,2022,21513336456.0
ARG,8409,2022,31976408550.0
ARG,8410,2022,515401313.0
ARG,8411,2022,103750183463.0
ARG,8412,2022,13762659967.0
ARG,8413,2022,35319574190.0
ARG,8414,2022,51014445147.0
ARG,8415,2022,29756540247.0
ARG,8416,2022,1503716430.0
ARG,8417,2022,2638821492.0
ARG,8418,2022,24524679040.0
ARG,8419,2022,28653534664.0
ARG,8420,2022,815446526.0
ARG,8421,2022,42360979667.0
ARG,8422,2022,16084471255.0
ARG,8423,2022,2188484949.0
ARG,8424,2022,11728283066.0
ARG,8425,2022,4065189768.0
ARG,8426,2022,8000563808.0
ARG,8427,2022,9051769128.0
ARG,8428,2022,17659774729.0
ARG,8429,2022,25077932019.0
ARG,8430,2022,5424876405.0
ARG,8431,2022,35444725513.0
ARG,8432,2022,5093328346.0
ARG,8433,2022,9319005082.0
ARG,8434,2022,943663544.0
ARG,8435,2022,172788906.0
ARG,8436,2022,3438510886.0
ARG,8437,2022,1128314218.0
ARG,8438,2022,6332378703.0
ARG,8439,2022,2648029427.0
ARG,8440,2022,428440547.0
ARG,8441,2022,3936742212.0
ARG,8442,2022,767193157.0
ARG,8443,2022,34077972036.0
ARG,8444,2022,774812457.0
ARG,8445,2022,1548881446.0
ARG,8446,2022,880858319.0
ARG,8447,2022,1344086979.0
ARG,8448,2022,2585011181.0
ARG,8449,2022,600723022.0
ARG,8450,2022,7501076472.0
ARG,8451,2022,4796925805.0
ARG,8452,2022,2605253061.0
ARG,8453,2022,423781576.0
ARG,8454,2022,1418137293.0
ARG,8455,2022,2744410418.0
ARG,8456,2022,4352596543.0
ARG,8457,2022,4878435574.0
ARG,8458,2022,3839763082.0
ARG,8459,2022,1462941797.0
ARG,8460,2022,2071495936.0
ARG,8461,2022,1179449987.0
ARG,8462,2022,4117017984.0
ARG,8463,2022,1035349066.0
ARG,8464,2022,1493519942.0
ARG,8465,2022,3938761095.0
ARG,8466,2022,11963868511.0
ARG,8467,2022,4575892375.0
ARG,8468,2022,493252798.0
ARG,8469,2022,0.0
ARG,8470,2022,3616128743.0
ARG,8471,2022,200784165553.0
ARG,8472,2022,2157581557.0
ARG,8473,2022,167996403888.0
ARG,8474,2022,8139609495.0
ARG,8475,2022,2874826777.0
ARG,8476,2022,982557278.0
ARG,8477,2022,16806389761.0
ARG,8478,2022,809006137.0
ARG,8479,2022,87521964665.0
ARG,8480,2022,8785915566.0
ARG,8481,2022,62454026045.0
ARG,8482,2022,22890372747.0
ARG,8483,2022,32617375095.0
ARG,8484,2022,2309874497.0
ARG,8485,2022,6541922249.0
ARG,8501,2022,45396677405.0
ARG,8502,2022,12407371729.0
ARG,8503,2022,12231703501.0
ARG,8504,2022,81759852799.0
ARG,8505,2022,7369444550.0
ARG,8506,2022,5503376471.0
ARG,8507,2022,55784703480.0
ARG,8508,2022,9402417721.0
ARG,8509,2022,16196114119.0
ARG,8510,2022,3203184191.0
ARG,8511,2022,10577774690.0
ARG,8512,2022,14919146748.0
ARG,8513,2022,1679827403.0
ARG,8514,2022,2825070199.0
ARG,8515,2022,5830888653.0
ARG,8516,2022,33445532931.0
ARG,8517,2022,22818618862.0
ARG,8518,2022,29167570902.0
ARG,8519,2022,1867824786.0
ARG,8520,2022,10153899.0
ARG,8521,2022,26827962475.0
ARG,8522,2022,455103857.0
ARG,8523,2022,30049007340.0
ARG,8524,2022,27338080.0
ARG,8525,2022,341794544278.0
ARG,8526,2022,13277448780.0
ARG,8527,2022,5496084511.0
ARG,8528,2022,38575651803.0
ARG,8529,2022,24790615856.0
ARG,8530,2022,1127250261.0
ARG,8531,2022,10862003438.0
ARG,8532,2022,13158798493.0
ARG,8533,2022,6064293174.0
ARG,8534,2022,16803532983.0
ARG,8535,2022,4413916706.0
ARG,8536,2022,71882537642.0
ARG,8537,2022,35107748869.0
ARG,8538,2022,24428612019.0
ARG,8539,2022,4923416518.0
ARG,8540,2022,1089518654.0
ARG,8541,2022,76371235440.0
ARG,8542,2022,255044787915.0
ARG,8543,2022,40038991212.0
ARG,8544,2022,77817814322.0
ARG,8545,2022,3171251048.0
ARG,8546,2022,1294733263.0
ARG,8547,2022,4387626745.0
ARG,8548,2022,2166898659.0
ARG,8601,2022,878933613.0
ARG,8602,2022,498105578.0
ARG,8603,2022,3201279158.0
ARG,8604,2022,446286931.0
ARG,8605,2022,285743302.0
ARG,8606,2022,1200498060.0
ARG,8607,2022,6062350438.0
ARG,8608,2022,415856043.0
ARG,8609,2022,4654595364.0
ARG,8701,2022,31235549185.0
ARG,8702,2022,6157110226.0
ARG,8703,2022,385690716802.0
ARG,8704,2022,75664755439.0
ARG,8705,2022,3877195213.0
ARG,8706,2022,871281110.0
ARG,8707,2022,4896508031.0
ARG,8708,2022,184938036042.0
ARG,8709,2022,876507486.0
ARG,8710,2022,1604089025.0
ARG,8711,2022,14452479012.0
ARG,8712,2022,6846788280.0
ARG,8713,2022,701166000.0
ARG,8714,2022,12009996215.0
ARG,8715,2022,1339950361.0
ARG,8716,2022,15156379641.0
ARG,8801,2022,40530064.0
ARG,8802,2022,78403890017.0
ARG,8803,2022,43476992668.0
ARG,8804,2022,198687887.0
ARG,8805,2022,1280035703.0
ARG,8901,2022,20588313882.0
ARG,8902,2022,160279253.0
ARG,8903,2022,4456550234.0
ARG,8904,2022,2003999330.0
ARG,8905,2022,12226942309.0
ARG,8906,2022,3081395546.0
ARG,8907,2022,552710285.0
ARG,8908,2022,508893904.0
ARG,9001,2022,15335644938.0
ARG,9002,2022,6698587127.0
ARG,9003,2022,4651336079.0
ARG,9004,2022,7832847884.0
ARG,9005,2022,1021099390.0
ARG,9006,2022,1526325862.0
ARG,9007,2022,449348212.0
ARG,9008,2022,80787287.0
ARG,9009,2022,790107166.0
ARG,9010,2022,361446141.0
ARG,9011,2022,1924182934.0
ARG,9012,2022,1717978750.0
ARG,9013,2022,12630304865.0
ARG,9014,2022,5423985886.0
ARG,9015,2022,5575698676.0
ARG,9016,2022,257851510.0
ARG,9017,2022,1408606492.0
ARG,9018,2022,88318428971.0
ARG,9019,2022,10540762513.0
ARG,9020,2022,862704016.0
ARG,9021,2022,44094852501.0
ARG,9022,2022,15826731027.0
ARG,9023,2022,1593289927.0
ARG,9024,2022,1234452780.0
ARG,9025,2022,4957112113.0
ARG,9026,2022,15217411811.0
ARG,9027,2022,32958990252.0
ARG,9028,2022,2998197803.0
ARG,9029,2022,4173780846.0
ARG,9030,2022,13563336913.0
ARG,9031,2022,27494754438.0
ARG,9032,2022,21577001573.0
ARG,9033,2022,1865796343.0
ARG,9101,2022,8877163828.0
ARG,9102,2022,16004354411.0
ARG,9103,2022,40684118.0
ARG,9104,2022,42885995.0
ARG,9105,2022,769638065.0
ARG,9106,2022,247979625.0
ARG,9107,2022,248681347.0
ARG,9108,2022,335876023.0
ARG,9109,2022,27680270.0
ARG,9110,2022,163006095.0
ARG,9111,2022,640988513.0
ARG,9112,2022,12958163.0
ARG,9113,2022,1478144492.0
ARG,9114,2022,844051900.0
ARG,9201,2022,558253921.0
ARG,9202,2022,643940439.0
ARG,9205,2022,410458290.0
ARG,9206,2022,197408761.0
ARG,9207,2022,1880520250.0
ARG,9208,2022,78094401.0
ARG,9209,2022,1036205268.0
ARG,9301,2022,429114100.0
ARG,9302,2022,1283696205.0
ARG,9303,2022,1173073336.0
ARG,9304,2022,413474378.0
ARG,9305,2022,1661462116.0
ARG,9306,2022,3553137543.0
ARG,9307,2022,44117855.0
ARG,9401,2022,39872837265.0
ARG,9402,2022,2200772529.0
ARG,9403,2022,43821057843.0
ARG,9404,2022,11132206586.0
ARG,9405,2022,26214436813.0
ARG,9406,2022,4844283183.0
ARG,9503,2022,29275284334.0
ARG,9504,2022,23361808859.0
ARG,9505,2022,7380247597.0
ARG,9506,2022,19382289050.0
ARG,9507,2022,2569812184.0
ARG,9508,2022,703464699.0
ARG,9601,2022,82693478.0
ARG,9602,2022,590936678.0
ARG,9603,2022,5858149957.0
ARG,9604,2022,24117926.0
ARG,9605,2022,147984725.0
ARG,9606,2022,810230175.0
ARG,9607,2022,1336085403.0
ARG,9608,2022,3391304896.0
ARG,9609,2022,739989079.0
ARG,9610,2022,389980779.0
ARG,9611,2022,165641914.0
ARG,9612,2022,1048022905.0
ARG,9613,2022,1062916155.0
ARG,9614,2022,133164893.0
ARG,9615,2022,1154979966.0
ARG,9616,2022,926891613.0
ARG,9617,2022,2120919319.0
ARG,9618,2022,353676567.0
ARG,9701,2022,12002199643.0
ARG,9702,2022,191473538.0
ARG,9703,2022,2301352430.0
ARG,9704,2022,52613954.0
ARG,9705,2022,1148535354.0
ARG,9706,2022,1545329218.0
ARG,0101,2023,2645953774.0
ARG,0102,2023,3862833444.0
ARG,0103,2023,1929079682.0
ARG,0104,2023,641211267.0
ARG,0105,2023,2070425184.0
ARG,0106,2023,1167586496.0
ARG,0201,2023,12352567789.0
ARG,0202,2023,11699816385.0
ARG,0203,2023,24541679896.0
ARG,0204,2023,4592372547.0
ARG,0205,2023,276682623.0
ARG,0206,2023,3620304693.0
ARG,0207,2023,19462335468.0
ARG,0208,2023,489873664.0
ARG,0209,2023,615451933.0
ARG,0210,2023,1752659843.0
ARG,0301,2023,845276199.0
ARG,0302,2023,12508902047.0
ARG,0303,2023,11374655132.0
ARG,0304,2023,15878653867.0
ARG,0305,2023,3664783308.0
ARG,0306,2023,15213734079.0
ARG,0307,2023,5757571026.0
ARG,0401,2023,8495485683.0
ARG,0402,2023,12055190590.0
ARG,0403,2023,3350114079.0
ARG,0404,2023,3328269042.0
ARG,0405,2023,7625532854.0
ARG,0406,2023,21401468342.0
ARG,0407,2023,2526098833.0
ARG,0408,2023,983612012.0
ARG,0409,2023,1235914736.0
ARG,0410,2023,359575630.0
ARG,0501,2023,32168411.0
ARG,0502,2023,25758116.0
ARG,0504,2023,3291576044.0
ARG,0505,2023,578449868.0
ARG,0506,2023,291049580.0
ARG,0507,2023,54718588.0
ARG,0508,2023,74475206.0
ARG,0510,2023,204429610.0
ARG,0511,2023,1694516639.0
ARG,0601,2023,1151460211.0
ARG,0602,2023,5329515029.0
ARG,0603,2023,4511943098.0
ARG,0604,2023,564496800.0
ARG,0701,2023,3521292289.0
ARG,0702,2023,4022366581.0
ARG,0703,2023,4506044520.0
ARG,0704,2023,2571734817.0
ARG,0705,2023,1191809731.0
ARG,0706,2023,1518482523.0
ARG,0707,2023,1475857104.0
ARG,0708,2023,1339226524.0
ARG,0709,2023,7359731768.0
ARG,0710,2023,5934769363.0
ARG,0711,2023,274124479.0
ARG,0712,2023,2120390237.0
ARG,0713,2023,9027921779.0
ARG,0714,2023,1056056000.0
ARG,0801,2023,4510140004.0
ARG,0802,2023,11062467554.0
ARG,0803,2023,8667243700.0
ARG,0804,2023,9240143252.0
ARG,0805,2023,10409236473.0
ARG,0806,2023,6226974134.0
ARG,0807,2023,2155784409.0
ARG,0808,2023,5192150218.0
ARG,0809,2023,4762909905.0
ARG,0810,2023,16282922925.0
ARG,0811,2023,4899005774.0
ARG,0812,2023,142322948.0
ARG,0813,2023,1975858698.0
ARG,0814,2023,75584933.0
ARG,0901,2023,23992177469.0
ARG,0902,2023,3191846076.0
ARG,0903,2023,80582273.0
ARG,0904,2023,2772879221.0
ARG,0905,2023,245083540.0
ARG,0906,2023,381345782.0
ARG,0907,2023,204186538.0
ARG,0908,2023,524825314.0
ARG,0909,2023,715514035.0
ARG,0910,2023,2058162461.0
ARG,1001,2023,36755651373.0
ARG,1002,2023,177177576.0
ARG,1003,2023,7144595519.0
ARG,1004,2023,804789883.0
ARG,1005,2023,31986359592.0
ARG,1006,2023,16622362017.0
ARG,1007,2023,386205483.0
ARG,1008,2023,771926023.0
ARG,1101,2023,2841052995.0
ARG,1102,2023,846738924.0
ARG,1103,2023,663435827.0
ARG,1104,2023,1597718179.0
ARG,1105,2023,743266621.0
ARG,1106,2023,444170033.0
ARG,1107,2023,2754920413.0
ARG,1108,2023,3446794934.0
ARG,1109,2023,805780700.0
ARG,1201,2023,24158175136.0
ARG,1202,2023,2593055837.0
ARG,1203,2023,33187269.0
ARG,1204,2023,844690931.0
ARG,1205,2023,10381492689.0
ARG,1206,2023,3213716268.0
ARG,1207,2023,4188675259.0
ARG,1208,2023,561306130.0
ARG,1209,2023,3982323084.0
ARG,1210,2023,401191113.0
ARG,1211,2023,2508350135.0
ARG,1212,2023,867733765.0
ARG,1213,2023,271858491.0
ARG,1214,2023,1646690112.0
ARG,1301,2023,645421797.0
ARG,1302,2023,4214650784.0
ARG,1401,2023,157528368.0
ARG,1404,2023,671328465.0
ARG,1501,2023,446959212.0
ARG,1502,2023,1562426442.0
ARG,1503,2023,43518612.0
ARG,1504,2023,1502662915.0
ARG,1505,2023,67323707.0
ARG,1506,2023,347024184.0
ARG,1507,2023,6796319370.0
ARG,1508,2023,236932606.0
ARG,1509,2023,5182551566.0
ARG,1510,2023,475684928.0
ARG,1511,2023,21519026221.0
ARG,1512,2023,12008258996.0
ARG,1513,2023,4290582128.0
ARG,1514,2023,8252813182.0
ARG,1515,2023,3753127917.0
ARG,1516,2023,2990035288.0
ARG,1517,2023,5359354781.0
ARG,1518,2023,6179656435.0
ARG,1519,2023,8185684713.0
ARG,1520,2023,1626293438.0
ARG,1521,2023,223694250.0
ARG,1522,2023,386194190.0
ARG,1601,2023,3370558964.0
ARG,1602,2023,14025539836.0
ARG,1603,2023,122696128.0
ARG,1604,2023,10027114468.0
ARG,1605,2023,9249047710.0
ARG,1701,2023,22086862259.0
ARG,1702,2023,8018101384.0
ARG,1703,2023,1153906646.0
ARG,1704,2023,7928869580.0
ARG,1801,2023,7070303284.0
ARG,1802,2023,197218982.0
ARG,1803,2023,2590937764.0
ARG,1804,2023,3358226813.0
ARG,1805,2023,1953087215.0
ARG,1806,2023,18698035649.0
ARG,1901,2023,15589253751.0
ARG,1902,2023,8055078270.0
ARG,1903,2023,95052119.0
ARG,1904,2023,3430609473.0
ARG,1905,2023,25994101134.0
ARG,2001,2023,1123197473.0
ARG,2002,2023,3504528884.0
ARG,2003,2023,676194447.0
ARG,2004,2023,6227178128.0
ARG,2005,2023,6926173213.0
ARG,2006,2023,308785577.0
ARG,2007,2023,1950719969.0
ARG,2008,2023,13569060464.0
ARG,2009,2023,10656885445.0
ARG,2101,2023,6050081196.0
ARG,2102,2023,1333513049.0
ARG,2103,2023,9173125361.0
ARG,2104,2023,2072047657.0
ARG,2105,2023,3191353657.0
ARG,2106,2023,37376202391.0
ARG,2201,2023,3200004519.0
ARG,2202,2023,14459426322.0
ARG,2203,2023,9333146609.0
ARG,2204,2023,22428784901.0
ARG,2205,2023,200442781.0
ARG,2206,2023,1007210459.0
ARG,2207,2023,8865714280.0
ARG,2208,2023,21538306279.0
ARG,2209,2023,481643114.0
ARG,2301,2023,4260870777.0
ARG,2302,2023,2145450379.0
ARG,2303,2023,4506906119.0
ARG,2304,2023,18988840435.0
ARG,2305,2023,34702786.0
ARG,2306,2023,7420377284.0
ARG,2307,2023,4819100.0
ARG,2308,2023,964422433.0
ARG,2309,2023,20556670481.0
ARG,2401,2023,7192102472.0
ARG,2402,2023,17054394167.0
ARG,2403,2023,8175539714.0
ARG,2501,2023,3102528844.0
ARG,2502,2023,37753398.0
ARG,2503,2023,4235659095.0
ARG,2504,2023,395022429.0
ARG,2505,2023,1415290794.0
ARG,2506,2023,516000241.0
ARG,2507,2023,1034794739.0
ARG,2508,2023,1528537196.0
ARG,2509,2023,79995192.0
ARG,2510,2023,2113759179.0
ARG,2511,2023,398946956.0
ARG,2512,2023,77370845.0
ARG,2513,2023,183797095.0
ARG,2514,2023,33618498.0
ARG,2515,2023,829878727.0
ARG,2516,2023,874127066.0
ARG,2517,2023,2025359614.0
ARG,2518,2023,390360195.0
ARG,2519,2023,1509516002.0
ARG,2520,2023,1145764781.0
ARG,2521,2023,324433613.0
ARG,2522,2023,591731116.0
ARG,2523,2023,6443297699.0
ARG,2524,2023,414711002.0
ARG,2525,2023,100727007.0
ARG,2526,2023,700384245.0
ARG,2528,2023,187813243.0
ARG,2529,2023,1128677644.0
ARG,2530,2023,1706228308.0
ARG,2601,2023,30639792315.0
ARG,2602,2023,2097323987.0
ARG,2603,2023,21170186578.0
ARG,2604,2023,1380943618.0
ARG,2605,2023,9854225.0
ARG,2606,2023,1813515538.0
ARG,2607,2023,2176020424.0
ARG,2608,2023,4543575250.0
ARG,2609,2023,458928596.0
ARG,2610,2023,2484716154.0
ARG,2611,2023,104380673.0
ARG,2612,2023,702571320.0
ARG,2613,2023,4798384523.0
ARG,2614,2023,1428161308.0
ARG,2615,2023,1023495771.0
ARG,2616,2023,5903282447.0
ARG,2617,2023,226743301.0
ARG,2618,2023,591010567.0
ARG,2619,2023,358356910.0
ARG,2620,2023,7858455643.0
ARG,2621,2023,330326758.0
ARG,2701,2023,93197165046.0
ARG,2702,2023,1036801694.0
ARG,2703,2023,976024515.0
ARG,2704,2023,6704590488.0
ARG,2705,2023,1181669.0
ARG,2706,2023,695942442.0
ARG,2707,2023,18021759032.0
ARG,2708,2023,903651590.0
ARG,2709,2023,572546804014.0
ARG,2710,2023,542325484719.0
ARG,2711,2023,321336799353.0
ARG,2712,2023,1889504351.0
ARG,2713,2023,16206348759.0
ARG,2714,2023,232418786.0
ARG,2715,2023,1461193601.0
ARG,2716,2023,35066494738.0
ARG,2801,2023,1852205288.0
ARG,2802,2023,275744625.0
ARG,2803,2023,3972269528.0
ARG,2804,2023,6492072278.0
ARG,2805,2023,441872733.0
ARG,2806,2023,215386872.0
ARG,2807,2023,1187735534.0
ARG,2808,2023,308780886.0
ARG,2809,2023,2678970828.0
ARG,2810,2023,304380149.0
ARG,2811,2023,3864705305.0
ARG,2812,2023,271355821.0
ARG,2813,2023,164376294.0
ARG,2814,2023,4385469300.0
ARG,2815,2023,2853260674.0
ARG,2816,2023,187591172.0
ARG,2817,2023,699501107.0
ARG,2818,2023,7482404788.0
ARG,2819,2023,386640820.0
ARG,2820,2023,201375439.0
ARG,2821,2023,528394781.0
ARG,2822,2023,1112769960.0
ARG,2823,2023,448962977.0
ARG,2824,2023,46650265.0
ARG,2825,2023,3366735007.0
ARG,2826,2023,1102794601.0
ARG,2827,2023,2089909685.0
ARG,2828,2023,389845957.0
ARG,2829,2023,426268627.0
ARG,2830,2023,412492752.0
ARG,2831,2023,135951481.0
ARG,2832,2023,284894063.0
ARG,2833,2023,2998624588.0
ARG,2834,2023,640476773.0
ARG,2835,2023,1972833462.0
ARG,2836,2023,7279871027.0
ARG,2837,2023,857463600.0
ARG,2839,2023,504323943.0
ARG,2840,2023,616942650.0
ARG,2841,2023,5626960208.0
ARG,2842,2023,1185720491.0
ARG,2843,2023,4619716286.0
ARG,2844,2023,12289077299.0
ARG,2845,2023,1945092536.0
ARG,2846,2023,828434824.0
ARG,2847,2023,345651064.0
ARG,2849,2023,1575238675.0
ARG,2850,2023,252876961.0
ARG,2851,2023,412225747.0
ARG,2901,2023,12746043198.0
ARG,2902,2023,17828606251.0
ARG,2903,2023,6409350262.0
ARG,2904,2023,948335692.0
ARG,2905,2023,15743870082.0
ARG,2906,2023,1226275651.0
ARG,2907,2023,2824485136.0
ARG,2908,2023,231538729.0
ARG,2909,2023,9151529846.0
ARG,2910,2023,2356155836.0
ARG,2911,2023,51204492.0
ARG,2912,2023,1277789720.0
ARG,2913,2023,40345039.0
ARG,2914,2023,3947397465.0
ARG,2915,2023,9627976498.0
ARG,2916,2023,5767773956.0
ARG,2917,2023,9735557842.0
ARG,2918,2023,5507155150.0
ARG,2919,2023,631431764.0
ARG,2920,2023,1044924727.0
ARG,2921,2023,6522529751.0
ARG,2922,2023,10332957270.0
ARG,2923,2023,2067003142.0
ARG,2924,2023,4847351093.0
ARG,2925,2023,1090629785.0
ARG,2926,2023,2744890951.0
ARG,2927,2023,279654922.0
ARG,2928,2023,628287697.0
ARG,2929,2023,3387710677.0
ARG,2930,2023,4027434216.0
ARG,2931,2023,2520046895.0
ARG,2932,2023,6996465368.0
ARG,2933,2023,50486538648.0
ARG,2934,2023,10737775549.0
ARG,2935,2023,2845037171.0
ARG,2936,2023,4615528191.0
ARG,2937,2023,10720343901.0
ARG,2938,2023,950665604.0
ARG,2939,2023,1173250110.0
ARG,2940,2023,929270187.0
ARG,2941,2023,6716397620.0
ARG,2942,2023,527971460.0
ARG,3001,2023,2844947060.0
ARG,3002,2023,149905126645.0
ARG,3003,2023,11505141894.0
ARG,3004,2023,259308908119.0
ARG,3005,2023,4526467315.0
ARG,3006,2023,9912371955.0
ARG,3101,2023,693227331.0
ARG,3102,2023,15046040793.0
ARG,3103,2023,1549991977.0
ARG,3104,2023,12143147755.0
ARG,3105,2023,14248094526.0
ARG,3201,2023,202068943.0
ARG,3202,2023,313228671.0
ARG,3203,2023,944050199.0
ARG,3204,2023,6863531565.0
ARG,3205,2023,132273193.0
ARG,3206,2023,7472597229.0
ARG,3207,2023,2752582319.0
ARG,3208,2023,9934800628.0
ARG,3209,2023,3682835792.0
ARG,3210,2023,518413489.0
ARG,3211,2023,133484641.0
ARG,3212,2023,1278369642.0
ARG,3213,2023,401305182.0
ARG,3214,2023,5480261846.0
ARG,3215,2023,8365826226.0
ARG,3301,2023,3440821069.0
ARG,3302,2023,15445213971.0
ARG,3303,2023,11556279315.0
ARG,3304,2023,38397992690.0
ARG,3305,2023,8460564938.0
ARG,3306,2023,3202780282.0
ARG,3307,2023,7037625045.0
ARG,3401,2023,3497754277.0
ARG,3402,2023,21639971687.0
ARG,3403,2023,6563855123.0
ARG,3404,2023,2397536577.0
ARG,3405,2023,1446995898.0
ARG,3406,2023,1446985196.0
ARG,3407,2023,496273286.0
ARG,3501,2023,2112561485.0
ARG,3502,2023,1798187950.0
ARG,3503,2023,1298848102.0
ARG,3504,2023,2789677521.0
ARG,3505,2023,3474463036.0
ARG,3506,2023,8222191721.0
ARG,3507,2023,3113226161.0
ARG,3601,2023,365613867.0
ARG,3602,2023,766006186.0
ARG,3603,2023,979000939.0
ARG,3604,2023,657333230.0
ARG,3605,2023,95027496.0
ARG,3606,2023,180116424.0
ARG,3701,2023,2465894063.0
ARG,3702,2023,554991589.0
ARG,3703,2023,189522259.0
ARG,3704,2023,16396588.0
ARG,3705,2023,717827758.0
ARG,3706,2023,4526917.0
ARG,3707,2023,2279429636.0
ARG,3801,2023,2396490251.0
ARG,3802,2023,2055770227.0
ARG,3803,2023,482986247.0
ARG,3804,2023,259600393.0
ARG,3805,2023,186866122.0
ARG,3806,2023,955907366.0
ARG,3807,2023,37472379.0
ARG,3808,2023,16183072347.0
ARG,3809,2023,2834084802.0
ARG,3810,2023,1033934010.0
ARG,3811,2023,8381649509.0
ARG,3812,2023,2830859733.0
ARG,3813,2023,205941257.0
ARG,3814,2023,1272513512.0
ARG,3815,2023,18472674765.0
ARG,3816,2023,1533848181.0
ARG,3817,2023,1151672887.0
ARG,3818,2023,4561357736.0
ARG,3819,2023,558058171.0
ARG,3820,2023,677165262.0
ARG,3821,2023,2321864284.0
ARG,3822,2023,89763578.0
ARG,3823,2023,62074717175.0
ARG,3901,2023,45871038782.0
ARG,3902,2023,27109225143.0
ARG,3903,2023,11570861339.0
ARG,3904,2023,11493860910.0
ARG,3905,2023,4301790506.0
ARG,3906,2023,11644549018.0
ARG,3907,2023,37568077989.0
ARG,3908,2023,9824404380.0
ARG,3909,2023,11745933432.0
ARG,3910,2023,4966448279.0
ARG,3911,2023,4545325041.0
ARG,3912,2023,3916938375.0
ARG,3913,2023,2425476384.0
ARG,3914,2023,1563432464.0
ARG,3915,2023,1985822163.0
ARG,3916,2023,3446922990.0
ARG,3917,2023,13667807777.0
ARG,3918,2023,5725227440.0
ARG,3919,2023,14289112675.0
ARG,3920,2023,39050562985.0
ARG,3921,2023,19278387292.0
ARG,3922,2023,2453549720.0
ARG,3923,2023,29775552689.0
ARG,3924,2023,11068258215.0
ARG,3925,2023,4614823471.0
ARG,3926,2023,89672442846.0
ARG,4001,2023,5462413508.0
ARG,4002,2023,11601909191.0
ARG,4003,2023,231834283.0
ARG,4004,2023,231845028.0
ARG,4005,2023,3326754673.0
ARG,4006,2023,224956667.0
ARG,4007,2023,183607473.0
ARG,4008,2023,2162113254.0
ARG,4009,2023,4956582948.0
ARG,4010,2023,2944253393.0
ARG,4011,2023,38902160351.0
ARG,4012,2023,1419022208.0
ARG,4013,2023,387769236.0
ARG,4014,2023,912531988.0
ARG,4015,2023,3807087449.0
ARG,4016,2023,15186464497.0
ARG,4017,2023,129126900.0
ARG,4101,2023,177121285.0
ARG,4102,2023,231788413.0
ARG,4103,2023,323937061.0
ARG,4104,2023,7042869603.0
ARG,4105,2023,507234758.0
ARG,4106,2023,182971420.0
ARG,4107,2023,503463971.0
ARG,4108,2023,81182101.0
ARG,4109,2023,167770212.0
ARG,4110,2023,8026053.0
ARG,4111,2023,111321365.0
ARG,4201,2023,793118520.0
ARG,4202,2023,47911693551.0
ARG,4203,2023,4638178502.0
ARG,4205,2023,1378812005.0
ARG,4206,2023,16420337.0
ARG,4301,2023,326336465.0
ARG,4302,2023,374618413.0
ARG,4303,2023,1043051007.0
ARG,4304,2023,53045178.0
ARG,4401,2023,7606241277.0
ARG,4402,2023,1240506601.0
ARG,4403,2023,5419975882.0
ARG,4404,2023,158837401.0
ARG,4405,2023,57006410.0
ARG,4406,2023,196811966.0
ARG,4407,2023,24536963624.0
ARG,4408,2023,2833527003.0
ARG,4409,2023,2158967263.0
ARG,4410,2023,4903118775.0
ARG,4411,2023,5901226866.0
ARG,4412,2023,9551253342.0
ARG,4413,2023,277037516.0
ARG,4414,2023,323024416.0
ARG,4415,2023,2421093214.0
ARG,4416,2023,569504488.0
ARG,4417,2023,128861296.0
ARG,4418,2023,9255855777.0
ARG,4419,2023,1367970254.0
ARG,4420,2023,983447474.0
ARG,4421,2023,4360241386.0
ARG,4501,2023,347745470.0
ARG,4502,2023,29919812.0
ARG,4503,2023,353627187.0
ARG,4504,2023,282779476.0
ARG,4601,2023,282682356.0
ARG,4602,2023,766592997.0
ARG,4701,2023,118302623.0
ARG,4702,2023,2606676746.0
ARG,4703,2023,18351759811.0
ARG,4704,2023,289886622.0
ARG,4705,2023,805764493.0
ARG,4706,2023,842098964.0
ARG,4707,2023,3311810220.0
ARG,4801,2023,3972658405.0
ARG,4802,2023,6413376576.0
ARG,4803,2023,2504406326.0
ARG,4804,2023,7497004648.0
ARG,4805,2023,11532449315.0
ARG,4806,2023,1030467707.0
ARG,4807,2023,419876481.0
ARG,4808,2023,735732191.0
ARG,4809,2023,384599822.0
ARG,4810,2023,12398555134.0
ARG,4811,2023,10351745839.0
ARG,4812,2023,165031789.0
ARG,4813,2023,1381273124.0
ARG,4814,2023,665127622.0
ARG,4816,2023,238785840.0
ARG,4817,2023,564601875.0
ARG,4818,2023,14582628030.0
ARG,4819,2023,13578885268.0
ARG,4820,2023,1875180991.0
ARG,4821,2023,3576891176.0
ARG,4822,2023,244248084.0
ARG,4823,2023,6828264772.0
ARG,4901,2023,4963046269.0
ARG,4902,2023,1000400820.0
ARG,4903,2023,956041762.0
ARG,4904,2023,54186664.0
ARG,4905,2023,68631788.0
ARG,4906,2023,39633531.0
ARG,4907,2023,1454349282.0
ARG,4908,2023,599548707.0
ARG,4909,2023,431928496.0
ARG,4910,2023,185764542.0
ARG,4911,2023,5698669899.0
ARG,5001,2023,2397763.0
ARG,5002,2023,161653212.0
ARG,5003,2023,65586215.0
ARG,5004,2023,219080142.0
ARG,5005,2023,54652478.0
ARG,5006,2023,5774790.0
ARG,5007,2023,486430581.0
ARG,5101,2023,901686680.0
ARG,5102,2023,499786696.0
ARG,5103,2023,51520381.0
ARG,5104,2023,2448762.0
ARG,5105,2023,1167601682.0
ARG,5106,2023,363463564.0
ARG,5107,2023,997136005.0
ARG,5108,2023,289006142.0
ARG,5109,2023,154354402.0
ARG,5110,2023,3433767.0
ARG,5111,2023,663388325.0
ARG,5112,2023,1294141033.0
ARG,5113,2023,6555472.0
ARG,5201,2023,6144775745.0
ARG,5202,2023,304527177.0
ARG,5203,2023,163137945.0
ARG,5204,2023,81576729.0
ARG,5205,2023,4817479205.0
ARG,5206,2023,695179755.0
ARG,5207,2023,84147866.0
ARG,5208,2023,4661234042.0
ARG,5209,2023,2644944429.0
ARG,5210,2023,725066218.0
ARG,5211,2023,1472128147.0
ARG,5212,2023,357371162.0
ARG,5301,2023,699595673.0
ARG,5302,2023,55359357.0
ARG,5303,2023,49110014.0
ARG,5305,2023,316830834.0
ARG,5306,2023,313299349.0
ARG,5307,2023,243935368.0
ARG,5308,2023,54960727.0
ARG,5309,2023,951885417.0
ARG,5310,2023,115220447.0
ARG,5311,2023,73335235.0
ARG,5401,2023,610820766.0
ARG,5402,2023,11316485948.0
ARG,5403,2023,738220026.0
ARG,5404,2023,863227513.0
ARG,5405,2023,21492104.0
ARG,5406,2023,40360789.0
ARG,5407,2023,11628457382.0
ARG,5408,2023,731807448.0
ARG,5501,2023,544469312.0
ARG,5502,2023,1769773314.0
ARG,5503,2023,3514423467.0
ARG,5504,2023,1439649188.0
ARG,5505,2023,164089498.0
ARG,5506,2023,147220439.0
ARG,5507,2023,26136655.0
ARG,5508,2023,232439096.0
ARG,5509,2023,1986614389.0
ARG,5510,2023,601591962.0
ARG,5511,2023,254001106.0
ARG,5512,2023,1734526590.0
ARG,5513,2023,785176225.0
ARG,5514,2023,1108710866.0
ARG,5515,2023,2043857785.0
ARG,5516,2023,1642246117.0
ARG,5601,2023,1717955590.0
ARG,5602,2023,670624478.0
ARG,5603,2023,9763621248.0
ARG,5604,2023,397964437.0
ARG,5605,2023,108421987.0
ARG,5606,2023,330642121.0
ARG,5607,2023,1321610411.0
ARG,5608,2023,1048093760.0
ARG,5609,2023,449424477.0
ARG,5701,2023,458247748.0
ARG,5702,2023,2419353351.0
ARG,5703,2023,3457583056.0
ARG,5704,2023,245378312.0
ARG,5705,2023,788958167.0
ARG,5801,2023,1296224374.0
ARG,5802,2023,76680242.0
ARG,5803,2023,44645381.0
ARG,5804,2023,479966407.0
ARG,5805,2023,20363449.0
ARG,5806,2023,2048048730.0
ARG,5807,2023,458869035.0
ARG,5808,2023,218313004.0
ARG,5809,2023,14684300.0
ARG,5810,2023,691971486.0
ARG,5811,2023,123502589.0
ARG,5901,2023,261906517.0
ARG,5902,2023,1498606941.0
ARG,5903,2023,6438970212.0
ARG,5904,2023,191829019.0
ARG,5905,2023,90110617.0
ARG,5906,2023,775167402.0
ARG,5907,2023,368902494.0
ARG,5908,2023,20484830.0
ARG,5909,2023,139163516.0
ARG,5910,2023,367062464.0
ARG,5911,2023,3255557401.0
ARG,6001,2023,2425813643.0
ARG,6002,2023,12023722499.0
ARG,6101,2023,1247564266.0
ARG,6102,2023,2357538734.0
ARG,6103,2023,7217720620.0
ARG,6104,2023,18410956934.0
ARG,6105,2023,5543459985.0
ARG,6106,2023,2470422117.0
ARG,6107,2023,3777325946.0
ARG,6108,2023,6344920526.0
ARG,6109,2023,26913713643.0
ARG,6110,2023,36850479630.0
ARG,6111,2023,2568489903.0
ARG,6112,2023,2470970266.0
ARG,6113,2023,838047474.0
ARG,6114,2023,4364912843.0
ARG,6115,2023,6537045108.0
ARG,6116,2023,2574340440.0
ARG,6117,2023,1832097975.0
ARG,6201,2023,11314254073.0
ARG,6202,2023,15286076695.0
ARG,6203,2023,24270375808.0
ARG,6204,2023,36668654954.0
ARG,6205,2023,7646318486.0
ARG,6206,2023,6901186856.0
ARG,6207,2023,765184259.0
ARG,6208,2023,1871048713.0
ARG,6209,2023,1102378418.0
ARG,6210,2023,6070778339.0
ARG,6211,2023,9350862553.0
ARG,6212,2023,5598429393.0
ARG,6213,2023,91662967.0
ARG,6214,2023,2048117707.0
ARG,6215,2023,283331853.0
ARG,6216,2023,694411827.0
ARG,6217,2023,1679564694.0
ARG,6301,2023,2328273097.0
ARG,6302,2023,9625655135.0
ARG,6303,2023,2088801287.0
ARG,6304,2023,1814815150.0
ARG,6305,2023,3164289972.0
ARG,6306,2023,2660218553.0
ARG,6307,2023,9632478547.0
ARG,6308,2023,45022103.0
ARG,6309,2023,2365921272.0
ARG,6310,2023,422552980.0
ARG,6401,2023,687895727.0
ARG,6402,2023,19273993953.0
ARG,6403,2023,31401495568.0
ARG,6404,2023,22980299357.0
ARG,6405,2023,1852390795.0
ARG,6406,2023,5034160397.0
ARG,6501,2023,74910875.0
ARG,6502,2023,21775385.0
ARG,6504,2023,209601079.0
ARG,6505,2023,4399185789.0
ARG,6506,2023,2091330475.0
ARG,6507,2023,233978811.0
ARG,6601,2023,1576018315.0
ARG,6602,2023,99463969.0
ARG,6603,2023,192214416.0
ARG,6701,2023,69920970.0
ARG,6702,2023,1557424674.0
ARG,6703,2023,274025131.0
ARG,6704,2023,2133031701.0
ARG,6801,2023,563417062.0
ARG,6802,2023,6367970292.0
ARG,6803,2023,530224812.0
ARG,6804,2023,3004813786.0
ARG,6805,2023,2114210880.0
ARG,6806,2023,2592370131.0
ARG,6807,2023,1042666070.0
ARG,6808,2023,342820582.0
ARG,6809,2023,1321445862.0
ARG,6810,2023,5741212812.0
ARG,6811,2023,848711019.0
ARG,6812,2023,60688123.0
ARG,6813,2023,676213685.0
ARG,6814,2023,231600450.0
ARG,6815,2023,6122073941.0
ARG,6901,2023,117326386.0
ARG,6902,2023,2357682865.0
ARG,6903,2023,1433801040.0
ARG,6904,2023,769725967.0
ARG,6905,2023,539035075.0
ARG,6906,2023,105309053.0
ARG,6907,2023,9168712243.0
ARG,6908,2023,19755940.0
ARG,6909,2023,3994313212.0
ARG,6910,2023,3860497420.0
ARG,6911,2023,2914098349.0
ARG,6912,2023,1285287268.0
ARG,6913,2023,729728792.0
ARG,6914,2023,1309064350.0
ARG,7001,2023,434698328.0
ARG,7002,2023,782567756.0
ARG,7003,2023,688418894.0
ARG,7004,2023,278012933.0
ARG,7005,2023,3697005831.0
ARG,7006,2023,893928268.0
ARG,7007,2023,6161125344.0
ARG,7008,2023,1050371123.0
ARG,7009,2023,3416077999.0
ARG,7010,2023,5345878322.0
ARG,7011,2023,63782539.0
ARG,7013,2023,4177847622.0
ARG,7014,2023,301655850.0
ARG,7015,2023,90145450.0
ARG,7016,2023,516507136.0
ARG,7017,2023,884455358.0
ARG,7018,2023,843668685.0
ARG,7019,2023,6957914566.0
ARG,7020,2023,2170312439.0
ARG,7101,2023,258963606.0
ARG,7102,2023,41417148128.0
ARG,7103,2023,5185282607.0
ARG,7104,2023,2793972913.0
ARG,7105,2023,204972213.0
ARG,7106,2023,18433207743.0
ARG,7107,2023,66587416.0
ARG,7108,2023,352374448726.0
ARG,7109,2023,53740746.0
ARG,7110,2023,30411641023.0
ARG,7111,2023,1649528581.0
ARG,7112,2023,20546136895.0
ARG,7113,2023,56105477995.0
ARG,7114,2023,567985320.0
ARG,7115,2023,5496907987.0
ARG,7116,2023,1129742877.0
ARG,7117,2023,5273061648.0
ARG,7118,2023,477487392.0
ARG,7201,2023,2131055705.0
ARG,7202,2023,20261321876.0
ARG,7203,2023,2294324302.0
ARG,7204,2023,27727063638.0
ARG,7205,2023,1428691079.0
ARG,7206,2023,399499430.0
ARG,7207,2023,12830128427.0
ARG,7208,2023,42943156924.0
ARG,7209,2023,6680284161.0
ARG,7210,2023,25150302043.0
ARG,7211,2023,2123794965.0
ARG,7212,2023,3453113945.0
ARG,7213,2023,6430009941.0
ARG,7214,2023,12503151207.0
ARG,7215,2023,1243866900.0
ARG,7216,2023,7700936905.0
ARG,7217,2023,3308371721.0
ARG,7218,2023,2085346858.0
ARG,7219,2023,19319751605.0
ARG,7220,2023,3461620485.0
ARG,7221,2023,1087548210.0
ARG,7222,2023,4892444922.0
ARG,7223,2023,1586618313.0
ARG,7224,2023,2786335651.0
ARG,7225,2023,19017435444.0
ARG,7226,2023,3405907418.0
ARG,7227,2023,2560134762.0
ARG,7228,2023,6071251244.0
ARG,7229,2023,1681669373.0
ARG,7301,2023,1095726305.0
ARG,7302,2023,2012377027.0
ARG,7303,2023,1014338337.0
ARG,7304,2023,16923247588.0
ARG,7305,2023,4262660886.0
ARG,7306,2023,11917280432.0
ARG,7307,2023,10573023292.0
ARG,7308,2023,32950275182.0
ARG,7309,2023,2086723718.0
ARG,7310,2023,4084324276.0
ARG,7311,2023,2159519587.0
ARG,7312,2023,4616171895.0
ARG,7313,2023,122126944.0
ARG,7314,2023,2910781944.0
ARG,7315,2023,2850986017.0
ARG,7316,2023,106571193.0
ARG,7317,2023,1535384049.0
ARG,7318,2023,20395482016.0
ARG,7319,2023,181276496.0
ARG,7320,2023,3538395380.0
ARG,7321,2023,5277098568.0
ARG,7322,2023,1424171700.0
ARG,7323,2023,6943120480.0
ARG,7324,2023,1699536914.0
ARG,7325,2023,3430320960.0
ARG,7326,2023,41183793886.0
ARG,7401,2023,875667957.0
ARG,7402,2023,7243673286.0
ARG,7403,2023,40526795845.0
ARG,7404,2023,15423677495.0
ARG,7405,2023,147997366.0
ARG,7406,2023,361474868.0
ARG,7407,2023,3971050435.0
ARG,7408,2023,12273973024.0
ARG,7409,2023,5992618101.0
ARG,7410,2023,2261595983.0
ARG,7411,2023,5493552038.0
ARG,7412,2023,2430018264.0
ARG,7413,2023,1370610716.0
ARG,7415,2023,842511757.0
ARG,7416,2023,2461057995.0
ARG,7418,2023,478047575.0
ARG,7419,2023,358854444.0
ARG,7501,2023,5729007985.0
ARG,7502,2023,10078551827.0
ARG,7503,2023,827523423.0
ARG,7504,2023,638747395.0
ARG,7505,2023,3308235968.0
ARG,7506,2023,1309108171.0
ARG,7507,2023,925692795.0
ARG,7508,2023,2015921205.0
ARG,7601,2023,48966318674.0
ARG,7602,2023,9797697077.0
ARG,7603,2023,398312162.0
ARG,7604,2023,9180367848.0
ARG,7605,2023,2280893180.0
ARG,7606,2023,18429188653.0
ARG,7607,2023,8934433723.0
ARG,7608,2023,1002749333.0
ARG,7609,2023,498589211.0
ARG,7610,2023,10192283610.0
ARG,7611,2023,166968254.0
ARG,7612,2023,2113390052.0
ARG,7613,2023,425395707.0
ARG,7614,2023,1193867455.0
ARG,7615,2023,2435760062.0
ARG,7616,2023,13198800887.0
ARG,7801,2023,5213610180.0
ARG,7802,2023,392827453.0
ARG,7804,2023,289633320.0
ARG,7806,2023,256154805.0
ARG,7901,2023,9618208644.0
ARG,7902,2023,333500500.0
ARG,7903,2023,353534147.0
ARG,7904,2023,126176581.0
ARG,7905,2023,365396607.0
ARG,7907,2023,621010221.0
ARG,8001,2023,2856187811.0
ARG,8002,2023,103460912.0
ARG,8003,2023,266301115.0
ARG,8007,2023,202332848.0
ARG,8101,2023,923070144.0
ARG,8102,2023,873582760.0
ARG,8103,2023,534073876.0
ARG,8104,2023,1314366143.0
ARG,8105,2023,1966550668.0
ARG,8106,2023,58142222.0
ARG,8107,2023,22753445.0
ARG,8108,2023,5361780400.0
ARG,8109,2023,312479450.0
ARG,8110,2023,277295198.0
ARG,8111,2023,893512786.0
ARG,8112,2023,1308432433.0
ARG,8113,2023,801970222.0
ARG,8201,2023,843516923.0
ARG,8202,2023,2145285581.0
ARG,8203,2023,1032152961.0
ARG,8204,2023,1219236085.0
ARG,8205,2023,3676255877.0
ARG,8206,2023,493311198.0
ARG,8207,2023,10708129202.0
ARG,8208,2023,1685834881.0
ARG,8209,2023,3797400340.0
ARG,8210,2023,217483585.0
ARG,8211,2023,1168465982.0
ARG,8212,2023,1985909657.0
ARG,8213,2023,385822334.0
ARG,8214,2023,507620975.0
ARG,8215,2023,1282943311.0
ARG,8301,2023,6054665464.0
ARG,8302,2023,19130563871.0
ARG,8303,2023,492050040.0
ARG,8304,2023,142241487.0
ARG,8305,2023,367451411.0
ARG,8306,2023,1312096418.0
ARG,8307,2023,1079628979.0
ARG,8308,2023,2891961163.0
ARG,8309,2023,3043871324.0
ARG,8310,2023,616889432.0
ARG,8311,2023,1986111730.0
ARG,8401,2023,3292013893.0
ARG,8402,2023,1588381349.0
ARG,8403,2023,3364615942.0
ARG,8404,2023,781595430.0
ARG,8405,2023,718987788.0
ARG,8406,2023,2037135584.0
ARG,8407,2023,27806921345.0
ARG,8408,2023,23084679794.0
ARG,8409,2023,33224290114.0
ARG,8410,2023,585743703.0
ARG,8411,2023,117834709627.0
ARG,8412,2023,13588400133.0
ARG,8413,2023,37142989744.0
ARG,8414,2023,52604398396.0
ARG,8415,2023,30607488556.0
ARG,8416,2023,1570242295.0
ARG,8417,2023,3039120083.0
ARG,8418,2023,23645343413.0
ARG,8419,2023,29630836165.0
ARG,8420,2023,861825204.0
ARG,8421,2023,43230381563.0
ARG,8422,2023,17206909499.0
ARG,8423,2023,2214647423.0
ARG,8424,2023,11281739318.0
ARG,8425,2023,3866352684.0
ARG,8426,2023,9553679286.0
ARG,8427,2023,12545159064.0
ARG,8428,2023,19063803420.0
ARG,8429,2023,30222984318.0
ARG,8430,2023,6082258281.0
ARG,8431,2023,35564911479.0
ARG,8432,2023,4979505716.0
ARG,8433,2023,9599530097.0
ARG,8434,2023,1124269398.0
ARG,8435,2023,158095504.0
ARG,8436,2023,3488204165.0
ARG,8437,2023,1120894008.0
ARG,8438,2023,6952309081.0
ARG,8439,2023,3239059140.0
ARG,8440,2023,477977022.0
ARG,8441,2023,3955468645.0
ARG,8442,2023,772283451.0
ARG,8443,2023,31863807188.0
ARG,8444,2023,591644925.0
ARG,8445,2023,1808129124.0
ARG,8446,2023,725875209.0
ARG,8447,2023,1143857376.0
ARG,8448,2023,2445573022.0
ARG,8449,2023,414202190.0
ARG,8450,2023,8554676978.0
ARG,8451,2023,4760307370.0
ARG,8452,2023,2238874138.0
ARG,8453,2023,462106849.0
ARG,8454,2023,1972291810.0
ARG,8455,2023,3571480912.0
ARG,8456,2023,4697557104.0
ARG,8457,2023,5777922877.0
ARG,8458,2023,4262232813.0
ARG,8459,2023,1651963873.0
ARG,8460,2023,2294442818.0
ARG,8461,2023,1377197130.0
ARG,8462,2023,5254714054.0
ARG,8463,2023,1172454302.0
ARG,8464,2023,1485935147.0
ARG,8465,2023,3790946254.0
ARG,8466,2023,12621212616.0
ARG,8467,2023,3967487803.0
ARG,8468,2023,496118336.0
ARG,8469,2023,14671.0
ARG,8470,2023,3389906741.0
ARG,8471,2023,168424192016.0
ARG,8472,2023,2095962142.0
ARG,8473,2023,133714918933.0
ARG,8474,2023,8991951036.0
ARG,8475,2023,2180477748.0
ARG,8476,2023,1121141578.0
ARG,8477,2023,18339055225.0
ARG,8478,2023,827845435.0
ARG,8479,2023,92268746098.0
ARG,8480,2023,9425642922.0
ARG,8481,2023,62918835675.0
ARG,8482,2023,21889855080.0
ARG,8483,2023,33511644828.0
ARG,8484,2023,2507850388.0
ARG,8485,2023,6717450643.0
ARG,8501,2023,47431679929.0
ARG,8502,2023,13250389069.0
ARG,8503,2023,11686414405.0
ARG,8504,2023,94591899167.0
ARG,8505,2023,6974225871.0
ARG,8506,2023,5553162509.0
ARG,8507,2023,68288591865.0
ARG,8508,2023,7706087026.0
ARG,8509,2023,14519955505.0
ARG,8510,2023,3220376231.0
ARG,8511,2023,10621934957.0
ARG,8512,2023,15797735392.0
ARG,8513,2023,1493757188.0
ARG,8514,2023,3380187877.0
ARG,8515,2023,6131898696.0
ARG,8516,2023,31521048870.0
ARG,8517,2023,22862062660.0
ARG,8518,2023,27635789984.0
ARG,8519,2023,1738938209.0
ARG,8520,2023,365838.0
ARG,8521,2023,28510890235.0
ARG,8522,2023,392950400.0
ARG,8523,2023,23084055712.0
ARG,8524,2023,7298745.0
ARG,8525,2023,351512021425.0
ARG,8526,2023,15386655181.0
ARG,8527,2023,5453332275.0
ARG,8528,2023,34782172776.0
ARG,8529,2023,22690246477.0
ARG,8530,2023,1329661032.0
ARG,8531,2023,11301526016.0
ARG,8532,2023,12859253901.0
ARG,8533,2023,5712743159.0
ARG,8534,2023,15481058160.0
ARG,8535,2023,4954874211.0
ARG,8536,2023,72049876219.0
ARG,8537,2023,41739524984.0
ARG,8538,2023,26308052091.0
ARG,8539,2023,4648307652.0
ARG,8540,2023,1157294742.0
ARG,8541,2023,85486177624.0
ARG,8542,2023,224026551138.0
ARG,8543,2023,39058628532.0
ARG,8544,2023,80217738356.0
ARG,8545,2023,2664409546.0
ARG,8546,2023,1267460876.0
ARG,8547,2023,4663161254.0
ARG,8548,2023,1669255463.0
ARG,8601,2023,728265575.0
ARG,8602,2023,402336715.0
ARG,8603,2023,4072059906.0
ARG,8604,2023,731244135.0
ARG,8605,2023,726235389.0
ARG,8606,2023,1061482332.0
ARG,8607,2023,6694885248.0
ARG,8608,2023,527808142.0
ARG,8609,2023,4241516606.0
ARG,8701,2023,34976795737.0
ARG,8702,2023,8323093070.0
ARG,8703,2023,482243570602.0
ARG,8704,2023,92315078037.0
ARG,8705,2023,6156518778.0
ARG,8706,2023,1194055226.0
ARG,8707,2023,5827793147.0
ARG,8708,2023,195112149415.0
ARG,8709,2023,1217183526.0
ARG,8710,2023,11026959660.0
ARG,8711,2023,13806220034.0
ARG,8712,2023,4799747260.0
ARG,8713,2023,655001215.0
ARG,8714,2023,10223502892.0
ARG,8715,2023,1026404263.0
ARG,8716,2023,14781558778.0
ARG,8801,2023,43016212.0
ARG,8802,2023,91024164937.0
ARG,8803,2023,49553447254.0
ARG,8804,2023,212382309.0
ARG,8805,2023,1430199209.0
ARG,8901,2023,27771735440.0
ARG,8902,2023,339555890.0
ARG,8903,2023,5070656559.0
ARG,8904,2023,1626396954.0
ARG,8905,2023,8590703568.0
ARG,8906,2023,3182886625.0
ARG,8907,2023,639022925.0
ARG,8908,2023,183805596.0
ARG,9001,2023,15216142480.0
ARG,9002,2023,7159541277.0
ARG,9003,2023,4744819192.0
ARG,9004,2023,7784106010.0
ARG,9005,2023,820241379.0
ARG,9006,2023,1592159318.0
ARG,9007,2023,449004022.0
ARG,9008,2023,99689480.0
ARG,9009,2023,716554324.0
ARG,9010,2023,344218699.0
ARG,9011,2023,2064478712.0
ARG,9012,2023,1955102899.0
ARG,9013,2023,8936407708.0
ARG,9014,2023,5571918109.0
ARG,9015,2023,5937915905.0
ARG,9016,2023,289424846.0
ARG,9017,2023,1310153637.0
ARG,9018,2023,95881511993.0
ARG,9019,2023,9719729679.0
ARG,9020,2023,964828493.0
ARG,9021,2023,48318487593.0
ARG,9022,2023,16719999117.0
ARG,9023,2023,1801542128.0
ARG,9024,2023,1368219268.0
ARG,9025,2023,5163984462.0
ARG,9026,2023,16751049472.0
ARG,9027,2023,33864593219.0
ARG,9028,2023,4060393369.0
ARG,9029,2023,4480578336.0
ARG,9030,2023,14882861007.0
ARG,9031,2023,29745215015.0
ARG,9032,2023,21851646696.0
ARG,9033,2023,1977911778.0
ARG,9101,2023,9295985873.0
ARG,9102,2023,17198840881.0
ARG,9103,2023,35354476.0
ARG,9104,2023,32828064.0
ARG,9105,2023,636944350.0
ARG,9106,2023,230890786.0
ARG,9107,2023,236114961.0
ARG,9108,2023,291024029.0
ARG,9109,2023,26391108.0
ARG,9110,2023,151420322.0
ARG,9111,2023,627598207.0
ARG,9112,2023,18127084.0
ARG,9113,2023,1653673837.0
ARG,9114,2023,941280213.0
ARG,9201,2023,529565476.0
ARG,9202,2023,493568949.0
ARG,9205,2023,466103005.0
ARG,9206,2023,172430435.0
ARG,9207,2023,1530100025.0
ARG,9208,2023,66153093.0
ARG,9209,2023,974531550.0
ARG,9301,2023,500924374.0
ARG,9302,2023,1079654173.0
ARG,9303,2023,1188364468.0
ARG,9304,2023,382813726.0
ARG,9305,2023,1578324103.0
ARG,9306,2023,4176681637.0
ARG,9307,2023,37588273.0
ARG,9401,2023,36659777139.0
ARG,9402,2023,2050329725.0
ARG,9403,2023,36507033537.0
ARG,9404,2023,9861641074.0
ARG,9405,2023,23098261264.0
ARG,9406,2023,4947717510.0
ARG,9503,2023,23296532980.0
ARG,9504,2023,24174481818.0
ARG,9505,2023,6341525531.0
ARG,9506,2023,15303531788.0
ARG,9507,2023,2031579363.0
ARG,9508,2023,831973933.0
ARG,9601,2023,84486231.0
ARG,9602,2023,569408465.0
ARG,9603,2023,5594445972.0
ARG,9604,2023,23196353.0
ARG,9605,2023,174476406.0
ARG,9606,2023,767598314.0
ARG,9607,2023,1196054868.0
ARG,9608,2023,3221740602.0
ARG,9609,2023,689164861.0
ARG,9610,2023,321059300.0
ARG,9611,2023,136612009.0
ARG,9612,2023,973042162.0
ARG,9613,2023,866042712.0
ARG,9614,2023,105994433.0
ARG,9615,2023,1225992896.0
ARG,9616,2023,979694188.0
ARG,9617,2023,2077352211.0
ARG,9618,2023,318157968.0
ARG,9701,2023,11835053185.0
ARG,9702,2023,189627528.0
ARG,9703,2023,3150978170.0
ARG,9704,2023,60800792.0
ARG,9705,2023,1280206964.0
ARG,9706,2023,1485339817.0
ARG,0101,2024,2674762142.0
ARG,0102,2024,4566229366.0
ARG,0103,2024,1932435672.0
ARG,0104,2024,621089219.0
ARG,0105,2024,1959759073.0
ARG,0106,2024,1150950436.0
ARG,0201,2024,13617712393.0
ARG,0202,2024,15137980314.0
ARG,0203,2024,24823662733.0
ARG,0204,2024,5242037933.0
ARG,0205,2024,240179666.0
ARG,0206,2024,3591061125.0
ARG,0207,2024,19811044259.0
ARG,0208,2024,491439066.0
ARG,0209,2024,498026318.0
ARG,0210,2024,1749172766.0
ARG,0301,2024,840613834.0
ARG,0302,2024,12775467759.0
ARG,0303,2024,11571618004.0
ARG,0304,2024,15549381846.0
ARG,0305,2024,3569619872.0
ARG,0306,2024,15302951741.0
ARG,0307,2024,5782796283.0
ARG,0401,2024,8993438835.0
ARG,0402,2024,10716084997.0
ARG,0403,2024,3478742764.0
ARG,0404,2024,3250127259.0
ARG,0405,2024,8355442351.0
ARG,0406,2024,22382133128.0
ARG,0407,2024,2455983182.0
ARG,0408,2024,962635865.0
ARG,0409,2024,1286836423.0
ARG,0410,2024,211031700.0
ARG,0501,2024,27449664.0
ARG,0502,2024,26702363.0
ARG,0504,2024,3032265675.0
ARG,0505,2024,634576287.0
ARG,0506,2024,204094035.0
ARG,0507,2024,51006006.0
ARG,0508,2024,58955524.0
ARG,0510,2024,186551349.0
ARG,0511,2024,1576934314.0
ARG,0601,2024,1113250690.0
ARG,0602,2024,4940113371.0
ARG,0603,2024,4506289874.0
ARG,0604,2024,564781046.0
ARG,0701,2024,3760370936.0
ARG,0702,2024,4583788031.0
ARG,0703,2024,4931361975.0
ARG,0704,2024,2580928024.0
ARG,0705,2024,1238333062.0
ARG,0706,2024,1521094316.0
ARG,0707,2024,1592834944.0
ARG,0708,2024,1327799160.0
ARG,0709,2024,7932490311.0
ARG,0710,2024,5972962859.0
ARG,0711,2024,330894957.0
ARG,0712,2024,2275981005.0
ARG,0713,2024,8353833649.0
ARG,0714,2024,1088752131.0
ARG,0801,2024,4882099994.0
ARG,0802,2024,12388199908.0
ARG,0803,2024,8820390602.0
ARG,0804,2024,10814196308.0
ARG,0805,2024,10294760682.0
ARG,0806,2024,6948485171.0
ARG,0807,2024,1996919193.0
ARG,0808,2024,5586683012.0
ARG,0809,2024,5043609884.0
ARG,0810,2024,18736807073.0
ARG,0811,2024,5157542641.0
ARG,0812,2024,157679192.0
ARG,0813,2024,2017582010.0
ARG,0814,2024,82314665.0
ARG,0901,2024,26950337859.0
ARG,0902,2024,3507571124.0
ARG,0903,2024,83999359.0
ARG,0904,2024,3300037073.0
ARG,0905,2024,190143187.0
ARG,0906,2024,381690656.0
ARG,0907,2024,264665148.0
ARG,0908,2024,650233136.0
ARG,0909,2024,810428798.0
ARG,0910,2024,2232745043.0
ARG,1001,2024,33624511480.0
ARG,1002,2024,147879047.0
ARG,1003,2024,5368178348.0
ARG,1004,2024,629549275.0
ARG,1005,2024,26025797405.0
ARG,1006,2024,17390046026.0
ARG,1007,2024,346472931.0
ARG,1008,2024,808698772.0
ARG,1101,2024,2557623846.0
ARG,1102,2024,821731957.0
ARG,1103,2024,667088762.0
ARG,1104,2024,1070106264.0
ARG,1105,2024,719835536.0
ARG,1106,2024,425878817.0
ARG,1107,2024,2469349339.0
ARG,1108,2024,3126434105.0
ARG,1109,2024,564263420.0
ARG,1201,2024,21833242335.0
ARG,1202,2024,2802729938.0
ARG,1203,2024,38266326.0
ARG,1204,2024,822321202.0
ARG,1205,2024,8236746265.0
ARG,1206,2024,2667128006.0
ARG,1207,2024,4017541939.0
ARG,1208,2024,608071453.0
ARG,1209,2024,4263927188.0
ARG,1210,2024,375275745.0
ARG,1211,2024,2830674058.0
ARG,1212,2024,960290628.0
ARG,1213,2024,332716299.0
ARG,1214,2024,1213645372.0
ARG,1301,2024,686796850.0
ARG,1302,2024,4347801535.0
ARG,1401,2024,164596381.0
ARG,1404,2024,765912440.0
ARG,1501,2024,348249034.0
ARG,1502,2024,1298795076.0
ARG,1503,2024,186459256.0
ARG,1504,2024,1662960372.0
ARG,1505,2024,65397970.0
ARG,1506,2024,363391282.0
ARG,1507,2024,6163909801.0
ARG,1508,2024,278519750.0
ARG,1509,2024,7138835841.0
ARG,1510,2024,488949124.0
ARG,1511,2024,19387041517.0
ARG,1512,2024,11350719477.0
ARG,1513,2024,5036054456.0
ARG,1514,2024,7305487032.0
ARG,1515,2024,3986095262.0
ARG,1516,2024,3105821074.0
ARG,1517,2024,5240620001.0
ARG,1518,2024,6666423813.0
ARG,1519,2024,8267244244.0
ARG,1520,2024,1391975228.0
ARG,1521,2024,245685398.0
ARG,1522,2024,496071407.0
ARG,1601,2024,3562766544.0
ARG,1602,2024,14430180718.0
ARG,1603,2024,133245565.0
ARG,1604,2024,10641086273.0
ARG,1605,2024,9307284248.0
ARG,1701,2024,21867151842.0
ARG,1702,2024,7254464634.0
ARG,1703,2024,843371305.0
ARG,1704,2024,8271219252.0
ARG,1801,2024,11669163543.0
ARG,1802,2024,301451314.0
ARG,1803,2024,4208501975.0
ARG,1804,2024,7169250371.0
ARG,1805,2024,2439522107.0
ARG,1806,2024,22074616748.0
ARG,1901,2024,15657425683.0
ARG,1902,2024,8783437168.0
ARG,1903,2024,89486029.0
ARG,1904,2024,3468011102.0
ARG,1905,2024,27570712396.0
ARG,2001,2024,1222801172.0
ARG,2002,2024,3663854832.0
ARG,2003,2024,592944963.0
ARG,2004,2024,6476091730.0
ARG,2005,2024,7313686077.0
ARG,2006,2024,303529759.0
ARG,2007,2024,1998280429.0
ARG,2008,2024,14167981014.0
ARG,2009,2024,12334401580.0
ARG,2101,2024,6814027072.0
ARG,2102,2024,1435732513.0
ARG,2103,2024,9826783049.0
ARG,2104,2024,2315358774.0
ARG,2105,2024,3184360672.0
ARG,2106,2024,39413971633.0
ARG,2201,2024,3321524097.0
ARG,2202,2024,14756173787.0
ARG,2203,2024,9923612650.0
ARG,2204,2024,22263523499.0
ARG,2205,2024,265865015.0
ARG,2206,2024,1113089405.0
ARG,2207,2024,8225149077.0
ARG,2208,2024,21822570342.0
ARG,2209,2024,525908091.0
ARG,2301,2024,3777923728.0
ARG,2302,2024,1970244110.0
ARG,2303,2024,3938359557.0
ARG,2304,2024,16949139316.0
ARG,2305,2024,30231196.0
ARG,2306,2024,6734230116.0
ARG,2307,2024,1800080.0
ARG,2308,2024,850276578.0
ARG,2309,2024,21391281010.0
ARG,2401,2024,7685698972.0
ARG,2402,2024,16066990864.0
ARG,2403,2024,8166187888.0
ARG,2501,2024,2944524963.0
ARG,2502,2024,48031664.0
ARG,2503,2024,3352557592.0
ARG,2504,2024,386488078.0
ARG,2505,2024,1377010919.0
ARG,2506,2024,553801273.0
ARG,2507,2024,1092810604.0
ARG,2508,2024,1569751155.0
ARG,2509,2024,73432297.0
ARG,2510,2024,2288342446.0
ARG,2511,2024,349099152.0
ARG,2512,2024,83210529.0
ARG,2513,2024,205345884.0
ARG,2514,2024,30793568.0
ARG,2515,2024,814261488.0
ARG,2516,2024,764076601.0
ARG,2517,2024,2120783198.0
ARG,2518,2024,364862096.0
ARG,2519,2024,1224692423.0
ARG,2520,2024,1092531754.0
ARG,2521,2024,333400280.0
ARG,2522,2024,520479831.0
ARG,2523,2024,5877981769.0
ARG,2524,2024,345235392.0
ARG,2525,2024,93146812.0
ARG,2526,2024,674787487.0
ARG,2528,2024,223838979.0
ARG,2529,2024,958020595.0
ARG,2530,2024,1415986629.0
ARG,2601,2024,28941723420.0
ARG,2602,2024,2264536405.0
ARG,2603,2024,20152996439.0
ARG,2604,2024,1658752041.0
ARG,2605,2024,19415380.0
ARG,2606,2024,1418631795.0
ARG,2607,2024,1832765399.0
ARG,2608,2024,5349563730.0
ARG,2609,2024,514709503.0
ARG,2610,2024,3319864154.0
ARG,2611,2024,94476162.0
ARG,2612,2024,716554708.0
ARG,2613,2024,4327536694.0
ARG,2614,2024,1492188149.0
ARG,2615,2024,891052746.0
ARG,2616,2024,5170878016.0
ARG,2617,2024,302416163.0
ARG,2618,2024,630605333.0
ARG,2619,2024,217611328.0
ARG,2620,2024,7379320936.0
ARG,2621,2024,310304201.0
ARG,2701,2024,73760997747.0
ARG,2702,2024,633755584.0
ARG,2703,2024,963503457.0
ARG,2704,2024,4925215601.0
ARG,2705,2024,1378785.0
ARG,2706,2024,543733345.0
ARG,2707,2024,18897662953.0
ARG,2708,2024,578733665.0
ARG,2709,2024,555180742706.0
ARG,2710,2024,473207085657.0
ARG,2711,2024,237353531461.0
ARG,2712,2024,1929367587.0
ARG,2713,2024,14035649460.0
ARG,2714,2024,191983536.0
ARG,2715,2024,1013563923.0
ARG,2716,2024,27053627176.0
ARG,2801,2024,1872783700.0
ARG,2802,2024,277710325.0
ARG,2803,2024,3719795161.0
ARG,2804,2024,6009962133.0
ARG,2805,2024,395672996.0
ARG,2806,2024,201259752.0
ARG,2807,2024,1070060971.0
ARG,2808,2024,283100347.0
ARG,2809,2024,2592723736.0
ARG,2810,2024,344270971.0
ARG,2811,2024,3700328651.0
ARG,2812,2024,288553979.0
ARG,2813,2024,137608495.0
ARG,2814,2024,5020389385.0
ARG,2815,2024,2313712394.0
ARG,2816,2024,195292627.0
ARG,2817,2024,693219736.0
ARG,2818,2024,9065702800.0
ARG,2819,2024,360837168.0
ARG,2820,2024,214759789.0
ARG,2821,2024,610418757.0
ARG,2822,2024,469061126.0
ARG,2823,2024,457087827.0
ARG,2824,2024,43560951.0
ARG,2825,2024,3083276696.0
ARG,2826,2024,848204822.0
ARG,2827,2024,2145531278.0
ARG,2828,2024,346127306.0
ARG,2829,2024,396453101.0
ARG,2830,2024,406828351.0
ARG,2831,2024,132414834.0
ARG,2832,2024,329620420.0
ARG,2833,2024,2891325528.0
ARG,2834,2024,651058760.0
ARG,2835,2024,2001574627.0
ARG,2836,2024,6154974517.0
ARG,2837,2024,718897652.0
ARG,2839,2024,492627338.0
ARG,2840,2024,627523500.0
ARG,2841,2024,3171902871.0
ARG,2842,2024,1139118989.0
ARG,2843,2024,3635276282.0
ARG,2844,2024,15862304209.0
ARG,2845,2024,2057693098.0
ARG,2846,2024,750263073.0
ARG,2847,2024,344046062.0
ARG,2849,2024,1366075295.0
ARG,2850,2024,242507797.0
ARG,2851,2024,423277671.0
ARG,2901,2024,12737232422.0
ARG,2902,2024,16469909426.0
ARG,2903,2024,6218576002.0
ARG,2904,2024,965260801.0
ARG,2905,2024,16422213116.0
ARG,2906,2024,1286538230.0
ARG,2907,2024,3137656975.0
ARG,2908,2024,219066500.0
ARG,2909,2024,8529716130.0
ARG,2910,2024,2193488280.0
ARG,2911,2024,53970452.0
ARG,2912,2024,1391960229.0
ARG,2913,2024,32470703.0
ARG,2914,2024,4238359757.0
ARG,2915,2024,9499608065.0
ARG,2916,2024,5706555914.0
ARG,2917,2024,9880834838.0
ARG,2918,2024,5172585508.0
ARG,2919,2024,573672586.0
ARG,2920,2024,1067579753.0
ARG,2921,2024,6680875220.0
ARG,2922,2024,9744963253.0
ARG,2923,2024,1713852263.0
ARG,2924,2024,4631331859.0
ARG,2925,2024,1238080803.0
ARG,2926,2024,2255221860.0
ARG,2927,2024,278899888.0
ARG,2928,2024,547229011.0
ARG,2929,2024,2967704278.0
ARG,2930,2024,4305264639.0
ARG,2931,2024,2492529306.0
ARG,2932,2024,6685156447.0
ARG,2933,2024,31485474214.0
ARG,2934,2024,11336423704.0
ARG,2935,2024,3052228764.0
ARG,2936,2024,4988170513.0
ARG,2937,2024,18448550461.0
ARG,2938,2024,991914741.0
ARG,2939,2024,1261924570.0
ARG,2940,2024,928143195.0
ARG,2941,2024,6406593692.0
ARG,2942,2024,546640508.0
ARG,3001,2024,2143333388.0
ARG,3002,2024,176729101758.0
ARG,3003,2024,9935517664.0
ARG,3004,2024,272981106896.0
ARG,3005,2024,4936449416.0
ARG,3006,2024,9986713261.0
ARG,3101,2024,730575756.0
ARG,3102,2024,13757374468.0
ARG,3103,2024,1678822394.0
ARG,3104,2024,10131271155.0
ARG,3105,2024,14800289737.0
ARG,3201,2024,184601428.0
ARG,3202,2024,277425541.0
ARG,3203,2024,916816865.0
ARG,3204,2024,7091879419.0
ARG,3205,2024,143002054.0
ARG,3206,2024,7776651816.0
ARG,3207,2024,2495580676.0
ARG,3208,2024,10101632811.0
ARG,3209,2024,3566402872.0
ARG,3210,2024,528494364.0
ARG,3211,2024,129478883.0
ARG,3212,2024,1340892821.0
ARG,3213,2024,426637809.0
ARG,3214,2024,5534710268.0
ARG,3215,2024,8491611564.0
ARG,3301,2024,3893147446.0
ARG,3302,2024,17497617588.0
ARG,3303,2024,13581964247.0
ARG,3304,2024,40771585077.0
ARG,3305,2024,9018479963.0
ARG,3306,2024,3312210147.0
ARG,3307,2024,7521197860.0
ARG,3401,2024,3550280641.0
ARG,3402,2024,22273125842.0
ARG,3403,2024,6611740537.0
ARG,3404,2024,2531950118.0
ARG,3405,2024,1452869450.0
ARG,3406,2024,1523753631.0
ARG,3407,2024,529080791.0
ARG,3501,2024,1748283051.0
ARG,3502,2024,2157189789.0
ARG,3503,2024,1037905772.0
ARG,3504,2024,2723930184.0
ARG,3505,2024,3195541859.0
ARG,3506,2024,8349322143.0
ARG,3507,2024,3246944627.0
ARG,3601,2024,456179963.0
ARG,3602,2024,720189463.0
ARG,3603,2024,1012404565.0
ARG,3604,2024,754740825.0
ARG,3605,2024,84454027.0
ARG,3606,2024,189363452.0
ARG,3701,2024,2530677859.0
ARG,3702,2024,523670344.0
ARG,3703,2024,171495975.0
ARG,3704,2024,22401575.0
ARG,3705,2024,973451749.0
ARG,3706,2024,3235110.0
ARG,3707,2024,2205930492.0
ARG,3801,2024,1914755216.0
ARG,3802,2024,2081281048.0
ARG,3803,2024,313136830.0
ARG,3804,2024,245704014.0
ARG,3805,2024,142443726.0
ARG,3806,2024,953428664.0
ARG,3807,2024,47181179.0
ARG,3808,2024,15832634582.0
ARG,3809,2024,2928225372.0
ARG,3810,2024,1041047640.0
ARG,3811,2024,8256494484.0
ARG,3812,2024,2990752115.0
ARG,3813,2024,185041976.0
ARG,3814,2024,1239945424.0
ARG,3815,2024,14462106479.0
ARG,3816,2024,1453961544.0
ARG,3817,2024,1117860765.0
ARG,3818,2024,4535916591.0
ARG,3819,2024,553014408.0
ARG,3820,2024,662105462.0
ARG,3821,2024,2345453751.0
ARG,3822,2024,22295252.0
ARG,3823,2024,55109399220.0
ARG,3901,2024,46624395921.0
ARG,3902,2024,28665763179.0
ARG,3903,2024,11547037785.0
ARG,3904,2024,10634235039.0
ARG,3905,2024,4088875849.0
ARG,3906,2024,11490461374.0
ARG,3907,2024,36960330045.0
ARG,3908,2024,9301927957.0
ARG,3909,2024,11885982076.0
ARG,3910,2024,5005060240.0
ARG,3911,2024,4646509093.0
ARG,3912,2024,3883430969.0
ARG,3913,2024,2361247793.0
ARG,3914,2024,1588282438.0
ARG,3915,2024,1955035523.0
ARG,3916,2024,3332460779.0
ARG,3917,2024,14197309168.0
ARG,3918,2024,6290177459.0
ARG,3919,2024,14729740639.0
ARG,3920,2024,39460333498.0
ARG,3921,2024,19267059696.0
ARG,3922,2024,2539260373.0
ARG,3923,2024,31294112410.0
ARG,3924,2024,12098295293.0
ARG,3925,2024,4952452069.0
ARG,3926,2024,93064427325.0
ARG,4001,2024,6670320886.0
ARG,4002,2024,11542242722.0
ARG,4003,2024,237828474.0
ARG,4004,2024,217856745.0
ARG,4005,2024,3102895247.0
ARG,4006,2024,199393202.0
ARG,4007,2024,209237781.0
ARG,4008,2024,2198060070.0
ARG,4009,2024,5086650285.0
ARG,4010,2024,2766687555.0
ARG,4011,2024,39955334487.0
ARG,4012,2024,1318298133.0
ARG,4013,2024,464968389.0
ARG,4014,2024,869119731.0
ARG,4015,2024,4396273811.0
ARG,4016,2024,15414203804.0
ARG,4017,2024,141580684.0
ARG,4101,2024,124546125.0
ARG,4102,2024,189226121.0
ARG,4103,2024,414500476.0
ARG,4104,2024,6085185216.0
ARG,4105,2024,448661290.0
ARG,4106,2024,153254689.0
ARG,4107,2024,418051522.0
ARG,4108,2024,67610748.0
ARG,4109,2024,161396777.0
ARG,4110,2024,9650434.0
ARG,4111,2024,118737081.0
ARG,4201,2024,808670887.0
ARG,4202,2024,48840446438.0
ARG,4203,2024,4748892143.0
ARG,4205,2024,1347464772.0
ARG,4206,2024,17286967.0
ARG,4301,2024,333655049.0
ARG,4302,2024,372973043.0
ARG,4303,2024,651341030.0
ARG,4304,2024,55046261.0
ARG,4401,2024,7118906686.0
ARG,4402,2024,1117869298.0
ARG,4403,2024,5172585039.0
ARG,4404,2024,160110783.0
ARG,4405,2024,54308175.0
ARG,4406,2024,221610357.0
ARG,4407,2024,23883760342.0
ARG,4408,2024,2727093529.0
ARG,4409,2024,2060010654.0
ARG,4410,2024,5148430074.0
ARG,4411,2024,5641860779.0
ARG,4412,2024,9766219290.0
ARG,4413,2024,261583010.0
ARG,4414,2024,328919404.0
ARG,4415,2024,2271986436.0
ARG,4416,2024,499510536.0
ARG,4417,2024,121591034.0
ARG,4418,2024,9318158290.0
ARG,4419,2024,1450675403.0
ARG,4420,2024,943339158.0
ARG,4421,2024,4402332097.0
ARG,4501,2024,270768649.0
ARG,4502,2024,19478070.0
ARG,4503,2024,290617313.0
ARG,4504,2024,291294495.0
ARG,4601,2024,272959697.0
ARG,4602,2024,818823910.0
ARG,4701,2024,133323111.0
ARG,4702,2024,3119857705.0
ARG,4703,2024,20306955320.0
ARG,4704,2024,352703949.0
ARG,4705,2024,849646010.0
ARG,4706,2024,800282691.0
ARG,4707,2024,3900561417.0
ARG,4801,2024,3403513750.0
ARG,4802,2024,6188653761.0
ARG,4803,2024,2592619976.0
ARG,4804,2024,7588074966.0
ARG,4805,2024,11451333318.0
ARG,4806,2024,1163041181.0
ARG,4807,2024,411943310.0
ARG,4808,2024,746970103.0
ARG,4809,2024,363859926.0
ARG,4810,2024,12267111197.0
ARG,4811,2024,10703962405.0
ARG,4812,2024,159426149.0
ARG,4813,2024,1310903433.0
ARG,4814,2024,705775549.0
ARG,4816,2024,211626227.0
ARG,4817,2024,583382898.0
ARG,4818,2024,14700415801.0
ARG,4819,2024,13497653911.0
ARG,4820,2024,2043079736.0
ARG,4821,2024,3655222276.0
ARG,4822,2024,236450172.0
ARG,4823,2024,7090326421.0
ARG,4901,2024,5073356174.0
ARG,4902,2024,904449744.0
ARG,4903,2024,1051946114.0
ARG,4904,2024,52533589.0
ARG,4905,2024,73648888.0
ARG,4906,2024,35289217.0
ARG,4907,2024,1187590365.0
ARG,4908,2024,618475126.0
ARG,4909,2024,508066804.0
ARG,4910,2024,181466816.0
ARG,4911,2024,5822300856.0
ARG,5001,2024,2311555.0
ARG,5002,2024,175588016.0
ARG,5003,2024,58129738.0
ARG,5004,2024,177832362.0
ARG,5005,2024,57685083.0
ARG,5006,2024,6581196.0
ARG,5007,2024,393998000.0
ARG,5101,2024,716123699.0
ARG,5102,2024,392936746.0
ARG,5103,2024,25943251.0
ARG,5104,2024,2803831.0
ARG,5105,2024,911037651.0
ARG,5106,2024,340759611.0
ARG,5107,2024,776044444.0
ARG,5108,2024,167361985.0
ARG,5109,2024,165309382.0
ARG,5110,2024,2496806.0
ARG,5111,2024,570683522.0
ARG,5112,2024,1093366124.0
ARG,5113,2024,4230832.0
ARG,5201,2024,6514135265.0
ARG,5202,2024,291138260.0
ARG,5203,2024,95441353.0
ARG,5204,2024,69094491.0
ARG,5205,2024,4526917075.0
ARG,5206,2024,614399256.0
ARG,5207,2024,217965699.0
ARG,5208,2024,4473911570.0
ARG,5209,2024,2654437695.0
ARG,5210,2024,638132107.0
ARG,5211,2024,1368630955.0
ARG,5212,2024,321456363.0
ARG,5301,2024,855172487.0
ARG,5302,2024,79807836.0
ARG,5303,2024,54632841.0
ARG,5305,2024,369516882.0
ARG,5306,2024,320664032.0
ARG,5307,2024,226734369.0
ARG,5308,2024,56815814.0
ARG,5309,2024,1074409887.0
ARG,5310,2024,114852288.0
ARG,5311,2024,79626963.0
ARG,5401,2024,595652321.0
ARG,5402,2024,10649600418.0
ARG,5403,2024,712589396.0
ARG,5404,2024,836980447.0
ARG,5405,2024,18125105.0
ARG,5406,2024,44955992.0
ARG,5407,2024,11815518084.0
ARG,5408,2024,606962731.0
ARG,5501,2024,473217107.0
ARG,5502,2024,1723986587.0
ARG,5503,2024,3644759625.0
ARG,5504,2024,1654182531.0
ARG,5505,2024,135152322.0
ARG,5506,2024,136955341.0
ARG,5507,2024,27175901.0
ARG,5508,2024,244302737.0
ARG,5509,2024,1952525489.0
ARG,5510,2024,621191570.0
ARG,5511,2024,258128139.0
ARG,5512,2024,1908816525.0
ARG,5513,2024,696791168.0
ARG,5514,2024,1118380842.0
ARG,5515,2024,2094803360.0
ARG,5516,2024,2090117145.0
ARG,5601,2024,1655663349.0
ARG,5602,2024,697736876.0
ARG,5603,2024,10043626661.0
ARG,5604,2024,392839691.0
ARG,5605,2024,96266903.0
ARG,5606,2024,340234200.0
ARG,5607,2024,1439317196.0
ARG,5608,2024,1061442854.0
ARG,5609,2024,439880001.0
ARG,5701,2024,457484975.0
ARG,5702,2024,2358927552.0
ARG,5703,2024,3560093434.0
ARG,5704,2024,260684801.0
ARG,5705,2024,944341302.0
ARG,5801,2024,1334611686.0
ARG,5802,2024,88725196.0
ARG,5803,2024,50256563.0
ARG,5804,2024,483360080.0
ARG,5805,2024,25588341.0
ARG,5806,2024,2143908688.0
ARG,5807,2024,508893218.0
ARG,5808,2024,222398638.0
ARG,5809,2024,18993393.0
ARG,5810,2024,756966175.0
ARG,5811,2024,115061203.0
ARG,5901,2024,262133498.0
ARG,5902,2024,1452602411.0
ARG,5903,2024,6634425642.0
ARG,5904,2024,187396886.0
ARG,5905,2024,84882551.0
ARG,5906,2024,776657108.0
ARG,5907,2024,396756493.0
ARG,5908,2024,21084908.0
ARG,5909,2024,167182825.0
ARG,5910,2024,360912333.0
ARG,5911,2024,3334376094.0
ARG,6001,2024,2404006841.0
ARG,6002,2024,11884997771.0
ARG,6101,2024,1291294003.0
ARG,6102,2024,2462878620.0
ARG,6103,2024,6908742343.0
ARG,6104,2024,17521785679.0
ARG,6105,2024,5280903562.0
ARG,6106,2024,3310502577.0
ARG,6107,2024,3934287701.0
ARG,6108,2024,6648726917.0
ARG,6109,2024,25600904112.0
ARG,6110,2024,35784472818.0
ARG,6111,2024,2708483826.0
ARG,6112,2024,2374521972.0
ARG,6113,2024,695313505.0
ARG,6114,2024,3973471186.0
ARG,6115,2024,6765483295.0
ARG,6116,2024,2728816026.0
ARG,6117,2024,1744915598.0
ARG,6201,2024,10849517902.0
ARG,6202,2024,15077182695.0
ARG,6203,2024,23206543612.0
ARG,6204,2024,36764539884.0
ARG,6205,2024,6954914982.0
ARG,6206,2024,6874608260.0
ARG,6207,2024,790750984.0
ARG,6208,2024,1835767347.0
ARG,6209,2024,1004097754.0
ARG,6210,2024,6155605659.0
ARG,6211,2024,8765267894.0
ARG,6212,2024,5685487378.0
ARG,6213,2024,82572720.0
ARG,6214,2024,1928806782.0
ARG,6215,2024,265387390.0
ARG,6216,2024,617706256.0
ARG,6217,2024,1566989542.0
ARG,6301,2024,2483594275.0
ARG,6302,2024,9717962891.0
ARG,6303,2024,2229276439.0
ARG,6304,2024,1627920679.0
ARG,6305,2024,3364177757.0
ARG,6306,2024,2642899037.0
ARG,6307,2024,10486902829.0
ARG,6308,2024,43314269.0
ARG,6309,2024,2263868246.0
ARG,6310,2024,379663718.0
ARG,6401,2024,763092276.0
ARG,6402,2024,20288620805.0
ARG,6403,2024,31489141786.0
ARG,6404,2024,22954900803.0
ARG,6405,2024,1840513274.0
ARG,6406,2024,4902156560.0
ARG,6501,2024,75771516.0
ARG,6502,2024,20163302.0
ARG,6504,2024,200036012.0
ARG,6505,2024,4304307720.0
ARG,6506,2024,2157388356.0
ARG,6507,2024,272989341.0
ARG,6601,2024,1676339753.0
ARG,6602,2024,107467701.0
ARG,6603,2024,252587818.0
ARG,6701,2024,63464184.0
ARG,6702,2024,1660017568.0
ARG,6703,2024,284734639.0
ARG,6704,2024,2539905472.0
ARG,6801,2024,457411960.0
ARG,6802,2024,6363043142.0
ARG,6803,2024,490580274.0
ARG,6804,2024,3023960980.0
ARG,6805,2024,2149615648.0
ARG,6806,2024,2708102739.0
ARG,6807,2024,1157515327.0
ARG,6808,2024,310083901.0
ARG,6809,2024,1250008859.0
ARG,6810,2024,5504151680.0
ARG,6811,2024,883538445.0
ARG,6812,2024,60346457.0
ARG,6813,2024,705170539.0
ARG,6814,2024,274988190.0
ARG,6815,2024,5995252228.0
ARG,6901,2024,120724179.0
ARG,6902,2024,2123713772.0
ARG,6903,2024,1395414090.0
ARG,6904,2024,770059144.0
ARG,6905,2024,499321338.0
ARG,6906,2024,75886682.0
ARG,6907,2024,8666497164.0
ARG,6908,2024,15920919.0
ARG,6909,2024,3829929924.0
ARG,6910,2024,4073294582.0
ARG,6911,2024,3004328313.0
ARG,6912,2024,1321010332.0
ARG,6913,2024,781286028.0
ARG,6914,2024,1171390705.0
ARG,7001,2024,388589635.0
ARG,7002,2024,718520094.0
ARG,7003,2024,632976786.0
ARG,7004,2024,490230091.0
ARG,7005,2024,3380367199.0
ARG,7006,2024,823464534.0
ARG,7007,2024,6384728926.0
ARG,7008,2024,972516815.0
ARG,7009,2024,3728141673.0
ARG,7010,2024,4739498204.0
ARG,7011,2024,53489856.0
ARG,7013,2024,4410887246.0
ARG,7014,2024,291174460.0
ARG,7015,2024,87660954.0
ARG,7016,2024,579584214.0
ARG,7017,2024,876285331.0
ARG,7018,2024,761307587.0
ARG,7019,2024,6996381361.0
ARG,7020,2024,2061434215.0
ARG,7101,2024,240911392.0
ARG,7102,2024,31522510180.0
ARG,7103,2024,4863641930.0
ARG,7104,2024,2173467014.0
ARG,7105,2024,196578264.0
ARG,7106,2024,16379531094.0
ARG,7107,2024,68514933.0
ARG,7108,2024,299332023968.0
ARG,7109,2024,25903499.0
ARG,7110,2024,25985702225.0
ARG,7111,2024,57235504.0
ARG,7112,2024,20126579664.0
ARG,7113,2024,60472572946.0
ARG,7114,2024,835014981.0
ARG,7115,2024,7387952216.0
ARG,7116,2024,1232083397.0
ARG,7117,2024,5266139408.0
ARG,7118,2024,419105670.0
ARG,7201,2024,2410304605.0
ARG,7202,2024,17937267260.0
ARG,7203,2024,2446987904.0
ARG,7204,2024,27939982966.0
ARG,7205,2024,1281380163.0
ARG,7206,2024,373496424.0
ARG,7207,2024,13820036051.0
ARG,7208,2024,38133561231.0
ARG,7209,2024,6823990720.0
ARG,7210,2024,25703297626.0
ARG,7211,2024,1859467150.0
ARG,7212,2024,3173293172.0
ARG,7213,2024,6609542163.0
ARG,7214,2024,10911458106.0
ARG,7215,2024,1085406344.0
ARG,7216,2024,7225161958.0
ARG,7217,2024,3219023378.0
ARG,7218,2024,1778781536.0
ARG,7219,2024,18296359291.0
ARG,7220,2024,3015479357.0
ARG,7221,2024,898096741.0
ARG,7222,2024,4213762702.0
ARG,7223,2024,1472257570.0
ARG,7224,2024,2117392002.0
ARG,7225,2024,17657955544.0
ARG,7226,2024,2966874714.0
ARG,7227,2024,2269184928.0
ARG,7228,2024,4928783057.0
ARG,7229,2024,1436957650.0
ARG,7301,2024,935362981.0
ARG,7302,2024,1897023711.0
ARG,7303,2024,981136608.0
ARG,7304,2024,12999807649.0
ARG,7305,2024,3928526791.0
ARG,7306,2024,10557883114.0
ARG,7307,2024,10455050238.0
ARG,7308,2024,34498257984.0
ARG,7309,2024,2102699065.0
ARG,7310,2024,3832445320.0
ARG,7311,2024,2126016324.0
ARG,7312,2024,4271741267.0
ARG,7313,2024,129316615.0
ARG,7314,2024,2798718220.0
ARG,7315,2024,2645818718.0
ARG,7316,2024,98780623.0
ARG,7317,2024,1603896019.0
ARG,7318,2024,20255821651.0
ARG,7319,2024,180987119.0
ARG,7320,2024,3605566961.0
ARG,7321,2024,5575187085.0
ARG,7322,2024,1432237319.0
ARG,7323,2024,7865322797.0
ARG,7324,2024,1828690426.0
ARG,7325,2024,3153439946.0
ARG,7326,2024,39673002913.0
ARG,7401,2024,539668301.0
ARG,7402,2024,9925693587.0
ARG,7403,2024,37994595658.0
ARG,7404,2024,16342169029.0
ARG,7405,2024,147930384.0
ARG,7406,2024,391294977.0
ARG,7407,2024,4099180083.0
ARG,7408,2024,13460449835.0
ARG,7409,2024,6058986294.0
ARG,7410,2024,2236694219.0
ARG,7411,2024,5684781232.0
ARG,7412,2024,2689591536.0
ARG,7413,2024,1318291730.0
ARG,7415,2024,815906188.0
ARG,7416,2024,2510991485.0
ARG,7418,2024,489714637.0
ARG,7419,2024,405347143.0
ARG,7501,2024,4662964765.0
ARG,7502,2024,7405466793.0
ARG,7503,2024,721713350.0
ARG,7504,2024,501010708.0
ARG,7505,2024,3336021537.0
ARG,7506,2024,1168764802.0
ARG,7507,2024,947270230.0
ARG,7508,2024,2193805668.0
ARG,7601,2024,47549096050.0
ARG,7602,2024,10309098720.0
ARG,7603,2024,423729360.0
ARG,7604,2024,8648656254.0
ARG,7605,2024,2409260357.0
ARG,7606,2024,19638863982.0
ARG,7607,2024,8950462355.0
ARG,7608,2024,998812980.0
ARG,7609,2024,498279062.0
ARG,7610,2024,10228352243.0
ARG,7611,2024,134450943.0
ARG,7612,2024,2292209542.0
ARG,7613,2024,405482653.0
ARG,7614,2024,1007173224.0
ARG,7615,2024,2825361241.0
ARG,7616,2024,13313059940.0
ARG,7801,2024,4446578961.0
ARG,7802,2024,309680262.0
ARG,7804,2024,279239797.0
ARG,7806,2024,185424308.0
ARG,7901,2024,8370416129.0
ARG,7902,2024,353885986.0
ARG,7903,2024,309867022.0
ARG,7904,2024,101879875.0
ARG,7905,2024,342310631.0
ARG,7907,2024,654862860.0
ARG,8001,2024,3126395706.0
ARG,8002,2024,124782359.0
ARG,8003,2024,256860728.0
ARG,8007,2024,180796178.0
ARG,8101,2024,916561888.0
ARG,8102,2024,801651169.0
ARG,8103,2024,465976523.0
ARG,8104,2024,1019946289.0
ARG,8105,2024,1868651629.0
ARG,8106,2024,60329077.0
ARG,8107,2024,18818292.0
ARG,8108,2024,5873834581.0
ARG,8109,2024,347250496.0
ARG,8110,2024,526491658.0
ARG,8111,2024,792102623.0
ARG,8112,2024,1601079143.0
ARG,8113,2024,781886576.0
ARG,8201,2024,839860366.0
ARG,8202,2024,2251296000.0
ARG,8203,2024,1067854233.0
ARG,8204,2024,1344635908.0
ARG,8205,2024,3860167964.0
ARG,8206,2024,560576273.0
ARG,8207,2024,10416886989.0
ARG,8208,2024,1707287456.0
ARG,8209,2024,3517436667.0
ARG,8210,2024,238858321.0
ARG,8211,2024,1339831550.0
ARG,8212,2024,2079044217.0
ARG,8213,2024,406085904.0
ARG,8214,2024,525528274.0
ARG,8215,2024,1319516142.0
ARG,8301,2024,6277735040.0
ARG,8302,2024,20121628790.0
ARG,8303,2024,538563681.0
ARG,8304,2024,175192463.0
ARG,8305,2024,405292102.0
ARG,8306,2024,1478515244.0
ARG,8307,2024,1585931634.0
ARG,8308,2024,2690195307.0
ARG,8309,2024,3125618143.0
ARG,8310,2024,621487342.0
ARG,8311,2024,1897486215.0
ARG,8401,2024,3505221155.0
ARG,8402,2024,2248793955.0
ARG,8403,2024,3169690614.0
ARG,8404,2024,773945703.0
ARG,8405,2024,555327449.0
ARG,8406,2024,2233847289.0
ARG,8407,2024,28160916068.0
ARG,8408,2024,22556695401.0
ARG,8409,2024,33152946625.0
ARG,8410,2024,590824422.0
ARG,8411,2024,121785036650.0
ARG,8412,2024,13728474568.0
ARG,8413,2024,37066678491.0
ARG,8414,2024,54130020906.0
ARG,8415,2024,32958608821.0
ARG,8416,2024,1529560975.0
ARG,8417,2024,2941871557.0
ARG,8418,2024,24730362775.0
ARG,8419,2024,30811479629.0
ARG,8420,2024,924186110.0
ARG,8421,2024,44054782011.0
ARG,8422,2024,17666255193.0
ARG,8423,2024,2197428503.0
ARG,8424,2024,11825875512.0
ARG,8425,2024,4080164625.0
ARG,8426,2024,8544957355.0
ARG,8427,2024,13405614656.0
ARG,8428,2024,19274994166.0
ARG,8429,2024,25998646435.0
ARG,8430,2024,5433285546.0
ARG,8431,2024,33198384933.0
ARG,8432,2024,3989627338.0
ARG,8433,2024,8823463088.0
ARG,8434,2024,1028748562.0
ARG,8435,2024,150641266.0
ARG,8436,2024,3252931424.0
ARG,8437,2024,1183616653.0
ARG,8438,2024,6938069906.0
ARG,8439,2024,2880581667.0
ARG,8440,2024,482357929.0
ARG,8441,2024,3831716282.0
ARG,8442,2024,722435886.0
ARG,8443,2024,32272565364.0
ARG,8444,2024,439933137.0
ARG,8445,2024,1207397885.0
ARG,8446,2024,613549215.0
ARG,8447,2024,905125172.0
ARG,8448,2024,2104306156.0
ARG,8449,2024,389308538.0
ARG,8450,2024,9000403166.0
ARG,8451,2024,4707036549.0
ARG,8452,2024,2207268039.0
ARG,8453,2024,365448475.0
ARG,8454,2024,1646522615.0
ARG,8455,2024,3608843128.0
ARG,8456,2024,3990747775.0
ARG,8457,2024,5191558421.0
ARG,8458,2024,3496868876.0
ARG,8459,2024,1645043600.0
ARG,8460,2024,2187530370.0
ARG,8461,2024,1405001076.0
ARG,8462,2024,5103696098.0
ARG,8463,2024,1248025097.0
ARG,8464,2024,1376605986.0
ARG,8465,2024,3551556145.0
ARG,8466,2024,12063785573.0
ARG,8467,2024,4062265612.0
ARG,8468,2024,492935395.0
ARG,8469,2024,17462.0
ARG,8470,2024,3014044493.0
ARG,8471,2024,202182370058.0
ARG,8472,2024,2001199287.0
ARG,8473,2024,164574407938.0
ARG,8474,2024,8452825083.0
ARG,8475,2024,1929365432.0
ARG,8476,2024,1075927376.0
ARG,8477,2024,17823275258.0
ARG,8478,2024,863067251.0
ARG,8479,2024,97346983712.0
ARG,8480,2024,8967222462.0
ARG,8481,2024,64850022989.0
ARG,8482,2024,20787318500.0
ARG,8483,2024,33315504403.0
ARG,8484,2024,2598241725.0
ARG,8485,2024,7038373472.0
ARG,8501,2024,46200349515.0
ARG,8502,2024,11179594549.0
ARG,8503,2024,11950934707.0
ARG,8504,2024,91156655800.0
ARG,8505,2024,6299794631.0
ARG,8506,2024,5711927390.0
ARG,8507,2024,69403461367.0
ARG,8508,2024,8830882209.0
ARG,8509,2024,16355962774.0
ARG,8510,2024,3299333916.0
ARG,8511,2024,11101622928.0
ARG,8512,2024,15454712801.0
ARG,8513,2024,1735285402.0
ARG,8514,2024,3525934227.0
ARG,8515,2024,5825938234.0
ARG,8516,2024,33482079319.0
ARG,8517,2024,21265663903.0
ARG,8518,2024,32892925354.0
ARG,8519,2024,1935756548.0
ARG,8520,2024,48294.0
ARG,8521,2024,30255340707.0
ARG,8522,2024,389167176.0
ARG,8523,2024,31681181559.0
ARG,8524,2024,1618282.0
ARG,8525,2024,349336810878.0
ARG,8526,2024,15464284383.0
ARG,8527,2024,5688393212.0
ARG,8528,2024,34233573985.0
ARG,8529,2024,23022887485.0
ARG,8530,2024,1299774862.0
ARG,8531,2024,11306652644.0
ARG,8532,2024,13051759930.0
ARG,8533,2024,5506064968.0
ARG,8534,2024,15174377822.0
ARG,8535,2024,5665706122.0
ARG,8536,2024,71842319114.0
ARG,8537,2024,43122396777.0
ARG,8538,2024,24911652600.0
ARG,8539,2024,4326386331.0
ARG,8540,2024,1264014613.0
ARG,8541,2024,65572261490.0
ARG,8542,2024,223757952003.0
ARG,8543,2024,39783557211.0
ARG,8544,2024,83344265801.0
ARG,8545,2024,2205488799.0
ARG,8546,2024,1327625652.0
ARG,8547,2024,4621117655.0
ARG,8548,2024,1576420860.0
ARG,8601,2024,802300763.0
ARG,8602,2024,912785154.0
ARG,8603,2024,3000720263.0
ARG,8604,2024,602403299.0
ARG,8605,2024,732357080.0
ARG,8606,2024,4264196092.0
ARG,8607,2024,6733565926.0
ARG,8608,2024,494429563.0
ARG,8609,2024,3619870875.0
ARG,8701,2024,29736532011.0
ARG,8702,2024,8913382204.0
ARG,8703,2024,485030844981.0
ARG,8704,2024,90451719507.0
ARG,8705,2024,6223512812.0
ARG,8706,2024,1413668425.0
ARG,8707,2024,6252663420.0
ARG,8708,2024,196650446814.0
ARG,8709,2024,1186264502.0
ARG,8710,2024,3072483537.0
ARG,8711,2024,14372153504.0
ARG,8712,2024,4525199945.0
ARG,8713,2024,718013250.0
ARG,8714,2024,10214792972.0
ARG,8715,2024,1158137397.0
ARG,8716,2024,12599546715.0
ARG,8801,2024,45669684.0
ARG,8802,2024,98383902196.0
ARG,8803,2024,53878362124.0
ARG,8804,2024,264444478.0
ARG,8805,2024,1411138487.0
ARG,8901,2024,28293652651.0
ARG,8902,2024,275774240.0
ARG,8903,2024,4296351115.0
ARG,8904,2024,1327711297.0
ARG,8905,2024,8016386283.0
ARG,8906,2024,4055902375.0
ARG,8907,2024,745998759.0
ARG,8908,2024,199220660.0
ARG,9001,2024,15094737808.0
ARG,9002,2024,6842920351.0
ARG,9003,2024,4838243252.0
ARG,9004,2024,7983468885.0
ARG,9005,2024,893667996.0
ARG,9006,2024,1589451229.0
ARG,9007,2024,377411908.0
ARG,9008,2024,104192079.0
ARG,9009,2024,680279872.0
ARG,9010,2024,329875601.0
ARG,9011,2024,2016728628.0
ARG,9012,2024,2245952464.0
ARG,9013,2024,8620747321.0
ARG,9014,2024,5816906422.0
ARG,9015,2024,5862314346.0
ARG,9016,2024,295835513.0
ARG,9017,2024,1325785719.0
ARG,9018,2024,102157888273.0
ARG,9019,2024,10323268736.0
ARG,9020,2024,1024393225.0
ARG,9021,2024,50903246381.0
ARG,9022,2024,16820401895.0
ARG,9023,2024,1830212426.0
ARG,9024,2024,1378308295.0
ARG,9025,2024,5254648966.0
ARG,9026,2024,16815916222.0
ARG,9027,2024,34027888671.0
ARG,9028,2024,4076581131.0
ARG,9029,2024,4399654768.0
ARG,9030,2024,14120745073.0
ARG,9031,2024,31274389141.0
ARG,9032,2024,21090838721.0
ARG,9033,2024,1928000527.0
ARG,9101,2024,9778793420.0
ARG,9102,2024,17736656274.0
ARG,9103,2024,43952753.0
ARG,9104,2024,30225813.0
ARG,9105,2024,641619164.0
ARG,9106,2024,221748897.0
ARG,9107,2024,214119335.0
ARG,9108,2024,286672120.0
ARG,9109,2024,22340208.0
ARG,9110,2024,136175113.0
ARG,9111,2024,529863932.0
ARG,9112,2024,16092120.0
ARG,9113,2024,1593478361.0
ARG,9114,2024,865662416.0
ARG,9201,2024,403612335.0
ARG,9202,2024,528105553.0
ARG,9205,2024,489011991.0
ARG,9206,2024,180685383.0
ARG,9207,2024,1587616806.0
ARG,9208,2024,67577418.0
ARG,9209,2024,970118228.0
ARG,9301,2024,995118393.0
ARG,9302,2024,911836133.0
ARG,9303,2024,1039899625.0
ARG,9304,2024,378428136.0
ARG,9305,2024,1198508234.0
ARG,9306,2024,5556856916.0
ARG,9307,2024,33695027.0
ARG,9401,2024,38929892330.0
ARG,9402,2024,2135930974.0
ARG,9403,2024,39345901852.0
ARG,9404,2024,10005801444.0
ARG,9405,2024,23897365229.0
ARG,9406,2024,4935825347.0
ARG,9503,2024,26019954193.0
ARG,9504,2024,17161319117.0
ARG,9505,2024,6845145876.0
ARG,9506,2024,16220215209.0
ARG,9507,2024,2245672631.0
ARG,9508,2024,986121293.0
ARG,9601,2024,81422772.0
ARG,9602,2024,595015781.0
ARG,9603,2024,6082203042.0
ARG,9604,2024,20993449.0
ARG,9605,2024,178879627.0
ARG,9606,2024,898369718.0
ARG,9607,2024,1197446951.0
ARG,9608,2024,3377459072.0
ARG,9609,2024,691799784.0
ARG,9610,2024,341182764.0
ARG,9611,2024,132636988.0
ARG,9612,2024,1003195644.0
ARG,9613,2024,870986314.0
ARG,9614,2024,94643217.0
ARG,9615,2024,1334118139.0
ARG,9616,2024,976303685.0
ARG,9617,2024,2706025954.0
ARG,9618,2024,292417417.0
ARG,9701,2024,11466382392.0
ARG,9702,2024,223919389.0
ARG,9703,2024,2540872078.0
ARG,9704,2024,70200662.0
ARG,9705,2024,1155714065.0
ARG,9706,2024,1455023260.0
